id,year,school_key,school_name,dept_name,origin_dept,exam_no,name,status,dest_school,dest_dept,category,offers_count,offers
CAND_0001,113,nutc_ins,國立臺中科技大學,保險金融管理系(商管群),國立臺中科技大學 保險金融管理系(商管群),57090125,簡*恩,正取,中原大學,中原大學國際經營與貿易學系,其他學校錄取,2,"國立臺中科技大學保險金融管理系(正取); 中原大學國際經營與貿易學系(正取,分發)"
CAND_0002,113,nutc_ins,國立臺中科技大學,保險金融管理系(商管群),國立臺中科技大學 保險金融管理系(商管群),65090401,陳*,正取,國立臺中科技大學,國立臺中科技大學保險金融管理系,原校系/本校留任,1,"國立臺中科技大學保險金融管理系(正取,分發)"
CAND_0003,113,nutc_ins,國立臺中科技大學,保險金融管理系(商管群),國立臺中科技大學 保險金融管理系(商管群),61090821,吳*,正取,國立臺中科技大學,國立臺中科技大學保險金融管理系,原校系/本校留任,6,"國立臺中科技大學保險金融管理系(正取,分發); 國立勤益科技大學工業工程與管理系(通過); 朝陽科技大學保險金融管理系(正取); 僑光科技大學財務金融系(通過); 僑光科技大學行銷與流通管理系(通過); 僑光科技大學財經法律系(通過)"
CAND_0004,113,nutc_ins,國立臺中科技大學,保險金融管理系(商管群),國立臺中科技大學 保險金融管理系(商管群),57090209,—,正取,國立臺中科技大學,國立臺中科技大學保險金融管理系,原校系/本校留任,1,"國立臺中科技大學保險金融管理系(正取,分發)"
CAND_0005,113,nutc_ins,國立臺中科技大學,保險金融管理系(商管群),國立臺中科技大學 保險金融管理系(商管群),74090046,潘*,正取,國立臺中科技大學,國立臺中科技大學保險金融管理系,原校系/本校留任,3,"國立臺中科技大學保險金融管理系(正取,分發); 國立高雄科技大學金融系(通過); 朝陽科技大學財務金融系(通過)"
CAND_0006,113,nutc_ins,國立臺中科技大學,保險金融管理系(商管群),國立臺中科技大學 保險金融管理系(商管群),63090078,魏*,正取,國立臺中科技大學,國立臺中科技大學保險金融管理系,原校系/本校留任,2,"國立臺中科技大學保險金融管理系(正取,分發); 朝陽科技大學財務金融系(通過)"
CAND_0007,113,nutc_ins,國立臺中科技大學,保險金融管理系(商管群),國立臺中科技大學 保險金融管理系(商管群),57090905,鄭*永,正取,國立臺中科技大學,國立臺中科技大學保險金融管理系,原校系/本校留任,1,"國立臺中科技大學保險金融管理系(正取,分發)"
CAND_0008,113,nutc_ins,國立臺中科技大學,保險金融管理系(商管群),國立臺中科技大學 保險金融管理系(商管群),64090201,李*如,正取,國立臺中科技大學,國立臺中科技大學保險金融管理系,原校系/本校留任,3,"國立臺中科技大學保險金融管理系(正取,分發); 國立虎尾科技大學企業管理系(通過); 國立虎尾科技大學財務金融系(正取)"
CAND_0009,113,nutc_ins,國立臺中科技大學,保險金融管理系(商管群),國立臺中科技大學 保險金融管理系(商管群),66090338,沈*璇,正取,國立臺中科技大學,國立臺中科技大學保險金融管理系,原校系/本校留任,2,"國立臺中科技大學保險金融管理系(正取,分發); 國立高雄科技大學風險管理與保險系(正取)"
CAND_0010,113,nutc_ins,國立臺中科技大學,保險金融管理系(商管群),國立臺中科技大學 保險金融管理系(商管群),63090138,維*潔,正取,國立臺中科技大學,國立臺中科技大學保險金融管理系,原校系/本校留任,2,"國立臺中科技大學保險金融管理系(正取,分發); 朝陽科技大學財務金融系(通過)"
CAND_0011,113,nutc_ins,國立臺中科技大學,保險金融管理系(商管群),國立臺中科技大學 保險金融管理系(商管群),61091363,張*淳,正取,國立臺中科技大學,國立臺中科技大學保險金融管理系,原校系/本校留任,4,"國立臺中科技大學保險金融管理系(正取,分發); 朝陽科技大學財務金融系(通過); 靜宜大學財務金融學系(正取); 逢甲大學國際經營與貿易學系(備取)"
CAND_0012,113,nutc_ins,國立臺中科技大學,保險金融管理系(商管群),國立臺中科技大學 保險金融管理系(商管群),70090602,*靖,正取,國立臺中科技大學,國立臺中科技大學保險金融管理系,原校系/本校留任,4,"國立臺中科技大學保險金融管理系(正取,分發); 國立高雄科技大學企業管理系(通過); 國立高雄科技大學風險管理與保險系(通過); 國立高雄科技大學金融資訊系(通過)"
CAND_0013,113,nutc_ins,國立臺中科技大學,保險金融管理系(商管群),國立臺中科技大學 保險金融管理系(商管群),64090182,姚*女,正取,國立臺中科技大學,國立臺中科技大學保險金融管理系,原校系/本校留任,1,"國立臺中科技大學保險金融管理系(正取,分發)"
CAND_0014,113,nutc_ins,國立臺中科技大學,保險金融管理系(商管群),國立臺中科技大學 保險金融管理系(商管群),64090322,許*,正取,國立臺中科技大學,國立臺中科技大學保險金融管理系,原校系/本校留任,2,"國立臺中科技大學保險金融管理系(正取,分發); 弘光科技大學文化設計與行銷系(通過)"
CAND_0015,113,nutc_ins,國立臺中科技大學,保險金融管理系(商管群),國立臺中科技大學 保險金融管理系(商管群),60090073,張*茹,正取,—,—,未分發或放棄,2,國立臺中科技大學保險金融管理系(正取); 國立虎尾科技大學企業管理系(正取)
CAND_0016,113,nutc_ins,國立臺中科技大學,保險金融管理系(商管群),國立臺中科技大學 保險金融管理系(商管群),73530005,游*弘,正取,國立臺中科技大學,國立臺中科技大學保險金融管理系,原校系/本校留任,3,"國立臺中科技大學保險金融管理系(正取,分發); 中原大學資訊管理學系(備取); 實踐大學財務金融學系(臺北校區)(備取)"
CAND_0017,113,nutc_ins,國立臺中科技大學,保險金融管理系(商管群),國立臺中科技大學 保險金融管理系(商管群),75090077,謝*羽,正取,國立臺中科技大學,國立臺中科技大學保險金融管理系,原校系/本校留任,3,"國立臺中科技大學保險金融管理系(正取,分發); 國立屏東大學國際經營與貿易學系(正取); 國立屏東大學會計學系(正取)"
CAND_0018,113,nutc_ins,國立臺中科技大學,保險金融管理系(商管群),國立臺中科技大學 保險金融管理系(商管群),66090254,林*宏,正取,國立臺中科技大學,國立臺中科技大學保險金融管理系,原校系/本校留任,4,"國立臺中科技大學保險金融管理系(正取,分發); 國立高雄科技大學商務資訊應用系(備取); 國立勤益科技大學流通管理系(備取); 國立屏東大學企業管理學系(正取)"
CAND_0019,113,nutc_ins,國立臺中科技大學,保險金融管理系(商管群),國立臺中科技大學 保險金融管理系(商管群),63090405,賴*君,正取,國立臺中科技大學,國立臺中科技大學保險金融管理系,原校系/本校留任,2,"國立臺中科技大學保險金融管理系(正取,分發); 國立虎尾科技大學財務金融系(正取)"
CAND_0020,113,nutc_ins,國立臺中科技大學,保險金融管理系(商管群),國立臺中科技大學 保險金融管理系(商管群),68090736,黄*,正取,國立臺中科技大學,國立臺中科技大學保險金融管理系,原校系/本校留任,3,"國立臺中科技大學保險金融管理系(正取,分發); 國立高雄科技大學風險管理與保險系(正取); 國立屏東大學行銷與流通管理學系(正取)"
CAND_0021,113,nutc_ins,國立臺中科技大學,保險金融管理系(商管群),國立臺中科技大學 保險金融管理系(商管群),57090430,宋*縈,正取,國立臺中科技大學,國立臺中科技大學保險金融管理系,原校系/本校留任,1,"國立臺中科技大學保險金融管理系(正取,分發)"
CAND_0022,113,nutc_ins,國立臺中科技大學,保險金融管理系(商管群),國立臺中科技大學 保險金融管理系(商管群),70090358,李*,正取,國立臺中科技大學,國立臺中科技大學保險金融管理系,原校系/本校留任,3,"國立臺中科技大學保險金融管理系(正取,分發); 國立勤益科技大學企業管理系(正取); 國立屏東大學財務金融學系(正取)"
CAND_0023,113,nutc_ins,國立臺中科技大學,保險金融管理系(商管群),國立臺中科技大學 保險金融管理系(商管群),57090979,葵*妤,正取,國立臺中科技大學,國立臺中科技大學保險金融管理系,原校系/本校留任,2,"國立臺中科技大學保險金融管理系(正取,分發); 朝陽科技大學財務金融系(通過)"
CAND_0024,113,nutc_ins,國立臺中科技大學,保險金融管理系(商管群),國立臺中科技大學 保險金融管理系(商管群),61090693,吳*琪,正取,國立臺中科技大學,國立臺中科技大學保險金融管理系,原校系/本校留任,1,"國立臺中科技大學保險金融管理系(正取,分發)"
CAND_0025,113,nutc_ins,國立臺中科技大學,保險金融管理系(商管群),國立臺中科技大學 保險金融管理系(商管群),71090157,薛*慈,正取,國立臺中科技大學,國立臺中科技大學保險金融管理系,原校系/本校留任,3,"國立臺中科技大學保險金融管理系(正取,分發); 國立屏東大學國際經營與貿易學系(正取); 國立屏東大學資訊管理學系(正取)"
CAND_0026,113,nutc_ins,國立臺中科技大學,保險金融管理系(商管群),國立臺中科技大學 保險金融管理系(商管群),51090287,陳*,正取,國立臺中科技大學,國立臺中科技大學保險金融管理系,原校系/本校留任,2,"國立臺中科技大學保險金融管理系(正取,分發); 國立高雄科技大學風險管理與保險系(正取)"
CAND_0027,113,nutc_ins,國立臺中科技大學,保險金融管理系(商管群),國立臺中科技大學 保險金融管理系(商管群),70090590,許*庭,正取,國立高雄科技大學,國立高雄科技大學人力資源發展系,其他學校錄取,4,"國立臺中科技大學保險金融管理系(正取); 國立高雄科技大學人力資源發展系(備取,分發); 國立勤益科技大學企業管理系(正取); 國立屏東大學行銷與流通管理學系(正取)"
CAND_0028,113,nutc_ins,國立臺中科技大學,保險金融管理系(商管群),國立臺中科技大學 保險金融管理系(商管群),57090410,李*欣,正取,國立臺中科技大學,國立臺中科技大學保險金融管理系,原校系/本校留任,3,"國立臺中科技大學保險金融管理系(正取,分發); 國立虎尾科技大學企業管理系(通過); 國立勤益科技大學企業管理系(通過)"
CAND_0029,113,nutc_ins,國立臺中科技大學,保險金融管理系(商管群),國立臺中科技大學 保險金融管理系(商管群),57090077,陳*,正取,國立臺中科技大學,國立臺中科技大學保險金融管理系,原校系/本校留任,3,"國立臺中科技大學保險金融管理系(正取,分發); 國立高雄科技大學風險管理與保險系(通過); 國立虎尾科技大學財務金融系(通過)"
CAND_0030,113,nutc_ins,國立臺中科技大學,保險金融管理系(商管群),國立臺中科技大學 保險金融管理系(商管群),71090227,*庭,正取,國立臺中科技大學,國立臺中科技大學保險金融管理系,原校系/本校留任,2,"國立臺中科技大學保險金融管理系(正取,分發); 國立屏東科技大學財務金融國際學士學位學程(通過)"
CAND_0031,113,nutc_ins,國立臺中科技大學,保險金融管理系(商管群),國立臺中科技大學 保險金融管理系(商管群),64090019,薛*軒,正取,國立臺中科技大學,國立臺中科技大學保險金融管理系,原校系/本校留任,2,"國立臺中科技大學保險金融管理系(正取,分發); 國立勤益科技大學企業管理系(正取)"
CAND_0032,113,nutc_ins,國立臺中科技大學,保險金融管理系(商管群),國立臺中科技大學 保險金融管理系(商管群),70090037,李*穎,正取,國立臺中科技大學,國立臺中科技大學保險金融管理系,原校系/本校留任,3,"國立臺中科技大學保險金融管理系(正取,分發); 國立高雄科技大學運籌管理系(正取); 國立高雄科技大學行銷與流通管理系(備取)"
CAND_0033,113,nutc_ins,國立臺中科技大學,保險金融管理系(商管群),國立臺中科技大學 保險金融管理系(商管群),62090101,陳*璇,正取,國立臺中科技大學,國立臺中科技大學保險金融管理系,原校系/本校留任,3,"國立臺中科技大學保險金融管理系(正取,分發); 靜宜大學企業管理學系(正取); 靜宜大學資訊管理學系(正取)"
CAND_0034,113,nutc_ins,國立臺中科技大學,保險金融管理系(商管群),國立臺中科技大學 保險金融管理系(商管群),56090376,周*,正取,國立臺中科技大學,國立臺中科技大學保險金融管理系,原校系/本校留任,1,"國立臺中科技大學保險金融管理系(正取,分發)"
CAND_0035,113,nutc_ins,國立臺中科技大學,保險金融管理系(商管群),國立臺中科技大學 保險金融管理系(商管群),68090549,楊*,正取,國立高雄科技大學,國立高雄科技大學工業工程與管理系,其他學校錄取,2,"國立臺中科技大學保險金融管理系(正取); 國立高雄科技大學工業工程與管理系(正取,分發)"
CAND_0036,113,nutc_ins,國立臺中科技大學,保險金融管理系(商管群),國立臺中科技大學 保險金融管理系(商管群),57090357,吳*,正取,國立臺中科技大學,國立臺中科技大學保險金融管理系,原校系/本校留任,2,"國立臺中科技大學保險金融管理系(正取,分發); 國立屏東大學財務金融學系(正取)"
CAND_0037,113,nutc_ins,國立臺中科技大學,保險金融管理系(商管群),國立臺中科技大學 保險金融管理系(商管群),56090324,邱*恩,正取,國立臺中科技大學,國立臺中科技大學保險金融管理系,原校系/本校留任,1,"國立臺中科技大學保險金融管理系(正取,分發)"
CAND_0038,113,nutc_ins,國立臺中科技大學,保險金融管理系(商管群),國立臺中科技大學 保險金融管理系(商管群),64090336,*恩,正取,國立臺中科技大學,國立臺中科技大學保險金融管理系,原校系/本校留任,1,"國立臺中科技大學保險金融管理系(正取,分發)"
CAND_0039,113,nutc_ins,國立臺中科技大學,保險金融管理系(商管群),國立臺中科技大學 保險金融管理系(商管群),57090769,葵*潔,正取,國立臺中科技大學,國立臺中科技大學保險金融管理系,原校系/本校留任,4,"國立臺中科技大學保險金融管理系(正取,分發); 國立高雄科技大學人力資源發展系(正取); 中原大學國際經營與貿易學系(備取); 中原大學會計學系(備取)"
CAND_0040,113,nutc_ins,國立臺中科技大學,保險金融管理系(商管群),國立臺中科技大學 保險金融管理系(商管群),56090443,李*,正取,國立屏東科技大學,國立屏東科技大學財務金融國際學士學位學程,其他學校錄取,3,"國立臺中科技大學保險金融管理系(正取); 國立屏東科技大學財務金融國際學士學位學程(正取,分發); 國立勤益科技大學資訊管理系(正取)"
CAND_0041,113,nutc_ins,國立臺中科技大學,保險金融管理系(商管群),國立臺中科技大學 保險金融管理系(商管群),68090193,林*彣,正取,國立臺中科技大學,國立臺中科技大學保險金融管理系,原校系/本校留任,1,"國立臺中科技大學保險金融管理系(正取,分發)"
CAND_0042,113,nutc_ins,國立臺中科技大學,保險金融管理系(商管群),國立臺中科技大學 保險金融管理系(商管群),65090194,黄*永,正取,國立臺中科技大學,國立臺中科技大學保險金融管理系,原校系/本校留任,1,"國立臺中科技大學保險金融管理系(正取,分發)"
CAND_0043,113,nutc_ins,國立臺中科技大學,保險金融管理系(商管群),國立臺中科技大學 保險金融管理系(商管群),68090213,葵*珍,正取,國立臺中科技大學,國立臺中科技大學保險金融管理系,原校系/本校留任,1,"國立臺中科技大學保險金融管理系(正取,分發)"
CAND_0044,113,nutc_ins,國立臺中科技大學,保險金融管理系(商管群),國立臺中科技大學 保險金融管理系(商管群),63090093,賴*倢,正取,國立臺中科技大學,國立臺中科技大學保險金融管理系,原校系/本校留任,1,"國立臺中科技大學保險金融管理系(正取,分發)"
CAND_0045,113,nutc_ins,國立臺中科技大學,保險金融管理系(商管群),國立臺中科技大學 保險金融管理系(商管群),71090243,陳*融,正取,國立臺中科技大學,國立臺中科技大學保險金融管理系,原校系/本校留任,1,"國立臺中科技大學保險金融管理系(正取,分發)"
CAND_0046,113,nutc_ins,國立臺中科技大學,保險金融管理系(商管群),國立臺中科技大學 保險金融管理系(商管群),61091761,梁*炘,正取,國立臺中科技大學,國立臺中科技大學保險金融管理系,原校系/本校留任,4,"國立臺中科技大學保險金融管理系(正取,分發); 國立雲林科技大學文化資產維護系(通過); 國立高雄科技大學行銷與流通管理系(通過); 國立高雄科技大學風險管理與保險系(通過)"
CAND_0047,113,nutc_ins,國立臺中科技大學,保險金融管理系(商管群),國立臺中科技大學 保險金融管理系(商管群),52090558,李*,正取,國立臺中科技大學,國立臺中科技大學保險金融管理系,原校系/本校留任,1,"國立臺中科技大學保險金融管理系(正取,分發)"
CAND_0048,113,nutc_ins,國立臺中科技大學,保險金融管理系(商管群),國立臺中科技大學 保險金融管理系(商管群),70090230,涂*慈,正取,國立臺中科技大學,國立臺中科技大學保險金融管理系,原校系/本校留任,1,"國立臺中科技大學保險金融管理系(正取,分發)"
CAND_0049,113,nutc_ins,國立臺中科技大學,保險金融管理系(商管群),國立臺中科技大學 保險金融管理系(商管群),63090188,葵*均,正取,逢甲大學,逢甲大學會計學系,其他學校錄取,3,"國立臺中科技大學保險金融管理系(正取); 國立勤益科技大學企業管理系(通過); 逢甲大學會計學系(備取,分發)"
CAND_0050,113,nutc_ins,國立臺中科技大學,保險金融管理系(商管群),國立臺中科技大學 保險金融管理系(商管群),60090070,邱*綸,正取,國立臺中科技大學,國立臺中科技大學保險金融管理系,原校系/本校留任,3,"國立臺中科技大學保險金融管理系(正取,分發); 國立虎尾科技大學企業管理系(正取); 國立勤益科技大學企業管理系(通過)"
CAND_0051,113,nutc_ins,國立臺中科技大學,保險金融管理系(商管群),國立臺中科技大學 保險金融管理系(商管群),56090467,黄*心,正取,國立臺北商業大學,國立臺北商業大學國際商務系(臺北校區),其他學校錄取,6,"國立臺中科技大學保險金融管理系(正取); 國立勤益科技大學資訊管理系(正取); 國立臺北商業大學國際商務系(臺北校區)(備取,分發); 國立聯合大學資訊管理學系(通過); 世新大學資訊管理學系資訊管理組(正取); 實踐大學資訊科技與管理學系(臺北校區)(通過)"
CAND_0052,113,nutc_ins,國立臺中科技大學,保險金融管理系(商管群),國立臺中科技大學 保險金融管理系(商管群),63090375,—,正取,國立臺中科技大學,國立臺中科技大學保險金融管理系,原校系/本校留任,5,"國立臺中科技大學保險金融管理系(正取,分發); 國立勤益科技大學工業工程與管理系(通過); 朝陽科技大學會計系(通過); 嶺東科技大學財務金融系(通過); 嶺東科技大學會計資訊系(通過)"
CAND_0053,113,nutc_ins,國立臺中科技大學,保險金融管理系(商管群),國立臺中科技大學 保險金融管理系(商管群),64090087,葵*,正取,國立臺中科技大學,國立臺中科技大學保險金融管理系,原校系/本校留任,6,"國立臺中科技大學保險金融管理系(正取,分發); 國立高雄科技大學行銷與流通管理系(備取); 國立高雄科技大學風險管理與保險系(備取); 國立高雄科技大學人力資源發展系(通過); 國立虎尾科技大學財務金融系(通過); 國立勤益科技大學流通管理系(通過)"
CAND_0054,113,nutc_ins,國立臺中科技大學,保險金融管理系(商管群),國立臺中科技大學 保險金融管理系(商管群),61090168,黄*瑜,備取,國立臺中科技大學,國立臺中科技大學保險金融管理系,原校系/本校留任,2,"國立臺中科技大學保險金融管理系(備取,分發); 國立高雄科技大學企業管理系(通過)"
CAND_0055,113,nutc_ins,國立臺中科技大學,保險金融管理系(商管群),國立臺中科技大學 保險金融管理系(商管群),57091053,簡*杉,備取,國立屏東科技大學,國立屏東科技大學財務金融國際學士學位學程,其他學校錄取,3,"國立臺中科技大學保險金融管理系(備取); 國立屏東科技大學財務金融國際學士學位學程(備取,分發); 致理科技大學財務金融系(正取)"
CAND_0056,113,nutc_ins,國立臺中科技大學,保險金融管理系(商管群),國立臺中科技大學 保險金融管理系(商管群),67090151,徐*鉲,備取,國立臺中科技大學,國立臺中科技大學保險金融管理系,原校系/本校留任,1,"國立臺中科技大學保險金融管理系(備取,分發)"
CAND_0057,113,nutc_ins,國立臺中科技大學,保險金融管理系(商管群),國立臺中科技大學 保險金融管理系(商管群),75090162,黄*恩,備取,國立臺中科技大學,國立臺中科技大學保險金融管理系,原校系/本校留任,2,"國立臺中科技大學保險金融管理系(備取,分發); 國立勤益科技大學資訊管理系(通過)"
CAND_0058,113,nutc_ins,國立臺中科技大學,保險金融管理系(商管群),國立臺中科技大學 保險金融管理系(商管群),57090378,徐*賢,備取,國立臺中科技大學,國立臺中科技大學保險金融管理系,原校系/本校留任,3,"國立臺中科技大學保險金融管理系(備取,分發); 國立勤益科技大學流通管理系(通過); 國立臺北護理健康大學健康事業管理系(備取)"
CAND_0059,113,nutc_ins,國立臺中科技大學,保險金融管理系(商管群),國立臺中科技大學 保險金融管理系(商管群),65090009,陳*妤,備取,國立臺中科技大學,國立臺中科技大學保險金融管理系,原校系/本校留任,1,"國立臺中科技大學保險金融管理系(備取,分發)"
CAND_0060,113,nutc_ins,國立臺中科技大學,保險金融管理系(商管群),國立臺中科技大學 保險金融管理系(商管群),61090527,李*慈,備取,國立虎尾科技大學,國立虎尾科技大學工業管理系,其他學校錄取,3,"國立臺中科技大學保險金融管理系(備取); 國立虎尾科技大學工業管理系(正取,分發); 國立勤益科技大學工業工程與管理系(正取)"
CAND_0061,113,nutc_ins,國立臺中科技大學,保險金融管理系(商管群),國立臺中科技大學 保險金融管理系(商管群),52090169,周*,備取,銘傳大學,銘傳大學國際企業學系(台北校區),其他學校錄取,3,"國立臺中科技大學保險金融管理系(備取); 銘傳大學國際企業學系(台北校區)(備取,分發); 逢甲大學國際經營與貿易學系(備取)"
CAND_0062,113,nutc_ins,國立臺中科技大學,保險金融管理系(商管群),國立臺中科技大學 保險金融管理系(商管群),74090258,林*歆,備取,靜宜大學,靜宜大學財務金融學系,其他學校錄取,5,"國立臺中科技大學保險金融管理系(備取); 朝陽科技大學財務金融系(正取); 致理科技大學財務金融系(通過); 靜宜大學企業管理學系(正取); 靜宜大學財務金融學系(正取,分發)"
CAND_0063,113,nutc_ins,國立臺中科技大學,保險金融管理系(商管群),國立臺中科技大學 保險金融管理系(商管群),58090353,蘇*,備取,國立臺中科技大學,國立臺中科技大學保險金融管理系,原校系/本校留任,1,"國立臺中科技大學保險金融管理系(備取,分發)"
CAND_0064,113,nutc_ins,國立臺中科技大學,保險金融管理系(商管群),國立臺中科技大學 保險金融管理系(商管群),71090333,楊*諺,備取,國立高雄科技大學,國立高雄科技大學金融資訊系,其他學校錄取,4,"國立臺中科技大學保險金融管理系(備取); 國立高雄科技大學金融資訊系(備取,分發); 國立高雄科技大學金融資訊系(備取); 國立屏東大學財務金融學系(通過)"
CAND_0065,113,nutc_ins,國立臺中科技大學,保險金融管理系(商管群),國立臺中科技大學 保險金融管理系(商管群),67090318,黄*綺,備取,—,—,未分發或放棄,2,國立臺中科技大學保險金融管理系(備取); 國立臺北護理健康大學資訊管理系(通過)
CAND_0066,113,nutc_ins,國立臺中科技大學,保險金融管理系(商管群),國立臺中科技大學 保險金融管理系(商管群),65090234,鄭*,備取,朝陽科技大學,朝陽科技大學財務金融系,其他學校錄取,2,"國立臺中科技大學保險金融管理系(備取); 朝陽科技大學財務金融系(正取,分發)"
CAND_0067,113,nutc_ins,國立臺中科技大學,保險金融管理系(商管群),國立臺中科技大學 保險金融管理系(商管群),55090047,F*,備取,銘傳大學,銘傳大學國際企業學系(台北校區),其他學校錄取,3,"國立臺中科技大學保險金融管理系(備取); 國立虎尾科技大學財務金融系(正取); 銘傳大學國際企業學系(台北校區)(備取,分發)"
CAND_0068,113,nutc_ins,國立臺中科技大學,保險金融管理系(商管群),國立臺中科技大學 保險金融管理系(商管群),59090200,吳*錡,備取,—,—,未分發或放棄,2,國立臺中科技大學保險金融管理系(備取); 國立勤益科技大學資訊管理系(通過)
CAND_0069,113,nutc_ins,國立臺中科技大學,保險金融管理系(商管群),國立臺中科技大學 保險金融管理系(商管群),70090961,*榕,備取,國立虎尾科技大學,國立虎尾科技大學企業管理系,其他學校錄取,4,"國立臺中科技大學保險金融管理系(備取); 國立高雄科技大學供應鏈管理系(備取); 國立虎尾科技大學工業管理系(通過); 國立虎尾科技大學企業管理系(正取,分發)"
CAND_0070,113,nutc_ins,國立臺中科技大學,保險金融管理系(商管群),國立臺中科技大學 保險金融管理系(商管群),70090417,*鈞,備取,—,—,未分發或放棄,2,國立臺中科技大學保險金融管理系(備取); 國立高雄科技大學工業工程與管理系(通過)
CAND_0071,113,nutc_ins,國立臺中科技大學,保險金融管理系(商管群),國立臺中科技大學 保險金融管理系(商管群),74090022,*方,備取,—,—,未分發或放棄,4,國立臺中科技大學保險金融管理系(備取); 國立屏東科技大學企業管理系(通過); 朝陽科技大學財務金融系(通過); 國立屏東大學不動產經營學系(通過)
CAND_0072,113,nutc_ins,國立臺中科技大學,保險金融管理系(商管群),國立臺中科技大學 保險金融管理系(商管群),60090259,謝*雅,備取,國立勤益科技大學,國立勤益科技大學企業管理系,其他學校錄取,3,"國立臺中科技大學保險金融管理系(備取); 國立勤益科技大學企業管理系(正取,分發); 朝陽科技大學財務金融系(通過)"
CAND_0073,113,nutc_ins,國立臺中科技大學,保險金融管理系(商管群),國立臺中科技大學 保險金融管理系(商管群),68090290,陳*伶,備取,國立高雄科技大學,國立高雄科技大學運籌管理系,其他學校錄取,4,"國立臺中科技大學保險金融管理系(備取); 國立高雄科技大學運籌管理系(備取,分發); 國立高雄科技大學人力資源發展系(通過); 國立勤益科技大學流通管理系(通過)"
CAND_0074,113,nutc_ins,國立臺中科技大學,保險金融管理系(商管群),國立臺中科技大學 保險金融管理系(商管群),57090749,温*婷,備取,銘傳大學,銘傳大學企業管理學系(台北校區),其他學校錄取,4,"國立臺中科技大學保險金融管理系(備取); 國立臺北護理健康大學健康事業管理系(備取); 銘傳大學企業管理學系(台北校區)(正取,分發); 銘傳大學國際企業學系(台北校區)(正取)"
CAND_0075,113,nutc_ins,國立臺中科技大學,保險金融管理系(商管群),國立臺中科技大學 保險金融管理系(商管群),61090112,陸*瑜,備取,國立勤益科技大學,國立勤益科技大學工業工程與管理系,其他學校錄取,6,"國立臺中科技大學保險金融管理系(備取); 國立勤益科技大學工業工程與管理系(正取,分發); 朝陽科技大學財務金融系(通過); 僑光科技大學企業管理系(通過); 僑光科技大學財務金融系(通過); 僑光科技大學行銷與流通管理系(通過)"
CAND_0076,113,nutc_ins,國立臺中科技大學,保險金融管理系(商管群),國立臺中科技大學 保險金融管理系(商管群),57090629,楊*瑜,備取,—,—,未分發或放棄,1,國立臺中科技大學保險金融管理系(備取)
CAND_0077,113,nutc_ins,國立臺中科技大學,保險金融管理系(商管群),國立臺中科技大學 保險金融管理系(商管群),68090313,鄭*廷,備取,—,—,未分發或放棄,1,國立臺中科技大學保險金融管理系(備取)
CAND_0078,113,nutc_ins,國立臺中科技大學,保險金融管理系(商管群),國立臺中科技大學 保險金融管理系(商管群),60090126,張*,備取,亞洲大學,亞洲大學行動商務與多媒體應用學系,其他學校錄取,3,"國立臺中科技大學保險金融管理系(備取); 靜宜大學財務金融學系(備取); 亞洲大學行動商務與多媒體應用學系(備取,分發)"
CAND_0079,113,nutc_ins,國立臺中科技大學,保險金融管理系(商管群),國立臺中科技大學 保險金融管理系(商管群),61090088,張*,備取,—,—,未分發或放棄,1,國立臺中科技大學保險金融管理系(備取)
CAND_0080,113,nutc_ins,國立臺中科技大學,保險金融管理系(商管群),國立臺中科技大學 保險金融管理系(商管群),64090376,*鈞,備取,—,—,未分發或放棄,4,國立臺中科技大學保險金融管理系(備取); 國立高雄科技大學企業管理系(通過); 國立高雄科技大學風險管理與保險系(通過); 國立虎尾科技大學工業管理系(通過)
CAND_0081,113,nutc_ins,國立臺中科技大學,保險金融管理系(商管群),國立臺中科技大學 保險金融管理系(商管群),61090711,黄*元,備取,—,—,未分發或放棄,1,國立臺中科技大學保險金融管理系(備取)
CAND_0082,113,nutc_ins,國立臺中科技大學,保險金融管理系(商管群),國立臺中科技大學 保險金融管理系(商管群),57090113,彭*愷,備取,—,—,未分發或放棄,2,國立臺中科技大學保險金融管理系(備取); 國立屏東科技大學資訊管理系(通過)
CAND_0083,113,nutc_ins,國立臺中科技大學,保險金融管理系(商管群),國立臺中科技大學 保險金融管理系(商管群),58090280,温*,備取,—,—,未分發或放棄,1,國立臺中科技大學保險金融管理系(備取)
CAND_0084,113,nutc_ins,國立臺中科技大學,保險金融管理系(商管群),國立臺中科技大學 保險金融管理系(商管群),52090714,林*圩,備取,銘傳大學,銘傳大學企業管理學系(台北校區),其他學校錄取,3,"國立臺中科技大學保險金融管理系(備取); 銘傳大學企業管理學系(台北校區)(備取,分發); 銘傳大學會計學系(台北校區)(通過)"
CAND_0085,113,nutc_ins,國立臺中科技大學,保險金融管理系(商管群),國立臺中科技大學 保險金融管理系(商管群),56090526,*軒,備取,國立高雄科技大學,國立高雄科技大學風險管理與保險系,其他學校錄取,5,"國立臺中科技大學保險金融管理系(備取); 國立高雄科技大學行銷與流通管理系(通過); 國立高雄科技大學風險管理與保險系(正取,分發); 國立虎尾科技大學財務金融系(正取); 國立勤益科技大學流通管理系(通過)"
CAND_0086,113,nutc_ins,國立臺中科技大學,保險金融管理系(商管群),國立臺中科技大學 保險金融管理系(商管群),70090761,張*永,備取,國立高雄科技大學,國立高雄科技大學商務資訊應用系,其他學校錄取,3,"國立臺中科技大學保險金融管理系(備取); 國立高雄科技大學商務資訊應用系(備取,分發); 國立屏東大學資訊管理學系(備取)"
CAND_0087,113,nutc_ins,國立臺中科技大學,保險金融管理系(商管群),國立臺中科技大學 保險金融管理系(商管群),61090089,葵*珊,備取,朝陽科技大學,朝陽科技大學財務金融系,其他學校錄取,3,"國立臺中科技大學保險金融管理系(備取); 朝陽科技大學財務金融系(正取,分發); 嶺東科技大學財務金融系(通過)"
CAND_0088,113,nutc_ins,國立臺中科技大學,保險金融管理系(商管群),國立臺中科技大學 保險金融管理系(商管群),63090465,林*汝,備取,朝陽科技大學,朝陽科技大學資訊管理系資訊管理組,其他學校錄取,4,"國立臺中科技大學保險金融管理系(備取); 朝陽科技大學資訊管理系資訊管理組(正取,分發); 嶺東科技大學財務金融系(通過); 亞洲大學會計與資訊學系(通過)"
CAND_0089,113,nutc_ins,國立臺中科技大學,保險金融管理系(商管群),國立臺中科技大學 保險金融管理系(商管群),57090919,江*,備取,國立虎尾科技大學,國立虎尾科技大學財務金融系,其他學校錄取,3,"國立臺中科技大學保險金融管理系(備取); 國立虎尾科技大學資訊管理系(通過); 國立虎尾科技大學財務金融系(備取,分發)"
CAND_0090,113,nutc_ins,國立臺中科技大學,保險金融管理系(商管群),國立臺中科技大學 保險金融管理系(商管群),57090406,賴*鈞,備取,—,—,未分發或放棄,1,國立臺中科技大學保險金融管理系(備取)
CAND_0091,113,nutc_ins,國立臺中科技大學,保險金融管理系(商管群),國立臺中科技大學 保險金融管理系(商管群),61090370,—,備取,—,—,未分發或放棄,3,國立臺中科技大學保險金融管理系(備取); 國立虎尾科技大學資訊管理系(通過); 國立勤益科技大學工業工程與管理系(通過)
CAND_0092,113,nutc_ins,國立臺中科技大學,保險金融管理系(商管群),國立臺中科技大學 保險金融管理系(商管群),61091078,張*永,備取,國立勤益科技大學,國立勤益科技大學企業管理系,其他學校錄取,3,"國立臺中科技大學保險金融管理系(備取); 國立虎尾科技大學企業管理系(通過); 國立勤益科技大學企業管理系(正取,分發)"
CAND_0093,113,nutc_ins,國立臺中科技大學,保險金融管理系(商管群),國立臺中科技大學 保險金融管理系(商管群),60090013,林*軒,備取,國立虎尾科技大學,國立虎尾科技大學企業管理系,其他學校錄取,4,"國立臺中科技大學保險金融管理系(備取); 國立虎尾科技大學企業管理系(正取,分發); 國立勤益科技大學企業管理系(備取); 朝陽科技大學財務金融系(正取)"
CAND_0094,113,nutc_ins,國立臺中科技大學,保險金融管理系(商管群),國立臺中科技大學 保險金融管理系(商管群),61090012,謝*珊,備取,靜宜大學,靜宜大學財務金融學系,其他學校錄取,4,"國立臺中科技大學保險金融管理系(備取); 國立高雄科技大學風險管理與保險系(備取); 朝陽科技大學保險金融管理系(正取); 靜宜大學財務金融學系(正取,分發)"
CAND_0095,113,nutc_ins,國立臺中科技大學,保險金融管理系(商管群),國立臺中科技大學 保險金融管理系(商管群),61090998,林*婷,備取,國立虎尾科技大學,國立虎尾科技大學財務金融系,其他學校錄取,4,"國立臺中科技大學保險金融管理系(備取); 國立虎尾科技大學企業管理系(通過); 國立虎尾科技大學財務金融系(備取,分發); 國立勤益科技大學企業管理系(正取)"
CAND_0096,113,nutc_ins,國立臺中科技大學,保險金融管理系(商管群),國立臺中科技大學 保險金融管理系(商管群),58090176,*慈,備取,國立勤益科技大學,國立勤益科技大學企業管理系,其他學校錄取,2,"國立臺中科技大學保險金融管理系(備取); 國立勤益科技大學企業管理系(正取,分發)"
CAND_0097,113,nutc_ins,國立臺中科技大學,保險金融管理系(商管群),國立臺中科技大學 保險金融管理系(商管群),61090046,*樟,備取,國立屏東科技大學,國立屏東科技大學工業管理系,其他學校錄取,2,"國立臺中科技大學保險金融管理系(備取); 國立屏東科技大學工業管理系(備取,分發)"
CAND_0098,113,nutc_ins,國立臺中科技大學,保險金融管理系(商管群),國立臺中科技大學 保險金融管理系(商管群),66090405,葵*娥,備取,國立勤益科技大學,國立勤益科技大學工業工程與管理系,其他學校錄取,2,"國立臺中科技大學保險金融管理系(備取); 國立勤益科技大學工業工程與管理系(正取,分發)"
CAND_0099,113,nutc_ins,國立臺中科技大學,保險金融管理系(商管群),國立臺中科技大學 保險金融管理系(商管群),61091455,顏*昕,備取,國立臺北護理健康大學,國立臺北護理健康大學生死與健康心理諮商系,其他學校錄取,2,"國立臺中科技大學保險金融管理系(備取); 國立臺北護理健康大學生死與健康心理諮商系(正取,分發)"
CAND_0100,113,nutc_ins,國立臺中科技大學,保險金融管理系(商管群),國立臺中科技大學 保險金融管理系(商管群),71090021,謝*庭,備取,—,—,未分發或放棄,1,國立臺中科技大學保險金融管理系(備取)
CAND_0101,113,nutc_ins,國立臺中科技大學,保險金融管理系(商管群),國立臺中科技大學 保險金融管理系(商管群),52090586,徐*羽,備取,銘傳大學,銘傳大學國際企業學系(台北校區),其他學校錄取,3,"國立臺中科技大學保險金融管理系(備取); 銘傳大學企業管理學系(台北校區)(備取); 銘傳大學國際企業學系(台北校區)(正取,分發)"
CAND_0102,113,nutc_ins,國立臺中科技大學,保險金融管理系(商管群),國立臺中科技大學 保險金融管理系(商管群),68090626,黄*倢,備取,國立高雄科技大學,國立高雄科技大學行銷與流通管理系,其他學校錄取,3,"國立臺中科技大學保險金融管理系(備取); 國立高雄科技大學行銷與流通管理系(備取,分發); 國立勤益科技大學企業管理系(備取)"
CAND_0103,113,nutc_ins,國立臺中科技大學,保險金融管理系(商管群),國立臺中科技大學 保險金融管理系(商管群),60090004,*凱,備取,國立虎尾科技大學,國立虎尾科技大學工業管理系,其他學校錄取,2,"國立臺中科技大學保險金融管理系(備取); 國立虎尾科技大學工業管理系(正取,分發)"
CAND_0104,113,nutc_ins,國立臺中科技大學,保險金融管理系(商管群),國立臺中科技大學 保險金融管理系(商管群),59090013,陳*元,備取,國立勤益科技大學,國立勤益科技大學工業工程與管理系,其他學校錄取,4,"國立臺中科技大學保險金融管理系(備取); 國立勤益科技大學工業工程與管理系(備取,分發); 銘傳大學企業管理學系(台北校區)(備取); 實踐大學風險管理與保險學系(臺北校區)(備取)"
CAND_0105,113,nutc_ins,國立臺中科技大學,保險金融管理系(商管群),國立臺中科技大學 保險金融管理系(商管群),57090257,孫*筠,備取,國立勤益科技大學,國立勤益科技大學流通管理系,其他學校錄取,3,"國立臺中科技大學保險金融管理系(備取); 國立勤益科技大學流通管理系(備取,分發); 逢甲大學合作經濟暨社會事業經營學系(備取)"
CAND_0106,113,nutc_ins,國立臺中科技大學,保險金融管理系(商管群),國立臺中科技大學 保險金融管理系(商管群),62090154,*懷,備取,—,—,未分發或放棄,3,國立臺中科技大學保險金融管理系(備取); 國立虎尾科技大學應用外語系(通過); 國立臺北護理健康大學健康事業管理系(備取)
CAND_0107,113,nutc_ins,國立臺中科技大學,保險金融管理系(商管群),國立臺中科技大學 保險金融管理系(商管群),60090081,鄧*筑,備取,國立勤益科技大學,國立勤益科技大學流通管理系,其他學校錄取,3,"國立臺中科技大學保險金融管理系(備取); 國立勤益科技大學流通管理系(正取,分發); 朝陽科技大學財務金融系(正取)"
CAND_0108,113,nutc_ins,國立臺中科技大學,保險金融管理系(商管群),國立臺中科技大學 保險金融管理系(商管群),51090044,葵*恩,備取,國立高雄科技大學,國立高雄科技大學運籌管理系,其他學校錄取,4,"國立臺中科技大學保險金融管理系(備取); 國立高雄科技大學運籌管理系(備取,分發); 國立高雄科技大學行銷與流通管理系(備取); 國立勤益科技大學工業工程與管理系(通過)"
CAND_0109,113,nutc_ins,國立臺中科技大學,保險金融管理系(商管群),國立臺中科技大學 保險金融管理系(商管群),71090275,黄*宇,備取,—,—,未分發或放棄,3,國立臺中科技大學保險金融管理系(備取); 國立屏東科技大學企業管理系(通過); 國立屏東大學財務金融學系(通過)
CAND_0110,113,nutc_ins,國立臺中科技大學,保險金融管理系(商管群),國立臺中科技大學 保險金融管理系(商管群),61091774,陳*筠,備取,國立勤益科技大學,國立勤益科技大學流通管理系,其他學校錄取,3,"國立臺中科技大學保險金融管理系(備取); 國立勤益科技大學流通管理系(正取,分發); 致理科技大學財務金融系(通過)"
CAND_0111,113,nutc_ins,國立臺中科技大學,保險金融管理系(商管群),國立臺中科技大學 保險金融管理系(商管群),58090345,張*綺,備取,—,—,未分發或放棄,2,國立臺中科技大學保險金融管理系(備取); 國立高雄科技大學風險管理與保險系(通過)
CAND_0112,113,nutc_ins,國立臺中科技大學,保險金融管理系(商管群),國立臺中科技大學 保險金融管理系(商管群),70090162,*哈,備取,—,—,未分發或放棄,3,國立臺中科技大學保險金融管理系(備取); 國立虎尾科技大學工業管理系(通過); 國立屏東大學不動產經營學系(通過)
CAND_0113,113,nutc_ins,國立臺中科技大學,保險金融管理系(商管群),國立臺中科技大學 保險金融管理系(商管群),61090668,潘*希,備取,銘傳大學,銘傳大學國際企業學系(台北校區),其他學校錄取,5,"國立臺中科技大學保險金融管理系(備取); 致理科技大學財務金融系(通過); 靜宜大學財務金融學系(通過); 銘傳大學國際企業學系(台北校區)(備取,分發); 實踐大學財務金融學系(臺北校區)(通過)"
CAND_0114,113,nutc_ins,國立臺中科技大學,保險金融管理系(商管群),國立臺中科技大學 保險金融管理系(商管群),56090089,黄*庭,備取,—,—,未分發或放棄,4,國立臺中科技大學保險金融管理系(備取); 國立屏東科技大學企業管理系(通過); 朝陽科技大學財務金融系(通過); 致理科技大學財務金融系(通過)
CAND_0115,113,nutc_ins,國立臺中科技大學,保險金融管理系(商管群),國立臺中科技大學 保險金融管理系(商管群),56090177,馮*,備取,—,—,未分發或放棄,2,國立臺中科技大學保險金融管理系(備取); 朝陽科技大學行銷與流通管理系(通過)
CAND_0116,113,nutc_ins,國立臺中科技大學,保險金融管理系(商管群),國立臺中科技大學 保險金融管理系(商管群),70090385,*𢡟,備取,—,—,未分發或放棄,1,國立臺中科技大學保險金融管理系(備取)
CAND_0117,113,nutc_ins,國立臺中科技大學,保險金融管理系(商管群),國立臺中科技大學 保險金融管理系(商管群),63090157,林*穎,備取,朝陽科技大學,朝陽科技大學保險金融管理系,其他學校錄取,2,"國立臺中科技大學保險金融管理系(備取); 朝陽科技大學保險金融管理系(正取,分發)"
CAND_0118,113,nutc_ins,國立臺中科技大學,保險金融管理系(商管群),國立臺中科技大學 保險金融管理系(商管群),71090005,陳*,備取,—,—,未分發或放棄,1,國立臺中科技大學保險金融管理系(備取)
CAND_0119,113,nutc_ins,國立臺中科技大學,保險金融管理系(商管群),國立臺中科技大學 保險金融管理系(商管群),61090844,*宇,備取,國立勤益科技大學,國立勤益科技大學工業工程與管理系,其他學校錄取,3,"國立臺中科技大學保險金融管理系(備取); 國立勤益科技大學工業工程與管理系(備取,分發); 實踐大學財務金融學系(臺北校區)(備取)"
CAND_0120,113,nutc_ins,國立臺中科技大學,保險金融管理系(商管群),國立臺中科技大學 保險金融管理系(商管群),61091026,*永,備取,國立勤益科技大學,國立勤益科技大學企業管理系,其他學校錄取,2,"國立臺中科技大學保險金融管理系(備取); 國立勤益科技大學企業管理系(正取,分發)"
CAND_0121,113,nutc_ins,國立臺中科技大學,保險金融管理系(商管群),國立臺中科技大學 保險金融管理系(商管群),57090899,藍*瑄,備取,國立臺北護理健康大學,國立臺北護理健康大學健康事業管理系,其他學校錄取,4,"國立臺中科技大學保險金融管理系(備取); 國立屏東科技大學企業管理系(通過); 國立臺北護理健康大學健康事業管理系(備取,分發); 朝陽科技大學財務金融系(通過)"
CAND_0122,113,nutc_ins,國立臺中科技大學,保險金融管理系(商管群),國立臺中科技大學 保險金融管理系(商管群),71090166,凌*盛,備取,—,—,未分發或放棄,3,國立臺中科技大學保險金融管理系(備取); 國立高雄科技大學金融資訊系(備取); 國立勤益科技大學企業管理系(通過)
CAND_0123,113,nutc_ins,國立臺中科技大學,保險金融管理系(商管群),國立臺中科技大學 保險金融管理系(商管群),61091585,林*琪,備取,國立高雄科技大學,國立高雄科技大學運籌管理系,其他學校錄取,4,"國立臺中科技大學保險金融管理系(備取); 國立高雄科技大學運籌管理系(備取,分發); 國立虎尾科技大學企業管理系(通過); 國立勤益科技大學流通管理系(備取)"
CAND_0124,113,nutc_ins,國立臺中科技大學,保險金融管理系(商管群),國立臺中科技大學 保險金融管理系(商管群),65090083,葵*翔,備取,國立勤益科技大學,國立勤益科技大學流通管理系,其他學校錄取,5,"國立臺中科技大學保險金融管理系(備取); 國立高雄科技大學運籌管理系(通過); 國立高雄科技大學商務資訊應用系(通過); 國立虎尾科技大學企業管理系(正取); 國立勤益科技大學流通管理系(備取,分發)"
CAND_0125,113,nutc_ins,國立臺中科技大學,保險金融管理系(商管群),國立臺中科技大學 保險金融管理系(商管群),64090618,*心,備取,—,—,未分發或放棄,2,國立臺中科技大學保險金融管理系(備取); 國立勤益科技大學流通管理系(通過)
CAND_0126,113,nutc_ins,國立臺中科技大學,保險金融管理系(商管群),國立臺中科技大學 保險金融管理系(商管群),61091374,葵*恩,備取,靜宜大學,靜宜大學財務金融學系,其他學校錄取,4,"國立臺中科技大學保險金融管理系(備取); 國立屏東科技大學工業管理系(通過); 朝陽科技大學保險金融管理系(正取); 靜宜大學財務金融學系(備取,分發)"
CAND_0127,113,nutc_ins,國立臺中科技大學,保險金融管理系(商管群),國立臺中科技大學 保險金融管理系(商管群),64090382,維*瑜,備取,—,—,未分發或放棄,2,國立臺中科技大學保險金融管理系(備取); 嶺東科技大學企業管理系(通過)
CAND_0128,113,nutc_ins,國立臺中科技大學,保險金融管理系(商管群),國立臺中科技大學 保險金融管理系(商管群),51090218,簡*皓,備取,—,—,未分發或放棄,2,國立臺中科技大學保險金融管理系(通過); 致理科技大學財務金融系(通過)
CAND_0129,113,nutc_ins,國立臺中科技大學,保險金融管理系(商管群),國立臺中科技大學 保險金融管理系(商管群),55090298,陳*,備取,致理科技大學,致理科技大學企業管理系,其他學校錄取,5,"國立臺中科技大學保險金融管理系(通過); 致理科技大學企業管理系(正取,分發); 世新大學資訊管理學系資訊管理組(通過); 銘傳大學國際企業學系(台北校區)(備取); 實踐大學風險管理與保險學系(臺北校區)(通過)"
CAND_0130,113,nutc_ins,國立臺中科技大學,保險金融管理系(商管群),國立臺中科技大學 保險金融管理系(商管群),57090075,胡*庭,備取,—,—,未分發或放棄,1,國立臺中科技大學保險金融管理系(通過)
CAND_0131,113,nutc_ins,國立臺中科技大學,保險金融管理系(商管群),國立臺中科技大學 保險金融管理系(商管群),57090281,高*俞,備取,國立臺北護理健康大學,國立臺北護理健康大學健康事業管理系,其他學校錄取,2,"國立臺中科技大學保險金融管理系(通過); 國立臺北護理健康大學健康事業管理系(正取,分發)"
CAND_0132,113,nutc_ins,國立臺中科技大學,保險金融管理系(商管群),國立臺中科技大學 保險金融管理系(商管群),59090025,黄*璇,備取,國立高雄科技大學,國立高雄科技大學工業工程與管理系,其他學校錄取,3,"國立臺中科技大學保險金融管理系(通過); 國立高雄科技大學工業工程與管理系(備取,分發); 國立高雄科技大學風險管理與保險系(備取)"
CAND_0133,113,nutc_ins,國立臺中科技大學,保險金融管理系(商管群),國立臺中科技大學 保險金融管理系(商管群),61090274,張*瑄,備取,—,—,未分發或放棄,4,國立臺中科技大學保險金融管理系(通過); 國立高雄科技大學資訊管理系(通過); 國立虎尾科技大學資訊管理系(通過); 國立勤益科技大學工業工程與管理系(通過)
CAND_0134,113,nutc_ins,國立臺中科技大學,保險金融管理系(商管群),國立臺中科技大學 保險金融管理系(商管群),61090577,李*芝,備取,逢甲大學,逢甲大學合作經濟暨社會事業經營學系,其他學校錄取,4,"國立臺中科技大學保險金融管理系(通過); 國立雲林科技大學文化資產維護系(通過); 國立高雄科技大學應用德語系(通過); 逢甲大學合作經濟暨社會事業經營學系(正取,分發)"
CAND_0135,113,nutc_ins,國立臺中科技大學,保險金融管理系(商管群),國立臺中科技大學 保險金融管理系(商管群),61091777,游*溶,備取,—,—,未分發或放棄,2,國立臺中科技大學保險金融管理系(通過); 國立勤益科技大學工業工程與管理系(通過)
CAND_0136,113,nutc_ins,國立臺中科技大學,保險金融管理系(商管群),國立臺中科技大學 保險金融管理系(商管群),63090053,林*豪,備取,朝陽科技大學,朝陽科技大學保險金融管理系,其他學校錄取,4,"國立臺中科技大學保險金融管理系(通過); 國立勤益科技大學資訊管理系(通過); 朝陽科技大學保險金融管理系(正取,分發); 亞洲大學經營管理學系(通過)"
CAND_0137,113,nutc_ins,國立臺中科技大學,保險金融管理系(商管群),國立臺中科技大學 保險金融管理系(商管群),64090348,*恩,備取,國立臺北護理健康大學,國立臺北護理健康大學資訊管理系,其他學校錄取,2,"國立臺中科技大學保險金融管理系(通過); 國立臺北護理健康大學資訊管理系(備取,分發)"
CAND_0138,113,nutc_ins,國立臺中科技大學,保險金融管理系(商管群),國立臺中科技大學 保險金融管理系(商管群),64090364,尤*翔,備取,國立高雄科技大學,國立高雄科技大學會計資訊系,其他學校錄取,5,"國立臺中科技大學保險金融管理系(通過); 國立雲林科技大學工業工程與管理系(備取); 國立高雄科技大學會計資訊系(備取,分發); 國立高雄科技大學智慧商務系(備取); 國立虎尾科技大學資訊管理系(通過)"
CAND_0139,113,nutc_ins,國立臺中科技大學,保險金融管理系(商管群),國立臺中科技大學 保險金融管理系(商管群),64090419,郭*瑜,備取,—,—,未分發或放棄,1,國立臺中科技大學保險金融管理系(通過)
CAND_0140,113,nutc_ins,國立臺中科技大學,保險金融管理系(商管群),國立臺中科技大學 保險金融管理系(商管群),64090610,—,備取,國立高雄科技大學,國立高雄科技大學風險管理與保險系,其他學校錄取,2,"國立臺中科技大學保險金融管理系(通過); 國立高雄科技大學風險管理與保險系(正取,分發)"
CAND_0141,113,nutc_ins,國立臺中科技大學,保險金融管理系(商管群),國立臺中科技大學 保險金融管理系(商管群),65090317,林*祐,備取,—,—,未分發或放棄,4,國立臺中科技大學保險金融管理系(通過); 國立雲林科技大學工業工程與管理系(備取); 國立高雄科技大學風險管理與保險系(通過); 國立高雄科技大學智慧商務系(通過)
CAND_0142,113,nutc_ins,國立臺中科技大學,保險金融管理系(商管群),國立臺中科技大學 保險金融管理系(商管群),67090083,黄*音,備取,國立高雄科技大學,國立高雄科技大學運籌管理系,其他學校錄取,3,"國立臺中科技大學保險金融管理系(通過); 國立高雄科技大學運籌管理系(正取,分發); 國立高雄科技大學行銷與流通管理系(正取)"
CAND_0143,113,nutc_ins,國立臺中科技大學,保險金融管理系(商管群),國立臺中科技大學 保險金融管理系(商管群),67090135,李*彤,備取,—,—,未分發或放棄,1,國立臺中科技大學保險金融管理系(通過)
CAND_0144,113,nutc_ins,國立臺中科技大學,保險金融管理系(商管群),國立臺中科技大學 保險金融管理系(商管群),67090258,吳*小,備取,—,—,未分發或放棄,3,國立臺中科技大學保險金融管理系(通過); 國立高雄科技大學智慧商務系(通過); 國立虎尾科技大學工業管理系(通過)
CAND_0145,113,nutc_ins,國立臺中科技大學,保險金融管理系(商管群),國立臺中科技大學 保險金融管理系(商管群),67090365,高*永,備取,—,—,未分發或放棄,1,國立臺中科技大學保險金融管理系(通過)
CAND_0146,113,nutc_ins,國立臺中科技大學,保險金融管理系(商管群),國立臺中科技大學 保險金融管理系(商管群),68090056,黄*珊,備取,—,—,未分發或放棄,5,國立臺中科技大學保險金融管理系(通過); 國立屏東科技大學財務金融國際學士學位學程(通過); 國立高雄科技大學運籌管理系(通過); 國立屏東大學財務金融學系(通過); 國立屏東大學行銷與流通管理學系(通過)
CAND_0147,113,nutc_ins,國立臺中科技大學,保險金融管理系(商管群),國立臺中科技大學 保險金融管理系(商管群),68090677,*綺,備取,—,—,未分發或放棄,2,國立臺中科技大學保險金融管理系(通過); 國立勤益科技大學流通管理系(通過)
CAND_0148,113,nutc_ins,國立臺中科技大學,保險金融管理系(商管群),國立臺中科技大學 保險金融管理系(商管群),68530072,林*,備取,—,—,未分發或放棄,3,國立臺中科技大學保險金融管理系(通過); 國立虎尾科技大學企業管理系(通過); 國立勤益科技大學流通管理系(通過)
CAND_0149,113,nutc_ins,國立臺中科技大學,保險金融管理系(商管群),國立臺中科技大學 保險金融管理系(商管群),70090026,陳*木,備取,—,—,未分發或放棄,1,國立臺中科技大學保險金融管理系(通過)
CAND_0150,113,nutc_ins,國立臺中科技大學,保險金融管理系(商管群),國立臺中科技大學 保險金融管理系(商管群),70090350,黄*德,備取,國立屏東大學,國立屏東大學財務金融學系,其他學校錄取,3,"國立臺中科技大學保險金融管理系(通過); 國立屏東大學企業管理學系(通過); 國立屏東大學財務金融學系(正取,分發)"
CAND_0151,113,nutc_ins,國立臺中科技大學,保險金融管理系(商管群),國立臺中科技大學 保險金融管理系(商管群),70090429,李*恩,備取,—,—,未分發或放棄,3,國立臺中科技大學保險金融管理系(通過); 國立高雄科技大學風險管理與保險系(通過); 國立屏東大學不動產經營學系(通過)
CAND_0152,113,nutc_ins,國立臺中科技大學,保險金融管理系(商管群),國立臺中科技大學 保險金融管理系(商管群),70090878,賴*綾,備取,實踐大學,實踐大學財務金融學系(臺北校區),其他學校錄取,4,"國立臺中科技大學保險金融管理系(通過); 致理科技大學財務金融系(正取); 義守大學財務金融管理學系(正取); 實踐大學財務金融學系(臺北校區)(正取,分發)"
CAND_0153,113,nutc_ins,國立臺中科技大學,保險金融管理系(商管群),國立臺中科技大學 保險金融管理系(商管群),71090170,林*翔,備取,—,—,未分發或放棄,2,國立臺中科技大學保險金融管理系(通過); 國立高雄科技大學風險管理與保險系(備取)
CAND_0154,113,nutc_ins,國立臺中科技大學,保險金融管理系(商管群),國立臺中科技大學 保險金融管理系(商管群),71090190,F*瑄,備取,國立屏東大學,國立屏東大學企業管理學系,其他學校錄取,5,"國立臺中科技大學保險金融管理系(通過); 國立屏東科技大學企業管理系(正取); 國立勤益科技大學企業管理系(通過); 國立屏東大學企業管理學系(正取,分發); 國立屏東大學會計學系(正取)"
CAND_0155,113,nutc_ins,國立臺中科技大學,保險金融管理系(商管群),國立臺中科技大學 保險金融管理系(商管群),71090317,康*諺,備取,國立屏東大學,國立屏東大學企業管理學系,其他學校錄取,3,"國立臺中科技大學保險金融管理系(通過); 國立屏東大學企業管理學系(正取,分發); 國立屏東大學行銷與流通管理學系(正取)"
CAND_0156,113,nutc_ins,國立臺中科技大學,保險金融管理系(商管群),國立臺中科技大學 保險金融管理系(商管群),71090346,黄*哲,備取,—,—,未分發或放棄,2,國立臺中科技大學保險金融管理系(通過); 國立高雄科技大學航運管理系(通過)
CAND_0157,113,nutc_ins,國立臺中科技大學,保險金融管理系(商管群),國立臺中科技大學 保險金融管理系(商管群),75090025,李*,備取,—,—,未分發或放棄,3,國立臺中科技大學保險金融管理系(通過); 朝陽科技大學保險金融管理系(通過); 致理科技大學財務金融系(通過)
CAND_0158,113,nutc_ins,國立臺中科技大學,保險金融管理系(英語類),國立臺中科技大學 保險金融管理系(英語類),61150293,李*,正取,國立臺中科技大學,國立臺中科技大學保險金融管理系,原校系/本校留任,3,"國立臺中科技大學保險金融管理系(正取,分發); 國立虎尾科技大學企業管理系(通過); 國立臺北護理健康大學運動保健系(通過)"
CAND_0159,113,nutc_ins,國立臺中科技大學,保險金融管理系(英語類),國立臺中科技大學 保險金融管理系(英語類),65150023,蕭*,正取,國立臺中科技大學,國立臺中科技大學保險金融管理系,原校系/本校留任,3,"國立臺中科技大學保險金融管理系(正取,分發); 國立雲林科技大學應用外語系(通過); 國立高雄科技大學航運管理系(通過)"
CAND_0160,113,nutc_ins,國立臺中科技大學,保險金融管理系(英語類),國立臺中科技大學 保險金融管理系(英語類),61150056,易*,正取,國立高雄科技大學,國立高雄科技大學應用英語系,其他學校錄取,2,"國立臺中科技大學保險金融管理系(正取); 國立高雄科技大學應用英語系(正取,分發)"
CAND_0161,113,nutc_ins,國立臺中科技大學,保險金融管理系(英語類),國立臺中科技大學 保險金融管理系(英語類),63550020,簡*羽,正取,國立臺中科技大學,國立臺中科技大學保險金融管理系,原校系/本校留任,2,"國立臺中科技大學保險金融管理系(正取,分發); 國立勤益科技大學應用英語系(正取)"
CAND_0162,113,nutc_ins,國立臺中科技大學,保險金融管理系(英語類),國立臺中科技大學 保險金融管理系(英語類),58150046,陳*,正取,國立臺中科技大學,國立臺中科技大學保險金融管理系,原校系/本校留任,2,"國立臺中科技大學保險金融管理系(正取,分發); 國立臺北護理健康大學運動保健系(通過)"
CAND_0163,113,nutc_ins,國立臺中科技大學,保險金融管理系(英語類),國立臺中科技大學 保險金融管理系(英語類),57530022,維*,備取,國立臺中科技大學,國立臺中科技大學保險金融管理系,原校系/本校留任,4,"國立臺中科技大學保險金融管理系(備取,分發); 國立高雄科技大學供應鏈管理系(備取); 國立高雄餐旅大學應用英語系(通過); 逢甲大學外國語文學系(備取)"
CAND_0164,113,nutc_ins,國立臺中科技大學,保險金融管理系(英語類),國立臺中科技大學 保險金融管理系(英語類),52150102,陶*鈞,備取,—,—,未分發或放棄,1,國立臺中科技大學保險金融管理系(備取)
CAND_0165,113,nutc_ins,國立臺中科技大學,保險金融管理系(英語類),國立臺中科技大學 保險金融管理系(英語類),51150007,—,備取,國立雲林科技大學,國立雲林科技大學應用外語系,其他學校錄取,4,"國立臺中科技大學保險金融管理系(通過); 國立雲林科技大學企業管理系(通過); 國立雲林科技大學應用外語系(正取,分發); 國立高雄科技大學風險管理與保險系(通過)"
CAND_0166,113,nutc_ins,國立臺中科技大學,保險金融管理系(英語類),國立臺中科技大學 保險金融管理系(英語類),56150076,—,備取,—,—,未分發或放棄,4,國立臺中科技大學保險金融管理系(通過); 國立高雄科技大學風險管理與保險系(通過); 國立虎尾科技大學企業管理系(通過); 國立虎尾科技大學應用外語系(通過)
CAND_0167,113,nutc_ins,國立臺中科技大學,保險金融管理系(英語類),國立臺中科技大學 保險金融管理系(英語類),56150093,*熙,備取,靜宜大學,靜宜大學法律學系,其他學校錄取,4,"國立臺中科技大學保險金融管理系(通過); 國立高雄科技大學風險管理與保險系(通過); 國立勤益科技大學文化創意事業系(通過); 靜宜大學法律學系(正取,分發)"
CAND_0168,113,nutc_ins,國立臺中科技大學,保險金融管理系(英語類),國立臺中科技大學 保險金融管理系(英語類),56530008,林*丞,備取,—,—,未分發或放棄,5,國立臺中科技大學保險金融管理系(通過); 國立高雄科技大學國際企業系(通過); 國立高雄科技大學航運管理系(通過); 國立高雄科技大學應用英語系(通過); 國立臺北商業大學應用外語系(臺北校區)(通過)
CAND_0169,113,nutc_ins,國立臺中科技大學,保險金融管理系(英語類),國立臺中科技大學 保險金融管理系(英語類),58150061,馮*,備取,—,—,未分發或放棄,3,國立臺中科技大學保險金融管理系(通過); 國立高雄科技大學風險管理與保險系(通過); 國立臺北護理健康大學運動保健系(通過)
CAND_0170,113,nutc_ins,國立臺中科技大學,保險金融管理系(英語類),國立臺中科技大學 保險金融管理系(英語類),58150114,何*澔,備取,—,—,未分發或放棄,1,國立臺中科技大學保險金融管理系(通過)
CAND_0171,113,nutc_ins,國立臺中科技大學,保險金融管理系(英語類),國立臺中科技大學 保險金融管理系(英語類),61150308,*竣,備取,—,—,未分發或放棄,5,國立臺中科技大學保險金融管理系(通過); 國立高雄科技大學行銷與流通管理系(通過); 國立高雄科技大學風險管理與保險系(通過); 國立高雄科技大學應用英語系(通過); 國立虎尾科技大學企業管理系(通過)
CAND_0172,113,nutc_ins,國立臺中科技大學,保險金融管理系(英語類),國立臺中科技大學 保險金融管理系(英語類),64150015,陳*弘,備取,—,—,未分發或放棄,5,國立臺中科技大學保險金融管理系(通過); 國立雲林科技大學應用外語系(通過); 國立高雄科技大學航運管理系(通過); 國立高雄科技大學供應鏈管理系(通過); 弘光科技大學語言治療與聽力學系(通過)
CAND_0173,113,nutc_ins,國立臺中科技大學,保險金融管理系(英語類),國立臺中科技大學 保險金融管理系(英語類),68150029,黄*德,備取,—,—,未分發或放棄,5,國立臺中科技大學保險金融管理系(通過); 國立臺灣科技大學應用外語系(通過); 國立雲林科技大學應用外語系(通過); 國立臺北科技大學應用英文系(通過); 國立高雄科技大學航運管理系(通過)
CAND_0174,114,nutc_ins,國立臺中科技大學,保險金融管理系(商管群),國立臺中科技大學 保險金融管理系(商管群),57090947,陳*妤,正取,國立臺中科技大學,國立臺中科技大學保險金融管理系,原校系/本校留任,5,"國立臺中科技大學保險金融管理系(正取,分發); 致理科技大學財務金融系(通過); 中原大學會計學系(正取); 靜宜大學財務金融學系(通過); 實踐大學財務金融學系(臺北校區)(通過)"
CAND_0175,114,nutc_ins,國立臺中科技大學,保險金融管理系(商管群),國立臺中科技大學 保險金融管理系(商管群),52090137,李*,正取,銘傳大學,銘傳大學企業管理學系(台北校區),其他學校錄取,3,"國立臺中科技大學保險金融管理系(正取); 國立虎尾科技大學企業管理系(正取); 銘傳大學企業管理學系(台北校區)(正取,分發)"
CAND_0176,114,nutc_ins,國立臺中科技大學,保險金融管理系(商管群),國立臺中科技大學 保險金融管理系(商管群),56090063,黄*,正取,國立臺北商業大學,國立臺北商業大學國際商務系(臺北校區),其他學校錄取,6,"國立臺中科技大學保險金融管理系(正取); 國立高雄科技大學風險管理與保險系(正取); 國立高雄科技大學航運管理系(通過); 國立虎尾科技大學財務金融系(通過); 國立臺北護理健康大學健康事業管理系(正取); 國立臺北商業大學國際商務系(臺北校區)(備取,分發)"
CAND_0177,114,nutc_ins,國立臺中科技大學,保險金融管理系(商管群),國立臺中科技大學 保險金融管理系(商管群),57090875,黄*晴,正取,國立臺中科技大學,國立臺中科技大學保險金融管理系,原校系/本校留任,3,"國立臺中科技大學保險金融管理系(正取,分發); 國立虎尾科技大學財務金融系(正取); 致理科技大學財務金融系(正取)"
CAND_0178,114,nutc_ins,國立臺中科技大學,保險金融管理系(商管群),國立臺中科技大學 保險金融管理系(商管群),09006009,*慈,正取,國立臺中科技大學,國立臺中科技大學保險金融管理系,原校系/本校留任,2,"國立臺中科技大學保險金融管理系(正取,分發); 國立高雄科技大學金融系(備取)"
CAND_0179,114,nutc_ins,國立臺中科技大學,保險金融管理系(商管群),國立臺中科技大學 保險金融管理系(商管群),52090893,城*妏,正取,國立臺中科技大學,國立臺中科技大學保險金融管理系,原校系/本校留任,1,"國立臺中科技大學保險金融管理系(正取,分發)"
CAND_0180,114,nutc_ins,國立臺中科技大學,保險金融管理系(商管群),國立臺中科技大學 保險金融管理系(商管群),61090891,陳*彗,正取,國立臺中科技大學,國立臺中科技大學保險金融管理系,原校系/本校留任,4,"國立臺中科技大學保險金融管理系(正取,分發); 國立高雄科技大學金融系(備取); 國立高雄科技大學航運管理系(正取); 國立勤益科技大學企業管理系(通過)"
CAND_0181,114,nutc_ins,國立臺中科技大學,保險金融管理系(商管群),國立臺中科技大學 保險金融管理系(商管群),64090087,*琳,正取,國立雲林科技大學,國立雲林科技大學工業工程與管理系,其他學校錄取,6,"國立臺中科技大學保險金融管理系(正取); 國立雲林科技大學工業工程與管理系(正取,分發); 國立高雄科技大學風險管理與保險系(通過); 國立高雄科技大學會計資訊系(通過); 國立高雄科技大學金融資訊系(通過); 逢甲大學土地管理學系(通過)"
CAND_0182,114,nutc_ins,國立臺中科技大學,保險金融管理系(商管群),國立臺中科技大學 保險金融管理系(商管群),57090526,楊*惠,正取,國立臺中科技大學,國立臺中科技大學保險金融管理系,原校系/本校留任,1,"國立臺中科技大學保險金融管理系(正取,分發)"
CAND_0183,114,nutc_ins,國立臺中科技大學,保險金融管理系(商管群),國立臺中科技大學 保險金融管理系(商管群),61090431,*妤,正取,國立臺中科技大學,國立臺中科技大學保險金融管理系,原校系/本校留任,3,"國立臺中科技大學保險金融管理系(正取,分發); 國立高雄科技大學風險管理與保險系(通過); 國立勤益科技大學企業管理系(正取)"
CAND_0184,114,nutc_ins,國立臺中科技大學,保險金融管理系(商管群),國立臺中科技大學 保險金融管理系(商管群),61091029,張*瑜,正取,逢甲大學,逢甲大學會計學系,其他學校錄取,4,"國立臺中科技大學保險金融管理系(正取); 國立虎尾科技大學應用外語系(通過); 逢甲大學會計學系(備取,分發); 逢甲大學國際經營與貿易學系(備取)"
CAND_0185,114,nutc_ins,國立臺中科技大學,保險金融管理系(商管群),國立臺中科技大學 保險金融管理系(商管群),70090047,潘*盲,正取,國立高雄科技大學,國立高雄科技大學金融資訊系,其他學校錄取,2,"國立臺中科技大學保險金融管理系(正取); 國立高雄科技大學金融資訊系(正取,分發)"
CAND_0186,114,nutc_ins,國立臺中科技大學,保險金融管理系(商管群),國立臺中科技大學 保險金融管理系(商管群),61091339,*穎,正取,國立臺中科技大學,國立臺中科技大學保險金融管理系,原校系/本校留任,5,"國立臺中科技大學保險金融管理系(正取,分發); 國立高雄科技大學運籌管理系(通過); 國立高雄科技大學行銷與流通管理系(通過); 國立高雄科技大學風險管理與保險系(正取); 國立勤益科技大學行銷與流通管理系(通過)"
CAND_0187,114,nutc_ins,國立臺中科技大學,保險金融管理系(商管群),國立臺中科技大學 保險金融管理系(商管群),51090099,楊*琳,正取,國立臺中科技大學,國立臺中科技大學保險金融管理系,原校系/本校留任,1,"國立臺中科技大學保險金融管理系(正取,分發)"
CAND_0188,114,nutc_ins,國立臺中科技大學,保險金融管理系(商管群),國立臺中科技大學 保險金融管理系(商管群),70090534,—,正取,國立臺中科技大學,國立臺中科技大學保險金融管理系,原校系/本校留任,2,"國立臺中科技大學保險金融管理系(正取,分發); 國立屏東大學國際經營與貿易學系(通過)"
CAND_0189,114,nutc_ins,國立臺中科技大學,保險金融管理系(商管群),國立臺中科技大學 保險金融管理系(商管群),55090258,*方,正取,國立臺中科技大學,國立臺中科技大學保險金融管理系,原校系/本校留任,3,"國立臺中科技大學保險金融管理系(正取,分發); 國立虎尾科技大學企業管理系(正取); 國立勤益科技大學企業管理系(正取)"
CAND_0190,114,nutc_ins,國立臺中科技大學,保險金融管理系(商管群),國立臺中科技大學 保險金融管理系(商管群),70090063,張*,正取,國立臺中科技大學,國立臺中科技大學保險金融管理系,原校系/本校留任,2,"國立臺中科技大學保險金融管理系(正取,分發); 國立勤益科技大學行銷與流通管理系(通過)"
CAND_0191,114,nutc_ins,國立臺中科技大學,保險金融管理系(商管群),國立臺中科技大學 保險金融管理系(商管群),57090685,余*哈,正取,國立臺北護理健康大學,國立臺北護理健康大學生死與健康心理諮商系,其他學校錄取,3,"國立臺中科技大學保險金融管理系(正取); 國立高雄科技大學國際企業系(通過); 國立臺北護理健康大學生死與健康心理諮商系(正取,分發)"
CAND_0192,114,nutc_ins,國立臺中科技大學,保險金融管理系(商管群),國立臺中科技大學 保險金融管理系(商管群),67090207,李*禹,正取,國立臺中科技大學,國立臺中科技大學保險金融管理系,原校系/本校留任,4,"國立臺中科技大學保險金融管理系(正取,分發); 國立高雄科技大學風險管理與保險系(通過); 國立高雄科技大學智慧商務系(通過); 國立虎尾科技大學企業管理系(通過)"
CAND_0193,114,nutc_ins,國立臺中科技大學,保險金融管理系(商管群),國立臺中科技大學 保險金融管理系(商管群),66090457,周*郡,正取,國立臺中科技大學,國立臺中科技大學保險金融管理系,原校系/本校留任,2,"國立臺中科技大學保險金融管理系(正取,分發); 國立屏東科技大學財務金融國際學士學位學程(通過)"
CAND_0194,114,nutc_ins,國立臺中科技大學,保險金融管理系(商管群),國立臺中科技大學 保險金融管理系(商管群),71090162,陳*玟,正取,國立屏東大學,國立屏東大學財務金融學系,其他學校錄取,3,"國立臺中科技大學保險金融管理系(正取); 國立高雄科技大學風險管理與保險系(正取); 國立屏東大學財務金融學系(正取,分發)"
CAND_0195,114,nutc_ins,國立臺中科技大學,保險金融管理系(商管群),國立臺中科技大學 保險金融管理系(商管群),57090362,維*甄,正取,國立虎尾科技大學,國立虎尾科技大學資訊管理系,其他學校錄取,5,"國立臺中科技大學保險金融管理系(正取); 國立虎尾科技大學資訊管理系(正取,分發); 國立勤益科技大學資訊管理系(正取); 國立聯合大學經營管理學系(通過); 國立聯合大學資訊管理學系(正取)"
CAND_0196,114,nutc_ins,國立臺中科技大學,保險金融管理系(商管群),國立臺中科技大學 保險金融管理系(商管群),61090472,江*,正取,國立臺中科技大學,國立臺中科技大學保險金融管理系,原校系/本校留任,2,"國立臺中科技大學保險金融管理系(正取,分發); 國立高雄科技大學行銷與流通管理系(正取)"
CAND_0197,114,nutc_ins,國立臺中科技大學,保險金融管理系(商管群),國立臺中科技大學 保險金融管理系(商管群),64090067,陳*穎,正取,國立高雄科技大學,國立高雄科技大學運籌管理系,其他學校錄取,5,"國立臺中科技大學保險金融管理系(正取); 國立高雄科技大學運籌管理系(正取,分發); 國立高雄科技大學行銷與流通管理系(備取); 國立臺北護理健康大學健康事業管理系(通過); 逢甲大學土地管理學系(通過)"
CAND_0198,114,nutc_ins,國立臺中科技大學,保險金融管理系(商管群),國立臺中科技大學 保險金融管理系(商管群),57090481,黄*,正取,國立臺中科技大學,國立臺中科技大學保險金融管理系,原校系/本校留任,1,"國立臺中科技大學保險金融管理系(正取,分發)"
CAND_0199,114,nutc_ins,國立臺中科技大學,保險金融管理系(商管群),國立臺中科技大學 保險金融管理系(商管群),67090371,許*忻,正取,國立高雄科技大學,國立高雄科技大學財政稅務系,其他學校錄取,2,"國立臺中科技大學保險金融管理系(正取); 國立高雄科技大學財政稅務系(正取,分發)"
CAND_0200,114,nutc_ins,國立臺中科技大學,保險金融管理系(商管群),國立臺中科技大學 保險金融管理系(商管群),65090100,董*,正取,國立臺中科技大學,國立臺中科技大學保險金融管理系,原校系/本校留任,3,"國立臺中科技大學保險金融管理系(正取,分發); 國立高雄科技大學風險管理與保險系(正取); 國立虎尾科技大學企業管理系(正取)"
CAND_0201,114,nutc_ins,國立臺中科技大學,保險金融管理系(商管群),國立臺中科技大學 保險金融管理系(商管群),60090183,楊*昇,正取,國立高雄科技大學,國立高雄科技大學財務管理系,其他學校錄取,4,"國立臺中科技大學保險金融管理系(正取); 國立高雄科技大學財務管理系(備取,分發); 國立高雄科技大學會計資訊系(通過); 國立虎尾科技大學工業管理系(通過)"
CAND_0202,114,nutc_ins,國立臺中科技大學,保險金融管理系(商管群),國立臺中科技大學 保險金融管理系(商管群),59090378,*欣,正取,國立臺中科技大學,國立臺中科技大學保險金融管理系,原校系/本校留任,2,"國立臺中科技大學保險金融管理系(正取,分發); 國立勤益科技大學資訊管理系(正取)"
CAND_0203,114,nutc_ins,國立臺中科技大學,保險金融管理系(商管群),國立臺中科技大學 保險金融管理系(商管群),63090141,高*媛,正取,國立臺中科技大學,國立臺中科技大學保險金融管理系,原校系/本校留任,3,"國立臺中科技大學保險金融管理系(正取,分發); 國立虎尾科技大學企業管理系(正取); 國立勤益科技大學企業管理系(正取)"
CAND_0204,114,nutc_ins,國立臺中科技大學,保險金融管理系(商管群),國立臺中科技大學 保險金融管理系(商管群),61091161,張*慈,正取,國立臺中科技大學,國立臺中科技大學保險金融管理系,原校系/本校留任,1,"國立臺中科技大學保險金融管理系(正取,分發)"
CAND_0205,114,nutc_ins,國立臺中科技大學,保險金融管理系(商管群),國立臺中科技大學 保險金融管理系(商管群),57090963,*霆,正取,國立臺中科技大學,國立臺中科技大學保險金融管理系,原校系/本校留任,1,"國立臺中科技大學保險金融管理系(正取,分發)"
CAND_0206,114,nutc_ins,國立臺中科技大學,保險金融管理系(商管群),國立臺中科技大學 保險金融管理系(商管群),55090159,謝*榛,正取,國立臺中科技大學,國立臺中科技大學保險金融管理系,原校系/本校留任,1,"國立臺中科技大學保險金融管理系(正取,分發)"
CAND_0207,114,nutc_ins,國立臺中科技大學,保險金融管理系(商管群),國立臺中科技大學 保險金融管理系(商管群),61090593,胡*渼,正取,逢甲大學,逢甲大學財稅學系,其他學校錄取,6,"國立臺中科技大學保險金融管理系(正取); 國立勤益科技大學企業管理系(通過); 逢甲大學會計學系(通過); 逢甲大學財稅學系(備取,分發); 靜宜大學國際企業學系(正取); 靜宜大學財務金融學系(正取)"
CAND_0208,114,nutc_ins,國立臺中科技大學,保險金融管理系(商管群),國立臺中科技大學 保險金融管理系(商管群),65090117,吳*妤,正取,國立臺中科技大學,國立臺中科技大學保險金融管理系,原校系/本校留任,3,"國立臺中科技大學保險金融管理系(正取,分發); 國立高雄科技大學會計資訊系(通過); 國立臺北護理健康大學健康事業管理系(通過)"
CAND_0209,114,nutc_ins,國立臺中科技大學,保險金融管理系(商管群),國立臺中科技大學 保險金融管理系(商管群),66090237,許*,正取,國立臺中科技大學,國立臺中科技大學保險金融管理系,原校系/本校留任,1,"國立臺中科技大學保險金融管理系(正取,分發)"
CAND_0210,114,nutc_ins,國立臺中科技大學,保險金融管理系(商管群),國立臺中科技大學 保險金融管理系(商管群),57090903,連*晴,正取,國立臺中科技大學,國立臺中科技大學保險金融管理系,原校系/本校留任,1,"國立臺中科技大學保險金融管理系(正取,分發)"
CAND_0211,114,nutc_ins,國立臺中科技大學,保險金融管理系(商管群),國立臺中科技大學 保險金融管理系(商管群),57090046,*永,正取,國立臺中科技大學,國立臺中科技大學保險金融管理系,原校系/本校留任,2,"國立臺中科技大學保險金融管理系(正取,分發); 國立高雄科技大學行銷與流通管理系(備取)"
CAND_0212,114,nutc_ins,國立臺中科技大學,保險金融管理系(商管群),國立臺中科技大學 保險金融管理系(商管群),56090306,F*靜,正取,國立臺中科技大學,國立臺中科技大學保險金融管理系,原校系/本校留任,3,"國立臺中科技大學保險金融管理系(正取,分發); 致理科技大學財務金融系(通過); 銘傳大學企業管理學系(台北校區)(正取)"
CAND_0213,114,nutc_ins,國立臺中科技大學,保險金融管理系(商管群),國立臺中科技大學 保險金融管理系(商管群),52090473,維*婕,正取,國立臺中科技大學,國立臺中科技大學保險金融管理系,原校系/本校留任,4,"國立臺中科技大學保險金融管理系(正取,分發); 國立高雄科技大學風險管理與保險系(通過); 國立虎尾科技大學財務金融系(通過); 國立勤益科技大學企業管理系(備取)"
CAND_0214,114,nutc_ins,國立臺中科技大學,保險金融管理系(商管群),國立臺中科技大學 保險金融管理系(商管群),67090061,林*如,正取,國立臺中科技大學,國立臺中科技大學保險金融管理系,原校系/本校留任,3,"國立臺中科技大學保險金融管理系(正取,分發); 國立高雄科技大學風險管理與保險系(正取); 國立虎尾科技大學企業管理系(正取)"
CAND_0215,114,nutc_ins,國立臺中科技大學,保險金融管理系(商管群),國立臺中科技大學 保險金融管理系(商管群),61090937,*𣘼,正取,國立臺中科技大學,國立臺中科技大學保險金融管理系,原校系/本校留任,3,"國立臺中科技大學保險金融管理系(正取,分發); 國立勤益科技大學企業管理系(正取); 朝陽科技大學財務金融系(正取)"
CAND_0216,114,nutc_ins,國立臺中科技大學,保險金融管理系(商管群),國立臺中科技大學 保險金融管理系(商管群),58090530,吳*,正取,國立臺中科技大學,國立臺中科技大學保險金融管理系,原校系/本校留任,3,"國立臺中科技大學保險金融管理系(正取,分發); 國立虎尾科技大學工業管理系(正取); 國立聯合大學資訊管理學系(正取)"
CAND_0217,114,nutc_ins,國立臺中科技大學,保險金融管理系(商管群),國立臺中科技大學 保險金融管理系(商管群),56090174,駱*,正取,國立臺中科技大學,國立臺中科技大學保險金融管理系,原校系/本校留任,1,"國立臺中科技大學保險金融管理系(正取,分發)"
CAND_0218,114,nutc_ins,國立臺中科技大學,保險金融管理系(商管群),國立臺中科技大學 保險金融管理系(商管群),59090326,*閑,正取,國立臺中科技大學,國立臺中科技大學保險金融管理系,原校系/本校留任,3,"國立臺中科技大學保險金融管理系(正取,分發); 國立高雄科技大學風險管理與保險系(正取); 國立高雄科技大學金融資訊系(備取)"
CAND_0219,114,nutc_ins,國立臺中科技大學,保險金融管理系(商管群),國立臺中科技大學 保險金融管理系(商管群),67090054,陳*強,正取,國立臺中科技大學,國立臺中科技大學保險金融管理系,原校系/本校留任,2,"國立臺中科技大學保險金融管理系(正取,分發); 國立高雄科技大學風險管理與保險系(正取)"
CAND_0220,114,nutc_ins,國立臺中科技大學,保險金融管理系(商管群),國立臺中科技大學 保險金融管理系(商管群),57090233,葵*真,正取,國立臺中科技大學,國立臺中科技大學保險金融管理系,原校系/本校留任,3,"國立臺中科技大學保險金融管理系(正取,分發); 中原大學會計學系(通過); 中原大學資訊管理學系(通過)"
CAND_0221,114,nutc_ins,國立臺中科技大學,保險金融管理系(商管群),國立臺中科技大學 保險金融管理系(商管群),64090482,陳*伶,正取,國立勤益科技大學,國立勤益科技大學工業工程與管理系,其他學校錄取,2,"國立臺中科技大學保險金融管理系(正取); 國立勤益科技大學工業工程與管理系(正取,分發)"
CAND_0222,114,nutc_ins,國立臺中科技大學,保險金融管理系(商管群),國立臺中科技大學 保險金融管理系(商管群),59090174,張*瑄,正取,國立臺中科技大學,國立臺中科技大學保險金融管理系,原校系/本校留任,2,"國立臺中科技大學保險金融管理系(正取,分發); 國立勤益科技大學資訊管理系(正取)"
CAND_0223,114,nutc_ins,國立臺中科技大學,保險金融管理系(商管群),國立臺中科技大學 保險金融管理系(商管群),69090065,蘇*,正取,國立臺中科技大學,國立臺中科技大學保險金融管理系,原校系/本校留任,4,"國立臺中科技大學保險金融管理系(正取,分發); 朝陽科技大學財務金融系(正取); 南臺科技大學行銷與流通管理系(通過); 南臺科技大學財務金融系(正取)"
CAND_0224,114,nutc_ins,國立臺中科技大學,保險金融管理系(商管群),國立臺中科技大學 保險金融管理系(商管群),64090278,賴*佑,正取,國立高雄科技大學,國立高雄科技大學風險管理與保險系,其他學校錄取,4,"國立臺中科技大學保險金融管理系(正取); 國立高雄科技大學工業工程與管理系(備取); 國立高雄科技大學風險管理與保險系(正取,分發); 國立虎尾科技大學工業管理系(正取)"
CAND_0225,114,nutc_ins,國立臺中科技大學,保險金融管理系(商管群),國立臺中科技大學 保險金融管理系(商管群),57090734,黄*瑄,正取,國立臺中科技大學,國立臺中科技大學保險金融管理系,原校系/本校留任,2,"國立臺中科技大學保險金融管理系(正取,分發); 國立高雄科技大學運籌管理系(備取)"
CAND_0226,114,nutc_ins,國立臺中科技大學,保險金融管理系(商管群),國立臺中科技大學 保險金融管理系(商管群),61091677,陳*縈,正取,國立臺中科技大學,國立臺中科技大學保險金融管理系,原校系/本校留任,2,"國立臺中科技大學保險金融管理系(正取,分發); 國立勤益科技大學健康產業科技研發與管理系(通過)"
CAND_0227,114,nutc_ins,國立臺中科技大學,保險金融管理系(商管群),國立臺中科技大學 保險金融管理系(商管群),57090015,陳*琦,正取,國立臺中科技大學,國立臺中科技大學保險金融管理系,原校系/本校留任,4,"國立臺中科技大學保險金融管理系(正取,分發); 國立勤益科技大學資訊管理系(通過); 朝陽科技大學財務金融系(通過); 致理科技大學財務金融系(通過)"
CAND_0228,114,nutc_ins,國立臺中科技大學,保險金融管理系(商管群),國立臺中科技大學 保險金融管理系(商管群),65090121,*恩,正取,國立臺中科技大學,國立臺中科技大學保險金融管理系,原校系/本校留任,3,"國立臺中科技大學保險金融管理系(正取,分發); 國立虎尾科技大學工業管理系(通過); 國立勤益科技大學工業工程與管理系(通過)"
CAND_0229,114,nutc_ins,國立臺中科技大學,保險金融管理系(商管群),國立臺中科技大學 保險金融管理系(商管群),61090938,—,備取,國立臺中科技大學,國立臺中科技大學保險金融管理系,原校系/本校留任,2,"國立臺中科技大學保險金融管理系(備取,分發); 國立勤益科技大學企業管理系(備取)"
CAND_0230,114,nutc_ins,國立臺中科技大學,保險金融管理系(商管群),國立臺中科技大學 保險金融管理系(商管群),61091567,林*日,備取,國立臺中科技大學,國立臺中科技大學保險金融管理系,原校系/本校留任,4,"國立臺中科技大學保險金融管理系(備取,分發); 國立虎尾科技大學應用外語系(通過); 國立勤益科技大學行銷與流通管理系(正取); 逢甲大學合作經濟暨社會事業經營學系(備取)"
CAND_0231,114,nutc_ins,國立臺中科技大學,保險金融管理系(商管群),國立臺中科技大學 保險金融管理系(商管群),66090100,許*軒,備取,國立臺中科技大學,國立臺中科技大學保險金融管理系,原校系/本校留任,2,"國立臺中科技大學保險金融管理系(備取,分發); 國立虎尾科技大學資訊管理系(正取)"
CAND_0232,114,nutc_ins,國立臺中科技大學,保險金融管理系(商管群),國立臺中科技大學 保險金融管理系(商管群),58090244,*軒,備取,國立臺中科技大學,國立臺中科技大學保險金融管理系,原校系/本校留任,4,"國立臺中科技大學保險金融管理系(備取,分發); 國立高雄科技大學行銷與流通管理系(備取); 國立高雄科技大學人力資源發展系(正取); 國立勤益科技大學行銷與流通管理系(通過)"
CAND_0233,114,nutc_ins,國立臺中科技大學,保險金融管理系(商管群),國立臺中科技大學 保險金融管理系(商管群),68090218,趙*,備取,國立臺中科技大學,國立臺中科技大學保險金融管理系,原校系/本校留任,2,"國立臺中科技大學保險金融管理系(備取,分發); 國立虎尾科技大學財務金融系(正取)"
CAND_0234,114,nutc_ins,國立臺中科技大學,保險金融管理系(商管群),國立臺中科技大學 保險金融管理系(商管群),66090013,張*瑛,備取,國立臺中科技大學,國立臺中科技大學保險金融管理系,原校系/本校留任,3,"國立臺中科技大學保險金融管理系(備取,分發); 國立屏東大學國際經營與貿易學系(備取); 國立屏東大學行銷與流通管理學系(備取)"
CAND_0235,114,nutc_ins,國立臺中科技大學,保險金融管理系(商管群),國立臺中科技大學 保險金融管理系(商管群),63090069,林*,備取,國立臺中科技大學,國立臺中科技大學保險金融管理系,原校系/本校留任,4,"國立臺中科技大學保險金融管理系(備取,分發); 國立屏東科技大學財務金融國際學士學位學程(正取); 國立高雄科技大學海洋休閒管理系(備取); 國立勤益科技大學企業管理系(備取)"
CAND_0236,114,nutc_ins,國立臺中科技大學,保險金融管理系(商管群),國立臺中科技大學 保險金融管理系(商管群),66090026,陳*綸,備取,國立臺中科技大學,國立臺中科技大學保險金融管理系,原校系/本校留任,2,"國立臺中科技大學保險金融管理系(備取,分發); 國立虎尾科技大學資訊管理系(正取)"
CAND_0237,114,nutc_ins,國立臺中科技大學,保險金融管理系(商管群),國立臺中科技大學 保險金融管理系(商管群),57090887,蘇*翔,備取,國立臺中科技大學,國立臺中科技大學保險金融管理系,原校系/本校留任,3,"國立臺中科技大學保險金融管理系(備取,分發); 國立高雄科技大學風險管理與保險系(通過); 靜宜大學財務金融學系(通過)"
CAND_0238,114,nutc_ins,國立臺中科技大學,保險金融管理系(商管群),國立臺中科技大學 保險金融管理系(商管群),61091059,楊*惠,備取,國立臺中科技大學,國立臺中科技大學保險金融管理系,原校系/本校留任,1,"國立臺中科技大學保險金融管理系(備取,分發)"
CAND_0239,114,nutc_ins,國立臺中科技大學,保險金融管理系(商管群),國立臺中科技大學 保險金融管理系(商管群),61090926,張*溦,備取,國立臺中科技大學,國立臺中科技大學保險金融管理系,原校系/本校留任,3,"國立臺中科技大學保險金融管理系(備取,分發); 國立虎尾科技大學企業管理系(通過); 國立勤益科技大學企業管理系(通過)"
CAND_0240,114,nutc_ins,國立臺中科技大學,保險金融管理系(商管群),國立臺中科技大學 保險金融管理系(商管群),65090140,*螢,備取,國立臺中科技大學,國立臺中科技大學保險金融管理系,原校系/本校留任,5,"國立臺中科技大學保險金融管理系(備取,分發); 國立高雄科技大學行銷與流通管理系(通過); 國立高雄科技大學會計資訊系(通過); 國立高雄科技大學財政稅務系(備取); 逢甲大學財稅學系(通過)"
CAND_0241,114,nutc_ins,國立臺中科技大學,保險金融管理系(商管群),國立臺中科技大學 保險金融管理系(商管群),64090393,鄭*瑜,備取,國立臺中科技大學,國立臺中科技大學保險金融管理系,原校系/本校留任,3,"國立臺中科技大學保險金融管理系(備取,分發); 國立高雄科技大學商務資訊應用系(資安人才)(正取); 朝陽科技大學財務金融系(通過)"
CAND_0242,114,nutc_ins,國立臺中科技大學,保險金融管理系(商管群),國立臺中科技大學 保險金融管理系(商管群),61090847,林*楹,備取,國立臺中科技大學,國立臺中科技大學保險金融管理系,原校系/本校留任,1,"國立臺中科技大學保險金融管理系(備取,分發)"
CAND_0243,114,nutc_ins,國立臺中科技大學,保險金融管理系(商管群),國立臺中科技大學 保險金融管理系(商管群),61090230,林*冠,備取,國立勤益科技大學,國立勤益科技大學工業工程與管理系,其他學校錄取,3,"國立臺中科技大學保險金融管理系(備取); 國立虎尾科技大學企業管理系(通過); 國立勤益科技大學工業工程與管理系(正取,分發)"
CAND_0244,114,nutc_ins,國立臺中科技大學,保險金融管理系(商管群),國立臺中科技大學 保險金融管理系(商管群),61090545,*芮,備取,—,—,未分發或放棄,3,國立臺中科技大學保險金融管理系(備取); 國立勤益科技大學行銷與流通管理系(通過); 亞洲大學財務金融學系(通過)
CAND_0245,114,nutc_ins,國立臺中科技大學,保險金融管理系(商管群),國立臺中科技大學 保險金融管理系(商管群),61091257,黄*靜,備取,國立勤益科技大學,國立勤益科技大學行銷與流通管理系,其他學校錄取,3,"國立臺中科技大學保險金融管理系(備取); 國立勤益科技大學行銷與流通管理系(正取,分發); 國立聯合大學經營管理學系(通過)"
CAND_0246,114,nutc_ins,國立臺中科技大學,保險金融管理系(商管群),國立臺中科技大學 保險金融管理系(商管群),68090105,郭*,備取,國立勤益科技大學,國立勤益科技大學文化創意事業系,其他學校錄取,4,"國立臺中科技大學保險金融管理系(備取); 國立屏東科技大學企業管理系(通過); 國立虎尾科技大學企業管理系(通過); 國立勤益科技大學文化創意事業系(正取,分發)"
CAND_0247,114,nutc_ins,國立臺中科技大學,保險金融管理系(商管群),國立臺中科技大學 保險金融管理系(商管群),57090972,*騰,備取,—,—,未分發或放棄,1,國立臺中科技大學保險金融管理系(備取)
CAND_0248,114,nutc_ins,國立臺中科技大學,保險金融管理系(商管群),國立臺中科技大學 保險金融管理系(商管群),70090781,黄*妤,備取,國立高雄科技大學,國立高雄科技大學行銷與流通管理系,其他學校錄取,4,"國立臺中科技大學保險金融管理系(備取); 國立高雄科技大學運籌管理系(通過); 國立高雄科技大學行銷與流通管理系(備取,分發); 國立屏東大學財務金融學系(通過)"
CAND_0249,114,nutc_ins,國立臺中科技大學,保險金融管理系(商管群),國立臺中科技大學 保險金融管理系(商管群),57090757,簡*琦,備取,—,—,未分發或放棄,1,國立臺中科技大學保險金融管理系(備取)
CAND_0250,114,nutc_ins,國立臺中科技大學,保險金融管理系(商管群),國立臺中科技大學 保險金融管理系(商管群),55090402,陳*廷,備取,致理科技大學,致理科技大學財務金融系,其他學校錄取,4,"國立臺中科技大學保險金融管理系(備取); 國立臺北護理健康大學健康事業管理系(通過); 德明財經科技大學財務金融系(備取); 致理科技大學財務金融系(正取,分發)"
CAND_0251,114,nutc_ins,國立臺中科技大學,保險金融管理系(商管群),國立臺中科技大學 保險金融管理系(商管群),61091241,林*兴,備取,—,—,未分發或放棄,1,國立臺中科技大學保險金融管理系(備取)
CAND_0252,114,nutc_ins,國立臺中科技大學,保險金融管理系(商管群),國立臺中科技大學 保險金融管理系(商管群),61090896,—,備取,—,—,未分發或放棄,3,國立臺中科技大學保險金融管理系(備取); 國立勤益科技大學行銷與流通管理系(通過); 亞洲大學財務金融學系(通過)
CAND_0253,114,nutc_ins,國立臺中科技大學,保險金融管理系(商管群),國立臺中科技大學 保險金融管理系(商管群),61099905,游*皜,備取,國立勤益科技大學,國立勤益科技大學資訊管理系,其他學校錄取,4,"國立臺中科技大學保險金融管理系(備取); 國立虎尾科技大學工業管理系(備取); 國立虎尾科技大學資訊管理系(備取); 國立勤益科技大學資訊管理系(正取,分發)"
CAND_0254,114,nutc_ins,國立臺中科技大學,保險金融管理系(商管群),國立臺中科技大學 保險金融管理系(商管群),64090291,陳*齊,備取,—,—,未分發或放棄,4,國立臺中科技大學保險金融管理系(備取); 國立高雄科技大學運籌管理系(通過); 國立高雄科技大學風險管理與保險系(通過); 國立高雄科技大學航運管理系(通過)
CAND_0255,114,nutc_ins,國立臺中科技大學,保險金融管理系(商管群),國立臺中科技大學 保險金融管理系(商管群),57090018,*宏,備取,—,—,未分發或放棄,3,國立臺中科技大學保險金融管理系(備取); 中原大學國際經營與貿易學系(通過); 中原大學資訊管理學系(通過)
CAND_0256,114,nutc_ins,國立臺中科技大學,保險金融管理系(商管群),國立臺中科技大學 保險金融管理系(商管群),61090890,黄*瑛,備取,—,—,未分發或放棄,3,國立臺中科技大學保險金融管理系(備取); 國立虎尾科技大學資訊管理系(通過); 國立聯合大學資訊管理學系(通過)
CAND_0257,114,nutc_ins,國立臺中科技大學,保險金融管理系(商管群),國立臺中科技大學 保險金融管理系(商管群),61090427,黄*,備取,朝陽科技大學,朝陽科技大學財務金融系,其他學校錄取,2,"國立臺中科技大學保險金融管理系(備取); 朝陽科技大學財務金融系(正取,分發)"
CAND_0258,114,nutc_ins,國立臺中科技大學,保險金融管理系(商管群),國立臺中科技大學 保險金融管理系(商管群),67090255,蕭*佑,備取,—,—,未分發或放棄,2,國立臺中科技大學保險金融管理系(備取); 國立高雄科技大學航運技術系(通過)
CAND_0259,114,nutc_ins,國立臺中科技大學,保險金融管理系(商管群),國立臺中科技大學 保險金融管理系(商管群),52090773,林*儀,備取,銘傳大學,銘傳大學國際企業學系(台北校區),其他學校錄取,2,"國立臺中科技大學保險金融管理系(備取); 銘傳大學國際企業學系(台北校區)(備取,分發)"
CAND_0260,114,nutc_ins,國立臺中科技大學,保險金融管理系(商管群),國立臺中科技大學 保險金融管理系(商管群),61090424,黄*閎,備取,國立勤益科技大學,國立勤益科技大學行銷與流通管理系,其他學校錄取,4,"國立臺中科技大學保險金融管理系(備取); 國立高雄科技大學風險管理與保險系(通過); 國立勤益科技大學行銷與流通管理系(正取,分發); 逢甲大學合作經濟暨社會事業經營學系(通過)"
CAND_0261,114,nutc_ins,國立臺中科技大學,保險金融管理系(商管群),國立臺中科技大學 保險金融管理系(商管群),68090698,李*,備取,國立屏東大學,國立屏東大學國際經營與貿易學系,其他學校錄取,4,"國立臺中科技大學保險金融管理系(備取); 國立高雄科技大學人力資源發展系(備取); 國立屏東大學國際經營與貿易學系(正取,分發); 國立屏東大學企業管理學系(正取)"
CAND_0262,114,nutc_ins,國立臺中科技大學,保險金融管理系(商管群),國立臺中科技大學 保險金融管理系(商管群),57090249,江*達,備取,國立高雄科技大學,國立高雄科技大學風險管理與保險系,其他學校錄取,4,"國立臺中科技大學保險金融管理系(備取); 國立高雄科技大學行銷與流通管理系(通過); 國立高雄科技大學風險管理與保險系(正取,分發); 國立高雄科技大學智慧商務系(通過)"
CAND_0263,114,nutc_ins,國立臺中科技大學,保險金融管理系(商管群),國立臺中科技大學 保險金融管理系(商管群),66090053,李*,備取,國立虎尾科技大學,國立虎尾科技大學企業管理系,其他學校錄取,3,"國立臺中科技大學保險金融管理系(備取); 國立虎尾科技大學企業管理系(備取,分發); 國立勤益科技大學企業管理系(通過)"
CAND_0264,114,nutc_ins,國立臺中科技大學,保險金融管理系(商管群),國立臺中科技大學 保險金融管理系(商管群),59090022,—,備取,德明財經科技大學,德明財經科技大學財務金融系,其他學校錄取,4,"國立臺中科技大學保險金融管理系(備取); 國立虎尾科技大學工業管理系(通過); 國立勤益科技大學資訊管理系(通過); 德明財經科技大學財務金融系(備取,分發)"
CAND_0265,114,nutc_ins,國立臺中科技大學,保險金融管理系(商管群),國立臺中科技大學 保險金融管理系(商管群),67090362,魏*閎,備取,—,—,未分發或放棄,3,國立臺中科技大學保險金融管理系(備取); 國立高雄科技大學風險管理與保險系(正取); 國立勤益科技大學工業工程與管理系(通過)
CAND_0266,114,nutc_ins,國立臺中科技大學,保險金融管理系(商管群),國立臺中科技大學 保險金融管理系(商管群),64090360,黄*,備取,國立高雄科技大學,國立高雄科技大學漁業科技與管理系,其他學校錄取,3,"國立臺中科技大學保險金融管理系(備取); 國立高雄科技大學漁業科技與管理系(正取,分發); 國立勤益科技大學工業工程與管理系(備取)"
CAND_0267,114,nutc_ins,國立臺中科技大學,保險金融管理系(商管群),國立臺中科技大學 保險金融管理系(商管群),68090125,陳*楷,備取,逢甲大學,逢甲大學財稅學系,其他學校錄取,3,"國立臺中科技大學保險金融管理系(備取); 逢甲大學財稅學系(備取,分發); 逢甲大學風險管理與保險學系(備取)"
CAND_0268,114,nutc_ins,國立臺中科技大學,保險金融管理系(商管群),國立臺中科技大學 保險金融管理系(商管群),61091229,—,備取,國立勤益科技大學,國立勤益科技大學行銷與流通管理系,其他學校錄取,3,"國立臺中科技大學保險金融管理系(備取); 國立勤益科技大學行銷與流通管理系(正取,分發); 逢甲大學合作經濟暨社會事業經營學系(備取)"
CAND_0269,114,nutc_ins,國立臺中科技大學,保險金融管理系(商管群),國立臺中科技大學 保險金融管理系(商管群),61090821,陳*廷,備取,—,—,未分發或放棄,1,國立臺中科技大學保險金融管理系(備取)
CAND_0270,114,nutc_ins,國立臺中科技大學,保險金融管理系(商管群),國立臺中科技大學 保險金融管理系(商管群),52090514,楊*漩,備取,—,—,未分發或放棄,2,國立臺中科技大學保險金融管理系(備取); 國立高雄科技大學行銷與流通管理系(通過)
CAND_0271,114,nutc_ins,國立臺中科技大學,保險金融管理系(商管群),國立臺中科技大學 保險金融管理系(商管群),64090143,林*女,備取,國立勤益科技大學,國立勤益科技大學企業管理系,其他學校錄取,3,"國立臺中科技大學保險金融管理系(備取); 國立虎尾科技大學企業管理系(備取); 國立勤益科技大學企業管理系(備取,分發)"
CAND_0272,114,nutc_ins,國立臺中科技大學,保險金融管理系(商管群),國立臺中科技大學 保險金融管理系(商管群),59090228,許*,備取,國立虎尾科技大學,國立虎尾科技大學財務金融系,其他學校錄取,2,"國立臺中科技大學保險金融管理系(備取); 國立虎尾科技大學財務金融系(備取,分發)"
CAND_0273,114,nutc_ins,國立臺中科技大學,保險金融管理系(商管群),國立臺中科技大學 保險金融管理系(商管群),64090378,許*恩,備取,國立勤益科技大學,國立勤益科技大學工業工程與管理系,其他學校錄取,5,"國立臺中科技大學保險金融管理系(備取); 國立高雄科技大學運籌管理系(備取); 國立高雄科技大學行銷與流通管理系(備取); 國立虎尾科技大學工業管理系(通過); 國立勤益科技大學工業工程與管理系(備取,分發)"
CAND_0274,114,nutc_ins,國立臺中科技大學,保險金融管理系(商管群),國立臺中科技大學 保險金融管理系(商管群),57090162,—,備取,國立高雄科技大學,國立高雄科技大學風險管理與保險系,其他學校錄取,4,"國立臺中科技大學保險金融管理系(備取); 國立高雄科技大學風險管理與保險系(正取,分發); 國立高雄科技大學金融資訊系(備取); 國立虎尾科技大學工業管理系(通過)"
CAND_0275,114,nutc_ins,國立臺中科技大學,保險金融管理系(商管群),國立臺中科技大學 保險金融管理系(商管群),57090048,邱*豪,備取,國立高雄科技大學,國立高雄科技大學商務資訊應用系(資安人才),其他學校錄取,4,"國立臺中科技大學保險金融管理系(備取); 國立高雄科技大學商務資訊應用系(資安人才)(備取,分發); 朝陽科技大學財務金融系(正取); 國立屏東大學會計學系(通過)"
CAND_0276,114,nutc_ins,國立臺中科技大學,保險金融管理系(商管群),國立臺中科技大學 保險金融管理系(商管群),64090334,*穎,備取,—,—,未分發或放棄,2,國立臺中科技大學保險金融管理系(備取); 國立勤益科技大學工業工程與管理系(通過)
CAND_0277,114,nutc_ins,國立臺中科技大學,保險金融管理系(商管群),國立臺中科技大學 保險金融管理系(商管群),68090145,楊*女,備取,—,—,未分發或放棄,1,國立臺中科技大學保險金融管理系(備取)
CAND_0278,114,nutc_ins,國立臺中科技大學,保險金融管理系(商管群),國立臺中科技大學 保險金融管理系(商管群),57090101,陳*杉,備取,國立高雄科技大學,國立高雄科技大學風險管理與保險系,其他學校錄取,3,"國立臺中科技大學保險金融管理系(備取); 國立高雄科技大學風險管理與保險系(備取,分發); 國立高雄科技大學人力資源發展系(備取)"
CAND_0279,114,nutc_ins,國立臺中科技大學,保險金融管理系(商管群),國立臺中科技大學 保險金融管理系(商管群),66090113,張*棋,備取,—,—,未分發或放棄,1,國立臺中科技大學保險金融管理系(備取)
CAND_0280,114,nutc_ins,國立臺中科技大學,保險金融管理系(商管群),國立臺中科技大學 保險金融管理系(商管群),64090266,楊*葳,備取,國立高雄科技大學,國立高雄科技大學風險管理與保險系,其他學校錄取,3,"國立臺中科技大學保險金融管理系(備取); 國立高雄科技大學風險管理與保險系(正取,分發); 國立勤益科技大學工業工程與管理系(備取)"
CAND_0281,114,nutc_ins,國立臺中科技大學,保險金融管理系(商管群),國立臺中科技大學 保險金融管理系(商管群),68090567,*駿,備取,國立勤益科技大學,國立勤益科技大學工業工程與管理系,其他學校錄取,3,"國立臺中科技大學保險金融管理系(備取); 國立虎尾科技大學工業管理系(正取); 國立勤益科技大學工業工程與管理系(正取,分發)"
CAND_0282,114,nutc_ins,國立臺中科技大學,保險金融管理系(商管群),國立臺中科技大學 保險金融管理系(商管群),63090125,何*誠,備取,朝陽科技大學,朝陽科技大學保險金融管理系,其他學校錄取,4,"國立臺中科技大學保險金融管理系(備取); 國立高雄科技大學風險管理與保險系(通過); 國立勤益科技大學企業管理系(通過); 朝陽科技大學保險金融管理系(正取,分發)"
CAND_0283,114,nutc_ins,國立臺中科技大學,保險金融管理系(商管群),國立臺中科技大學 保險金融管理系(商管群),68530027,*玹,備取,國立高雄科技大學,國立高雄科技大學風險管理與保險系,其他學校錄取,5,"國立臺中科技大學保險金融管理系(備取); 國立高雄科技大學風險管理與保險系(正取,分發); 國立虎尾科技大學工業管理系(正取); 國立勤益科技大學工業工程與管理系(通過); 國立屏東大學行銷與流通管理學系(通過)"
CAND_0284,114,nutc_ins,國立臺中科技大學,保險金融管理系(商管群),國立臺中科技大學 保險金融管理系(商管群),63090311,黄*陽,備取,國立虎尾科技大學,國立虎尾科技大學企業管理系,其他學校錄取,4,"國立臺中科技大學保險金融管理系(備取); 國立屏東科技大學企業管理系(正取); 國立虎尾科技大學企業管理系(備取,分發); 國立屏東大學會計學系(備取)"
CAND_0285,114,nutc_ins,國立臺中科技大學,保險金融管理系(商管群),國立臺中科技大學 保險金融管理系(商管群),64090350,方*棋,備取,國立高雄科技大學,國立高雄科技大學風險管理與保險系,其他學校錄取,2,"國立臺中科技大學保險金融管理系(備取); 國立高雄科技大學風險管理與保險系(備取,分發)"
CAND_0286,114,nutc_ins,國立臺中科技大學,保險金融管理系(商管群),國立臺中科技大學 保險金融管理系(商管群),70090249,*承,備取,國立高雄科技大學,國立高雄科技大學智慧商務系,其他學校錄取,5,"國立臺中科技大學保險金融管理系(備取); 國立屏東科技大學企業管理系(通過); 國立高雄科技大學智慧商務系(備取,分發); 國立虎尾科技大學企業管理系(通過); 國立勤益科技大學企業管理系(通過)"
CAND_0287,114,nutc_ins,國立臺中科技大學,保險金融管理系(商管群),國立臺中科技大學 保險金融管理系(商管群),55090281,程*皓,備取,—,—,未分發或放棄,2,國立臺中科技大學保險金融管理系(備取); 國立虎尾科技大學工業管理系(通過)
CAND_0288,114,nutc_ins,國立臺中科技大學,保險金融管理系(商管群),國立臺中科技大學 保險金融管理系(商管群),61530021,紀*柔,備取,銘傳大學,銘傳大學企業管理學系(台北校區),其他學校錄取,3,"國立臺中科技大學保險金融管理系(備取); 國立勤益科技大學企業管理系(備取); 銘傳大學企業管理學系(台北校區)(備取,分發)"
CAND_0289,114,nutc_ins,國立臺中科技大學,保險金融管理系(商管群),國立臺中科技大學 保險金融管理系(商管群),64090151,林*恩,備取,—,—,未分發或放棄,1,國立臺中科技大學保險金融管理系(備取)
CAND_0290,114,nutc_ins,國立臺中科技大學,保險金融管理系(商管群),國立臺中科技大學 保險金融管理系(商管群),63090262,吳*恩,備取,—,—,未分發或放棄,2,國立臺中科技大學保險金融管理系(備取); 致理科技大學行銷與流通管理系(通過)
CAND_0291,114,nutc_ins,國立臺中科技大學,保險金融管理系(商管群),國立臺中科技大學 保險金融管理系(商管群),64090342,郭*誠,備取,—,—,未分發或放棄,3,國立臺中科技大學保險金融管理系(備取); 國立勤益科技大學企業管理系(通過); 國立臺北護理健康大學健康事業管理系(通過)
CAND_0292,114,nutc_ins,國立臺中科技大學,保險金融管理系(商管群),國立臺中科技大學 保險金融管理系(商管群),61091185,吳*倫,備取,國立臺北護理健康大學,國立臺北護理健康大學健康事業管理系,其他學校錄取,2,"國立臺中科技大學保險金融管理系(備取); 國立臺北護理健康大學健康事業管理系(備取,分發)"
CAND_0293,114,nutc_ins,國立臺中科技大學,保險金融管理系(商管群),國立臺中科技大學 保險金融管理系(商管群),61091312,林*吴,備取,朝陽科技大學,朝陽科技大學財務金融系,其他學校錄取,2,"國立臺中科技大學保險金融管理系(備取); 朝陽科技大學財務金融系(正取,分發)"
CAND_0294,114,nutc_ins,國立臺中科技大學,保險金融管理系(商管群),國立臺中科技大學 保險金融管理系(商管群),67090155,龔*倫,備取,—,—,未分發或放棄,1,國立臺中科技大學保險金融管理系(備取)
CAND_0295,114,nutc_ins,國立臺中科技大學,保險金融管理系(商管群),國立臺中科技大學 保險金融管理系(商管群),56090404,熊*柔,備取,—,—,未分發或放棄,2,國立臺中科技大學保險金融管理系(備取); 國立高雄科技大學供應鏈管理系(通過)
CAND_0296,114,nutc_ins,國立臺中科技大學,保險金融管理系(商管群),國立臺中科技大學 保險金融管理系(商管群),59090305,彭*芦,備取,逢甲大學,逢甲大學風險管理與保險學系,其他學校錄取,4,"國立臺中科技大學保險金融管理系(備取); 國立虎尾科技大學企業管理系(通過); 國立勤益科技大學企業管理系(通過); 逢甲大學風險管理與保險學系(備取,分發)"
CAND_0297,114,nutc_ins,國立臺中科技大學,保險金融管理系(商管群),國立臺中科技大學 保險金融管理系(商管群),61090277,周*頡,備取,—,—,未分發或放棄,3,國立臺中科技大學保險金融管理系(備取); 國立高雄科技大學智慧商務系(備取); 國立臺北商業大學商業設計管理系(桃園校區)(通過)
CAND_0298,114,nutc_ins,國立臺中科技大學,保險金融管理系(商管群),國立臺中科技大學 保險金融管理系(商管群),71090346,彭*楷,備取,—,—,未分發或放棄,2,國立臺中科技大學保險金融管理系(備取); 國立屏東大學財務金融學系(備取)
CAND_0299,114,nutc_ins,國立臺中科技大學,保險金融管理系(商管群),國立臺中科技大學 保險金融管理系(商管群),64090330,陳*,備取,—,—,未分發或放棄,2,國立臺中科技大學保險金融管理系(備取); 國立勤益科技大學工業工程與管理系(備取)
CAND_0300,114,nutc_ins,國立臺中科技大學,保險金融管理系(商管群),國立臺中科技大學 保險金融管理系(商管群),61091647,李*叡,備取,—,—,未分發或放棄,4,國立臺中科技大學保險金融管理系(備取); 國立虎尾科技大學工業管理系(通過); 國立勤益科技大學行銷與流通管理系(備取); 國立屏東大學企業管理學系(通過)
CAND_0301,114,nutc_ins,國立臺中科技大學,保險金融管理系(商管群),國立臺中科技大學 保險金融管理系(商管群),56090438,許*欽,備取,國立勤益科技大學,國立勤益科技大學工業工程與管理系,其他學校錄取,4,"國立臺中科技大學保險金融管理系(備取); 國立屏東科技大學企業管理系(正取); 國立勤益科技大學工業工程與管理系(正取,分發); 國立屏東大學資訊管理學系(備取)"
CAND_0302,114,nutc_ins,國立臺中科技大學,保險金融管理系(商管群),國立臺中科技大學 保險金融管理系(商管群),58090385,*之,備取,國立高雄科技大學,國立高雄科技大學供應鏈管理系,其他學校錄取,4,"國立臺中科技大學保險金融管理系(備取); 國立高雄科技大學供應鏈管理系(備取,分發); 國立高雄科技大學漁業科技與管理系(通過); 國立勤益科技大學健康產業科技研發與管理系(通過)"
CAND_0303,114,nutc_ins,國立臺中科技大學,保險金融管理系(商管群),國立臺中科技大學 保險金融管理系(商管群),57090626,蕭*宇,備取,國立勤益科技大學,國立勤益科技大學資訊管理系,其他學校錄取,3,"國立臺中科技大學保險金融管理系(備取); 國立勤益科技大學資訊管理系(正取,分發); 國立臺北商業大學資訊管理系(臺北校區)(資安人才)(備取)"
CAND_0304,114,nutc_ins,國立臺中科技大學,保險金融管理系(商管群),國立臺中科技大學 保險金融管理系(商管群),70091042,林*叡,備取,國立高雄科技大學,國立高雄科技大學漁業科技與管理系,其他學校錄取,4,"國立臺中科技大學保險金融管理系(備取); 國立屏東科技大學社會工作系(通過); 國立高雄科技大學漁業科技與管理系(正取,分發); 國立屏東大學行銷與流通管理學系(通過)"
CAND_0305,114,nutc_ins,國立臺中科技大學,保險金融管理系(商管群),國立臺中科技大學 保險金融管理系(商管群),57090041,陽*宇,備取,國立臺灣體育運動大學,國立臺灣體育運動大學運動事業管理學系,其他學校錄取,5,"國立臺中科技大學保險金融管理系(備取); 國立高雄科技大學商務資訊應用系(資安人才)(通過); 國立高雄科技大學航運技術系(通過); 國立勤益科技大學資訊管理系(通過); 國立臺灣體育運動大學運動事業管理學系(備取,分發)"
CAND_0306,114,nutc_ins,國立臺中科技大學,保險金融管理系(商管群),國立臺中科技大學 保險金融管理系(商管群),57090398,林*,備取,—,—,未分發或放棄,4,國立臺中科技大學保險金融管理系(備取); 國立屏東科技大學資訊管理系(通過); 國立高雄科技大學會計資訊系(通過); 國立勤益科技大學行銷與流通管理系(通過)
CAND_0307,114,nutc_ins,國立臺中科技大學,保險金融管理系(商管群),國立臺中科技大學 保險金融管理系(商管群),70091012,金*昀,備取,—,—,未分發或放棄,3,國立臺中科技大學保險金融管理系(備取); 國立虎尾科技大學工業管理系(通過); 國立勤益科技大學工業工程與管理系(備取)
CAND_0308,114,nutc_ins,國立臺中科技大學,保險金融管理系(商管群),國立臺中科技大學 保險金融管理系(商管群),65090222,吳*榛,備取,國立勤益科技大學,國立勤益科技大學企業管理系,其他學校錄取,4,"國立臺中科技大學保險金融管理系(備取); 國立屏東科技大學企業管理系(正取); 國立勤益科技大學企業管理系(備取,分發); 朝陽科技大學財務金融系(正取)"
CAND_0309,114,nutc_ins,國立臺中科技大學,保險金融管理系(商管群),國立臺中科技大學 保險金融管理系(商管群),51090218,江*亨,備取,銘傳大學,銘傳大學會計學系(台北校區),其他學校錄取,4,"國立臺中科技大學保險金融管理系(通過); 致理科技大學財務金融系(通過); 靜宜大學財務金融學系(通過); 銘傳大學會計學系(台北校區)(正取,分發)"
CAND_0310,114,nutc_ins,國立臺中科技大學,保險金融管理系(商管群),國立臺中科技大學 保險金融管理系(商管群),52090793,楊*宇,備取,—,—,未分發或放棄,3,國立臺中科技大學保險金融管理系(通過); 國立高雄科技大學國際企業系(通過); 國立臺北護理健康大學生死與健康心理諮商系(通過)
CAND_0311,114,nutc_ins,國立臺中科技大學,保險金融管理系(商管群),國立臺中科技大學 保險金融管理系(商管群),56090086,陳*榛,備取,—,—,未分發或放棄,1,國立臺中科技大學保險金融管理系(通過)
CAND_0312,114,nutc_ins,國立臺中科技大學,保險金融管理系(商管群),國立臺中科技大學 保險金融管理系(商管群),56090518,*洋,備取,—,—,未分發或放棄,3,國立臺中科技大學保險金融管理系(通過); 國立高雄科技大學供應鏈管理系(正取); 國立臺灣海洋大學海洋經營管理學士學位學程(備取)
CAND_0313,114,nutc_ins,國立臺中科技大學,保險金融管理系(商管群),國立臺中科技大學 保險金融管理系(商管群),57090122,黄*,備取,—,—,未分發或放棄,3,國立臺中科技大學保險金融管理系(通過); 國立勤益科技大學行銷與流通管理系(通過); 銘傳大學企業管理學系(台北校區)(通過)
CAND_0314,114,nutc_ins,國立臺中科技大學,保險金融管理系(商管群),國立臺中科技大學 保險金融管理系(商管群),57090138,吳*祐,備取,—,—,未分發或放棄,3,國立臺中科技大學保險金融管理系(通過); 國立高雄科技大學企業管理系(通過); 國立勤益科技大學行銷與流通管理系(通過)
CAND_0315,114,nutc_ins,國立臺中科技大學,保險金融管理系(商管群),國立臺中科技大學 保險金融管理系(商管群),57090166,魏*,備取,國立高雄科技大學,國立高雄科技大學金融系,其他學校錄取,3,"國立臺中科技大學保險金融管理系(通過); 國立高雄科技大學金融系(備取,分發); 國立高雄科技大學財政稅務系(備取)"
CAND_0316,114,nutc_ins,國立臺中科技大學,保險金融管理系(商管群),國立臺中科技大學 保險金融管理系(商管群),57090318,徐*,備取,國立虎尾科技大學,國立虎尾科技大學資訊管理系,其他學校錄取,5,"國立臺中科技大學保險金融管理系(通過); 國立虎尾科技大學資訊管理系(備取,分發); 國立勤益科技大學資訊管理系(正取); 國立聯合大學經營管理學系(正取); 國立聯合大學資訊管理學系(通過)"
CAND_0317,114,nutc_ins,國立臺中科技大學,保險金融管理系(商管群),國立臺中科技大學 保險金融管理系(商管群),57091007,江*姍,備取,—,—,未分發或放棄,3,國立臺中科技大學保險金融管理系(通過); 國立屏東大學國際經營與貿易學系(通過); 國立屏東大學商業大數據學系(通過)
CAND_0318,114,nutc_ins,國立臺中科技大學,保險金融管理系(商管群),國立臺中科技大學 保險金融管理系(商管群),58090120,維*如,備取,國立高雄科技大學,國立高雄科技大學供應鏈管理系,其他學校錄取,5,"國立臺中科技大學保險金融管理系(通過); 國立高雄科技大學運籌管理系(備取); 國立高雄科技大學人力資源發展系(備取); 國立高雄科技大學供應鏈管理系(備取,分發); 國立勤益科技大學工業工程與管理系(通過)"
CAND_0319,114,nutc_ins,國立臺中科技大學,保險金融管理系(商管群),國立臺中科技大學 保險金融管理系(商管群),59090244,徐*女,備取,中原大學,中原大學會計學系,其他學校錄取,4,"國立臺中科技大學保險金融管理系(通過); 國立虎尾科技大學財務金融系(通過); 中原大學會計學系(備取,分發); 逢甲大學風險管理與保險學系(正取)"
CAND_0320,114,nutc_ins,國立臺中科技大學,保險金融管理系(商管群),國立臺中科技大學 保險金融管理系(商管群),59090277,維*,備取,國立雲林科技大學,國立雲林科技大學文化資產維護系,其他學校錄取,2,"國立臺中科技大學保險金融管理系(通過); 國立雲林科技大學文化資產維護系(備取,分發)"
CAND_0321,114,nutc_ins,國立臺中科技大學,保險金融管理系(商管群),國立臺中科技大學 保險金融管理系(商管群),59090369,范*瑞,備取,逢甲大學,逢甲大學工業工程與系統管理學系,其他學校錄取,2,"國立臺中科技大學保險金融管理系(通過); 逢甲大學工業工程與系統管理學系(備取,分發)"
CAND_0322,114,nutc_ins,國立臺中科技大學,保險金融管理系(商管群),國立臺中科技大學 保險金融管理系(商管群),60090072,范*洋,備取,國立聯合大學,國立聯合大學資訊管理學系,其他學校錄取,3,"國立臺中科技大學保險金融管理系(通過); 國立聯合大學經營管理學系(正取); 國立聯合大學資訊管理學系(備取,分發)"
CAND_0323,114,nutc_ins,國立臺中科技大學,保險金融管理系(商管群),國立臺中科技大學 保險金融管理系(商管群),61090527,顏*龍,備取,國立雲林科技大學,國立雲林科技大學文化資產維護系,其他學校錄取,3,"國立臺中科技大學保險金融管理系(通過); 國立雲林科技大學文化資產維護系(正取,分發); 朝陽科技大學財務金融系(通過)"
CAND_0324,114,nutc_ins,國立臺中科技大學,保險金融管理系(商管群),國立臺中科技大學 保險金融管理系(商管群),61091107,張*慈,備取,—,—,未分發或放棄,1,國立臺中科技大學保險金融管理系(通過)
CAND_0325,114,nutc_ins,國立臺中科技大學,保險金融管理系(商管群),國立臺中科技大學 保險金融管理系(商管群),61091113,李*妤,備取,國立雲林科技大學,國立雲林科技大學國際管理學士學位學程,其他學校錄取,2,"國立臺中科技大學保險金融管理系(通過); 國立雲林科技大學國際管理學士學位學程(備取,分發)"
CAND_0326,114,nutc_ins,國立臺中科技大學,保險金融管理系(商管群),國立臺中科技大學 保險金融管理系(商管群),61091125,黄*誠,備取,—,—,未分發或放棄,2,國立臺中科技大學保險金融管理系(通過); 國立屏東大學行銷與流通管理學系(通過)
CAND_0327,114,nutc_ins,國立臺中科技大學,保險金融管理系(商管群),國立臺中科技大學 保險金融管理系(商管群),61091155,陳*庭,備取,國立高雄科技大學,國立高雄科技大學運籌管理系,其他學校錄取,3,"國立臺中科技大學保險金融管理系(通過); 國立高雄科技大學運籌管理系(備取,分發); 國立高雄科技大學行銷與流通管理系(備取)"
CAND_0328,114,nutc_ins,國立臺中科技大學,保險金融管理系(商管群),國立臺中科技大學 保險金融管理系(商管群),61091215,林*逸,備取,國立高雄科技大學,國立高雄科技大學航運管理系,其他學校錄取,5,"國立臺中科技大學保險金融管理系(通過); 國立高雄科技大學運籌管理系(通過); 國立高雄科技大學航運管理系(正取,分發); 國立高雄科技大學商務資訊應用系(通過); 國立虎尾科技大學財務金融系(通過)"
CAND_0329,114,nutc_ins,國立臺中科技大學,保險金融管理系(商管群),國立臺中科技大學 保險金融管理系(商管群),61091389,蘇*,備取,—,—,未分發或放棄,2,國立臺中科技大學保險金融管理系(通過); 國立高雄科技大學海洋休閒管理系(備取)
CAND_0330,114,nutc_ins,國立臺中科技大學,保險金融管理系(商管群),國立臺中科技大學 保險金融管理系(商管群),61091663,*郁,備取,—,—,未分發或放棄,4,國立臺中科技大學保險金融管理系(通過); 國立高雄科技大學金融資訊系(通過); 國立高雄科技大學智慧商務系(通過); 國立虎尾科技大學財務金融系(通過)
CAND_0331,114,nutc_ins,國立臺中科技大學,保險金融管理系(商管群),國立臺中科技大學 保險金融管理系(商管群),64090103,吳*倚,備取,—,—,未分發或放棄,2,國立臺中科技大學保險金融管理系(通過); 國立高雄科技大學商務資訊應用系(資安人才)(備取)
CAND_0332,114,nutc_ins,國立臺中科技大學,保險金融管理系(商管群),國立臺中科技大學 保險金融管理系(商管群),64090422,魏*婕,備取,國立虎尾科技大學,國立虎尾科技大學企業管理系,其他學校錄取,5,"國立臺中科技大學保險金融管理系(通過); 國立高雄科技大學企業管理系(通過); 國立高雄科技大學智慧商務系(通過); 國立虎尾科技大學企業管理系(備取,分發); 國立勤益科技大學行銷與流通管理系(通過)"
CAND_0333,114,nutc_ins,國立臺中科技大學,保險金融管理系(商管群),國立臺中科技大學 保險金融管理系(商管群),66090464,賴*璇,備取,—,—,未分發或放棄,1,國立臺中科技大學保險金融管理系(通過)
CAND_0334,114,nutc_ins,國立臺中科技大學,保險金融管理系(商管群),國立臺中科技大學 保險金融管理系(商管群),67090302,謝*慈,備取,—,—,未分發或放棄,2,國立臺中科技大學保險金融管理系(通過); 南臺科技大學財務金融系(通過)
CAND_0335,114,nutc_ins,國立臺中科技大學,保險金融管理系(商管群),國立臺中科技大學 保險金融管理系(商管群),68090334,郭*均,備取,國立高雄科技大學,國立高雄科技大學財政稅務系,其他學校錄取,5,"國立臺中科技大學保險金融管理系(通過); 國立高雄科技大學會計資訊系(通過); 國立高雄科技大學財政稅務系(備取,分發); 國立虎尾科技大學工業管理系(通過); 國立臺北商業大學商業設計管理系(桃園校區)(通過)"
CAND_0336,114,nutc_ins,國立臺中科技大學,保險金融管理系(商管群),國立臺中科技大學 保險金融管理系(商管群),68090434,汪*恩,備取,國立高雄科技大學,國立高雄科技大學行銷與流通管理系,其他學校錄取,2,"國立臺中科技大學保險金融管理系(通過); 國立高雄科技大學行銷與流通管理系(正取,分發)"
CAND_0337,114,nutc_ins,國立臺中科技大學,保險金融管理系(商管群),國立臺中科技大學 保險金融管理系(商管群),68530024,楊*愷,備取,國立高雄科技大學,國立高雄科技大學航運管理系,其他學校錄取,4,"國立臺中科技大學保險金融管理系(通過); 國立高雄科技大學運籌管理系(備取); 國立高雄科技大學航運管理系(正取,分發); 國立高雄餐旅大學航空暨運輸服務管理系(通過)"
CAND_0338,114,nutc_ins,國立臺中科技大學,保險金融管理系(商管群),國立臺中科技大學 保險金融管理系(商管群),69090070,黄*智,備取,國立高雄科技大學,國立高雄科技大學風險管理與保險系,其他學校錄取,2,"國立臺中科技大學保險金融管理系(通過); 國立高雄科技大學風險管理與保險系(正取,分發)"
CAND_0339,114,nutc_ins,國立臺中科技大學,保險金融管理系(商管群),國立臺中科技大學 保險金融管理系(商管群),70090109,管*,備取,國立高雄科技大學,國立高雄科技大學風險管理與保險系,其他學校錄取,5,"國立臺中科技大學保險金融管理系(通過); 國立高雄科技大學企業管理系(通過); 國立高雄科技大學風險管理與保險系(正取,分發); 國立高雄科技大學智慧商務系(通過); 國立屏東大學國際經營與貿易學系(通過)"
CAND_0340,114,nutc_ins,國立臺中科技大學,保險金融管理系(商管群),國立臺中科技大學 保險金融管理系(商管群),70090454,賴*慈,備取,—,—,未分發或放棄,2,國立臺中科技大學保險金融管理系(通過); 國立屏東大學商業大數據學系(通過)
CAND_0341,114,nutc_ins,國立臺中科技大學,保險金融管理系(商管群),國立臺中科技大學 保險金融管理系(商管群),74090105,*玟,備取,國立臺北護理健康大學,國立臺北護理健康大學健康事業管理系,其他學校錄取,3,"國立臺中科技大學保險金融管理系(通過); 國立高雄科技大學會計資訊系(通過); 國立臺北護理健康大學健康事業管理系(正取,分發)"
CAND_0342,114,nutc_ins,國立臺中科技大學,保險金融管理系(英語類),國立臺中科技大學 保險金融管理系(英語類),58150101,*妤,正取,—,—,未分發或放棄,3,國立臺中科技大學保險金融管理系(正取); 國立雲林科技大學企業管理系(通過); 中原大學國際經營與貿易學系(備取)
CAND_0343,114,nutc_ins,國立臺中科技大學,保險金融管理系(英語類),國立臺中科技大學 保險金融管理系(英語類),58150090,*岑,正取,中原大學,中原大學國際經營與貿易學系,其他學校錄取,5,"國立臺中科技大學保險金融管理系(正取); 國立勤益科技大學企業管理系(通過); 國立臺北護理健康大學語言治療與聽力學系(正取); 中原大學國際經營與貿易學系(正取,分發); 實踐大學國際經營與貿易學系(臺北校區)(備取)"
CAND_0344,114,nutc_ins,國立臺中科技大學,保險金融管理系(英語類),國立臺中科技大學 保險金融管理系(英語類),66150039,—,正取,國立臺中科技大學,國立臺中科技大學保險金融管理系,原校系/本校留任,4,"國立臺中科技大學保險金融管理系(正取,分發); 國立高雄科技大學行銷與流通管理系(正取); 國立高雄科技大學供應鏈管理系(通過); 國立虎尾科技大學企業管理系(正取)"
CAND_0345,114,nutc_ins,國立臺中科技大學,保險金融管理系(英語類),國立臺中科技大學 保險金融管理系(英語類),68150010,林*,備取,國立臺中科技大學,國立臺中科技大學保險金融管理系,原校系/本校留任,4,"國立臺中科技大學保險金融管理系(備取,分發); 國立雲林科技大學應用外語系(備取); 國立高雄科技大學航運管理系(備取); 國立高雄科技大學應用英語系(通過)"
CAND_0346,114,nutc_ins,國立臺中科技大學,保險金融管理系(英語類),國立臺中科技大學 保險金融管理系(英語類),58150103,*宏,備取,—,—,未分發或放棄,6,國立臺中科技大學保險金融管理系(通過); 國立高雄科技大學行銷與流通管理系(通過); 國立高雄科技大學風險管理與保險系(通過); 國立高雄餐旅大學航空暨運輸服務管理系(通過); 朝陽科技大學航空運務系(通過); 萬能科技大學航空暨運輸服務管理系(通過)
CAND_0347,114,nutc_ins,國立臺中科技大學,保險金融管理系(英語類),國立臺中科技大學 保險金融管理系(英語類),58530009,朱*瑞,備取,—,—,未分發或放棄,2,國立臺中科技大學保險金融管理系(通過); 國立高雄科技大學國際企業系(通過)
CAND_0348,114,nutc_ins,國立臺中科技大學,保險金融管理系(英語類),國立臺中科技大學 保險金融管理系(英語類),61150397,林*,備取,—,—,未分發或放棄,5,國立臺中科技大學保險金融管理系(通過); 國立雲林科技大學應用外語系(備取); 國立高雄科技大學行銷與流通管理系(通過); 國立勤益科技大學企業管理系(通過); 國立臺北護理健康大學運動保健系(通過)
CAND_0349,114,nutc_ins,國立臺中科技大學,保險金融管理系(英語類),國立臺中科技大學 保險金融管理系(英語類),61530023,涂*穎,備取,國立高雄科技大學,國立高雄科技大學航運管理系,其他學校錄取,2,"國立臺中科技大學保險金融管理系(通過); 國立高雄科技大學航運管理系(正取,分發)"
CAND_0350,114,nutc_ins,國立臺中科技大學,保險金融管理系(英語類),國立臺中科技大學 保險金融管理系(英語類),66150004,*婷,備取,—,—,未分發或放棄,5,國立臺中科技大學保險金融管理系(通過); 國立高雄科技大學企業管理系(通過); 國立高雄科技大學運籌管理系(通過); 國立高雄科技大學航運管理系(通過); 國立臺北護理健康大學休閒產業與健康促進系(通過)
CAND_0351,114,nutc_ins,國立臺中科技大學,保險金融管理系(英語類),國立臺中科技大學 保險金融管理系(英語類),66150038,陳*凱,備取,國立高雄科技大學,國立高雄科技大學航運管理系,其他學校錄取,5,"國立臺中科技大學保險金融管理系(通過); 國立臺北科技大學文化事業發展系(通過); 國立高雄科技大學國際企業系(通過); 國立高雄科技大學行銷與流通管理系(通過); 國立高雄科技大學航運管理系(備取,分發)"
CAND_0352,115,nutc_ins,國立臺中科技大學,保險金融管理系(商管群),國立臺中科技大學 保險金融管理系(商管群),57090037,辜*晴,正取,國立臺中科技大學,國立臺中科技大學保險金融管理系,原校系/本校留任,3,"國立臺中科技大學保險金融管理系(正取,分發); 國立虎尾科技大學財務金融系(正取); 國立臺北商業大學商業設計管理系(桃園校區)(正取)"
CAND_0353,115,nutc_ins,國立臺中科技大學,保險金融管理系(商管群),國立臺中科技大學 保險金融管理系(商管群),65090144,*晨,正取,國立臺中科技大學,國立臺中科技大學保險金融管理系,原校系/本校留任,4,"國立臺中科技大學保險金融管理系(正取,分發); 國立高雄科技大學人力資源發展系(通過); 國立高雄科技大學供應鏈管理系(通過); 國立虎尾科技大學財務金融系(通過)"
CAND_0354,115,nutc_ins,國立臺中科技大學,保險金融管理系(商管群),國立臺中科技大學 保險金融管理系(商管群),67090204,謝*淳,正取,國立臺中科技大學,國立臺中科技大學保險金融管理系,原校系/本校留任,2,"國立臺中科技大學保險金融管理系(正取,分發); 國立高雄科技大學資訊管理系(正取)"
CAND_0355,115,nutc_ins,國立臺中科技大學,保險金融管理系(商管群),國立臺中科技大學 保險金融管理系(商管群),67090138,周*軒,正取,國立臺中科技大學,國立臺中科技大學保險金融管理系,原校系/本校留任,2,"國立臺中科技大學保險金融管理系(正取,分發); 國立勤益科技大學企業管理系(正取)"
CAND_0356,115,nutc_ins,國立臺中科技大學,保險金融管理系(商管群),國立臺中科技大學 保險金融管理系(商管群),57090091,林*歆,正取,國立臺中科技大學,國立臺中科技大學保險金融管理系,原校系/本校留任,5,"國立臺中科技大學保險金融管理系(正取,分發); 國立高雄科技大學運籌管理系(通過); 國立虎尾科技大學財務金融系(通過); 國立宜蘭大學應用經濟與管理學系(通過); 逢甲大學合作經濟暨社會事業經營學系(通過)"
CAND_0357,115,nutc_ins,國立臺中科技大學,保險金融管理系(商管群),國立臺中科技大學 保險金融管理系(商管群),60090306,陳*婕,正取,國立臺中科技大學,國立臺中科技大學保險金融管理系,原校系/本校留任,2,"國立臺中科技大學保險金融管理系(正取,分發); 國立勤益科技大學行銷與流通管理系(通過)"
CAND_0358,115,nutc_ins,國立臺中科技大學,保險金融管理系(商管群),國立臺中科技大學 保險金融管理系(商管群),57090345,黄*亮,正取,國立臺中科技大學,國立臺中科技大學保險金融管理系,原校系/本校留任,3,"國立臺中科技大學保險金融管理系(正取,分發); 國立高雄科技大學行銷與流通管理系(通過); 中原大學國際經營與貿易學系(通過)"
CAND_0359,115,nutc_ins,國立臺中科技大學,保險金融管理系(商管群),國立臺中科技大學 保險金融管理系(商管群),64090601,林*瀞,正取,國立臺中科技大學,國立臺中科技大學保險金融管理系,原校系/本校留任,2,"國立臺中科技大學保險金融管理系(正取,分發); 國立虎尾科技大學企業管理系(通過)"
CAND_0360,115,nutc_ins,國立臺中科技大學,保險金融管理系(商管群),國立臺中科技大學 保險金融管理系(商管群),57090317,盧*,正取,國立臺中科技大學,國立臺中科技大學保險金融管理系,原校系/本校留任,5,"國立臺中科技大學保險金融管理系(正取,分發); 國立高雄科技大學智慧商務系(通過); 國立虎尾科技大學資訊管理系(通過); 國立虎尾科技大學企業管理系(通過); 國立臺北護理健康大學資訊管理系(通過)"
CAND_0361,115,nutc_ins,國立臺中科技大學,保險金融管理系(商管群),國立臺中科技大學 保險金融管理系(商管群),60090313,黄*？,正取,國立臺中科技大學,國立臺中科技大學保險金融管理系,原校系/本校留任,2,"國立臺中科技大學保險金融管理系(正取,分發); 國立勤益科技大學行銷與流通管理系(通過)"
CAND_0362,115,nutc_ins,國立臺中科技大學,保險金融管理系(商管群),國立臺中科技大學 保險金融管理系(商管群),70090913,*閔,正取,國立勤益科技大學,國立勤益科技大學企業管理系,其他學校錄取,2,"國立臺中科技大學保險金融管理系(正取); 國立勤益科技大學企業管理系(正取,分發)"
CAND_0363,115,nutc_ins,國立臺中科技大學,保險金融管理系(商管群),國立臺中科技大學 保險金融管理系(商管群),57090215,黄*登,正取,國立臺中科技大學,國立臺中科技大學保險金融管理系,原校系/本校留任,2,"國立臺中科技大學保險金融管理系(正取,分發); 國立高雄科技大學風險管理與保險系(正取)"
CAND_0364,115,nutc_ins,國立臺中科技大學,保險金融管理系(商管群),國立臺中科技大學 保險金融管理系(商管群),57090162,許*筑,正取,—,—,未分發或放棄,1,國立臺中科技大學保險金融管理系(正取)
CAND_0365,115,nutc_ins,國立臺中科技大學,保險金融管理系(商管群),國立臺中科技大學 保險金融管理系(商管群),61090445,張*永,正取,國立臺中科技大學,國立臺中科技大學保險金融管理系,原校系/本校留任,2,"國立臺中科技大學保險金融管理系(正取,分發); 國立屏東大學國際經營與貿易學系(通過)"
CAND_0366,115,nutc_ins,國立臺中科技大學,保險金融管理系(商管群),國立臺中科技大學 保險金融管理系(商管群),63090418,胡*永,正取,國立臺中科技大學,國立臺中科技大學保險金融管理系,原校系/本校留任,1,"國立臺中科技大學保險金融管理系(正取,分發)"
CAND_0367,115,nutc_ins,國立臺中科技大學,保險金融管理系(商管群),國立臺中科技大學 保險金融管理系(商管群),64090291,李*美,正取,國立臺中科技大學,國立臺中科技大學保險金融管理系,原校系/本校留任,2,"國立臺中科技大學保險金融管理系(正取,分發); 逢甲大學財稅學系(備取)"
CAND_0368,115,nutc_ins,國立臺中科技大學,保險金融管理系(商管群),國立臺中科技大學 保險金融管理系(商管群),64090028,徐*綺,正取,國立臺中科技大學,國立臺中科技大學保險金融管理系,原校系/本校留任,1,"國立臺中科技大學保險金融管理系(正取,分發)"
CAND_0369,115,nutc_ins,國立臺中科技大學,保險金融管理系(商管群),國立臺中科技大學 保險金融管理系(商管群),54090396,葵*茹,正取,國立臺中科技大學,國立臺中科技大學保險金融管理系,原校系/本校留任,2,"國立臺中科技大學保險金融管理系(正取,分發); 國立屏東科技大學企業管理系(正取)"
CAND_0370,115,nutc_ins,國立臺中科技大學,保險金融管理系(商管群),國立臺中科技大學 保險金融管理系(商管群),67090222,邱*,正取,國立臺中科技大學,國立臺中科技大學保險金融管理系,原校系/本校留任,2,"國立臺中科技大學保險金融管理系(正取,分發); 國立勤益科技大學工業工程與管理系(正取)"
CAND_0371,115,nutc_ins,國立臺中科技大學,保險金融管理系(商管群),國立臺中科技大學 保險金融管理系(商管群),68090603,陳*方,正取,國立臺中科技大學,國立臺中科技大學保險金融管理系,原校系/本校留任,3,"國立臺中科技大學保險金融管理系(正取,分發); 國立高雄科技大學運籌管理系(通過); 國立高雄科技大學行銷與流通管理系(通過)"
CAND_0372,115,nutc_ins,國立臺中科技大學,保險金融管理系(商管群),國立臺中科技大學 保險金融管理系(商管群),64090576,吳*珈,正取,國立臺中科技大學,國立臺中科技大學保險金融管理系,原校系/本校留任,3,"國立臺中科技大學保險金融管理系(正取,分發); 國立高雄科技大學運籌管理系(通過); 國立虎尾科技大學工業管理系(通過)"
CAND_0373,115,nutc_ins,國立臺中科技大學,保險金融管理系(商管群),國立臺中科技大學 保險金融管理系(商管群),61090028,楊*臻,正取,國立臺中科技大學,國立臺中科技大學保險金融管理系,原校系/本校留任,1,"國立臺中科技大學保險金融管理系(正取,分發)"
CAND_0374,115,nutc_ins,國立臺中科技大學,保險金融管理系(商管群),國立臺中科技大學 保險金融管理系(商管群),64090454,*淳,正取,國立高雄科技大學,國立高雄科技大學運籌管理系,其他學校錄取,4,"國立臺中科技大學保險金融管理系(正取); 國立高雄科技大學運籌管理系(正取,分發); 國立高雄科技大學風險管理與保險系(備取); 國立高雄科技大學航運管理系(備取)"
CAND_0375,115,nutc_ins,國立臺中科技大學,保險金融管理系(商管群),國立臺中科技大學 保險金融管理系(商管群),68090535,程*,正取,國立高雄科技大學,國立高雄科技大學供應鏈管理系,其他學校錄取,4,"國立臺中科技大學保險金融管理系(正取); 國立屏東科技大學財務金融國際學士學位學程(正取); 國立高雄科技大學運籌管理系(備取); 國立高雄科技大學供應鏈管理系(正取,分發)"
CAND_0376,115,nutc_ins,國立臺中科技大學,保險金融管理系(商管群),國立臺中科技大學 保險金融管理系(商管群),57090693,張*珊,正取,國立高雄科技大學,國立高雄科技大學風險管理與保險系,其他學校錄取,4,"國立臺中科技大學保險金融管理系(正取); 國立高雄科技大學行銷與流通管理系(通過); 國立高雄科技大學風險管理與保險系(備取,分發); 國立勤益科技大學行銷與流通管理系(備取)"
CAND_0377,115,nutc_ins,國立臺中科技大學,保險金融管理系(商管群),國立臺中科技大學 保險金融管理系(商管群),52090474,—,正取,國立臺中科技大學,國立臺中科技大學保險金融管理系,原校系/本校留任,1,"國立臺中科技大學保險金融管理系(正取,分發)"
CAND_0378,115,nutc_ins,國立臺中科技大學,保險金融管理系(商管群),國立臺中科技大學 保險金融管理系(商管群),61091118,黄*軒,正取,國立臺中科技大學,國立臺中科技大學保險金融管理系,原校系/本校留任,2,"國立臺中科技大學保險金融管理系(正取,分發); 國立高雄科技大學人力資源發展系(備取)"
CAND_0379,115,nutc_ins,國立臺中科技大學,保險金融管理系(商管群),國立臺中科技大學 保險金融管理系(商管群),61090369,黄*鈞,正取,國立臺中科技大學,國立臺中科技大學保險金融管理系,原校系/本校留任,2,"國立臺中科技大學保險金融管理系(正取,分發); 國立高雄科技大學行銷與流通管理系(通過)"
CAND_0380,115,nutc_ins,國立臺中科技大學,保險金融管理系(商管群),國立臺中科技大學 保險金融管理系(商管群),55090405,鄧*翔,正取,國立臺中科技大學,國立臺中科技大學保險金融管理系,原校系/本校留任,4,"國立臺中科技大學保險金融管理系(正取,分發); 國立勤益科技大學企業管理系(備取); 致理科技大學財務金融系(正取); 銘傳大學國際企業學系(台北校區)(通過)"
CAND_0381,115,nutc_ins,國立臺中科技大學,保險金融管理系(商管群),國立臺中科技大學 保險金融管理系(商管群),57090261,維*,正取,國立臺中科技大學,國立臺中科技大學保險金融管理系,原校系/本校留任,1,"國立臺中科技大學保險金融管理系(正取,分發)"
CAND_0382,115,nutc_ins,國立臺中科技大學,保險金融管理系(商管群),國立臺中科技大學 保險金融管理系(商管群),55090518,*瑀,正取,國立臺中科技大學,國立臺中科技大學保險金融管理系,原校系/本校留任,1,"國立臺中科技大學保險金融管理系(正取,分發)"
CAND_0383,115,nutc_ins,國立臺中科技大學,保險金融管理系(商管群),國立臺中科技大學 保險金融管理系(商管群),57090239,張*儀,正取,國立臺中科技大學,國立臺中科技大學保險金融管理系,原校系/本校留任,6,"國立臺中科技大學保險金融管理系(正取,分發); 朝陽科技大學財務金融系(通過); 德明財經科技大學財務金融系(通過); 致理科技大學財務金融系(備取); 靜宜大學財務金融學系(正取); 亞洲大學財務金融學系(通過)"
CAND_0384,115,nutc_ins,國立臺中科技大學,保險金融管理系(商管群),國立臺中科技大學 保險金融管理系(商管群),57090174,吳*瑜,正取,—,—,未分發或放棄,1,國立臺中科技大學保險金融管理系(正取)
CAND_0385,115,nutc_ins,國立臺中科技大學,保險金融管理系(商管群),國立臺中科技大學 保險金融管理系(商管群),64090583,胡*,正取,國立臺中科技大學,國立臺中科技大學保險金融管理系,原校系/本校留任,1,"國立臺中科技大學保險金融管理系(正取,分發)"
CAND_0386,115,nutc_ins,國立臺中科技大學,保險金融管理系(商管群),國立臺中科技大學 保險金融管理系(商管群),55090317,張*,正取,國立臺中科技大學,國立臺中科技大學保險金融管理系,原校系/本校留任,3,"國立臺中科技大學保險金融管理系(正取,分發); 銘傳大學國際企業學系(台北校區)(正取); 實踐大學風險管理與保險學系(臺北校區)(正取)"
CAND_0387,115,nutc_ins,國立臺中科技大學,保險金融管理系(商管群),國立臺中科技大學 保險金融管理系(商管群),56090088,—,正取,國立臺中科技大學,國立臺中科技大學保險金融管理系,原校系/本校留任,4,"國立臺中科技大學保險金融管理系(正取,分發); 國立虎尾科技大學企業管理系(通過); 國立勤益科技大學企業管理系(正取); 國立屏東大學企業管理學系(通過)"
CAND_0388,115,nutc_ins,國立臺中科技大學,保險金融管理系(商管群),國立臺中科技大學 保險金融管理系(商管群),57090371,*誼,正取,國立勤益科技大學,國立勤益科技大學工業工程與管理系,其他學校錄取,3,"國立臺中科技大學保險金融管理系(正取); 國立虎尾科技大學工業管理系(正取); 國立勤益科技大學工業工程與管理系(正取,分發)"
CAND_0389,115,nutc_ins,國立臺中科技大學,保險金融管理系(商管群),國立臺中科技大學 保險金融管理系(商管群),61090152,林*歆,正取,國立臺中科技大學,國立臺中科技大學保險金融管理系,原校系/本校留任,3,"國立臺中科技大學保險金融管理系(正取,分發); 國立屏東科技大學企業管理系(正取); 國立勤益科技大學企業管理系(正取)"
CAND_0390,115,nutc_ins,國立臺中科技大學,保險金融管理系(商管群),國立臺中科技大學 保險金融管理系(商管群),62090053,陳*永,正取,國立臺中科技大學,國立臺中科技大學保險金融管理系,原校系/本校留任,3,"國立臺中科技大學保險金融管理系(正取,分發); 國立高雄科技大學智慧商務系(通過); 國立勤益科技大學資訊管理系(正取)"
CAND_0391,115,nutc_ins,國立臺中科技大學,保險金融管理系(商管群),國立臺中科技大學 保險金融管理系(商管群),70090406,邱*翔,正取,國立臺中科技大學,國立臺中科技大學保險金融管理系,原校系/本校留任,3,"國立臺中科技大學保險金融管理系(正取,分發); 國立高雄科技大學風險管理與保險系(備取); 朝陽科技大學財務金融系(通過)"
CAND_0392,115,nutc_ins,國立臺中科技大學,保險金融管理系(商管群),國立臺中科技大學 保險金融管理系(商管群),57090161,黄*珊,正取,國立臺中科技大學,國立臺中科技大學保險金融管理系,原校系/本校留任,3,"國立臺中科技大學保險金融管理系(正取,分發); 國立勤益科技大學企業管理系(通過); 國立臺北護理健康大學健康事業管理系(通過)"
CAND_0393,115,nutc_ins,國立臺中科技大學,保險金融管理系(商管群),國立臺中科技大學 保險金融管理系(商管群),70090698,陳*莉,正取,國立臺中科技大學,國立臺中科技大學保險金融管理系,原校系/本校留任,2,"國立臺中科技大學保險金融管理系(正取,分發); 國立屏東大學資訊管理學系(通過)"
CAND_0394,115,nutc_ins,國立臺中科技大學,保險金融管理系(商管群),國立臺中科技大學 保險金融管理系(商管群),61090059,涂*,正取,國立臺中科技大學,國立臺中科技大學保險金融管理系,原校系/本校留任,2,"國立臺中科技大學保險金融管理系(正取,分發); 朝陽科技大學財務金融系(通過)"
CAND_0395,115,nutc_ins,國立臺中科技大學,保險金融管理系(商管群),國立臺中科技大學 保險金融管理系(商管群),55090249,葵*,正取,國立臺北護理健康大學,國立臺北護理健康大學生死與健康心理諮商系,其他學校錄取,4,"國立臺中科技大學保險金融管理系(正取); 國立勤益科技大學企業管理系(正取); 國立臺北護理健康大學生死與健康心理諮商系(正取,分發); 國立臺北商業大學商業設計管理系(桃園校區)(正取)"
CAND_0396,115,nutc_ins,國立臺中科技大學,保險金融管理系(商管群),國立臺中科技大學 保險金融管理系(商管群),63090033,張*瑄,正取,國立臺中科技大學,國立臺中科技大學保險金融管理系,原校系/本校留任,4,"國立臺中科技大學保險金融管理系(正取,分發); 國立勤益科技大學行銷與流通管理系(備取); 朝陽科技大學財務金融系(正取); 亞洲大學財務金融學系(正取)"
CAND_0397,115,nutc_ins,國立臺中科技大學,保險金融管理系(商管群),國立臺中科技大學 保險金融管理系(商管群),64090197,*妤,正取,國立臺中科技大學,國立臺中科技大學保險金融管理系,原校系/本校留任,3,"國立臺中科技大學保險金融管理系(正取,分發); 國立高雄科技大學供應鏈管理系(通過); 國立臺北護理健康大學健康事業管理系(通過)"
CAND_0398,115,nutc_ins,國立臺中科技大學,保險金融管理系(商管群),國立臺中科技大學 保險金融管理系(商管群),55090346,—,正取,國立臺中科技大學,國立臺中科技大學保險金融管理系,原校系/本校留任,3,"國立臺中科技大學保險金融管理系(正取,分發); 國立勤益科技大學工業工程與管理系(通過); 中原大學資訊管理學系(通過)"
CAND_0399,115,nutc_ins,國立臺中科技大學,保險金融管理系(商管群),國立臺中科技大學 保險金融管理系(商管群),57090153,林*妙,正取,國立臺中科技大學,國立臺中科技大學保險金融管理系,原校系/本校留任,3,"國立臺中科技大學保險金融管理系(正取,分發); 嘉南藥理大學嬰幼兒保育系(通過); 嘉南藥理大學社會工作系(正取)"
CAND_0400,115,nutc_ins,國立臺中科技大學,保險金融管理系(商管群),國立臺中科技大學 保險金融管理系(商管群),68090002,方*,正取,國立臺中科技大學,國立臺中科技大學保險金融管理系,原校系/本校留任,1,"國立臺中科技大學保險金融管理系(正取,分發)"
CAND_0401,115,nutc_ins,國立臺中科技大學,保險金融管理系(商管群),國立臺中科技大學 保險金融管理系(商管群),64090016,葵*媗,正取,國立臺中科技大學,國立臺中科技大學保險金融管理系,原校系/本校留任,2,"國立臺中科技大學保險金融管理系(正取,分發); 國立勤益科技大學行銷與流通管理系(通過)"
CAND_0402,115,nutc_ins,國立臺中科技大學,保險金融管理系(商管群),國立臺中科技大學 保險金融管理系(商管群),58090327,*晁,正取,國立臺中科技大學,國立臺中科技大學保險金融管理系,原校系/本校留任,2,"國立臺中科技大學保險金融管理系(正取,分發); 靜宜大學財務金融學系(正取)"
CAND_0403,115,nutc_ins,國立臺中科技大學,保險金融管理系(商管群),國立臺中科技大學 保險金融管理系(商管群),52090433,盧*,正取,國立勤益科技大學,國立勤益科技大學工業工程與管理系,其他學校錄取,4,"國立臺中科技大學保險金融管理系(正取); 國立虎尾科技大學工業管理系(備取); 國立勤益科技大學工業工程與管理系(正取,分發); 國立屏東大學商業大數據學系(正取)"
CAND_0404,115,nutc_ins,國立臺中科技大學,保險金融管理系(商管群),國立臺中科技大學 保險金融管理系(商管群),65090240,葵*,正取,國立臺中科技大學,國立臺中科技大學保險金融管理系,原校系/本校留任,6,"國立臺中科技大學保險金融管理系(正取,分發); 國立高雄科技大學風險管理與保險系(備取); 國立高雄科技大學財務管理系(通過); 國立高雄科技大學航運管理系(通過); 國立虎尾科技大學財務金融系(通過); 國立勤益科技大學行銷與流通管理系(通過)"
CAND_0405,115,nutc_ins,國立臺中科技大學,保險金融管理系(商管群),國立臺中科技大學 保險金融管理系(商管群),61090779,張*l,正取,—,—,未分發或放棄,5,國立臺中科技大學保險金融管理系(正取); 國立臺北科技大學經營管理系(通過); 國立高雄科技大學風險管理與保險系(備取); 國立臺北護理健康大學生死與健康心理諮商系(通過); 國立臺北商業大學財政稅務系(臺北校區)(通過)
CAND_0406,115,nutc_ins,國立臺中科技大學,保險金融管理系(商管群),國立臺中科技大學 保險金融管理系(商管群),65090162,葵*,正取,國立臺中科技大學,國立臺中科技大學保險金融管理系,原校系/本校留任,3,"國立臺中科技大學保險金融管理系(正取,分發); 國立虎尾科技大學工業管理系(備取); 朝陽科技大學行銷與流通管理系(通過)"
CAND_0407,115,nutc_ins,國立臺中科技大學,保險金融管理系(商管群),國立臺中科技大學 保險金融管理系(商管群),51090085,徐*恩,備取,國立臺中科技大學,國立臺中科技大學保險金融管理系,原校系/本校留任,2,"國立臺中科技大學保險金融管理系(備取,分發); 逢甲大學風險管理與保險學系(通過)"
CAND_0408,115,nutc_ins,國立臺中科技大學,保險金融管理系(商管群),國立臺中科技大學 保險金融管理系(商管群),57090843,方*皓,備取,國立臺中科技大學,國立臺中科技大學保險金融管理系,原校系/本校留任,3,"國立臺中科技大學保險金融管理系(備取,分發); 國立勤益科技大學工業工程與管理系(正取); 逢甲大學合作經濟暨社會事業經營學系(正取)"
CAND_0409,115,nutc_ins,國立臺中科技大學,保險金融管理系(商管群),國立臺中科技大學 保險金融管理系(商管群),59090237,余*錡,備取,國立臺中科技大學,國立臺中科技大學保險金融管理系,原校系/本校留任,2,"國立臺中科技大學保險金融管理系(備取,分發); 國立勤益科技大學資訊管理系(備取)"
CAND_0410,115,nutc_ins,國立臺中科技大學,保險金融管理系(商管群),國立臺中科技大學 保險金融管理系(商管群),61090216,沈*言,備取,國立臺中科技大學,國立臺中科技大學保險金融管理系,原校系/本校留任,3,"國立臺中科技大學保險金融管理系(備取,分發); 實踐大學企業管理學系(臺北校區)(備取); 亞洲大學財務金融學系(通過)"
CAND_0411,115,nutc_ins,國立臺中科技大學,保險金融管理系(商管群),國立臺中科技大學 保險金融管理系(商管群),59090381,—,備取,國立虎尾科技大學,國立虎尾科技大學工業管理系,其他學校錄取,3,"國立臺中科技大學保險金融管理系(備取); 國立虎尾科技大學工業管理系(正取,分發); 致理科技大學財務金融系(正取)"
CAND_0412,115,nutc_ins,國立臺中科技大學,保險金融管理系(商管群),國立臺中科技大學 保險金融管理系(商管群),64090244,*佑,備取,國立臺中科技大學,國立臺中科技大學保險金融管理系,原校系/本校留任,2,"國立臺中科技大學保險金融管理系(備取,分發); 國立勤益科技大學企業管理系(通過)"
CAND_0413,115,nutc_ins,國立臺中科技大學,保險金融管理系(商管群),國立臺中科技大學 保險金融管理系(商管群),73090249,吳*綺,備取,國立臺中科技大學,國立臺中科技大學保險金融管理系,原校系/本校留任,1,"國立臺中科技大學保險金融管理系(備取,分發)"
CAND_0414,115,nutc_ins,國立臺中科技大學,保險金融管理系(商管群),國立臺中科技大學 保險金融管理系(商管群),70090486,葵*,備取,國立臺中科技大學,國立臺中科技大學保險金融管理系,原校系/本校留任,4,"國立臺中科技大學保險金融管理系(備取,分發); 國立高雄科技大學人力資源發展系(備取); 國立勤益科技大學行銷與流通管理系(備取); 國立屏東大學行銷與流通管理學系(正取)"
CAND_0415,115,nutc_ins,國立臺中科技大學,保險金融管理系(商管群),國立臺中科技大學 保險金融管理系(商管群),65090248,賴*茹,備取,國立臺中科技大學,國立臺中科技大學保險金融管理系,原校系/本校留任,2,"國立臺中科技大學保險金融管理系(備取,分發); 國立勤益科技大學資訊管理系(備取)"
CAND_0416,115,nutc_ins,國立臺中科技大學,保險金融管理系(商管群),國立臺中科技大學 保險金融管理系(商管群),67090240,*慈,備取,—,—,未分發或放棄,2,國立臺中科技大學保險金融管理系(備取); 國立勤益科技大學工業工程與管理系(通過)
CAND_0417,115,nutc_ins,國立臺中科技大學,保險金融管理系(商管群),國立臺中科技大學 保險金融管理系(商管群),57090645,*蓉,備取,銘傳大學,銘傳大學會計學系(台北校區),其他學校錄取,2,"國立臺中科技大學保險金融管理系(備取); 銘傳大學會計學系(台北校區)(備取,分發)"
CAND_0418,115,nutc_ins,國立臺中科技大學,保險金融管理系(商管群),國立臺中科技大學 保險金融管理系(商管群),61090287,葉*,備取,朝陽科技大學,朝陽科技大學保險金融管理系,其他學校錄取,3,"國立臺中科技大學保險金融管理系(備取); 朝陽科技大學保險金融管理系(正取,分發); 亞洲大學財務金融學系(通過)"
CAND_0419,115,nutc_ins,國立臺中科技大學,保險金融管理系(商管群),國立臺中科技大學 保險金融管理系(商管群),64090305,—,備取,國立虎尾科技大學,國立虎尾科技大學工業管理系,其他學校錄取,3,"國立臺中科技大學保險金融管理系(備取); 國立虎尾科技大學工業管理系(備取,分發); 銘傳大學會計學系(台北校區)(備取)"
CAND_0420,115,nutc_ins,國立臺中科技大學,保險金融管理系(商管群),國立臺中科技大學 保險金融管理系(商管群),65090236,李*璇,備取,—,—,未分發或放棄,1,國立臺中科技大學保險金融管理系(備取)
CAND_0421,115,nutc_ins,國立臺中科技大學,保險金融管理系(商管群),國立臺中科技大學 保險金融管理系(商管群),70090454,盧*晴,備取,國立屏東大學,國立屏東大學國際經營與貿易學系,其他學校錄取,2,"國立臺中科技大學保險金融管理系(備取); 國立屏東大學國際經營與貿易學系(正取,分發)"
CAND_0422,115,nutc_ins,國立臺中科技大學,保險金融管理系(商管群),國立臺中科技大學 保險金融管理系(商管群),70090711,龔*,備取,—,—,未分發或放棄,2,國立臺中科技大學保險金融管理系(備取); 國立屏東大學商業大數據學系(通過)
CAND_0423,115,nutc_ins,國立臺中科技大學,保險金融管理系(商管群),國立臺中科技大學 保險金融管理系(商管群),65090122,陳*婷,備取,國立勤益科技大學,國立勤益科技大學資訊管理系,其他學校錄取,2,"國立臺中科技大學保險金融管理系(備取); 國立勤益科技大學資訊管理系(備取,分發)"
CAND_0424,115,nutc_ins,國立臺中科技大學,保險金融管理系(商管群),國立臺中科技大學 保險金融管理系(商管群),58090321,*瑜,備取,—,—,未分發或放棄,3,國立臺中科技大學保險金融管理系(備取); 國立虎尾科技大學企業管理系(通過); 國立勤益科技大學資訊管理系(通過)
CAND_0425,115,nutc_ins,國立臺中科技大學,保險金融管理系(商管群),國立臺中科技大學 保險金融管理系(商管群),61090280,吳*家,備取,靜宜大學,靜宜大學財務金融學系,其他學校錄取,4,"國立臺中科技大學保險金融管理系(備取); 靜宜大學財務金融學系(備取,分發); 實踐大學財務金融學系(臺北校區)(備取); 亞洲大學財務金融學系(通過)"
CAND_0426,115,nutc_ins,國立臺中科技大學,保險金融管理系(商管群),國立臺中科技大學 保險金融管理系(商管群),51090109,*宇,備取,逢甲大學,逢甲大學合作經濟暨社會事業經營學系,其他學校錄取,3,"國立臺中科技大學保險金融管理系(備取); 國立虎尾科技大學企業管理系(通過); 逢甲大學合作經濟暨社會事業經營學系(正取,分發)"
CAND_0427,115,nutc_ins,國立臺中科技大學,保險金融管理系(商管群),國立臺中科技大學 保險金融管理系(商管群),67090320,蕭*妤,備取,朝陽科技大學,朝陽科技大學財務金融系,其他學校錄取,3,"國立臺中科技大學保險金融管理系(備取); 朝陽科技大學財務金融系(正取,分發); 長庚科技大學護理系(嘉義校區)(通過)"
CAND_0428,115,nutc_ins,國立臺中科技大學,保險金融管理系(商管群),國立臺中科技大學 保險金融管理系(商管群),61090103,陳*丞,備取,朝陽科技大學,朝陽科技大學保險金融管理系,其他學校錄取,2,"國立臺中科技大學保險金融管理系(備取); 朝陽科技大學保險金融管理系(正取,分發)"
CAND_0429,115,nutc_ins,國立臺中科技大學,保險金融管理系(商管群),國立臺中科技大學 保險金融管理系(商管群),63090165,張*綺,備取,—,—,未分發或放棄,1,國立臺中科技大學保險金融管理系(備取)
CAND_0430,115,nutc_ins,國立臺中科技大學,保險金融管理系(商管群),國立臺中科技大學 保險金融管理系(商管群),61090554,張*,備取,國立勤益科技大學,國立勤益科技大學工業工程與管理系,其他學校錄取,2,"國立臺中科技大學保險金融管理系(備取); 國立勤益科技大學工業工程與管理系(備取,分發)"
CAND_0431,115,nutc_ins,國立臺中科技大學,保險金融管理系(商管群),國立臺中科技大學 保險金融管理系(商管群),56090189,A*群,備取,國立勤益科技大學,國立勤益科技大學工業工程與管理系,其他學校錄取,2,"國立臺中科技大學保險金融管理系(備取); 國立勤益科技大學工業工程與管理系(正取,分發)"
CAND_0432,115,nutc_ins,國立臺中科技大學,保險金融管理系(商管群),國立臺中科技大學 保險金融管理系(商管群),59090395,蘇*樂,備取,實踐大學,實踐大學風險管理與保險學系(臺北校區),其他學校錄取,4,"國立臺中科技大學保險金融管理系(備取); 銘傳大學企業管理學系(台北校區)(備取); 銘傳大學會計學系(台北校區)(備取); 實踐大學風險管理與保險學系(臺北校區)(正取,分發)"
CAND_0433,115,nutc_ins,國立臺中科技大學,保險金融管理系(商管群),國立臺中科技大學 保險金融管理系(商管群),6600600,張*齊,備取,—,—,未分發或放棄,4,國立臺中科技大學保險金融管理系(備取); 國立屏東科技大學資訊管理系(通過); 國立勤益科技大學企業管理系(通過); 國立屏東大學資訊管理學系(通過)
CAND_0434,115,nutc_ins,國立臺中科技大學,保險金融管理系(商管群),國立臺中科技大學 保險金融管理系(商管群),61090550,楊*,備取,國立勤益科技大學,國立勤益科技大學工業工程與管理系,其他學校錄取,4,"國立臺中科技大學保險金融管理系(備取); 國立勤益科技大學工業工程與管理系(備取,分發); 朝陽科技大學休閒事業管理系(通過); 亞洲大學會計與資訊學系(通過)"
CAND_0435,115,nutc_ins,國立臺中科技大學,保險金融管理系(商管群),國立臺中科技大學 保險金融管理系(商管群),61090593,*鈞,備取,—,—,未分發或放棄,1,國立臺中科技大學保險金融管理系(備取)
CAND_0436,115,nutc_ins,國立臺中科技大學,保險金融管理系(商管群),國立臺中科技大學 保險金融管理系(商管群),56090151,李*宏,備取,朝陽科技大學,朝陽科技大學會計系,其他學校錄取,3,"國立臺中科技大學保險金融管理系(備取); 朝陽科技大學會計系(正取,分發); 南臺科技大學財務金融系(通過)"
CAND_0437,115,nutc_ins,國立臺中科技大學,保險金融管理系(商管群),國立臺中科技大學 保險金融管理系(商管群),57090635,宋*鉲,備取,—,—,未分發或放棄,1,國立臺中科技大學保險金融管理系(備取)
CAND_0438,115,nutc_ins,國立臺中科技大學,保險金融管理系(商管群),國立臺中科技大學 保險金融管理系(商管群),53090085,鄭*妤,備取,實踐大學,實踐大學風險管理與保險學系(臺北校區),其他學校錄取,3,"國立臺中科技大學保險金融管理系(備取); 國立勤益科技大學行銷與流通管理系(正取); 實踐大學風險管理與保險學系(臺北校區)(正取,分發)"
CAND_0439,115,nutc_ins,國立臺中科技大學,保險金融管理系(商管群),國立臺中科技大學 保險金融管理系(商管群),59090312,李*,備取,國立屏東大學,國立屏東大學國際經營與貿易學系,其他學校錄取,2,"國立臺中科技大學保險金融管理系(備取); 國立屏東大學國際經營與貿易學系(正取,分發)"
CAND_0440,115,nutc_ins,國立臺中科技大學,保險金融管理系(商管群),國立臺中科技大學 保險金融管理系(商管群),56090133,郭*,備取,—,—,未分發或放棄,3,國立臺中科技大學保險金融管理系(備取); 朝陽科技大學企業管理系(通過); 致理科技大學行銷與流通管理系(通過)
CAND_0441,115,nutc_ins,國立臺中科技大學,保險金融管理系(商管群),國立臺中科技大學 保險金融管理系(商管群),65090228,楊*,備取,—,—,未分發或放棄,1,國立臺中科技大學保險金融管理系(備取)
CAND_0442,115,nutc_ins,國立臺中科技大學,保險金融管理系(商管群),國立臺中科技大學 保險金融管理系(商管群),66090209,張*,備取,國立屏東大學,國立屏東大學商業大數據學系,其他學校錄取,3,"國立臺中科技大學保險金融管理系(備取); 國立屏東科技大學工業管理系(正取); 國立屏東大學商業大數據學系(備取,分發)"
CAND_0443,115,nutc_ins,國立臺中科技大學,保險金融管理系(商管群),國立臺中科技大學 保險金融管理系(商管群),61090678,陳*,備取,國立勤益科技大學,國立勤益科技大學資訊管理系,其他學校錄取,4,"國立臺中科技大學保險金融管理系(備取); 國立勤益科技大學資訊管理系(備取,分發); 中臺科技大學視光系(通過); 中臺科技大學醫療暨健康產業管理系(通過)"
CAND_0444,115,nutc_ins,國立臺中科技大學,保險金融管理系(商管群),國立臺中科技大學 保險金融管理系(商管群),61090958,—,備取,—,—,未分發或放棄,2,國立臺中科技大學保險金融管理系(備取); 國立屏東大學企業管理學系(通過)
CAND_0445,115,nutc_ins,國立臺中科技大學,保險金融管理系(商管群),國立臺中科技大學 保險金融管理系(商管群),68090297,李*綸,備取,—,—,未分發或放棄,2,國立臺中科技大學保險金融管理系(備取); 朝陽科技大學財務金融系(通過)
CAND_0446,115,nutc_ins,國立臺中科技大學,保險金融管理系(商管群),國立臺中科技大學 保險金融管理系(商管群),61090973,林*如,備取,—,—,未分發或放棄,3,國立臺中科技大學保險金融管理系(備取); 亞洲大學會計與資訊學系(通過); 亞洲大學財務金融學系(通過)
CAND_0447,115,nutc_ins,國立臺中科技大學,保險金融管理系(商管群),國立臺中科技大學 保險金融管理系(商管群),62090101,葵*,備取,—,—,未分發或放棄,1,國立臺中科技大學保險金融管理系(備取)
CAND_0448,115,nutc_ins,國立臺中科技大學,保險金融管理系(商管群),國立臺中科技大學 保險金融管理系(商管群),63090334,吳*,備取,亞洲大學,亞洲大學會計與資訊學系,其他學校錄取,3,"國立臺中科技大學保險金融管理系(備取); 靜宜大學會計學系(備取); 亞洲大學會計與資訊學系(備取,分發)"
CAND_0449,115,nutc_ins,國立臺中科技大學,保險金融管理系(商管群),國立臺中科技大學 保險金融管理系(商管群),52090485,*佑,備取,國立勤益科技大學,國立勤益科技大學行銷與流通管理系,其他學校錄取,5,"國立臺中科技大學保險金融管理系(備取); 國立屏東科技大學企業管理系(通過); 國立高雄科技大學商務資訊應用系(備取); 國立勤益科技大學行銷與流通管理系(正取,分發); 國立屏東大學企業管理學系(通過)"
CAND_0450,115,nutc_ins,國立臺中科技大學,保險金融管理系(商管群),國立臺中科技大學 保險金融管理系(商管群),63090345,黄*婕,備取,—,—,未分發或放棄,2,國立臺中科技大學保險金融管理系(備取); 靜宜大學財務金融學系(正取)
CAND_0451,115,nutc_ins,國立臺中科技大學,保險金融管理系(商管群),國立臺中科技大學 保險金融管理系(商管群),70090141,梁*玲,備取,—,—,未分發或放棄,2,國立臺中科技大學保險金融管理系(備取); 國立屏東大學商業大數據學系(正取)
CAND_0452,115,nutc_ins,國立臺中科技大學,保險金融管理系(商管群),國立臺中科技大學 保險金融管理系(商管群),58090175,*渝,備取,—,—,未分發或放棄,1,國立臺中科技大學保險金融管理系(備取)
CAND_0453,115,nutc_ins,國立臺中科技大學,保險金融管理系(商管群),國立臺中科技大學 保險金融管理系(商管群),60090265,彭*愷,備取,國立虎尾科技大學,國立虎尾科技大學工業管理系,其他學校錄取,2,"國立臺中科技大學保險金融管理系(備取); 國立虎尾科技大學工業管理系(備取,分發)"
CAND_0454,115,nutc_ins,國立臺中科技大學,保險金融管理系(商管群),國立臺中科技大學 保險金融管理系(商管群),52090021,林*緯,備取,國立勤益科技大學,國立勤益科技大學工業工程與管理系,其他學校錄取,3,"國立臺中科技大學保險金融管理系(備取); 國立勤益科技大學工業工程與管理系(備取,分發); 銘傳大學會計學系(台北校區)(通過)"
CAND_0455,115,nutc_ins,國立臺中科技大學,保險金融管理系(商管群),國立臺中科技大學 保險金融管理系(商管群),64090132,陳*穎,備取,國立勤益科技大學,國立勤益科技大學工業工程與管理系,其他學校錄取,6,"國立臺中科技大學保險金融管理系(備取); 國立勤益科技大學工業工程與管理系(備取,分發); 朝陽科技大學財務金融系(正取); 嶺東科技大學企業管理系(通過); 僑光科技大學財務金融系(正取); 僑光科技大學企業管理系(通過)"
CAND_0456,115,nutc_ins,國立臺中科技大學,保險金融管理系(商管群),國立臺中科技大學 保險金融管理系(商管群),63090213,張*,備取,朝陽科技大學,朝陽科技大學財務金融系,其他學校錄取,2,"國立臺中科技大學保險金融管理系(備取); 朝陽科技大學財務金融系(正取,分發)"
CAND_0457,115,nutc_ins,國立臺中科技大學,保險金融管理系(商管群),國立臺中科技大學 保險金融管理系(商管群),70090697,陳*,備取,國立屏東大學,國立屏東大學商業大數據學系,其他學校錄取,3,"國立臺中科技大學保險金融管理系(備取); 國立屏東大學商業大數據學系(備取,分發); 國立屏東大學資訊管理學系(備取)"
CAND_0458,115,nutc_ins,國立臺中科技大學,保險金融管理系(商管群),國立臺中科技大學 保險金融管理系(商管群),61090898,鄧*佑,備取,朝陽科技大學,朝陽科技大學財務金融系,其他學校錄取,3,"國立臺中科技大學保險金融管理系(備取); 朝陽科技大學財務金融系(正取,分發); 致理科技大學財務金融系(正取)"
CAND_0459,115,nutc_ins,國立臺中科技大學,保險金融管理系(商管群),國立臺中科技大學 保險金融管理系(商管群),63090019,*呈,備取,朝陽科技大學,朝陽科技大學保險金融管理系,其他學校錄取,2,"國立臺中科技大學保險金融管理系(備取); 朝陽科技大學保險金融管理系(正取,分發)"
CAND_0460,115,nutc_ins,國立臺中科技大學,保險金融管理系(商管群),國立臺中科技大學 保險金融管理系(商管群),57090147,黄*軒,備取,國立臺中科技大學,國立臺中科技大學保險金融管理系,原校系/本校留任,5,"國立臺中科技大學保險金融管理系(備取,分發); 國立屏東科技大學企業管理系(通過); 國立勤益科技大學行銷與流通管理系(正取); 朝陽科技大學保險金融管理系(正取); 致理科技大學行銷與流通管理系(通過)"
CAND_0461,115,nutc_ins,國立臺中科技大學,保險金融管理系(商管群),國立臺中科技大學 保險金融管理系(商管群),65090043,葉*達,備取,國立臺中科技大學,國立臺中科技大學保險金融管理系,原校系/本校留任,2,"國立臺中科技大學保險金融管理系(備取,分發); 國立高雄科技大學企業管理系(通過)"
CAND_0462,115,nutc_ins,國立臺中科技大學,保險金融管理系(商管群),國立臺中科技大學 保險金融管理系(商管群),64090256,陳*宇,備取,—,—,未分發或放棄,3,國立臺中科技大學保險金融管理系(備取); 國立虎尾科技大學工業管理系(通過); 國立臺北商業大學數位多媒體設計系(桃園校區)(通過)
CAND_0463,115,nutc_ins,國立臺中科技大學,保險金融管理系(商管群),國立臺中科技大學 保險金融管理系(商管群),61090977,周*,備取,國立虎尾科技大學,國立虎尾科技大學工業管理系,其他學校錄取,2,"國立臺中科技大學保險金融管理系(備取); 國立虎尾科技大學工業管理系(備取,分發)"
CAND_0464,115,nutc_ins,國立臺中科技大學,保險金融管理系(商管群),國立臺中科技大學 保險金融管理系(商管群),51090163,張*豪,備取,國立高雄科技大學,國立高雄科技大學智慧商務系,其他學校錄取,5,"國立臺中科技大學保險金融管理系(通過); 國立雲林科技大學工業工程與管理系(備取); 國立高雄科技大學智慧商務系(正取,分發); 國立虎尾科技大學資訊管理系(正取); 致理科技大學商務科技應用系(通過)"
CAND_0465,115,nutc_ins,國立臺中科技大學,保險金融管理系(商管群),國立臺中科技大學 保險金融管理系(商管群),52090644,沈*,備取,致理科技大學,致理科技大學財務金融系,其他學校錄取,2,"國立臺中科技大學保險金融管理系(通過); 致理科技大學財務金融系(正取,分發)"
CAND_0466,115,nutc_ins,國立臺中科技大學,保險金融管理系(商管群),國立臺中科技大學 保險金融管理系(商管群),52090683,—,備取,實踐大學,實踐大學資訊科技與管理學系(臺北校區),其他學校錄取,3,"國立臺中科技大學保險金融管理系(通過); 國立勤益科技大學工業工程與管理系(正取); 實踐大學資訊科技與管理學系(臺北校區)(正取,分發)"
CAND_0467,115,nutc_ins,國立臺中科技大學,保險金融管理系(商管群),國立臺中科技大學 保險金融管理系(商管群),53090169,—,備取,致理科技大學,致理科技大學財務金融系,其他學校錄取,3,"國立臺中科技大學保險金融管理系(通過); 致理科技大學財務金融系(正取,分發); 國立屏東大學行銷與流通管理學系(通過)"
CAND_0468,115,nutc_ins,國立臺中科技大學,保險金融管理系(商管群),國立臺中科技大學 保險金融管理系(商管群),55090267,何*,備取,中原大學,中原大學國際經營與貿易學系,其他學校錄取,2,"國立臺中科技大學保險金融管理系(通過); 中原大學國際經營與貿易學系(備取,分發)"
CAND_0469,115,nutc_ins,國立臺中科技大學,保險金融管理系(商管群),國立臺中科技大學 保險金融管理系(商管群),56090047,倪*木,備取,致理科技大學,致理科技大學財務金融系,其他學校錄取,2,"國立臺中科技大學保險金融管理系(通過); 致理科技大學財務金融系(正取,分發)"
CAND_0470,115,nutc_ins,國立臺中科技大學,保險金融管理系(商管群),國立臺中科技大學 保險金融管理系(商管群),56090072,邱*紘,備取,國立高雄科技大學,國立高雄科技大學行銷與流通管理系,其他學校錄取,5,"國立臺中科技大學保險金融管理系(通過); 國立高雄科技大學行銷與流通管理系(備取,分發); 國立高雄科技大學商務資訊應用系(正取); 國立虎尾科技大學工業管理系(通過); 國立勤益科技大學行銷與流通管理系(備取)"
CAND_0471,115,nutc_ins,國立臺中科技大學,保險金融管理系(商管群),國立臺中科技大學 保險金融管理系(商管群),56090108,陳*宇,備取,—,—,未分發或放棄,1,國立臺中科技大學保險金融管理系(通過)
CAND_0472,115,nutc_ins,國立臺中科技大學,保險金融管理系(商管群),國立臺中科技大學 保險金融管理系(商管群),56090392,*鈞,備取,—,—,未分發或放棄,2,國立臺中科技大學保險金融管理系(通過); 國立虎尾科技大學工業管理系(通過)
CAND_0473,115,nutc_ins,國立臺中科技大學,保險金融管理系(商管群),國立臺中科技大學 保險金融管理系(商管群),57090445,*翔,備取,—,—,未分發或放棄,3,國立臺中科技大學保險金融管理系(通過); 國立勤益科技大學工業工程與管理系(通過); 國立臺北護理健康大學健康事業管理系(通過)
CAND_0474,115,nutc_ins,國立臺中科技大學,保險金融管理系(商管群),國立臺中科技大學 保險金融管理系(商管群),57090695,蘇*瑄,備取,—,—,未分發或放棄,1,國立臺中科技大學保險金融管理系(通過)
CAND_0475,115,nutc_ins,國立臺中科技大學,保險金融管理系(商管群),國立臺中科技大學 保險金融管理系(商管群),57090935,徐*暘,備取,—,—,未分發或放棄,5,國立臺中科技大學保險金融管理系(通過); 國立高雄科技大學行銷與流通管理系(通過); 國立高雄科技大學風險管理與保險系(通過); 國立虎尾科技大學工業管理系(通過); 國立勤益科技大學工業工程與管理系(通過)
CAND_0476,115,nutc_ins,國立臺中科技大學,保險金融管理系(商管群),國立臺中科技大學 保險金融管理系(商管群),57090949,陳*宇,備取,國立體育大學,國立體育大學休閒產業經營學系,其他學校錄取,5,"國立臺中科技大學保險金融管理系(通過); 國立高雄科技大學行銷與流通管理系(通過); 國立虎尾科技大學工業管理系(通過); 國立勤益科技大學工業工程與管理系(通過); 國立體育大學休閒產業經營學系(正取,分發)"
CAND_0477,115,nutc_ins,國立臺中科技大學,保險金融管理系(商管群),國立臺中科技大學 保險金融管理系(商管群),58090254,侯*妤,備取,國立勤益科技大學,國立勤益科技大學工業工程與管理系,其他學校錄取,5,"國立臺中科技大學保險金融管理系(通過); 國立勤益科技大學工業工程與管理系(備取,分發); 朝陽科技大學財務金融系(正取); 南臺科技大學財務金融系(通過); 致理科技大學財務金融系(正取)"
CAND_0478,115,nutc_ins,國立臺中科技大學,保險金融管理系(商管群),國立臺中科技大學 保險金融管理系(商管群),59090006,李*彤,備取,—,—,未分發或放棄,2,國立臺中科技大學保險金融管理系(通過); 國立高雄科技大學企業管理系(通過)
CAND_0479,115,nutc_ins,國立臺中科技大學,保險金融管理系(商管群),國立臺中科技大學 保險金融管理系(商管群),61090019,*鈞,備取,—,—,未分發或放棄,3,國立臺中科技大學保險金融管理系(通過); 國立高雄科技大學行銷與流通管理系(通過); 國立虎尾科技大學應用外語系(通過)
CAND_0480,115,nutc_ins,國立臺中科技大學,保險金融管理系(商管群),國立臺中科技大學 保險金融管理系(商管群),61090030,楊*軒,備取,朝陽科技大學,朝陽科技大學保險金融管理系,其他學校錄取,5,"國立臺中科技大學保險金融管理系(通過); 國立虎尾科技大學企業管理系(通過); 國立勤益科技大學企業管理系(通過); 朝陽科技大學保險金融管理系(正取,分發); 嶺東科技大學企業管理系(通過)"
CAND_0481,115,nutc_ins,國立臺中科技大學,保險金融管理系(商管群),國立臺中科技大學 保險金融管理系(商管群),61090046,*妤,備取,國立勤益科技大學,國立勤益科技大學企業管理系,其他學校錄取,5,"國立臺中科技大學保險金融管理系(通過); 國立勤益科技大學企業管理系(備取,分發); 南臺科技大學企業管理系(通過); 中臺科技大學視光系(通過); 文藻外語大學東南亞學系(正取)"
CAND_0482,115,nutc_ins,國立臺中科技大學,保險金融管理系(商管群),國立臺中科技大學 保險金融管理系(商管群),61090078,張*庭,備取,國立勤益科技大學,國立勤益科技大學健康產業科技研發與管理系,其他學校錄取,5,"國立臺中科技大學保險金融管理系(通過); 國立勤益科技大學健康產業科技研發與管理系(備取,分發); 弘光科技大學健康事業管理系(通過); 中臺科技大學視光系(通過); 亞洲大學社會工作學系(通過)"
CAND_0483,115,nutc_ins,國立臺中科技大學,保險金融管理系(商管群),國立臺中科技大學 保險金融管理系(商管群),61090274,張*,備取,—,—,未分發或放棄,2,國立臺中科技大學保險金融管理系(通過); 朝陽科技大學工業工程與管理系(通過)
CAND_0484,115,nutc_ins,國立臺中科技大學,保險金融管理系(商管群),國立臺中科技大學 保險金融管理系(商管群),61090362,*柔,備取,—,—,未分發或放棄,2,國立臺中科技大學保險金融管理系(通過); 國立臺北商業大學企業管理系(臺北校區)(備取)
CAND_0485,115,nutc_ins,國立臺中科技大學,保險金融管理系(商管群),國立臺中科技大學 保險金融管理系(商管群),61090470,何*盲,備取,—,—,未分發或放棄,4,國立臺中科技大學保險金融管理系(通過); 國立高雄科技大學文化創意產業系(備取); 國立勤益科技大學健康產業科技研發與管理系(通過); 朝陽科技大學航空運務系(通過)
CAND_0486,115,nutc_ins,國立臺中科技大學,保險金融管理系(商管群),國立臺中科技大學 保險金融管理系(商管群),61090622,林*亞,備取,—,—,未分發或放棄,2,國立臺中科技大學保險金融管理系(通過); 國立虎尾科技大學工業管理系(通過)
CAND_0487,115,nutc_ins,國立臺中科技大學,保險金融管理系(商管群),國立臺中科技大學 保險金融管理系(商管群),61090765,鄭*妏,備取,—,—,未分發或放棄,1,國立臺中科技大學保險金融管理系(通過)
CAND_0488,115,nutc_ins,國立臺中科技大學,保險金融管理系(商管群),國立臺中科技大學 保險金融管理系(商管群),61091006,何*潔,備取,—,—,未分發或放棄,4,國立臺中科技大學保險金融管理系(通過); 國立虎尾科技大學企業管理系(通過); 國立勤益科技大學企業管理系(通過); 亞洲大學人工智慧學系(通過)
CAND_0489,115,nutc_ins,國立臺中科技大學,保險金融管理系(商管群),國立臺中科技大學 保險金融管理系(商管群),61091038,*淳,備取,—,—,未分發或放棄,5,國立臺中科技大學保險金融管理系(通過); 國立屏東科技大學企業管理系(通過); 國立勤益科技大學行銷與流通管理系(通過); 國立高雄餐旅大學休閒暨遊憩管理系(通過); 致理科技大學財務金融系(通過)
CAND_0490,115,nutc_ins,國立臺中科技大學,保險金融管理系(商管群),國立臺中科技大學 保險金融管理系(商管群),61091178,林*,備取,—,—,未分發或放棄,2,國立臺中科技大學保險金融管理系(通過); 國立高雄科技大學風險管理與保險系(通過)
CAND_0491,115,nutc_ins,國立臺中科技大學,保險金融管理系(商管群),國立臺中科技大學 保險金融管理系(商管群),61091370,林*吟,備取,國立高雄科技大學,國立高雄科技大學風險管理與保險系,其他學校錄取,5,"國立臺中科技大學保險金融管理系(通過); 國立高雄科技大學風險管理與保險系(正取,分發); 國立臺北護理健康大學護理系(通過); 國立臺北護理健康大學健康事業管理系(通過); 逢甲大學經濟學系(通過)"
CAND_0492,115,nutc_ins,國立臺中科技大學,保險金融管理系(商管群),國立臺中科技大學 保險金融管理系(商管群),64090220,張*豪,備取,—,—,未分發或放棄,2,國立臺中科技大學保險金融管理系(通過); 國立臺北護理健康大學資訊管理系(通過)
CAND_0493,115,nutc_ins,國立臺中科技大學,保險金融管理系(商管群),國立臺中科技大學 保險金融管理系(商管群),64090250,李*程,備取,—,—,未分發或放棄,1,國立臺中科技大學保險金融管理系(通過)
CAND_0494,115,nutc_ins,國立臺中科技大學,保險金融管理系(商管群),國立臺中科技大學 保險金融管理系(商管群),64090506,吳*陞,備取,—,—,未分發或放棄,4,國立臺中科技大學保險金融管理系(通過); 國立高雄科技大學供應鏈管理系(通過); 國立勤益科技大學工業工程與管理系(通過); 逢甲大學國際經營與貿易學系(通過)
CAND_0495,115,nutc_ins,國立臺中科技大學,保險金融管理系(商管群),國立臺中科技大學 保險金融管理系(商管群),64090598,—,備取,—,—,未分發或放棄,2,國立臺中科技大學保險金融管理系(通過); 國立高雄科技大學漁業科技與管理系(備取)
CAND_0496,115,nutc_ins,國立臺中科技大學,保險金融管理系(商管群),國立臺中科技大學 保險金融管理系(商管群),65090062,葵*揚,備取,國立高雄科技大學,國立高雄科技大學應用德語系,其他學校錄取,2,"國立臺中科技大學保險金融管理系(通過); 國立高雄科技大學應用德語系(正取,分發)"
CAND_0497,115,nutc_ins,國立臺中科技大學,保險金融管理系(商管群),國立臺中科技大學 保險金融管理系(商管群),67090005,*璇,備取,—,—,未分發或放棄,3,國立臺中科技大學保險金融管理系(通過); 國立勤益科技大學工業工程與管理系(通過); 國立屏東大學資訊管理學系(通過)
CAND_0498,115,nutc_ins,國立臺中科技大學,保險金融管理系(商管群),國立臺中科技大學 保險金融管理系(商管群),67090085,李*絜,備取,國立高雄科技大學,國立高雄科技大學會計資訊系,其他學校錄取,4,"國立臺中科技大學保險金融管理系(通過); 國立高雄科技大學會計資訊系(備取,分發); 國立高雄科技大學智慧商務系(通過); 國立屏東大學財務金融學系(通過)"
CAND_0499,115,nutc_ins,國立臺中科技大學,保險金融管理系(商管群),國立臺中科技大學 保險金融管理系(商管群),67090136,葉*妤,備取,國立高雄科技大學,國立高雄科技大學風險管理與保險系,其他學校錄取,2,"國立臺中科技大學保險金融管理系(通過); 國立高雄科技大學風險管理與保險系(正取,分發)"
CAND_0500,115,nutc_ins,國立臺中科技大學,保險金融管理系(商管群),國立臺中科技大學 保險金融管理系(商管群),68090133,*淮,備取,—,—,未分發或放棄,2,國立臺中科技大學保險金融管理系(通過); 國立屏東大學會計學系(正取)
CAND_0501,115,nutc_ins,國立臺中科技大學,保險金融管理系(商管群),國立臺中科技大學 保險金融管理系(商管群),68090309,吳*宏,備取,—,—,未分發或放棄,1,國立臺中科技大學保險金融管理系(通過)
CAND_0502,115,nutc_ins,國立臺中科技大學,保險金融管理系(商管群),國立臺中科技大學 保險金融管理系(商管群),68090612,—,備取,國立高雄科技大學,國立高雄科技大學風險管理與保險系,其他學校錄取,6,"國立臺中科技大學保險金融管理系(通過); 國立高雄科技大學風險管理與保險系(備取); 國立高雄科技大學風險管理與保險系(備取,分發); 國立高雄科技大學商務資訊應用系(通過); 國立勤益科技大學資訊管理系(通過); 實踐大學風險管理與保險學系(臺北校區)(備取)"
CAND_0503,115,nutc_ins,國立臺中科技大學,保險金融管理系(商管群),國立臺中科技大學 保險金融管理系(商管群),70090329,—,備取,國立屏東大學,國立屏東大學財務金融學系,其他學校錄取,3,"國立臺中科技大學保險金融管理系(通過); 國立屏東大學財務金融學系(備取,分發); 國立屏東大學行銷與流通管理學系(正取)"
CAND_0504,115,nutc_ins,國立臺中科技大學,保險金融管理系(商管群),國立臺中科技大學 保險金融管理系(商管群),70090341,陳*,備取,國立勤益科技大學,國立勤益科技大學工業工程與管理系,其他學校錄取,3,"國立臺中科技大學保險金融管理系(通過); 國立虎尾科技大學工業管理系(通過); 國立勤益科技大學工業工程與管理系(備取,分發)"
CAND_0505,115,nutc_ins,國立臺中科技大學,保險金融管理系(商管群),國立臺中科技大學 保險金融管理系(商管群),70090537,林*婷,備取,—,—,未分發或放棄,3,國立臺中科技大學保險金融管理系(通過); 國立高雄科技大學供應鏈管理系(備取); 國立勤益科技大學工業工程與管理系(通過)
CAND_0506,115,nutc_ins,國立臺中科技大學,保險金融管理系(商管群),國立臺中科技大學 保險金融管理系(商管群),70090772,薛*婷,備取,—,—,未分發或放棄,3,國立臺中科技大學保險金融管理系(通過); 銘傳大學企業管理學系(台北校區)(通過); 銘傳大學國際企業學系(台北校區)(通過)
CAND_0507,115,nutc_ins,國立臺中科技大學,保險金融管理系(商管群),國立臺中科技大學 保險金融管理系(商管群),70090890,馮*語,備取,—,—,未分發或放棄,2,國立臺中科技大學保險金融管理系(通過); 國立屏東大學行銷與流通管理學系(通過)
CAND_0508,115,nutc_ins,國立臺中科技大學,保險金融管理系(商管群),國立臺中科技大學 保險金融管理系(商管群),71090063,楊*渝,備取,國立高雄科技大學,國立高雄科技大學應用英語系,其他學校錄取,4,"國立臺中科技大學保險金融管理系(通過); 國立高雄科技大學應用英語系(正取,分發); 國立屏東大學國際經營與貿易學系(通過); 國立屏東大學應用英語學系(正取)"
CAND_0509,115,nutc_ins,國立臺中科技大學,保險金融管理系(商管群),國立臺中科技大學 保險金融管理系(商管群),73090122,徐*彗,備取,國立臺北護理健康大學,國立臺北護理健康大學健康事業管理系,其他學校錄取,3,"國立臺中科技大學保險金融管理系(通過); 國立虎尾科技大學企業管理系(通過); 國立臺北護理健康大學健康事業管理系(正取,分發)"
CAND_0510,115,nutc_ins,國立臺中科技大學,保險金融管理系(英語類),國立臺中科技大學 保險金融管理系(英語類),56150173,吳*莉,正取,國立臺中科技大學,國立臺中科技大學保險金融管理系,原校系/本校留任,2,"國立臺中科技大學保險金融管理系(正取,分發); 國立虎尾科技大學企業管理系(通過)"
CAND_0511,115,nutc_ins,國立臺中科技大學,保險金融管理系(英語類),國立臺中科技大學 保險金融管理系(英語類),54150040,許*慈,正取,國立臺中科技大學,國立臺中科技大學保險金融管理系,原校系/本校留任,1,"國立臺中科技大學保險金融管理系(正取,分發)"
CAND_0512,115,nutc_ins,國立臺中科技大學,保險金融管理系(英語類),國立臺中科技大學 保險金融管理系(英語類),56150199,林*明,正取,致理科技大學,致理科技大學國際貿易系,其他學校錄取,3,"國立臺中科技大學保險金融管理系(正取); 國立臺北護理健康大學健康事業管理系(備取); 致理科技大學國際貿易系(備取,分發)"
CAND_0513,115,nutc_ins,國立臺中科技大學,保險金融管理系(英語類),國立臺中科技大學 保險金融管理系(英語類),54150044,—,備取,國立臺北護理健康大學,國立臺北護理健康大學健康事業管理系,其他學校錄取,2,"國立臺中科技大學保險金融管理系(通過); 國立臺北護理健康大學健康事業管理系(正取,分發)"
CAND_0514,115,nutc_ins,國立臺中科技大學,保險金融管理系(英語類),國立臺中科技大學 保險金融管理系(英語類),57530075,林*彤,備取,—,—,未分發或放棄,1,國立臺中科技大學保險金融管理系(通過)
CAND_0515,115,nutc_ins,國立臺中科技大學,保險金融管理系(英語類),國立臺中科技大學 保險金融管理系(英語類),58150065,—,備取,—,—,未分發或放棄,3,國立臺中科技大學保險金融管理系(通過); 國立高雄科技大學行銷與流通管理系(通過); 國立勤益科技大學應用英語系(通過)
CAND_0516,115,nutc_ins,國立臺中科技大學,保險金融管理系(英語類),國立臺中科技大學 保險金融管理系(英語類),58150146,蘇*晴,備取,—,—,未分發或放棄,2,國立臺中科技大學保險金融管理系(通過); 國立勤益科技大學企業管理系(通過)
CAND_0517,115,nutc_ins,國立臺中科技大學,保險金融管理系(英語類),國立臺中科技大學 保險金融管理系(英語類),64150049,*儀,備取,—,—,未分發或放棄,1,國立臺中科技大學保險金融管理系(通過)
CAND_0518,115,nutc_ins,國立臺中科技大學,保險金融管理系(英語類),國立臺中科技大學 保險金融管理系(英語類),64150063,蕭*,備取,國立臺北護理健康大學,國立臺北護理健康大學健康事業管理系,其他學校錄取,3,"國立臺中科技大學保險金融管理系(通過); 國立勤益科技大學企業管理系(通過); 國立臺北護理健康大學健康事業管理系(備取,分發)"
CAND_0519,113,nkust_ins,國立高雄科技大學,風險管理與保險系(商管群),國立高雄科技大學 風險管理與保險系(商管群),57090186,邱*,正取,國立高雄科技大學,國立高雄科技大學風險管理與保險系,原校系/本校留任,2,"國立高雄科技大學風險管理與保險系(正取,分發); 國立高雄科技大學行銷與流通管理系(通過)"
CAND_0520,113,nkust_ins,國立高雄科技大學,風險管理與保險系(商管群),國立高雄科技大學 風險管理與保險系(商管群),64090003,—,正取,國立高雄科技大學,國立高雄科技大學風險管理與保險系,原校系/本校留任,2,"國立高雄科技大學風險管理與保險系(正取,分發); 朝陽科技大學財務金融系(正取)"
CAND_0521,113,nkust_ins,國立高雄科技大學,風險管理與保險系(商管群),國立高雄科技大學 風險管理與保險系(商管群),60090186,吳*,正取,國立高雄科技大學,國立高雄科技大學風險管理與保險系,原校系/本校留任,1,"國立高雄科技大學風險管理與保險系(正取,分發)"
CAND_0522,113,nkust_ins,國立高雄科技大學,風險管理與保險系(商管群),國立高雄科技大學 風險管理與保險系(商管群),61091099,魏*庭,正取,國立高雄科技大學,國立高雄科技大學金融資訊系,原校系/本校留任,2,"國立高雄科技大學風險管理與保險系(正取); 國立高雄科技大學金融資訊系(正取,分發)"
CAND_0523,113,nkust_ins,國立高雄科技大學,風險管理與保險系(商管群),國立高雄科技大學 風險管理與保險系(商管群),56090543,吳*祈,正取,國立高雄科技大學,國立高雄科技大學風險管理與保險系,原校系/本校留任,2,"國立高雄科技大學風險管理與保險系(正取,分發); 致理科技大學財務金融系(正取)"
CAND_0524,113,nkust_ins,國立高雄科技大學,風險管理與保險系(商管群),國立高雄科技大學 風險管理與保險系(商管群),67090091,*永,正取,國立高雄科技大學,國立高雄科技大學風險管理與保險系,原校系/本校留任,1,"國立高雄科技大學風險管理與保險系(正取,分發)"
CAND_0525,113,nkust_ins,國立高雄科技大學,風險管理與保險系(商管群),國立高雄科技大學 風險管理與保險系(商管群),64090044,蘇*,正取,國立高雄科技大學,國立高雄科技大學風險管理與保險系,原校系/本校留任,4,"國立高雄科技大學風險管理與保險系(正取,分發); 國立高雄科技大學人力資源發展系(正取); 逢甲大學風險管理與保險學系(正取); 逢甲大學經濟學系(備取)"
CAND_0526,113,nkust_ins,國立高雄科技大學,風險管理與保險系(商管群),國立高雄科技大學 風險管理與保險系(商管群),70091086,*臻,正取,國立高雄科技大學,國立高雄科技大學風險管理與保險系,原校系/本校留任,2,"國立高雄科技大學風險管理與保險系(正取,分發); 國立高雄科技大學企業管理系(正取)"
CAND_0527,113,nkust_ins,國立高雄科技大學,風險管理與保險系(商管群),國立高雄科技大學 風險管理與保險系(商管群),68090006,張*純,正取,國立高雄科技大學,國立高雄科技大學風險管理與保險系,原校系/本校留任,1,"國立高雄科技大學風險管理與保險系(正取,分發)"
CAND_0528,113,nkust_ins,國立高雄科技大學,風險管理與保險系(商管群),國立高雄科技大學 風險管理與保險系(商管群),51090287,陳*,正取,國立臺中科技大學,國立臺中科技大學保險金融管理系,其他學校錄取,2,"國立高雄科技大學風險管理與保險系(正取); 國立臺中科技大學保險金融管理系(正取,分發)"
CAND_0529,113,nkust_ins,國立高雄科技大學,風險管理與保險系(商管群),國立高雄科技大學 風險管理與保險系(商管群),61090220,江*諭,正取,國立高雄科技大學,國立高雄科技大學風險管理與保險系,原校系/本校留任,1,"國立高雄科技大學風險管理與保險系(正取,分發)"
CAND_0530,113,nkust_ins,國立高雄科技大學,風險管理與保險系(商管群),國立高雄科技大學 風險管理與保險系(商管群),70090018,曹*愷,正取,國立高雄科技大學,國立高雄科技大學會計資訊系,原校系/本校留任,3,"國立高雄科技大學風險管理與保險系(正取); 國立高雄科技大學會計資訊系(正取,分發); 國立臺中科技大學會計資訊系(正取)"
CAND_0531,113,nkust_ins,國立高雄科技大學,風險管理與保險系(商管群),國立高雄科技大學 風險管理與保險系(商管群),67090230,林*翎,正取,國立高雄科技大學,國立高雄科技大學風險管理與保險系,原校系/本校留任,1,"國立高雄科技大學風險管理與保險系(正取,分發)"
CAND_0532,113,nkust_ins,國立高雄科技大學,風險管理與保險系(商管群),國立高雄科技大學 風險管理與保險系(商管群),69090122,蕭*,正取,國立高雄科技大學,國立高雄科技大學風險管理與保險系,原校系/本校留任,1,"國立高雄科技大學風險管理與保險系(正取,分發)"
CAND_0533,113,nkust_ins,國立高雄科技大學,風險管理與保險系(商管群),國立高雄科技大學 風險管理與保險系(商管群),66090338,沈*璇,正取,國立臺中科技大學,國立臺中科技大學保險金融管理系,其他學校錄取,2,"國立高雄科技大學風險管理與保險系(正取); 國立臺中科技大學保險金融管理系(正取,分發)"
CAND_0534,113,nkust_ins,國立高雄科技大學,風險管理與保險系(商管群),國立高雄科技大學 風險管理與保險系(商管群),69090019,周*頎,正取,國立高雄科技大學,國立高雄科技大學風險管理與保險系,原校系/本校留任,3,"國立高雄科技大學風險管理與保險系(正取,分發); 國立屏東科技大學企業管理系(正取); 國立屏東大學資訊管理學系(備取)"
CAND_0535,113,nkust_ins,國立高雄科技大學,風險管理與保險系(商管群),國立高雄科技大學 風險管理與保險系(商管群),59090178,A*姿,正取,國立高雄科技大學,國立高雄科技大學風險管理與保險系,原校系/本校留任,2,"國立高雄科技大學風險管理與保險系(正取,分發); 國立虎尾科技大學企業管理系(正取)"
CAND_0536,113,nkust_ins,國立高雄科技大學,風險管理與保險系(商管群),國立高雄科技大學 風險管理與保險系(商管群),56090526,*軒,正取,國立高雄科技大學,國立高雄科技大學風險管理與保險系,原校系/本校留任,5,"國立高雄科技大學風險管理與保險系(正取,分發); 國立高雄科技大學行銷與流通管理系(通過); 國立虎尾科技大學財務金融系(正取); 國立勤益科技大學流通管理系(通過); 國立臺中科技大學保險金融管理系(備取)"
CAND_0537,113,nkust_ins,國立高雄科技大學,風險管理與保險系(商管群),國立高雄科技大學 風險管理與保險系(商管群),61091207,林*越,正取,國立高雄科技大學,國立高雄科技大學行銷與流通管理系,原校系/本校留任,3,"國立高雄科技大學風險管理與保險系(正取); 國立高雄科技大學行銷與流通管理系(備取,分發); 國立高雄科技大學供應鏈管理系(備取)"
CAND_0538,113,nkust_ins,國立高雄科技大學,風險管理與保險系(商管群),國立高雄科技大學 風險管理與保險系(商管群),64090610,—,正取,國立高雄科技大學,國立高雄科技大學風險管理與保險系,原校系/本校留任,2,"國立高雄科技大學風險管理與保險系(正取,分發); 國立臺中科技大學保險金融管理系(通過)"
CAND_0539,113,nkust_ins,國立高雄科技大學,風險管理與保險系(商管群),國立高雄科技大學 風險管理與保險系(商管群),70090537,*宇,正取,國立高雄科技大學,國立高雄科技大學風險管理與保險系,原校系/本校留任,2,"國立高雄科技大學風險管理與保險系(正取,分發); 國立高雄科技大學人力資源發展系(正取)"
CAND_0540,113,nkust_ins,國立高雄科技大學,風險管理與保險系(商管群),國立高雄科技大學 風險管理與保險系(商管群),68090501,李*逸,備取,國立高雄科技大學,國立高雄科技大學風險管理與保險系,原校系/本校留任,3,"國立高雄科技大學風險管理與保險系(備取,分發); 國立高雄科技大學行銷與流通管理系(正取); 國立臺中科技大學國際貿易與經營系(通過)"
CAND_0541,113,nkust_ins,國立高雄科技大學,風險管理與保險系(商管群),國立高雄科技大學 風險管理與保險系(商管群),68090206,—,備取,國立高雄科技大學,國立高雄科技大學風險管理與保險系,原校系/本校留任,4,"國立高雄科技大學風險管理與保險系(備取,分發); 國立高雄科技大學人力資源發展系(備取); 國立虎尾科技大學應用外語系(通過); 國立臺中科技大學流通管理系(通過)"
CAND_0542,113,nkust_ins,國立高雄科技大學,風險管理與保險系(商管群),國立高雄科技大學 風險管理與保險系(商管群),55090209,江*蔚,備取,國立高雄科技大學,國立高雄科技大學風險管理與保險系,原校系/本校留任,1,"國立高雄科技大學風險管理與保險系(備取,分發)"
CAND_0543,113,nkust_ins,國立高雄科技大學,風險管理與保險系(商管群),國立高雄科技大學 風險管理與保險系(商管群),55090189,賴*日,備取,國立高雄科技大學,國立高雄科技大學風險管理與保險系,原校系/本校留任,3,"國立高雄科技大學風險管理與保險系(備取,分發); 國立高雄科技大學人力資源發展系(備取); 國立勤益科技大學流通管理系(通過)"
CAND_0544,113,nkust_ins,國立高雄科技大學,風險管理與保險系(商管群),國立高雄科技大學 風險管理與保險系(商管群),65090129,*凱,備取,—,—,未分發或放棄,2,國立高雄科技大學風險管理與保險系(備取); 國立臺中科技大學企業管理系(通過)
CAND_0545,113,nkust_ins,國立高雄科技大學,風險管理與保險系(商管群),國立高雄科技大學 風險管理與保險系(商管群),59090025,黄*璇,備取,國立高雄科技大學,國立高雄科技大學工業工程與管理系,原校系/本校留任,3,"國立高雄科技大學風險管理與保險系(備取); 國立高雄科技大學工業工程與管理系(備取,分發); 國立臺中科技大學保險金融管理系(通過)"
CAND_0546,113,nkust_ins,國立高雄科技大學,風險管理與保險系(商管群),國立高雄科技大學 風險管理與保險系(商管群),61090012,謝*珊,備取,靜宜大學,靜宜大學財務金融學系,其他學校錄取,4,"國立高雄科技大學風險管理與保險系(備取); 國立臺中科技大學保險金融管理系(備取); 朝陽科技大學保險金融管理系(正取); 靜宜大學財務金融學系(正取,分發)"
CAND_0547,113,nkust_ins,國立高雄科技大學,風險管理與保險系(商管群),國立高雄科技大學 風險管理與保險系(商管群),57091019,謝*呈,備取,—,—,未分發或放棄,2,國立高雄科技大學風險管理與保險系(備取); 國立勤益科技大學流通管理系(通過)
CAND_0548,113,nkust_ins,國立高雄科技大學,風險管理與保險系(商管群),國立高雄科技大學 風險管理與保險系(商管群),65090075,陳*,備取,國立臺中科技大學,國立臺中科技大學流通管理系,其他學校錄取,4,"國立高雄科技大學風險管理與保險系(備取); 國立虎尾科技大學企業管理系(通過); 國立勤益科技大學企業管理系(通過); 國立臺中科技大學流通管理系(備取,分發)"
CAND_0549,113,nkust_ins,國立高雄科技大學,風險管理與保險系(商管群),國立高雄科技大學 風險管理與保險系(商管群),64090323,高*楷,備取,國立高雄科技大學,國立高雄科技大學商務資訊應用系,原校系/本校留任,3,"國立高雄科技大學風險管理與保險系(備取); 國立高雄科技大學商務資訊應用系(正取,分發); 國立勤益科技大學資訊工程系(通過)"
CAND_0550,113,nkust_ins,國立高雄科技大學,風險管理與保險系(商管群),國立高雄科技大學 風險管理與保險系(商管群),58090269,*閔,備取,國立高雄科技大學,國立高雄科技大學行銷與流通管理系,原校系/本校留任,3,"國立高雄科技大學風險管理與保險系(備取); 國立高雄科技大學行銷與流通管理系(備取,分發); 國立臺中科技大學國際貿易與經營系(備取)"
CAND_0551,113,nkust_ins,國立高雄科技大學,風險管理與保險系(商管群),國立高雄科技大學 風險管理與保險系(商管群),64090143,吳*,備取,—,—,未分發或放棄,2,國立高雄科技大學風險管理與保險系(備取); 國立高雄科技大學行銷與流通管理系(通過)
CAND_0552,113,nkust_ins,國立高雄科技大學,風險管理與保險系(商管群),國立高雄科技大學 風險管理與保險系(商管群),58090144,*棻,備取,國立高雄科技大學,國立高雄科技大學企業管理系,原校系/本校留任,3,"國立高雄科技大學風險管理與保險系(備取); 國立高雄科技大學企業管理系(備取,分發); 國立臺中科技大學資訊管理系(備取)"
CAND_0553,113,nkust_ins,國立高雄科技大學,風險管理與保險系(商管群),國立高雄科技大學 風險管理與保險系(商管群),66090086,林*妤,備取,國立高雄科技大學,國立高雄科技大學風險管理與保險系,原校系/本校留任,6,"國立高雄科技大學風險管理與保險系(備取,分發); 國立屏東科技大學農企業管理系(通過); 國立屏東科技大學企業管理系(通過); 朝陽科技大學資訊管理系資訊管理組(通過); 國立屏東大學不動產經營學系(通過); 靜宜大學資訊管理學系(通過)"
CAND_0554,113,nkust_ins,國立高雄科技大學,風險管理與保險系(商管群),國立高雄科技大學 風險管理與保險系(商管群),64090087,葵*,備取,國立臺中科技大學,國立臺中科技大學保險金融管理系,其他學校錄取,6,"國立高雄科技大學風險管理與保險系(備取); 國立高雄科技大學行銷與流通管理系(備取); 國立高雄科技大學人力資源發展系(通過); 國立虎尾科技大學財務金融系(通過); 國立勤益科技大學流通管理系(通過); 國立臺中科技大學保險金融管理系(正取,分發)"
CAND_0555,113,nkust_ins,國立高雄科技大學,風險管理與保險系(商管群),國立高雄科技大學 風險管理與保險系(商管群),68090374,林*軒,備取,—,—,未分發或放棄,4,國立高雄科技大學風險管理與保險系(備取); 國立雲林科技大學文化資產維護系(通過); 國立高雄科技大學文化創意產業系(通過); 國立臺中科技大學應用中文系(通過)
CAND_0556,113,nkust_ins,國立高雄科技大學,風險管理與保險系(商管群),國立高雄科技大學 風險管理與保險系(商管群),54090297,*琦,備取,國立臺中科技大學,國立臺中科技大學流通管理系,其他學校錄取,4,"國立高雄科技大學風險管理與保險系(通過); 國立虎尾科技大學企業管理系(正取); 國立勤益科技大學流通管理系(正取); 國立臺中科技大學流通管理系(正取,分發)"
CAND_0557,113,nkust_ins,國立高雄科技大學,風險管理與保險系(商管群),國立高雄科技大學 風險管理與保險系(商管群),55090225,吳*如,備取,國立勤益科技大學,國立勤益科技大學流通管理系,其他學校錄取,3,"國立高雄科技大學風險管理與保險系(通過); 國立勤益科技大學流通管理系(備取,分發); 國立臺中科技大學流通管理系(備取)"
CAND_0558,113,nkust_ins,國立高雄科技大學,風險管理與保險系(商管群),國立高雄科技大學 風險管理與保險系(商管群),55090261,朱*博,備取,國立臺北商業大學,國立臺北商業大學數位多媒體設計系(桃園校區),其他學校錄取,6,"國立高雄科技大學風險管理與保險系(通過); 國立臺北商業大學數位多媒體設計系(桃園校區)(正取,分發); 明志科技大學數位行銷設計學士學位學程(通過); 中國科技大學數位多媒體設計系(臺北校區)(通過); 黎明技術學院數位多媒體系(正取); 實踐大學風險管理與保險學系(臺北校區)(通過)"
CAND_0559,113,nkust_ins,國立高雄科技大學,風險管理與保險系(商管群),國立高雄科技大學 風險管理與保險系(商管群),56090498,盛*,備取,—,—,未分發或放棄,4,國立高雄科技大學風險管理與保險系(通過); 國立虎尾科技大學工業管理系(通過); 國立勤益科技大學工業工程與管理系(正取); 國立屏東大學會計學系(通過)
CAND_0560,113,nkust_ins,國立高雄科技大學,風險管理與保險系(商管群),國立高雄科技大學 風險管理與保險系(商管群),57090077,陳*,備取,國立臺中科技大學,國立臺中科技大學保險金融管理系,其他學校錄取,3,"國立高雄科技大學風險管理與保險系(通過); 國立虎尾科技大學財務金融系(通過); 國立臺中科技大學保險金融管理系(正取,分發)"
CAND_0561,113,nkust_ins,國立高雄科技大學,風險管理與保險系(商管群),國立高雄科技大學 風險管理與保險系(商管群),61090753,吳*盲,備取,—,—,未分發或放棄,5,國立高雄科技大學風險管理與保險系(通過); 國立高雄科技大學企業管理系(通過); 國立虎尾科技大學企業管理系(通過); 國立勤益科技大學工業工程與管理系(通過); 國立臺中科技大學企業管理系(通過)
CAND_0562,113,nkust_ins,國立高雄科技大學,風險管理與保險系(商管群),國立高雄科技大學 風險管理與保險系(商管群),61091038,蕭*珊,備取,—,—,未分發或放棄,4,國立高雄科技大學風險管理與保險系(通過); 國立虎尾科技大學企業管理系(通過); 國立勤益科技大學企業管理系(通過); 國立臺中科技大學會計資訊系(通過)
CAND_0563,113,nkust_ins,國立高雄科技大學,風險管理與保險系(商管群),國立高雄科技大學 風險管理與保險系(商管群),61091631,—,備取,—,—,未分發或放棄,3,國立高雄科技大學風險管理與保險系(通過); 國立屏東科技大學企業管理系(通過); 國立臺中科技大學財務金融系(通過)
CAND_0564,113,nkust_ins,國立高雄科技大學,風險管理與保險系(商管群),國立高雄科技大學 風險管理與保險系(商管群),61091761,梁*炘,備取,國立臺中科技大學,國立臺中科技大學保險金融管理系,其他學校錄取,4,"國立高雄科技大學風險管理與保險系(通過); 國立雲林科技大學文化資產維護系(通過); 國立高雄科技大學行銷與流通管理系(通過); 國立臺中科技大學保險金融管理系(正取,分發)"
CAND_0565,113,nkust_ins,國立高雄科技大學,風險管理與保險系(商管群),國立高雄科技大學 風險管理與保險系(商管群),63090349,簡*,備取,國立臺中科技大學,國立臺中科技大學應用統計系,其他學校錄取,4,"國立高雄科技大學風險管理與保險系(通過); 國立虎尾科技大學工業管理系(通過); 國立勤益科技大學工業工程與管理系(通過); 國立臺中科技大學應用統計系(正取,分發)"
CAND_0566,113,nkust_ins,國立高雄科技大學,風險管理與保險系(商管群),國立高雄科技大學 風險管理與保險系(商管群),64090071,賴*雅,正取,國立高雄科技大學,國立高雄科技大學財務管理系,原校系/本校留任,4,"國立高雄科技大學風險管理與保險系(通過); 國立高雄科技大學行銷與流通管理系(通過); 國立高雄科技大學財務管理系(正取,分發); 國立臺中科技大學會計資訊系(通過)"
CAND_0567,113,nkust_ins,國立高雄科技大學,風險管理與保險系(商管群),國立高雄科技大學 風險管理與保險系(商管群),64090267,張*紘,備取,國立高雄科技大學,國立高雄科技大學金融系,原校系/本校留任,5,"國立高雄科技大學風險管理與保險系(通過); 國立高雄科技大學金融系(備取,分發); 國立高雄科技大學航運管理系(通過); 國立虎尾科技大學財務金融系(通過); 國立臺中科技大學財務金融系(備取)"
CAND_0568,113,nkust_ins,國立高雄科技大學,風險管理與保險系(商管群),國立高雄科技大學 風險管理與保險系(商管群),64090443,周*諺,備取,國立雲林科技大學,國立雲林科技大學企業管理系,其他學校錄取,4,"國立高雄科技大學風險管理與保險系(通過); 國立雲林科技大學工業工程與管理系(備取); 國立雲林科技大學企業管理系(備取,分發); 國立高雄科技大學財務管理系(通過)"
CAND_0569,113,nkust_ins,國立高雄科技大學,風險管理與保險系(商管群),國立高雄科技大學 風險管理與保險系(商管群),64090487,謝*哲,正取,國立高雄科技大學,國立高雄科技大學國際企業系,原校系/本校留任,6,"國立高雄科技大學風險管理與保險系(通過); 國立雲林科技大學工業工程與管理系(通過); 國立雲林科技大學企業管理系(通過); 國立高雄科技大學國際企業系(備取,分發); 國立高雄科技大學行銷與流通管理系(正取); 國立臺中科技大學國際貿易與經營系(通過)"
CAND_0570,113,nkust_ins,國立高雄科技大學,風險管理與保險系(商管群),國立高雄科技大學 風險管理與保險系(商管群),64090602,林*璉,正取,國立高雄科技大學,國立高雄科技大學行銷與流通管理系,原校系/本校留任,4,"國立高雄科技大學風險管理與保險系(通過); 國立高雄科技大學行銷與流通管理系(正取,分發); 國立臺北護理健康大學生死與健康心理諮商系(通過); 國立臺中科技大學會計資訊系(通過)"
CAND_0571,113,nkust_ins,國立高雄科技大學,風險管理與保險系(商管群),國立高雄科技大學 風險管理與保險系(商管群),65090017,林*筑,備取,國立臺北商業大學,國立臺北商業大學財務金融系(臺北校區),其他學校錄取,6,"國立高雄科技大學風險管理與保險系(通過); 國立雲林科技大學企業管理系(通過); 國立雲林科技大學財務金融系(通過); 國立高雄科技大學財政稅務系(通過); 國立臺北商業大學財務金融系(臺北校區)(備取,分發); 國立臺北商業大學財政稅務系(臺北校區)(通過)"
CAND_0572,113,nkust_ins,國立高雄科技大學,風險管理與保險系(商管群),國立高雄科技大學 風險管理與保險系(商管群),65090317,林*祐,備取,—,—,未分發或放棄,4,國立高雄科技大學風險管理與保險系(通過); 國立雲林科技大學工業工程與管理系(備取); 國立高雄科技大學智慧商務系(通過); 國立臺中科技大學保險金融管理系(通過)
CAND_0573,113,nkust_ins,國立高雄科技大學,風險管理與保險系(商管群),國立高雄科技大學 風險管理與保險系(商管群),67090218,*豪,備取,國立高雄科技大學,國立高雄科技大學人力資源發展系,原校系/本校留任,2,"國立高雄科技大學風險管理與保險系(通過); 國立高雄科技大學人力資源發展系(備取,分發)"
CAND_0574,113,nkust_ins,國立高雄科技大學,風險管理與保險系(商管群),國立高雄科技大學 風險管理與保險系(商管群),67090386,*紘,備取,—,—,未分發或放棄,2,國立高雄科技大學風險管理與保險系(通過); 國立勤益科技大學流通管理系(通過)
CAND_0575,113,nkust_ins,國立高雄科技大學,風險管理與保險系(商管群),國立高雄科技大學 風險管理與保險系(商管群),68090158,郭*伶,備取,—,—,未分發或放棄,4,國立高雄科技大學風險管理與保險系(通過); 國立屏東科技大學財務金融國際學士學位學程(通過); 國立屏東大學會計學系(通過); 國立屏東大學資訊管理學系(通過)
CAND_0576,113,nkust_ins,國立高雄科技大學,風險管理與保險系(商管群),國立高雄科技大學 風險管理與保險系(商管群),68090257,—,備取,國立高雄科技大學,國立高雄科技大學供應鏈管理系,原校系/本校留任,3,"國立高雄科技大學風險管理與保險系(通過); 國立高雄科技大學供應鏈管理系(備取,分發); 國立臺中科技大學國際貿易與經營系(備取)"
CAND_0577,113,nkust_ins,國立高雄科技大學,風險管理與保險系(商管群),國立高雄科技大學 風險管理與保險系(商管群),6006069,趙*惠,備取,—,—,未分發或放棄,2,國立高雄科技大學風險管理與保險系(通過); 國立勤益科技大學流通管理系(通過)
CAND_0578,113,nkust_ins,國立高雄科技大學,風險管理與保險系(商管群),國立高雄科技大學 風險管理與保險系(商管群),69530006,辜*慈,備取,國立雲林科技大學,國立雲林科技大學企業管理系,其他學校錄取,2,"國立高雄科技大學風險管理與保險系(通過); 國立雲林科技大學企業管理系(備取,分發)"
CAND_0579,113,nkust_ins,國立高雄科技大學,風險管理與保險系(商管群),國立高雄科技大學 風險管理與保險系(商管群),70090086,黄*皓,備取,—,—,未分發或放棄,1,國立高雄科技大學風險管理與保險系(通過)
CAND_0580,113,nkust_ins,國立高雄科技大學,風險管理與保險系(商管群),國立高雄科技大學 風險管理與保險系(商管群),70090158,周*杉,備取,—,—,未分發或放棄,2,國立高雄科技大學風險管理與保險系(通過); 國立屏東大學財務金融學系(通過)
CAND_0581,113,nkust_ins,國立高雄科技大學,風險管理與保險系(商管群),國立高雄科技大學 風險管理與保險系(商管群),70090226,許*,備取,國立臺中科技大學,國立臺中科技大學資訊工程系,其他學校錄取,4,"國立高雄科技大學風險管理與保險系(通過); 國立高雄科技大學工業工程與管理系(通過); 國立高雄科技大學企業管理系(通過); 國立臺中科技大學資訊工程系(正取,分發)"
CAND_0582,113,nkust_ins,國立高雄科技大學,風險管理與保險系(商管群),國立高雄科技大學 風險管理與保險系(商管群),70090290,*慈,備取,—,—,未分發或放棄,1,國立高雄科技大學風險管理與保險系(通過)
CAND_0583,113,nkust_ins,國立高雄科技大學,風險管理與保險系(商管群),國立高雄科技大學 風險管理與保險系(商管群),70090602,*靖,備取,國立臺中科技大學,國立臺中科技大學保險金融管理系,其他學校錄取,4,"國立高雄科技大學風險管理與保險系(通過); 國立高雄科技大學企業管理系(通過); 國立高雄科技大學金融資訊系(通過); 國立臺中科技大學保險金融管理系(正取,分發)"
CAND_0584,113,nkust_ins,國立高雄科技大學,風險管理與保險系(商管群),國立高雄科技大學 風險管理與保險系(商管群),70090618,黄*凱,備取,國立高雄科技大學,國立高雄科技大學行銷與流通管理系,原校系/本校留任,5,"國立高雄科技大學風險管理與保險系(通過); 國立高雄科技大學企業管理系(通過); 國立高雄科技大學行銷與流通管理系(備取,分發); 國立屏東大學企業管理學系(通過); 國立屏東大學行銷與流通管理學系(通過)"
CAND_0585,113,nkust_ins,國立高雄科技大學,風險管理與保險系(商管群),國立高雄科技大學 風險管理與保險系(商管群),70090802,陸*陽,備取,—,—,未分發或放棄,2,國立高雄科技大學風險管理與保險系(通過); 國立臺中科技大學財務金融系(通過)
CAND_0586,113,nkust_ins,國立高雄科技大學,風險管理與保險系(商管群),國立高雄科技大學 風險管理與保險系(商管群),70090889,徐*翔,正取,國立高雄科技大學,國立高雄科技大學航運技術系,原校系/本校留任,2,"國立高雄科技大學風險管理與保險系(通過); 國立高雄科技大學航運技術系(正取,分發)"
CAND_0587,113,nkust_ins,國立高雄科技大學,風險管理與保險系(商管群),國立高雄科技大學 風險管理與保險系(商管群),74090077,—,備取,—,—,未分發或放棄,4,國立高雄科技大學風險管理與保險系(通過); 國立虎尾科技大學應用外語系(通過); 國立臺中科技大學應用日語系(通過); 實踐大學風險管理與保險學系(臺北校區)(通過)
CAND_0588,113,nkust_ins,國立高雄科技大學,風險管理與保險系(英語類),國立高雄科技大學 風險管理與保險系(英語類),57150008,李*儀,正取,國立高雄科技大學,國立高雄科技大學風險管理與保險系,原校系/本校留任,3,"國立高雄科技大學風險管理與保險系(正取,分發); 國立高雄科技大學行銷與流通管理系(通過); 國立臺北護理健康大學運動保健系(通過)"
CAND_0589,113,nkust_ins,國立高雄科技大學,風險管理與保險系(英語類),國立高雄科技大學 風險管理與保險系(英語類),55150051,林*妤,正取,—,—,未分發或放棄,2,國立高雄科技大學風險管理與保險系(正取); 國立勤益科技大學文化創意事業系(通過)
CAND_0590,113,nkust_ins,國立高雄科技大學,風險管理與保險系(英語類),國立高雄科技大學 風險管理與保險系(英語類),61150292,謝*純,正取,國立高雄科技大學,國立高雄科技大學行銷與流通管理系,原校系/本校留任,6,"國立高雄科技大學風險管理與保險系(正取); 國立高雄科技大學行銷與流通管理系(正取,分發); 國立高雄科技大學供應鏈管理系(通過); 朝陽科技大學行銷與流通管理系(通過); 中國科技大學智慧商務經營管理系(臺北校區)(通過); 國立屏東大學休閒事業經營學系(通過)"
CAND_0591,113,nkust_ins,國立高雄科技大學,風險管理與保險系(英語類),國立高雄科技大學 風險管理與保險系(英語類),61150140,魏*,正取,國立高雄科技大學,國立高雄科技大學行銷與流通管理系,原校系/本校留任,3,"國立高雄科技大學風險管理與保險系(正取); 國立高雄科技大學行銷與流通管理系(正取,分發); 國立高雄科技大學供應鏈管理系(通過)"
CAND_0592,113,nkust_ins,國立高雄科技大學,風險管理與保險系(英語類),國立高雄科技大學 風險管理與保險系(英語類),61150096,陳*翎,正取,國立高雄科技大學,國立高雄科技大學風險管理與保險系,原校系/本校留任,1,"國立高雄科技大學風險管理與保險系(正取,分發)"
CAND_0593,113,nkust_ins,國立高雄科技大學,風險管理與保險系(英語類),國立高雄科技大學 風險管理與保險系(英語類),56150047,邱*德,正取,國立高雄科技大學,國立高雄科技大學風險管理與保險系,原校系/本校留任,3,"國立高雄科技大學風險管理與保險系(正取,分發); 國立高雄科技大學供應鏈管理系(備取); 國立虎尾科技大學企業管理系(通過)"
CAND_0594,113,nkust_ins,國立高雄科技大學,風險管理與保險系(英語類),國立高雄科技大學 風險管理與保險系(英語類),56530027,葵*軒,正取,國立高雄科技大學,國立高雄科技大學風險管理與保險系,原校系/本校留任,3,"國立高雄科技大學風險管理與保險系(正取,分發); 國立高雄餐旅大學應用英語系(通過); 致理科技大學應用英語系(通過)"
CAND_0595,113,nkust_ins,國立高雄科技大學,風險管理與保險系(英語類),國立高雄科技大學 風險管理與保險系(英語類),61150152,林*慈,正取,國立高雄科技大學,國立高雄科技大學行銷與流通管理系,原校系/本校留任,3,"國立高雄科技大學風險管理與保險系(正取); 國立高雄科技大學行銷與流通管理系(備取,分發); 朝陽科技大學航空運務系(通過)"
CAND_0596,113,nkust_ins,國立高雄科技大學,風險管理與保險系(英語類),國立高雄科技大學 風險管理與保險系(英語類),65150034,吳*翊,正取,朝陽科技大學,朝陽科技大學航空運務系,其他學校錄取,5,"國立高雄科技大學風險管理與保險系(正取); 朝陽科技大學航空運務系(正取,分發); 南臺科技大學行銷與流通管理系(通過); 南臺科技大學國際企業系(通過); 文藻外語大學日本語文系(正取)"
CAND_0597,113,nkust_ins,國立高雄科技大學,風險管理與保險系(英語類),國立高雄科技大學 風險管理與保險系(英語類),64150063,吳*螢,正取,國立高雄科技大學,國立高雄科技大學供應鏈管理系,原校系/本校留任,4,"國立高雄科技大學風險管理與保險系(正取); 國立高雄科技大學行銷與流通管理系(正取); 國立高雄科技大學供應鏈管理系(正取,分發); 弘光科技大學語言治療與聽力學系(通過)"
CAND_0598,113,nkust_ins,國立高雄科技大學,風險管理與保險系(英語類),國立高雄科技大學 風險管理與保險系(英語類),56150038,黄*緯,正取,國立高雄科技大學,國立高雄科技大學風險管理與保險系,原校系/本校留任,5,"國立高雄科技大學風險管理與保險系(正取,分發); 中國科技大學企業管理系航空暨運輸服務管理組(臺北校區)(通過); 德明財經科技大學財務金融系(正取); 德明財經科技大學國際貿易系(通過); 致理科技大學企業管理系(正取)"
CAND_0599,113,nkust_ins,國立高雄科技大學,風險管理與保險系(英語類),國立高雄科技大學 風險管理與保險系(英語類),61530015,胡*庭,備取,國立高雄科技大學,國立高雄科技大學風險管理與保險系,原校系/本校留任,2,"國立高雄科技大學風險管理與保險系(備取,分發); 國立臺中科技大學應用中文系(通過)"
CAND_0600,113,nkust_ins,國立高雄科技大學,風險管理與保險系(英語類),國立高雄科技大學 風險管理與保險系(英語類),51150007,—,備取,國立雲林科技大學,國立雲林科技大學應用外語系,其他學校錄取,4,"國立高雄科技大學風險管理與保險系(通過); 國立雲林科技大學企業管理系(通過); 國立雲林科技大學應用外語系(正取,分發); 國立臺中科技大學保險金融管理系(通過)"
CAND_0601,113,nkust_ins,國立高雄科技大學,風險管理與保險系(英語類),國立高雄科技大學 風險管理與保險系(英語類),52150170,袁*慈,正取,國立高雄科技大學,國立高雄科技大學應用英語系,原校系/本校留任,3,"國立高雄科技大學風險管理與保險系(通過); 國立高雄科技大學運籌管理系(通過); 國立高雄科技大學應用英語系(正取,分發)"
CAND_0602,113,nkust_ins,國立高雄科技大學,風險管理與保險系(英語類),國立高雄科技大學 風險管理與保險系(英語類),55150006,張*琦,備取,—,—,未分發或放棄,3,國立高雄科技大學風險管理與保險系(通過); 國立虎尾科技大學應用外語系(正取); 致理科技大學國際貿易系(通過)
CAND_0603,113,nkust_ins,國立高雄科技大學,風險管理與保險系(英語類),國立高雄科技大學 風險管理與保險系(英語類),56150011,陳*瑄,備取,致理科技大學,致理科技大學行銷與流通管理系,其他學校錄取,2,"國立高雄科技大學風險管理與保險系(通過); 致理科技大學行銷與流通管理系(正取,分發)"
CAND_0604,113,nkust_ins,國立高雄科技大學,風險管理與保險系(英語類),國立高雄科技大學 風險管理與保險系(英語類),56150072,謝*慈,備取,—,—,未分發或放棄,1,國立高雄科技大學風險管理與保險系(通過)
CAND_0605,113,nkust_ins,國立高雄科技大學,風險管理與保險系(英語類),國立高雄科技大學 風險管理與保險系(英語類),56150074,楊*臻,備取,中原大學,中原大學國際經營與貿易學系,其他學校錄取,2,"國立高雄科技大學風險管理與保險系(通過); 中原大學國際經營與貿易學系(正取,分發)"
CAND_0606,113,nkust_ins,國立高雄科技大學,風險管理與保險系(英語類),國立高雄科技大學 風險管理與保險系(英語類),56150076,—,備取,—,—,未分發或放棄,4,國立高雄科技大學風險管理與保險系(通過); 國立虎尾科技大學企業管理系(通過); 國立虎尾科技大學應用外語系(通過); 國立臺中科技大學保險金融管理系(通過)
CAND_0607,113,nkust_ins,國立高雄科技大學,風險管理與保險系(英語類),國立高雄科技大學 風險管理與保險系(英語類),56150093,*熙,備取,靜宜大學,靜宜大學法律學系,其他學校錄取,4,"國立高雄科技大學風險管理與保險系(通過); 國立勤益科技大學文化創意事業系(通過); 國立臺中科技大學保險金融管理系(通過); 靜宜大學法律學系(正取,分發)"
CAND_0608,113,nkust_ins,國立高雄科技大學,風險管理與保險系(英語類),國立高雄科技大學 風險管理與保險系(英語類),56150099,謝*彤,備取,—,—,未分發或放棄,3,國立高雄科技大學風險管理與保險系(通過); 國立高雄科技大學行銷與流通管理系(通過); 國立臺中科技大學應用中文系(通過)
CAND_0609,113,nkust_ins,國立高雄科技大學,風險管理與保險系(英語類),國立高雄科技大學 風險管理與保險系(英語類),56150149,張*慈,正取,國立高雄科技大學,國立高雄科技大學行銷與流通管理系,原校系/本校留任,3,"國立高雄科技大學風險管理與保險系(通過); 國立高雄科技大學行銷與流通管理系(正取,分發); 國立虎尾科技大學企業管理系(通過)"
CAND_0610,113,nkust_ins,國立高雄科技大學,風險管理與保險系(英語類),國立高雄科技大學 風險管理與保險系(英語類),58150054,*亦,備取,—,—,未分發或放棄,2,國立高雄科技大學風險管理與保險系(通過); 國立高雄科技大學供應鏈管理系(備取)
CAND_0611,113,nkust_ins,國立高雄科技大學,風險管理與保險系(英語類),國立高雄科技大學 風險管理與保險系(英語類),58150061,馮*,備取,—,—,未分發或放棄,3,國立高雄科技大學風險管理與保險系(通過); 國立臺北護理健康大學運動保健系(通過); 國立臺中科技大學保險金融管理系(通過)
CAND_0612,113,nkust_ins,國立高雄科技大學,風險管理與保險系(英語類),國立高雄科技大學 風險管理與保險系(英語類),58150079,陳*,備取,—,—,未分發或放棄,2,國立高雄科技大學風險管理與保險系(通過); 國立勤益科技大學文化創意事業系(通過)
CAND_0613,113,nkust_ins,國立高雄科技大學,風險管理與保險系(英語類),國立高雄科技大學 風險管理與保險系(英語類),58150130,陳*愷,備取,—,—,未分發或放棄,2,國立高雄科技大學風險管理與保險系(通過); 國立高雄科技大學行銷與流通管理系(通過)
CAND_0614,113,nkust_ins,國立高雄科技大學,風險管理與保險系(英語類),國立高雄科技大學 風險管理與保險系(英語類),59150005,鄒*,備取,—,—,未分發或放棄,3,國立高雄科技大學風險管理與保險系(通過); 國立高雄科技大學行銷與流通管理系(通過); 國立高雄科技大學供應鏈管理系(通過)
CAND_0615,113,nkust_ins,國立高雄科技大學,風險管理與保險系(英語類),國立高雄科技大學 風險管理與保險系(英語類),61150012,徐*誼,正取,國立臺中科技大學,國立臺中科技大學應用英語系,其他學校錄取,5,"國立高雄科技大學風險管理與保險系(通過); 國立高雄科技大學應用德語系(正取); 國立勤益科技大學應用英語系(正取); 國立高雄餐旅大學應用英語系(通過); 國立臺中科技大學應用英語系(備取,分發)"
CAND_0616,113,nkust_ins,國立高雄科技大學,風險管理與保險系(英語類),國立高雄科技大學 風險管理與保險系(英語類),61150228,陳*潔,備取,—,—,未分發或放棄,3,國立高雄科技大學風險管理與保險系(通過); 國立高雄科技大學行銷與流通管理系(通過); 致理科技大學商務科技管理系(通過)
CAND_0617,113,nkust_ins,國立高雄科技大學,風險管理與保險系(英語類),國立高雄科技大學 風險管理與保險系(英語類),61150308,*竣,備取,—,—,未分發或放棄,5,國立高雄科技大學風險管理與保險系(通過); 國立高雄科技大學行銷與流通管理系(通過); 國立高雄科技大學應用英語系(通過); 國立虎尾科技大學企業管理系(通過); 國立臺中科技大學保險金融管理系(通過)
CAND_0618,113,nkust_ins,國立高雄科技大學,風險管理與保險系(英語類),國立高雄科技大學 風險管理與保險系(英語類),64150023,—,備取,—,—,未分發或放棄,2,國立高雄科技大學風險管理與保險系(通過); 國立高雄科技大學運籌管理系(通過)
CAND_0619,113,nkust_ins,國立高雄科技大學,風險管理與保險系(英語類),國立高雄科技大學 風險管理與保險系(英語類),70530029,康*,備取,國立屏東科技大學,國立屏東科技大學休閒運動健康系,其他學校錄取,5,"國立高雄科技大學風險管理與保險系(通過); 國立屏東科技大學應用外語系(正取); 國立屏東科技大學休閒運動健康系(正取,分發); 國立高雄科技大學商務資訊應用系(備取); 國立屏東大學應用英語學系(正取)"
CAND_0620,113,nkust_ins,國立高雄科技大學,風險管理與保險系(資電類),國立高雄科技大學 風險管理與保險系(資電類),71090295,黄*紹,正取,國立高雄科技大學,國立高雄科技大學風險管理與保險系,原校系/本校留任,2,"國立高雄科技大學風險管理與保險系(正取,分發); 國立高雄科技大學財政稅務系(正取)"
CAND_0621,113,nkust_ins,國立高雄科技大學,風險管理與保險系(資電類),國立高雄科技大學 風險管理與保險系(資電類),71090235,—,正取,國立高雄科技大學,國立高雄科技大學風險管理與保險系,原校系/本校留任,2,"國立高雄科技大學風險管理與保險系(正取,分發); 國立勤益科技大學流通管理系(正取)"
CAND_0622,113,nkust_ins,國立高雄科技大學,風險管理與保險系(資電類),國立高雄科技大學 風險管理與保險系(資電類),68090736,黄*,正取,國立臺中科技大學,國立臺中科技大學保險金融管理系,其他學校錄取,3,"國立高雄科技大學風險管理與保險系(正取); 國立臺中科技大學保險金融管理系(正取,分發); 國立屏東大學行銷與流通管理學系(正取)"
CAND_0623,113,nkust_ins,國立高雄科技大學,風險管理與保險系(資電類),國立高雄科技大學 風險管理與保險系(資電類),57090260,祁*凱,正取,國立高雄科技大學,國立高雄科技大學風險管理與保險系,原校系/本校留任,2,"國立高雄科技大學風險管理與保險系(正取,分發); 國立臺中科技大學資訊工程系(備取)"
CAND_0624,113,nkust_ins,國立高雄科技大學,風險管理與保險系(資電類),國立高雄科技大學 風險管理與保險系(資電類),74090230,*住,正取,國立高雄科技大學,國立高雄科技大學風險管理與保險系,原校系/本校留任,4,"國立高雄科技大學風險管理與保險系(正取,分發); 國立高雄科技大學智慧商務系(備取); 國立勤益科技大學流通管理系(備取); 致理科技大學財務金融系(通過)"
CAND_0625,113,nkust_ins,國立高雄科技大學,風險管理與保險系(資電類),國立高雄科技大學 風險管理與保險系(資電類),70090182,柯*,正取,國立臺中科技大學,國立臺中科技大學流通管理系,其他學校錄取,3,"國立高雄科技大學風險管理與保險系(正取); 國立勤益科技大學流通管理系(通過); 國立臺中科技大學流通管理系(備取,分發)"
CAND_0626,113,nkust_ins,國立高雄科技大學,風險管理與保險系(資電類),國立高雄科技大學 風險管理與保險系(資電類),71090011,*哈,正取,國立高雄科技大學,國立高雄科技大學風險管理與保險系,原校系/本校留任,3,"國立高雄科技大學風險管理與保險系(正取,分發); 國立屏東大學財務金融學系(備取); 國立屏東大學不動產經營學系(正取)"
CAND_0627,113,nkust_ins,國立高雄科技大學,風險管理與保險系(資電類),國立高雄科技大學 風險管理與保險系(資電類),69090062,魏*縈,備取,國立高雄科技大學,國立高雄科技大學風險管理與保險系,原校系/本校留任,1,"國立高雄科技大學風險管理與保險系(備取,分發)"
CAND_0628,113,nkust_ins,國立高雄科技大學,風險管理與保險系(資電類),國立高雄科技大學 風險管理與保險系(資電類),70090330,陳*和,備取,國立高雄科技大學,國立高雄科技大學風險管理與保險系,原校系/本校留任,3,"國立高雄科技大學風險管理與保險系(備取,分發); 國立屏東大學不動產經營學系(正取); 國立屏東大學應用英語學系(備取)"
CAND_0629,113,nkust_ins,國立高雄科技大學,風險管理與保險系(資電類),國立高雄科技大學 風險管理與保險系(資電類),67090310,吳*柔,備取,—,—,未分發或放棄,4,國立高雄科技大學風險管理與保險系(備取); 國立屏東科技大學資訊管理系(通過); 國立屏東科技大學企業管理系(通過); 國立勤益科技大學人工智慧應用工程系(通過)
CAND_0630,113,nkust_ins,國立高雄科技大學,風險管理與保險系(資電類),國立高雄科技大學 風險管理與保險系(資電類),70090030,鄭*心,備取,—,—,未分發或放棄,3,國立高雄科技大學風險管理與保險系(備取); 國立高雄科技大學金融資訊系(備取); 國立虎尾科技大學工業管理系(通過)
CAND_0631,113,nkust_ins,國立高雄科技大學,風險管理與保險系(資電類),國立高雄科技大學 風險管理與保險系(資電類),71090170,林*翔,備取,—,—,未分發或放棄,2,國立高雄科技大學風險管理與保險系(備取); 國立臺中科技大學保險金融管理系(通過)
CAND_0632,113,nkust_ins,國立高雄科技大學,風險管理與保險系(資電類),國立高雄科技大學 風險管理與保險系(資電類),52090650,*綸,備取,—,—,未分發或放棄,1,國立高雄科技大學風險管理與保險系(備取)
CAND_0633,113,nkust_ins,國立高雄科技大學,風險管理與保險系(資電類),國立高雄科技大學 風險管理與保險系(資電類),52090497,陳*媞,備取,世新大學,世新大學資訊管理學系資訊管理組,其他學校錄取,3,"國立高雄科技大學風險管理與保險系(通過); 世新大學資訊管理學系資訊管理組(正取,分發); 實踐大學資訊科技與管理學系(臺北校區)(通過)"
CAND_0634,113,nkust_ins,國立高雄科技大學,風險管理與保險系(資電類),國立高雄科技大學 風險管理與保險系(資電類),57090927,黄*俊,備取,朝陽科技大學,朝陽科技大學財務金融系,其他學校錄取,4,"國立高雄科技大學風險管理與保險系(通過); 朝陽科技大學財務金融系(正取,分發); 龍華科技大學財務金融系(通過); 致理科技大學財務金融系(通過)"
CAND_0635,113,nkust_ins,國立高雄科技大學,風險管理與保險系(資電類),國立高雄科技大學 風險管理與保險系(資電類),58090024,許*昕,備取,國立高雄科技大學,國立高雄科技大學行銷與流通管理系,原校系/本校留任,3,"國立高雄科技大學風險管理與保險系(通過); 國立高雄科技大學行銷與流通管理系(備取,分發); 國立高雄科技大學智慧商務系(通過)"
CAND_0636,113,nkust_ins,國立高雄科技大學,風險管理與保險系(資電類),國立高雄科技大學 風險管理與保險系(資電類),58090345,張*綺,備取,—,—,未分發或放棄,2,國立高雄科技大學風險管理與保險系(通過); 國立臺中科技大學保險金融管理系(備取)
CAND_0637,113,nkust_ins,國立高雄科技大學,風險管理與保險系(資電類),國立高雄科技大學 風險管理與保險系(資電類),61091264,黄*瑄,備取,國立高雄科技大學,國立高雄科技大學智慧商務系,原校系/本校留任,5,"國立高雄科技大學風險管理與保險系(通過); 國立高雄科技大學智慧商務系(備取,分發); 國立勤益科技大學流通管理系(正取); 國立臺中科技大學應用中文系(正取); 致理科技大學財務金融系(通過)"
CAND_0638,113,nkust_ins,國立高雄科技大學,風險管理與保險系(資電類),國立高雄科技大學 風險管理與保險系(資電類),64090376,*鈞,備取,—,—,未分發或放棄,4,國立高雄科技大學風險管理與保險系(通過); 國立高雄科技大學企業管理系(通過); 國立虎尾科技大學工業管理系(通過); 國立臺中科技大學保險金融管理系(備取)
CAND_0639,113,nkust_ins,國立高雄科技大學,風險管理與保險系(資電類),國立高雄科技大學 風險管理與保險系(資電類),68090534,朱*程,備取,—,—,未分發或放棄,1,國立高雄科技大學風險管理與保險系(通過)
CAND_0640,113,nkust_ins,國立高雄科技大學,風險管理與保險系(資電類),國立高雄科技大學 風險管理與保險系(資電類),70090429,李*恩,備取,—,—,未分發或放棄,3,國立高雄科技大學風險管理與保險系(通過); 國立臺中科技大學保險金融管理系(通過); 國立屏東大學不動產經營學系(通過)
CAND_0641,113,nkust_ins,國立高雄科技大學,風險管理與保險系(資電類),國立高雄科技大學 風險管理與保險系(資電類),71090262,簡*棋,備取,—,—,未分發或放棄,4,國立高雄科技大學風險管理與保險系(通過); 國立屏東科技大學工業管理系(通過); 國立屏東科技大學企業管理系(通過); 國立勤益科技大學工業工程與管理系(通過)
CAND_0642,114,nkust_ins,國立高雄科技大學,風險管理與保險系(商管群),國立高雄科技大學 風險管理與保險系(商管群),66090137,*綾,正取,國立高雄科技大學,國立高雄科技大學金融系,原校系/本校留任,3,"國立高雄科技大學風險管理與保險系(正取); 國立高雄科技大學金融系(正取,分發); 國立高雄科技大學金融資訊系(正取)"
CAND_0643,114,nkust_ins,國立高雄科技大學,風險管理與保險系(商管群),國立高雄科技大學 風險管理與保險系(商管群),67090054,陳*強,正取,國立臺中科技大學,國立臺中科技大學保險金融管理系,其他學校錄取,2,"國立高雄科技大學風險管理與保險系(正取); 國立臺中科技大學保險金融管理系(正取,分發)"
CAND_0644,114,nkust_ins,國立高雄科技大學,風險管理與保險系(商管群),國立高雄科技大學 風險管理與保險系(商管群),57090249,江*達,正取,國立高雄科技大學,國立高雄科技大學風險管理與保險系,原校系/本校留任,4,"國立高雄科技大學風險管理與保險系(正取,分發); 國立高雄科技大學行銷與流通管理系(通過); 國立高雄科技大學智慧商務系(通過); 國立臺中科技大學保險金融管理系(備取)"
CAND_0645,114,nkust_ins,國立高雄科技大學,風險管理與保險系(商管群),國立高雄科技大學 風險管理與保險系(商管群),71090162,陳*玟,正取,國立屏東大學,國立屏東大學財務金融學系,其他學校錄取,3,"國立高雄科技大學風險管理與保險系(正取); 國立臺中科技大學保險金融管理系(正取); 國立屏東大學財務金融學系(正取,分發)"
CAND_0646,114,nkust_ins,國立高雄科技大學,風險管理與保險系(商管群),國立高雄科技大學 風險管理與保險系(商管群),69090037,*玲,正取,國立高雄科技大學,國立高雄科技大學風險管理與保險系,原校系/本校留任,4,"國立高雄科技大學風險管理與保險系(正取,分發); 國立虎尾科技大學企業管理系(正取); 國立臺中科技大學財務金融系(備取); 中信科技大學企業管理系(通過)"
CAND_0647,114,nkust_ins,國立高雄科技大學,風險管理與保險系(商管群),國立高雄科技大學 風險管理與保險系(商管群),52090319,何*廷,正取,國立高雄科技大學,國立高雄科技大學風險管理與保險系,原校系/本校留任,4,"國立高雄科技大學風險管理與保險系(正取,分發); 國立高雄科技大學工業工程與管理系(通過); 國立高雄科技大學金融資訊系(備取); 國立臺中科技大學資訊工程系(正取)"
CAND_0648,114,nkust_ins,國立高雄科技大學,風險管理與保險系(商管群),國立高雄科技大學 風險管理與保險系(商管群),67090061,林*如,正取,國立臺中科技大學,國立臺中科技大學保險金融管理系,其他學校錄取,3,"國立高雄科技大學風險管理與保險系(正取); 國立虎尾科技大學企業管理系(正取); 國立臺中科技大學保險金融管理系(正取,分發)"
CAND_0649,114,nkust_ins,國立高雄科技大學,風險管理與保險系(商管群),國立高雄科技大學 風險管理與保險系(商管群),68530052,翁*玲,正取,國立高雄科技大學,國立高雄科技大學金融資訊系,原校系/本校留任,4,"國立高雄科技大學風險管理與保險系(正取); 國立高雄科技大學金融資訊系(正取,分發); 國立虎尾科技大學財務金融系(通過); 國立臺中科技大學會計資訊系(備取)"
CAND_0650,114,nkust_ins,國立高雄科技大學,風險管理與保險系(商管群),國立高雄科技大學 風險管理與保險系(商管群),68090521,楊*潔,正取,國立高雄科技大學,國立高雄科技大學風險管理與保險系,原校系/本校留任,2,"國立高雄科技大學風險管理與保險系(正取,分發); 國立虎尾科技大學企業管理系(備取)"
CAND_0651,114,nkust_ins,國立高雄科技大學,風險管理與保險系(商管群),國立高雄科技大學 風險管理與保險系(商管群),65090100,董*,正取,國立臺中科技大學,國立臺中科技大學保險金融管理系,其他學校錄取,3,"國立高雄科技大學風險管理與保險系(正取); 國立虎尾科技大學企業管理系(正取); 國立臺中科技大學保險金融管理系(正取,分發)"
CAND_0652,114,nkust_ins,國立高雄科技大學,風險管理與保險系(商管群),國立高雄科技大學 風險管理與保險系(商管群),66090193,林*崇,正取,國立高雄科技大學,國立高雄科技大學風險管理與保險系,原校系/本校留任,2,"國立高雄科技大學風險管理與保險系(正取,分發); 國立聯合大學經營管理學系(正取)"
CAND_0653,114,nkust_ins,國立高雄科技大學,風險管理與保險系(商管群),國立高雄科技大學 風險管理與保險系(商管群),57090162,—,正取,國立高雄科技大學,國立高雄科技大學風險管理與保險系,原校系/本校留任,4,"國立高雄科技大學風險管理與保險系(正取,分發); 國立高雄科技大學金融資訊系(備取); 國立虎尾科技大學工業管理系(通過); 國立臺中科技大學保險金融管理系(備取)"
CAND_0654,114,nkust_ins,國立高雄科技大學,風險管理與保險系(商管群),國立高雄科技大學 風險管理與保險系(商管群),56090063,黄*,正取,國立臺北商業大學,國立臺北商業大學國際商務系(臺北校區),其他學校錄取,6,"國立高雄科技大學風險管理與保險系(正取); 國立高雄科技大學航運管理系(通過); 國立虎尾科技大學財務金融系(通過); 國立臺北護理健康大學健康事業管理系(正取); 國立臺中科技大學保險金融管理系(正取); 國立臺北商業大學國際商務系(臺北校區)(備取,分發)"
CAND_0655,114,nkust_ins,國立高雄科技大學,風險管理與保險系(商管群),國立高雄科技大學 風險管理與保險系(商管群),64090278,賴*佑,正取,國立高雄科技大學,國立高雄科技大學風險管理與保險系,原校系/本校留任,4,"國立高雄科技大學風險管理與保險系(正取,分發); 國立高雄科技大學工業工程與管理系(備取); 國立虎尾科技大學工業管理系(正取); 國立臺中科技大學保險金融管理系(正取)"
CAND_0656,114,nkust_ins,國立高雄科技大學,風險管理與保險系(商管群),國立高雄科技大學 風險管理與保險系(商管群),64090228,陳*恩,正取,國立高雄科技大學,國立高雄科技大學會計資訊系,原校系/本校留任,2,"國立高雄科技大學風險管理與保險系(正取); 國立高雄科技大學會計資訊系(備取,分發)"
CAND_0657,114,nkust_ins,國立高雄科技大學,風險管理與保險系(商管群),國立高雄科技大學 風險管理與保險系(商管群),64090404,蘇*化,正取,國立高雄科技大學,國立高雄科技大學風險管理與保險系,原校系/本校留任,2,"國立高雄科技大學風險管理與保險系(正取,分發); 國立高雄科技大學智慧商務系(通過)"
CAND_0658,114,nkust_ins,國立高雄科技大學,風險管理與保險系(商管群),國立高雄科技大學 風險管理與保險系(商管群),67090003,*女,正取,國立屏東大學,國立屏東大學財務金融學系,其他學校錄取,3,"國立高雄科技大學風險管理與保險系(正取); 國立勤益科技大學行銷與流通管理系(正取); 國立屏東大學財務金融學系(正取,分發)"
CAND_0659,114,nkust_ins,國立高雄科技大學,風險管理與保險系(商管群),國立高雄科技大學 風險管理與保險系(商管群),51090016,黄*恩,正取,國立臺中科技大學,國立臺中科技大學財務金融系,其他學校錄取,4,"國立高雄科技大學風險管理與保險系(正取); 國立勤益科技大學工業工程與管理系(通過); 國立臺中科技大學財務金融系(備取,分發); 中原大學國際經營與貿易學系(通過)"
CAND_0660,114,nkust_ins,國立高雄科技大學,風險管理與保險系(商管群),國立高雄科技大學 風險管理與保險系(商管群),67090362,魏*閎,正取,—,—,未分發或放棄,3,國立高雄科技大學風險管理與保險系(正取); 國立勤益科技大學工業工程與管理系(通過); 國立臺中科技大學保險金融管理系(備取)
CAND_0661,114,nkust_ins,國立高雄科技大學,風險管理與保險系(商管群),國立高雄科技大學 風險管理與保險系(商管群),68530027,*玹,正取,國立高雄科技大學,國立高雄科技大學風險管理與保險系,原校系/本校留任,5,"國立高雄科技大學風險管理與保險系(正取,分發); 國立虎尾科技大學工業管理系(正取); 國立勤益科技大學工業工程與管理系(通過); 國立臺中科技大學保險金融管理系(備取); 國立屏東大學行銷與流通管理學系(通過)"
CAND_0662,114,nkust_ins,國立高雄科技大學,風險管理與保險系(商管群),國立高雄科技大學 風險管理與保險系(商管群),57090873,維*婷,正取,國立高雄科技大學,國立高雄科技大學風險管理與保險系,原校系/本校留任,5,"國立高雄科技大學風險管理與保險系(正取,分發); 國立虎尾科技大學財務金融系(通過); 國立勤益科技大學企業管理系(通過); 德明財經科技大學風險管理與財富規劃系(通過); 實踐大學風險管理與保險學系(臺北校區)(通過)"
CAND_0663,114,nkust_ins,國立高雄科技大學,風險管理與保險系(商管群),國立高雄科技大學 風險管理與保險系(商管群),74090119,陳*,正取,國立高雄科技大學,國立高雄科技大學風險管理與保險系,原校系/本校留任,5,"國立高雄科技大學風險管理與保險系(正取,分發); 國立高雄科技大學財政稅務系(通過); 朝陽科技大學行銷與流通管理系(通過); 南臺科技大學資訊管理系(備取); 德明財經科技大學資訊管理系(通過)"
CAND_0664,114,nkust_ins,國立高雄科技大學,風險管理與保險系(商管群),國立高雄科技大學 風險管理與保險系(商管群),70090109,管*,正取,國立高雄科技大學,國立高雄科技大學風險管理與保險系,原校系/本校留任,5,"國立高雄科技大學風險管理與保險系(正取,分發); 國立高雄科技大學企業管理系(通過); 國立高雄科技大學智慧商務系(通過); 國立臺中科技大學保險金融管理系(通過); 國立屏東大學國際經營與貿易學系(通過)"
CAND_0665,114,nkust_ins,國立高雄科技大學,風險管理與保險系(商管群),國立高雄科技大學 風險管理與保險系(商管群),64090040,*璈,備取,逢甲大學,逢甲大學合作經濟暨社會事業經營學系,其他學校錄取,2,"國立高雄科技大學風險管理與保險系(備取); 逢甲大學合作經濟暨社會事業經營學系(正取,分發)"
CAND_0666,114,nkust_ins,國立高雄科技大學,風險管理與保險系(商管群),國立高雄科技大學 風險管理與保險系(商管群),57090653,李*永,備取,國立高雄科技大學,國立高雄科技大學風險管理與保險系,原校系/本校留任,3,"國立高雄科技大學風險管理與保險系(備取,分發); 國立勤益科技大學工業工程與管理系(正取); 世新大學資訊管理學系資訊管理組(通過)"
CAND_0667,114,nkust_ins,國立高雄科技大學,風險管理與保險系(商管群),國立高雄科技大學 風險管理與保險系(商管群),59090330,楊*,備取,國立高雄科技大學,國立高雄科技大學風險管理與保險系,原校系/本校留任,3,"國立高雄科技大學風險管理與保險系(備取,分發); 國立勤益科技大學企業管理系(備取); 國立臺中科技大學流通管理系(備取)"
CAND_0668,114,nkust_ins,國立高雄科技大學,風險管理與保險系(商管群),國立高雄科技大學 風險管理與保險系(商管群),61091437,陳*汝,備取,國立高雄科技大學,國立高雄科技大學風險管理與保險系,原校系/本校留任,1,"國立高雄科技大學風險管理與保險系(備取,分發)"
CAND_0669,114,nkust_ins,國立高雄科技大學,風險管理與保險系(商管群),國立高雄科技大學 風險管理與保險系(商管群),57090567,方*樂,備取,國立高雄科技大學,國立高雄科技大學風險管理與保險系,原校系/本校留任,2,"國立高雄科技大學風險管理與保險系(備取,分發); 國立勤益科技大學行銷與流通管理系(備取)"
CAND_0670,114,nkust_ins,國立高雄科技大學,風險管理與保險系(商管群),國立高雄科技大學 風險管理與保險系(商管群),70090478,林*媗,備取,國立高雄科技大學,國立高雄科技大學行銷與流通管理系,原校系/本校留任,5,"國立高雄科技大學風險管理與保險系(備取); 國立高雄科技大學行銷與流通管理系(正取,分發); 國立臺中科技大學財政稅務系(通過); 國立屏東大學會計學系(正取); 國立屏東大學行銷與流通管理學系(正取)"
CAND_0671,114,nkust_ins,國立高雄科技大學,風險管理與保險系(商管群),國立高雄科技大學 風險管理與保險系(商管群),68530004,林*岑,備取,國立臺中科技大學,國立臺中科技大學應用統計系,其他學校錄取,4,"國立高雄科技大學風險管理與保險系(備取); 國立高雄科技大學人力資源發展系(通過); 國立勤益科技大學企業管理系(正取); 國立臺中科技大學應用統計系(正取,分發)"
CAND_0672,114,nkust_ins,國立高雄科技大學,風險管理與保險系(商管群),國立高雄科技大學 風險管理與保險系(商管群),64090139,張*魁,備取,國立高雄科技大學,國立高雄科技大學風險管理與保險系,原校系/本校留任,5,"國立高雄科技大學風險管理與保險系(備取,分發); 國立高雄科技大學觀光管理系(通過); 國立虎尾科技大學企業管理系(通過); 國立勤益科技大學企業管理系(通過); 國立臺中科技大學應用統計系(正取)"
CAND_0673,114,nkust_ins,國立高雄科技大學,風險管理與保險系(商管群),國立高雄科技大學 風險管理與保險系(商管群),65530009,吳*,備取,國立高雄科技大學,國立高雄科技大學風險管理與保險系,原校系/本校留任,2,"國立高雄科技大學風險管理與保險系(備取,分發); 國立高雄餐旅大學餐旅暨會展行銷管理系(通過)"
CAND_0674,114,nkust_ins,國立高雄科技大學,風險管理與保險系(商管群),國立高雄科技大學 風險管理與保險系(商管群),59090086,維*亦,備取,國立高雄科技大學,國立高雄科技大學風險管理與保險系,原校系/本校留任,2,"國立高雄科技大學風險管理與保險系(備取,分發); 國立臺中科技大學智慧生產工程系(備取)"
CAND_0675,114,nkust_ins,國立高雄科技大學,風險管理與保險系(商管群),國立高雄科技大學 風險管理與保險系(商管群),64090350,方*棋,備取,國立高雄科技大學,國立高雄科技大學風險管理與保險系,原校系/本校留任,2,"國立高雄科技大學風險管理與保險系(備取,分發); 國立臺中科技大學保險金融管理系(備取)"
CAND_0676,114,nkust_ins,國立高雄科技大學,風險管理與保險系(商管群),國立高雄科技大學 風險管理與保險系(商管群),64090346,閻*彤,備取,國立高雄科技大學,國立高雄科技大學風險管理與保險系,原校系/本校留任,1,"國立高雄科技大學風險管理與保險系(備取,分發)"
CAND_0677,114,nkust_ins,國立高雄科技大學,風險管理與保險系(商管群),國立高雄科技大學 風險管理與保險系(商管群),52090833,吳*潔,備取,國立高雄科技大學,國立高雄科技大學人力資源發展系,原校系/本校留任,4,"國立高雄科技大學風險管理與保險系(備取); 國立高雄科技大學人力資源發展系(備取,分發); 國立臺中科技大學流通管理系(備取); 國立屏東大學會計學系(通過)"
CAND_0678,114,nkust_ins,國立高雄科技大學,風險管理與保險系(商管群),國立高雄科技大學 風險管理與保險系(商管群),59090177,林*穎,備取,國立高雄科技大學,國立高雄科技大學風險管理與保險系,原校系/本校留任,1,"國立高雄科技大學風險管理與保險系(備取,分發)"
CAND_0679,114,nkust_ins,國立高雄科技大學,風險管理與保險系(商管群),國立高雄科技大學 風險管理與保險系(商管群),63090290,張*,備取,國立高雄科技大學,國立高雄科技大學行銷與流通管理系,原校系/本校留任,3,"國立高雄科技大學風險管理與保險系(備取); 國立高雄科技大學行銷與流通管理系(備取,分發); 國立勤益科技大學行銷與流通管理系(正取)"
CAND_0680,114,nkust_ins,國立高雄科技大學,風險管理與保險系(商管群),國立高雄科技大學 風險管理與保險系(商管群),56090244,簡*歆,備取,國立臺中科技大學,國立臺中科技大學會計資訊系,其他學校錄取,3,"國立高雄科技大學風險管理與保險系(備取); 國立高雄科技大學會計資訊系(備取); 國立臺中科技大學會計資訊系(備取,分發)"
CAND_0681,114,nkust_ins,國立高雄科技大學,風險管理與保險系(商管群),國立高雄科技大學 風險管理與保險系(商管群),70090078,薛*駿,備取,—,—,未分發或放棄,2,國立高雄科技大學風險管理與保險系(備取); 國立屏東科技大學社會工作系(通過)
CAND_0682,114,nkust_ins,國立高雄科技大學,風險管理與保險系(商管群),國立高雄科技大學 風險管理與保險系(商管群),52090473,維*婕,備取,國立臺中科技大學,國立臺中科技大學保險金融管理系,其他學校錄取,4,"國立高雄科技大學風險管理與保險系(通過); 國立虎尾科技大學財務金融系(通過); 國立勤益科技大學企業管理系(備取); 國立臺中科技大學保險金融管理系(正取,分發)"
CAND_0683,114,nkust_ins,國立高雄科技大學,風險管理與保險系(商管群),國立高雄科技大學 風險管理與保險系(商管群),57090114,林*妤,備取,—,—,未分發或放棄,3,國立高雄科技大學風險管理與保險系(通過); 國立勤益科技大學行銷與流通管理系(通過); 國立臺中科技大學財政稅務系(通過)
CAND_0684,114,nkust_ins,國立高雄科技大學,風險管理與保險系(商管群),國立高雄科技大學 風險管理與保險系(商管群),57090729,陳*愷,備取,—,—,未分發或放棄,3,國立高雄科技大學風險管理與保險系(通過); 國立高雄科技大學商務資訊應用系(通過); 國立勤益科技大學企業管理系(通過)
CAND_0685,114,nkust_ins,國立高雄科技大學,風險管理與保險系(商管群),國立高雄科技大學 風險管理與保險系(商管群),57090941,黄*鉲,備取,實踐大學,實踐大學國際經營與貿易學系(臺北校區),其他學校錄取,4,"國立高雄科技大學風險管理與保險系(通過); 國立虎尾科技大學工業管理系(備取); 世新大學資訊管理學系資訊管理組(備取); 實踐大學國際經營與貿易學系(臺北校區)(備取,分發)"
CAND_0686,114,nkust_ins,國立高雄科技大學,風險管理與保險系(商管群),國立高雄科技大學 風險管理與保險系(商管群),58090153,陳*妍,備取,—,—,未分發或放棄,1,國立高雄科技大學風險管理與保險系(通過)
CAND_0687,114,nkust_ins,國立高雄科技大學,風險管理與保險系(商管群),國立高雄科技大學 風險管理與保險系(商管群),58090513,*均,備取,國立臺中科技大學,國立臺中科技大學財政稅務系,其他學校錄取,2,"國立高雄科技大學風險管理與保險系(通過); 國立臺中科技大學財政稅務系(備取,分發)"
CAND_0688,114,nkust_ins,國立高雄科技大學,風險管理與保險系(商管群),國立高雄科技大學 風險管理與保險系(商管群),58090533,黄*瑜,備取,國立虎尾科技大學,國立虎尾科技大學財務金融系,其他學校錄取,5,"國立高雄科技大學風險管理與保險系(通過); 國立高雄科技大學會計資訊系(通過); 國立虎尾科技大學財務金融系(正取,分發); 國立臺中科技大學會計資訊系(備取); 南臺科技大學財務金融系(通過)"
CAND_0689,114,nkust_ins,國立高雄科技大學,風險管理與保險系(商管群),國立高雄科技大學 風險管理與保險系(商管群),59090104,彭*庭,備取,逢甲大學,逢甲大學國際經營與貿易學系,其他學校錄取,4,"國立高雄科技大學風險管理與保險系(通過); 國立臺中科技大學財政稅務系(通過); 逢甲大學國際經營與貿易學系(正取,分發); 逢甲大學財稅學系(備取)"
CAND_0690,114,nkust_ins,國立高雄科技大學,風險管理與保險系(商管群),國立高雄科技大學 風險管理與保險系(商管群),59090140,*欣,備取,—,—,未分發或放棄,2,國立高雄科技大學風險管理與保險系(通過); 國立高雄科技大學行銷與流通管理系(通過)
CAND_0691,114,nkust_ins,國立高雄科技大學,風險管理與保險系(商管群),國立高雄科技大學 風險管理與保險系(商管群),60530024,邱*瑄,備取,國立高雄科技大學,國立高雄科技大學供應鏈管理系,原校系/本校留任,4,"國立高雄科技大學風險管理與保險系(通過); 國立高雄科技大學供應鏈管理系(備取,分發); 國立勤益科技大學文化創意事業系(正取); 國立臺中科技大學應用中文系(通過)"
CAND_0692,114,nkust_ins,國立高雄科技大學,風險管理與保險系(商管群),國立高雄科技大學 風險管理與保險系(商管群),61090424,黄*閎,備取,國立勤益科技大學,國立勤益科技大學行銷與流通管理系,其他學校錄取,4,"國立高雄科技大學風險管理與保險系(通過); 國立勤益科技大學行銷與流通管理系(正取,分發); 國立臺中科技大學保險金融管理系(備取); 逢甲大學合作經濟暨社會事業經營學系(通過)"
CAND_0693,114,nkust_ins,國立高雄科技大學,風險管理與保險系(商管群),國立高雄科技大學 風險管理與保險系(商管群),61090431,*妤,備取,國立臺中科技大學,國立臺中科技大學保險金融管理系,其他學校錄取,3,"國立高雄科技大學風險管理與保險系(通過); 國立勤益科技大學企業管理系(正取); 國立臺中科技大學保險金融管理系(正取,分發)"
CAND_0694,114,nkust_ins,國立高雄科技大學,風險管理與保險系(商管群),國立高雄科技大學 風險管理與保險系(商管群),61090679,李*妍,正取,國立高雄科技大學,國立高雄科技大學財務管理系,原校系/本校留任,5,"國立高雄科技大學風險管理與保險系(通過); 國立高雄科技大學財務管理系(正取,分發); 國立虎尾科技大學工業管理系(通過); 國立虎尾科技大學財務金融系(正取); 國立臺中科技大學財務金融系(正取)"
CAND_0695,114,nkust_ins,國立高雄科技大學,風險管理與保險系(商管群),國立高雄科技大學 風險管理與保險系(商管群),61090715,蕭*翔,備取,國立高雄科技大學,國立高雄科技大學智慧商務系,原校系/本校留任,6,"國立高雄科技大學風險管理與保險系(通過); 國立高雄科技大學工業工程與管理系(通過); 國立高雄科技大學智慧商務系(備取,分發); 國立虎尾科技大學工業管理系(通過); 國立勤益科技大學工業工程與管理系(通過); 國立臺中科技大學流通管理系(通過)"
CAND_0696,114,nkust_ins,國立高雄科技大學,風險管理與保險系(商管群),國立高雄科技大學 風險管理與保險系(商管群),61090807,賴*鍇,備取,—,—,未分發或放棄,4,國立高雄科技大學風險管理與保險系(通過); 國立高雄科技大學金融系(通過); 國立高雄科技大學財務管理系(通過); 國立臺中科技大學財務金融系(通過)
CAND_0697,114,nkust_ins,國立高雄科技大學,風險管理與保險系(商管群),國立高雄科技大學 風險管理與保險系(商管群),61090877,賴*錤,備取,國立高雄科技大學,國立高雄科技大學財務管理系,原校系/本校留任,4,"國立高雄科技大學風險管理與保險系(通過); 國立高雄科技大學財務管理系(備取,分發); 國立高雄科技大學會計資訊系(通過); 國立臺中科技大學財務金融系(通過)"
CAND_0698,114,nkust_ins,國立高雄科技大學,風險管理與保險系(商管群),國立高雄科技大學 風險管理與保險系(商管群),61091237,—,備取,—,—,未分發或放棄,6,國立高雄科技大學風險管理與保險系(通過); 國立雲林科技大學工業工程與管理系(備取); 國立高雄科技大學工業工程與管理系(通過); 國立高雄科技大學企業管理系(通過); 國立虎尾科技大學資訊管理系(通過); 國立虎尾科技大學企業管理系(通過)
CAND_0699,114,nkust_ins,國立高雄科技大學,風險管理與保險系(商管群),國立高雄科技大學 風險管理與保險系(商管群),63090125,何*誠,備取,朝陽科技大學,朝陽科技大學保險金融管理系,其他學校錄取,4,"國立高雄科技大學風險管理與保險系(通過); 國立勤益科技大學企業管理系(通過); 國立臺中科技大學保險金融管理系(備取); 朝陽科技大學保險金融管理系(正取,分發)"
CAND_0700,114,nkust_ins,國立高雄科技大學,風險管理與保險系(商管群),國立高雄科技大學 風險管理與保險系(商管群),64090131,陳*妤,正取,國立高雄科技大學,國立高雄科技大學企業管理系,原校系/本校留任,4,"國立高雄科技大學風險管理與保險系(通過); 國立高雄科技大學企業管理系(正取,分發); 國立高雄科技大學高瞻科技不分系學士學位學程(通過); 國立臺北商業大學數位多媒體設計系(桃園校區)(通過)"
CAND_0701,114,nkust_ins,國立高雄科技大學,風險管理與保險系(商管群),國立高雄科技大學 風險管理與保險系(商管群),64090291,陳*齊,備取,—,—,未分發或放棄,4,國立高雄科技大學風險管理與保險系(通過); 國立高雄科技大學運籌管理系(通過); 國立高雄科技大學航運管理系(通過); 國立臺中科技大學保險金融管理系(備取)
CAND_0702,114,nkust_ins,國立高雄科技大學,風險管理與保險系(商管群),國立高雄科技大學 風險管理與保險系(商管群),64090414,黄*有,備取,國立臺中科技大學,國立臺中科技大學流通管理系,其他學校錄取,6,"國立高雄科技大學風險管理與保險系(通過); 國立屏東科技大學工業管理系(通過); 國立高雄科技大學會計資訊系(通過); 國立高雄科技大學智慧商務系(通過); 國立虎尾科技大學工業管理系(通過); 國立臺中科技大學流通管理系(正取,分發)"
CAND_0703,114,nkust_ins,國立高雄科技大學,風險管理與保險系(商管群),國立高雄科技大學 風險管理與保險系(商管群),64090458,黄*倫,正取,國立高雄科技大學,國立高雄科技大學會計資訊系,原校系/本校留任,4,"國立高雄科技大學風險管理與保險系(通過); 國立高雄科技大學會計資訊系(正取,分發); 國立臺中科技大學會計資訊系(備取); 國立屏東大學會計學系(備取)"
CAND_0704,114,nkust_ins,國立高雄科技大學,風險管理與保險系(商管群),國立高雄科技大學 風險管理與保險系(商管群),66090261,汪*,備取,—,—,未分發或放棄,4,國立高雄科技大學風險管理與保險系(通過); 國立高雄科技大學企業管理系(通過); 國立虎尾科技大學資訊工程系(通過); 國立臺中科技大學資訊工程系(通過)
CAND_0705,114,nkust_ins,國立高雄科技大學,風險管理與保險系(商管群),國立高雄科技大學 風險管理與保險系(商管群),67090040,黄*秀,備取,國立臺中科技大學,國立臺中科技大學老人服務事業管理系,其他學校錄取,3,"國立高雄科技大學風險管理與保險系(通過); 國立勤益科技大學健康產業科技研發與管理系(正取); 國立臺中科技大學老人服務事業管理系(正取,分發)"
CAND_0706,114,nkust_ins,國立高雄科技大學,風險管理與保險系(商管群),國立高雄科技大學 風險管理與保險系(商管群),67090207,李*禹,備取,國立臺中科技大學,國立臺中科技大學保險金融管理系,其他學校錄取,4,"國立高雄科技大學風險管理與保險系(通過); 國立高雄科技大學智慧商務系(通過); 國立虎尾科技大學企業管理系(通過); 國立臺中科技大學保險金融管理系(正取,分發)"
CAND_0707,114,nkust_ins,國立高雄科技大學,風險管理與保險系(商管群),國立高雄科技大學 風險管理與保險系(商管群),68090078,黄*,正取,國立高雄科技大學,國立高雄科技大學航運管理系,原校系/本校留任,3,"國立高雄科技大學風險管理與保險系(通過); 國立高雄科技大學航運管理系(正取,分發); 國立屏東大學資訊管理學系(正取)"
CAND_0708,114,nkust_ins,國立高雄科技大學,風險管理與保險系(商管群),國立高雄科技大學 風險管理與保險系(商管群),68090290,蘇*,備取,—,—,未分發或放棄,1,國立高雄科技大學風險管理與保險系(通過)
CAND_0709,114,nkust_ins,國立高雄科技大學,風險管理與保險系(商管群),國立高雄科技大學 風險管理與保險系(商管群),68090373,魏*,備取,—,—,未分發或放棄,5,國立高雄科技大學風險管理與保險系(通過); 國立高雄科技大學會計資訊系(通過); 國立虎尾科技大學工業管理系(通過); 國立虎尾科技大學企業管理系(通過); 國立臺中科技大學流通管理系(通過)
CAND_0710,114,nkust_ins,國立高雄科技大學,風險管理與保險系(商管群),國立高雄科技大學 風險管理與保險系(商管群),74090035,方*,備取,—,—,未分發或放棄,3,國立高雄科技大學風險管理與保險系(通過); 明志科技大學經營管理系(通過); 致理科技大學企業管理系(通過)
CAND_0711,114,nkust_ins,國立高雄科技大學,風險管理與保險系(商管群),國立高雄科技大學 風險管理與保險系(商管群),75090085,陳*新,備取,國立高雄科技大學,國立高雄科技大學金融系,原校系/本校留任,6,"國立高雄科技大學風險管理與保險系(通過); 國立高雄科技大學金融系(備取,分發); 國立高雄科技大學財務管理系(備取); 國立臺中科技大學財務金融系(通過); 國立屏東大學企業管理學系(通過); 國立屏東大學財務金融學系(通過)"
CAND_0712,114,nkust_ins,國立高雄科技大學,風險管理與保險系(英語類),國立高雄科技大學 風險管理與保險系(英語類),61150263,*羚,正取,國立虎尾科技大學,國立虎尾科技大學企業管理系,其他學校錄取,2,"國立高雄科技大學風險管理與保險系(正取); 國立虎尾科技大學企業管理系(正取,分發)"
CAND_0713,114,nkust_ins,國立高雄科技大學,風險管理與保險系(英語類),國立高雄科技大學 風險管理與保險系(英語類),56530032,邱*,正取,國立高雄科技大學,國立高雄科技大學風險管理與保險系,原校系/本校留任,4,"國立高雄科技大學風險管理與保險系(正取,分發); 國立高雄科技大學人力資源發展系(正取); 國立虎尾科技大學財務金融系(通過); 弘光科技大學語言治療與聽力學系(通過)"
CAND_0714,114,nkust_ins,國立高雄科技大學,風險管理與保險系(英語類),國立高雄科技大學 風險管理與保險系(英語類),71530021,*瑄,正取,國立高雄科技大學,國立高雄科技大學風險管理與保險系,原校系/本校留任,5,"國立高雄科技大學風險管理與保險系(正取,分發); 國立高雄科技大學海洋休閒管理系(通過); 國立虎尾科技大學企業管理系(正取); 文藻外語大學法國語文系(正取); 國立屏東大學應用英語學系(正取)"
CAND_0715,114,nkust_ins,國立高雄科技大學,風險管理與保險系(英語類),國立高雄科技大學 風險管理與保險系(英語類),63150011,鄧*菁,正取,—,—,未分發或放棄,1,國立高雄科技大學風險管理與保險系(正取)
CAND_0716,114,nkust_ins,國立高雄科技大學,風險管理與保險系(英語類),國立高雄科技大學 風險管理與保險系(英語類),58150058,范*,正取,國立高雄科技大學,國立高雄科技大學風險管理與保險系,原校系/本校留任,3,"國立高雄科技大學風險管理與保險系(正取,分發); 國立虎尾科技大學企業管理系(備取); 國立臺中科技大學應用中文系(通過)"
CAND_0717,114,nkust_ins,國立高雄科技大學,風險管理與保險系(英語類),國立高雄科技大學 風險管理與保險系(英語類),61150423,張*棋,正取,國立高雄科技大學,國立高雄科技大學風險管理與保險系,原校系/本校留任,4,"國立高雄科技大學風險管理與保險系(正取,分發); 國立高雄科技大學航運管理系(通過); 國立高雄餐旅大學航空暨運輸服務管理系(通過); 國立臺中科技大學財務金融系(通過)"
CAND_0718,114,nkust_ins,國立高雄科技大學,風險管理與保險系(英語類),國立高雄科技大學 風險管理與保險系(英語類),56150131,楊*,備取,國立臺中科技大學,國立臺中科技大學財政稅務系,其他學校錄取,5,"國立高雄科技大學風險管理與保險系(通過); 國立高雄科技大學行銷與流通管理系(通過); 國立高雄科技大學供應鏈管理系(通過); 國立虎尾科技大學財務金融系(正取); 國立臺中科技大學財政稅務系(備取,分發)"
CAND_0719,114,nkust_ins,國立高雄科技大學,風險管理與保險系(英語類),國立高雄科技大學 風險管理與保險系(英語類),58150043,余*均,備取,—,—,未分發或放棄,5,國立高雄科技大學風險管理與保險系(通過); 國立雲林科技大學應用外語系(通過); 國立高雄科技大學企業管理系(通過); 國立高雄科技大學應用英語系(通過); 國立臺北護理健康大學生死與健康心理諮商系(通過)
CAND_0720,114,nkust_ins,國立高雄科技大學,風險管理與保險系(英語類),國立高雄科技大學 風險管理與保險系(英語類),58150049,荊*婷,備取,國立雲林科技大學,國立雲林科技大學企業管理系,其他學校錄取,5,"國立高雄科技大學風險管理與保險系(通過); 國立雲林科技大學企業管理系(正取,分發); 國立虎尾科技大學企業管理系(備取); 國立勤益科技大學文化創意事業系(通過); 國立臺中科技大學企業管理系(備取)"
CAND_0721,114,nkust_ins,國立高雄科技大學,風險管理與保險系(英語類),國立高雄科技大學 風險管理與保險系(英語類),58150103,*宏,備取,—,—,未分發或放棄,6,國立高雄科技大學風險管理與保險系(通過); 國立高雄科技大學行銷與流通管理系(通過); 國立高雄餐旅大學航空暨運輸服務管理系(通過); 國立臺中科技大學保險金融管理系(通過); 朝陽科技大學航空運務系(通過); 萬能科技大學航空暨運輸服務管理系(通過)
CAND_0722,114,nkust_ins,國立高雄科技大學,風險管理與保險系(英語類),國立高雄科技大學 風險管理與保險系(英語類),58150126,—,備取,國立高雄科技大學,國立高雄科技大學供應鏈管理系,原校系/本校留任,3,"國立高雄科技大學風險管理與保險系(通過); 國立高雄科技大學航運管理系(備取); 國立高雄科技大學供應鏈管理系(備取,分發)"
CAND_0723,114,nkust_ins,國立高雄科技大學,風險管理與保險系(英語類),國立高雄科技大學 風險管理與保險系(英語類),58150142,*永,備取,—,—,未分發或放棄,2,國立高雄科技大學風險管理與保險系(通過); 國立高雄科技大學行銷與流通管理系(通過)
CAND_0724,114,nkust_ins,國立高雄科技大學,風險管理與保險系(英語類),國立高雄科技大學 風險管理與保險系(英語類),60530030,*彤,備取,國立雲林科技大學,國立雲林科技大學應用外語系,其他學校錄取,3,"國立高雄科技大學風險管理與保險系(通過); 國立雲林科技大學應用外語系(備取,分發); 國立高雄科技大學觀光管理系(通過)"
CAND_0725,114,nkust_ins,國立高雄科技大學,風險管理與保險系(英語類),國立高雄科技大學 風險管理與保險系(英語類),61150161,邱*,備取,國立臺中科技大學,國立臺中科技大學財務金融系,其他學校錄取,3,"國立高雄科技大學風險管理與保險系(通過); 國立高雄科技大學供應鏈管理系(通過); 國立臺中科技大學財務金融系(備取,分發)"
CAND_0726,114,nkust_ins,國立高雄科技大學,風險管理與保險系(英語類),國立高雄科技大學 風險管理與保險系(英語類),61150199,李*盲,備取,—,—,未分發或放棄,3,國立高雄科技大學風險管理與保險系(通過); 國立高雄科技大學國際企業系(通過); 國立臺中科技大學應用中文系(通過)
CAND_0727,114,nkust_ins,國立高雄科技大學,風險管理與保險系(英語類),國立高雄科技大學 風險管理與保險系(英語類),61150403,胡*綸,備取,—,—,未分發或放棄,4,國立高雄科技大學風險管理與保險系(通過); 國立高雄科技大學行銷與流通管理系(通過); 國立高雄科技大學航運管理系(通過); 國立臺北護理健康大學生死與健康心理諮商系(通過)
CAND_0728,114,nkust_ins,國立高雄科技大學,風險管理與保險系(英語類),國立高雄科技大學 風險管理與保險系(英語類),66150007,陳*,備取,—,—,未分發或放棄,2,國立高雄科技大學風險管理與保險系(通過); 國立高雄科技大學國際企業系(通過)
CAND_0729,114,nkust_ins,國立高雄科技大學,風險管理與保險系(英語類),國立高雄科技大學 風險管理與保險系(英語類),67150018,買*程,正取,國立高雄科技大學,國立高雄科技大學應用德語系,原校系/本校留任,4,"國立高雄科技大學風險管理與保險系(通過); 國立高雄科技大學應用德語系(正取,分發); 國立澎湖科技大學行銷與物流管理系(通過); 國立澎湖科技大學航運管理系(正取)"
CAND_0730,114,nkust_ins,國立高雄科技大學,風險管理與保險系(英語類),國立高雄科技大學 風險管理與保險系(英語類),68150011,姚*媛,正取,國立高雄科技大學,國立高雄科技大學行銷與流通管理系,原校系/本校留任,4,"國立高雄科技大學風險管理與保險系(通過); 國立高雄科技大學行銷與流通管理系(正取,分發); 國立高雄科技大學供應鏈管理系(通過); 國立虎尾科技大學企業管理系(通過)"
CAND_0731,114,nkust_ins,國立高雄科技大學,風險管理與保險系(英語類),國立高雄科技大學 風險管理與保險系(英語類),68150082,李*J,備取,—,—,未分發或放棄,3,國立高雄科技大學風險管理與保險系(通過); 國立雲林科技大學企業管理系(通過); 國立高雄科技大學航運管理系(通過)
CAND_0732,114,nkust_ins,國立高雄科技大學,風險管理與保險系(英語類),國立高雄科技大學 風險管理與保險系(英語類),68530005,蘇*倫,備取,—,—,未分發或放棄,2,國立高雄科技大學風險管理與保險系(通過); 國立高雄科技大學國際企業系(通過)
CAND_0733,114,nkust_ins,國立高雄科技大學,風險管理與保險系(資電類),國立高雄科技大學 風險管理與保險系(資電類),52090072,維*,正取,國立高雄科技大學,國立高雄科技大學風險管理與保險系,原校系/本校留任,2,"國立高雄科技大學風險管理與保險系(正取,分發); 國立勤益科技大學行銷與流通管理系(正取)"
CAND_0734,114,nkust_ins,國立高雄科技大學,風險管理與保險系(資電類),國立高雄科技大學 風險管理與保險系(資電類),59090326,*閑,正取,國立臺中科技大學,國立臺中科技大學保險金融管理系,其他學校錄取,3,"國立高雄科技大學風險管理與保險系(正取); 國立高雄科技大學金融資訊系(備取); 國立臺中科技大學保險金融管理系(正取,分發)"
CAND_0735,114,nkust_ins,國立高雄科技大學,風險管理與保險系(資電類),國立高雄科技大學 風險管理與保險系(資電類),61091339,*穎,正取,國立臺中科技大學,國立臺中科技大學保險金融管理系,其他學校錄取,5,"國立高雄科技大學風險管理與保險系(正取); 國立高雄科技大學運籌管理系(通過); 國立高雄科技大學行銷與流通管理系(通過); 國立勤益科技大學行銷與流通管理系(通過); 國立臺中科技大學保險金融管理系(正取,分發)"
CAND_0736,114,nkust_ins,國立高雄科技大學,風險管理與保險系(資電類),國立高雄科技大學 風險管理與保險系(資電類),70090098,陳*,正取,國立高雄科技大學,國立高雄科技大學風險管理與保險系,原校系/本校留任,5,"國立高雄科技大學風險管理與保險系(正取,分發); 國立高雄科技大學商務資訊應用系(通過); 國立高雄科技大學漁業科技與管理系(正取); 文藻外語大學德國語文系(正取); 文藻外語大學西班牙語文系(備取)"
CAND_0737,114,nkust_ins,國立高雄科技大學,風險管理與保險系(資電類),國立高雄科技大學 風險管理與保險系(資電類),57090921,黄*道,正取,國立高雄科技大學,國立高雄科技大學風險管理與保險系,原校系/本校留任,2,"國立高雄科技大學風險管理與保險系(正取,分發); 國立臺中科技大學國際貿易與經營系(通過)"
CAND_0738,114,nkust_ins,國立高雄科技大學,風險管理與保險系(資電類),國立高雄科技大學 風險管理與保險系(資電類),69090070,黄*智,正取,國立高雄科技大學,國立高雄科技大學風險管理與保險系,原校系/本校留任,2,"國立高雄科技大學風險管理與保險系(正取,分發); 國立臺中科技大學保險金融管理系(通過)"
CAND_0739,114,nkust_ins,國立高雄科技大學,風險管理與保險系(資電類),國立高雄科技大學 風險管理與保險系(資電類),64090266,楊*葳,正取,國立高雄科技大學,國立高雄科技大學風險管理與保險系,原校系/本校留任,3,"國立高雄科技大學風險管理與保險系(正取,分發); 國立勤益科技大學工業工程與管理系(備取); 國立臺中科技大學保險金融管理系(備取)"
CAND_0740,114,nkust_ins,國立高雄科技大學,風險管理與保險系(資電類),國立高雄科技大學 風險管理與保險系(資電類),57090929,陳*宏,備取,國立高雄科技大學,國立高雄科技大學風險管理與保險系,原校系/本校留任,1,"國立高雄科技大學風險管理與保險系(備取,分發)"
CAND_0741,114,nkust_ins,國立高雄科技大學,風險管理與保險系(資電類),國立高雄科技大學 風險管理與保險系(資電類),57090101,陳*杉,備取,國立高雄科技大學,國立高雄科技大學風險管理與保險系,原校系/本校留任,3,"國立高雄科技大學風險管理與保險系(備取,分發); 國立高雄科技大學人力資源發展系(備取); 國立臺中科技大學保險金融管理系(備取)"
CAND_0742,114,nkust_ins,國立高雄科技大學,風險管理與保險系(資電類),國立高雄科技大學 風險管理與保險系(資電類),64090338,游*,備取,國立勤益科技大學,國立勤益科技大學工業工程與管理系,其他學校錄取,2,"國立高雄科技大學風險管理與保險系(備取); 國立勤益科技大學工業工程與管理系(備取,分發)"
CAND_0743,114,nkust_ins,國立高雄科技大學,風險管理與保險系(資電類),國立高雄科技大學 風險管理與保險系(資電類),70090182,陳*,備取,—,—,未分發或放棄,3,國立高雄科技大學風險管理與保險系(備取); 國立高雄科技大學商務資訊應用系(資安人才)(備取); 國立臺中科技大學流通管理系(通過)
CAND_0744,114,nkust_ins,國立高雄科技大學,風險管理與保險系(資電類),國立高雄科技大學 風險管理與保險系(資電類),74090087,張*劼,備取,—,—,未分發或放棄,3,國立高雄科技大學風險管理與保險系(備取); 國立屏東科技大學企業管理系(通過); 國立屏東大學休閒事業經營學系(通過)
CAND_0745,114,nkust_ins,國立高雄科技大學,風險管理與保險系(資電類),國立高雄科技大學 風險管理與保險系(資電類),57090225,林*叡,備取,—,—,未分發或放棄,3,國立高雄科技大學風險管理與保險系(通過); 國立高雄科技大學商務資訊應用系(資安人才)(通過); 國立臺中科技大學應用統計系(通過)
CAND_0746,114,nkust_ins,國立高雄科技大學,風險管理與保險系(資電類),國立高雄科技大學 風險管理與保險系(資電類),57090863,—,備取,—,—,未分發或放棄,4,國立高雄科技大學風險管理與保險系(通過); 國立虎尾科技大學資訊管理系(通過); 國立勤益科技大學資訊管理系(通過); 靜宜大學會計學系(通過)
CAND_0747,114,nkust_ins,國立高雄科技大學,風險管理與保險系(資電類),國立高雄科技大學 風險管理與保險系(資電類),57090887,蘇*翔,備取,國立臺中科技大學,國立臺中科技大學保險金融管理系,其他學校錄取,3,"國立高雄科技大學風險管理與保險系(通過); 國立臺中科技大學保險金融管理系(備取,分發); 靜宜大學財務金融學系(通過)"
CAND_0748,114,nkust_ins,國立高雄科技大學,風險管理與保險系(資電類),國立高雄科技大學 風險管理與保險系(資電類),58090212,—,備取,—,—,未分發或放棄,3,國立高雄科技大學風險管理與保險系(通過); 國立屏東科技大學資訊管理系(備取); 國立屏東科技大學社會工作系(通過)
CAND_0749,114,nkust_ins,國立高雄科技大學,風險管理與保險系(資電類),國立高雄科技大學 風險管理與保險系(資電類),60530026,陳*伶,備取,國立勤益科技大學,國立勤益科技大學行銷與流通管理系,其他學校錄取,2,"國立高雄科技大學風險管理與保險系(通過); 國立勤益科技大學行銷與流通管理系(備取,分發)"
CAND_0750,114,nkust_ins,國立高雄科技大學,風險管理與保險系(資電類),國立高雄科技大學 風險管理與保險系(資電類),61090747,吳*菲,備取,—,—,未分發或放棄,3,國立高雄科技大學風險管理與保險系(通過); 國立虎尾科技大學企業管理系(通過); 國立勤益科技大學企業管理系(通過)
CAND_0751,114,nkust_ins,國立高雄科技大學,風險管理與保險系(資電類),國立高雄科技大學 風險管理與保險系(資電類),64090087,*琳,備取,國立雲林科技大學,國立雲林科技大學工業工程與管理系,其他學校錄取,6,"國立高雄科技大學風險管理與保險系(通過); 國立雲林科技大學工業工程與管理系(正取,分發); 國立高雄科技大學會計資訊系(通過); 國立高雄科技大學金融資訊系(通過); 國立臺中科技大學保險金融管理系(正取); 逢甲大學土地管理學系(通過)"
CAND_0752,114,nkust_ins,國立高雄科技大學,風險管理與保險系(資電類),國立高雄科技大學 風險管理與保險系(資電類),70090059,嚴*,備取,國立高雄科技大學,國立高雄科技大學智慧商務系,原校系/本校留任,6,"國立高雄科技大學風險管理與保險系(通過); 國立高雄科技大學智慧商務系(備取,分發); 國立高雄科技大學商務資訊應用系(資安人才)(通過); 國立勤益科技大學資訊管理系(通過); 國立臺中科技大學人工智慧應用工程學士學位學程(備取); 國立聯合大學資訊管理學系(通過)"
CAND_0753,114,nkust_ins,國立高雄科技大學,風險管理與保險系(資電類),國立高雄科技大學 風險管理與保險系(資電類),70090079,陳*丞,備取,—,—,未分發或放棄,2,國立高雄科技大學風險管理與保險系(通過); 國立屏東大學資訊管理學系(通過)
CAND_0754,115,nkust_ins,國立高雄科技大學,風險管理與保險系(商管群),國立高雄科技大學 風險管理與保險系(商管群),67090136,葉*妤,正取,國立高雄科技大學,國立高雄科技大學風險管理與保險系,原校系/本校留任,2,"國立高雄科技大學風險管理與保險系(正取,分發); 國立臺中科技大學保險金融管理系(通過)"
CAND_0755,115,nkust_ins,國立高雄科技大學,風險管理與保險系(商管群),國立高雄科技大學 風險管理與保險系(商管群),56090395,邱*愷,正取,—,—,未分發或放棄,2,國立高雄科技大學風險管理與保險系(正取); 國立虎尾科技大學財務金融系(通過)
CAND_0756,115,nkust_ins,國立高雄科技大學,風險管理與保險系(商管群),國立高雄科技大學 風險管理與保險系(商管群),70090895,林*婷,正取,國立高雄科技大學,國立高雄科技大學財務管理系,原校系/本校留任,3,"國立高雄科技大學風險管理與保險系(正取); 國立高雄科技大學財務管理系(正取,分發); 國立臺中科技大學財務金融系(正取)"
CAND_0757,115,nkust_ins,國立高雄科技大學,風險管理與保險系(商管群),國立高雄科技大學 風險管理與保險系(商管群),61091370,林*吟,正取,國立高雄科技大學,國立高雄科技大學風險管理與保險系,原校系/本校留任,5,"國立高雄科技大學風險管理與保險系(正取,分發); 國立臺北護理健康大學護理系(通過); 國立臺北護理健康大學健康事業管理系(通過); 國立臺中科技大學保險金融管理系(通過); 逢甲大學經濟學系(通過)"
CAND_0758,115,nkust_ins,國立高雄科技大學,風險管理與保險系(商管群),國立高雄科技大學 風險管理與保險系(商管群),68090342,吳*,正取,國立高雄科技大學,國立高雄科技大學工業工程與管理系,原校系/本校留任,4,"國立高雄科技大學風險管理與保險系(正取); 國立高雄科技大學工業工程與管理系(正取,分發); 國立高雄科技大學企業管理系(通過); 國立臺中科技大學流通管理系(通過)"
CAND_0759,115,nkust_ins,國立高雄科技大學,風險管理與保險系(商管群),國立高雄科技大學 風險管理與保險系(商管群),58090275,郭*,正取,國立勤益科技大學,國立勤益科技大學行銷與流通管理系,其他學校錄取,5,"國立高雄科技大學風險管理與保險系(正取); 國立高雄科技大學國際企業系(備取); 國立高雄科技大學供應鏈管理系(正取); 國立勤益科技大學行銷與流通管理系(正取,分發); 致理科技大學國際貿易系(通過)"
CAND_0760,115,nkust_ins,國立高雄科技大學,風險管理與保險系(商管群),國立高雄科技大學 風險管理與保險系(商管群),59090228,黄*銓,正取,中原大學,中原大學會計學系,其他學校錄取,4,"國立高雄科技大學風險管理與保險系(正取); 中原大學會計學系(備取,分發); 逢甲大學會計學系(備取); 逢甲大學財稅學系(備取)"
CAND_0761,115,nkust_ins,國立高雄科技大學,風險管理與保險系(商管群),國立高雄科技大學 風險管理與保險系(商管群),61090121,*臻,正取,國立雲林科技大學,國立雲林科技大學財務金融系,其他學校錄取,4,"國立高雄科技大學風險管理與保險系(正取); 國立雲林科技大學財務金融系(備取,分發); 國立高雄科技大學財務管理系(正取); 國立臺中科技大學會計資訊系(通過)"
CAND_0762,115,nkust_ins,國立高雄科技大學,風險管理與保險系(商管群),國立高雄科技大學 風險管理與保險系(商管群),52090543,周*,正取,國立臺北護理健康大學,國立臺北護理健康大學健康事業管理系,其他學校錄取,4,"國立高雄科技大學風險管理與保險系(正取); 國立高雄科技大學工業工程與管理系(備取); 國立臺北護理健康大學健康事業管理系(正取,分發); 國立臺北商業大學資訊管理系(臺北校區)(資安人才)(通過)"
CAND_0763,115,nkust_ins,國立高雄科技大學,風險管理與保險系(商管群),國立高雄科技大學 風險管理與保險系(商管群),68090366,*芳,正取,國立高雄科技大學,國立高雄科技大學金融系,原校系/本校留任,6,"國立高雄科技大學風險管理與保險系(正取); 國立雲林科技大學企業管理系(通過); 國立高雄科技大學企業管理系(通過); 國立高雄科技大學金融系(正取,分發); 國立臺中科技大學財務金融系(通過); 國立臺北商業大學國際商務系(臺北校區)(通過)"
CAND_0764,115,nkust_ins,國立高雄科技大學,風險管理與保險系(商管群),國立高雄科技大學 風險管理與保險系(商管群),68090573,F*恩,正取,國立高雄科技大學,國立高雄科技大學金融系,原校系/本校留任,4,"國立高雄科技大學風險管理與保險系(正取); 國立高雄科技大學金融系(正取,分發); 國立臺中科技大學財務金融系(正取); 南臺科技大學財務金融系(正取)"
CAND_0765,115,nkust_ins,國立高雄科技大學,風險管理與保險系(商管群),國立高雄科技大學 風險管理與保險系(商管群),57090215,黄*登,正取,國立臺中科技大學,國立臺中科技大學保險金融管理系,其他學校錄取,2,"國立高雄科技大學風險管理與保險系(正取); 國立臺中科技大學保險金融管理系(正取,分發)"
CAND_0766,115,nkust_ins,國立高雄科技大學,風險管理與保險系(商管群),國立高雄科技大學 風險管理與保險系(商管群),68530095,—,正取,國立高雄科技大學,國立高雄科技大學風險管理與保險系,原校系/本校留任,6,"國立高雄科技大學風險管理與保險系(正取,分發); 國立高雄科技大學工業工程與管理系(備取); 國立高雄科技大學運籌管理系(通過); 國立虎尾科技大學工業管理系(通過); 國立虎尾科技大學企業管理系(通過); 國立臺中科技大學企業管理系(通過)"
CAND_0767,115,nkust_ins,國立高雄科技大學,風險管理與保險系(商管群),國立高雄科技大學 風險管理與保險系(商管群),57090149,陳*葳,正取,中原大學,中原大學會計學系,其他學校錄取,4,"國立高雄科技大學風險管理與保險系(正取); 國立高雄科技大學行銷與流通管理系(正取); 國立臺中科技大學財政稅務系(正取); 中原大學會計學系(備取,分發)"
CAND_0768,115,nkust_ins,國立高雄科技大學,風險管理與保險系(商管群),國立高雄科技大學 風險管理與保險系(商管群),61091206,林*勛,正取,國立高雄科技大學,國立高雄科技大學財務管理系,原校系/本校留任,4,"國立高雄科技大學風險管理與保險系(正取); 國立高雄科技大學財務管理系(正取,分發); 國立虎尾科技大學企業管理系(備取); 國立虎尾科技大學財務金融系(正取)"
CAND_0769,115,nkust_ins,國立高雄科技大學,風險管理與保險系(商管群),國立高雄科技大學 風險管理與保險系(商管群),74090062,葵*邦,正取,國立臺中科技大學,國立臺中科技大學會計資訊系,其他學校錄取,5,"國立高雄科技大學風險管理與保險系(正取); 國立高雄科技大學會計資訊系(備取); 國立臺中科技大學會計資訊系(備取,分發); 嶺東科技大學財務金融系會計資訊組(正取); 國立屏東大學會計學系(正取)"
CAND_0770,115,nkust_ins,國立高雄科技大學,風險管理與保險系(商管群),國立高雄科技大學 風險管理與保險系(商管群),64090145,高*庭,正取,國立高雄科技大學,國立高雄科技大學金融系,原校系/本校留任,4,"國立高雄科技大學風險管理與保險系(正取); 國立高雄科技大學運籌管理系(通過); 國立高雄科技大學金融系(備取,分發); 國立臺中科技大學財政稅務系(通過)"
CAND_0771,115,nkust_ins,國立高雄科技大學,風險管理與保險系(商管群),國立高雄科技大學 風險管理與保險系(商管群),68090622,陳*伶,備取,國立高雄科技大學,國立高雄科技大學工業工程與管理系,原校系/本校留任,2,"國立高雄科技大學風險管理與保險系(備取); 國立高雄科技大學工業工程與管理系(正取,分發)"
CAND_0772,115,nkust_ins,國立高雄科技大學,風險管理與保險系(商管群),國立高雄科技大學 風險管理與保險系(商管群),57090146,李*裕,備取,國立虎尾科技大學,國立虎尾科技大學企業管理系,其他學校錄取,5,"國立高雄科技大學風險管理與保險系(備取); 國立虎尾科技大學資訊管理系(通過); 國立虎尾科技大學企業管理系(正取,分發); 國立勤益科技大學企業管理系(備取); 國立臺中科技大學流通管理系(備取)"
CAND_0773,115,nkust_ins,國立高雄科技大學,風險管理與保險系(商管群),國立高雄科技大學 風險管理與保險系(商管群),68090360,—,備取,國立臺中科技大學,國立臺中科技大學財政稅務系,其他學校錄取,2,"國立高雄科技大學風險管理與保險系(備取); 國立臺中科技大學財政稅務系(備取,分發)"
CAND_0774,115,nkust_ins,國立高雄科技大學,風險管理與保險系(商管群),國立高雄科技大學 風險管理與保險系(商管群),57090693,張*珊,備取,國立高雄科技大學,國立高雄科技大學風險管理與保險系,原校系/本校留任,4,"國立高雄科技大學風險管理與保險系(備取,分發); 國立高雄科技大學行銷與流通管理系(通過); 國立勤益科技大學行銷與流通管理系(備取); 國立臺中科技大學保險金融管理系(正取)"
CAND_0775,115,nkust_ins,國立高雄科技大學,風險管理與保險系(商管群),國立高雄科技大學 風險管理與保險系(商管群),68530056,—,備取,—,—,未分發或放棄,2,國立高雄科技大學風險管理與保險系(備取); 國立臺中科技大學會計資訊系(備取)
CAND_0776,115,nkust_ins,國立高雄科技大學,風險管理與保險系(商管群),國立高雄科技大學 風險管理與保險系(商管群),61530063,宋*喆,備取,國立高雄科技大學,國立高雄科技大學風險管理與保險系,原校系/本校留任,2,"國立高雄科技大學風險管理與保險系(備取,分發); 國立勤益科技大學企業管理系(備取)"
CAND_0777,115,nkust_ins,國立高雄科技大學,風險管理與保險系(商管群),國立高雄科技大學 風險管理與保險系(商管群),64090193,*真,備取,國立臺中科技大學,國立臺中科技大學財政稅務系,其他學校錄取,2,"國立高雄科技大學風險管理與保險系(備取); 國立臺中科技大學財政稅務系(備取,分發)"
CAND_0778,115,nkust_ins,國立高雄科技大學,風險管理與保險系(商管群),國立高雄科技大學 風險管理與保險系(商管群),55090397,陳*欣,備取,國立高雄科技大學,國立高雄科技大學風險管理與保險系,原校系/本校留任,3,"國立高雄科技大學風險管理與保險系(備取,分發); 國立虎尾科技大學企業管理系(備取); 國立臺中科技大學流通管理系(通過)"
CAND_0779,115,nkust_ins,國立高雄科技大學,風險管理與保險系(商管群),國立高雄科技大學 風險管理與保險系(商管群),64090454,*淳,備取,國立高雄科技大學,國立高雄科技大學運籌管理系,原校系/本校留任,4,"國立高雄科技大學風險管理與保險系(備取); 國立高雄科技大學運籌管理系(正取,分發); 國立高雄科技大學航運管理系(備取); 國立臺中科技大學保險金融管理系(正取)"
CAND_0780,115,nkust_ins,國立高雄科技大學,風險管理與保險系(商管群),國立高雄科技大學 風險管理與保險系(商管群),68090612,—,備取,國立高雄科技大學,國立高雄科技大學風險管理與保險系,原校系/本校留任,6,"國立高雄科技大學風險管理與保險系(備取); 國立高雄科技大學風險管理與保險系(備取,分發); 國立高雄科技大學商務資訊應用系(通過); 國立勤益科技大學資訊管理系(通過); 國立臺中科技大學保險金融管理系(通過); 實踐大學風險管理與保險學系(臺北校區)(備取)"
CAND_0781,115,nkust_ins,國立高雄科技大學,風險管理與保險系(商管群),國立高雄科技大學 風險管理與保險系(商管群),61090173,陳*吟,備取,國立高雄科技大學,國立高雄科技大學風險管理與保險系,原校系/本校留任,5,"國立高雄科技大學風險管理與保險系(備取,分發); 國立高雄科技大學財務管理系(通過); 國立虎尾科技大學企業管理系(正取); 國立勤益科技大學行銷與流通管理系(通過); 朝陽科技大學保險金融管理系(通過)"
CAND_0782,115,nkust_ins,國立高雄科技大學,風險管理與保險系(商管群),國立高雄科技大學 風險管理與保險系(商管群),65090240,葵*,備取,國立臺中科技大學,國立臺中科技大學保險金融管理系,其他學校錄取,6,"國立高雄科技大學風險管理與保險系(備取); 國立高雄科技大學財務管理系(通過); 國立高雄科技大學航運管理系(通過); 國立虎尾科技大學財務金融系(通過); 國立勤益科技大學行銷與流通管理系(通過); 國立臺中科技大學保險金融管理系(正取,分發)"
CAND_0783,115,nkust_ins,國立高雄科技大學,風險管理與保險系(商管群),國立高雄科技大學 風險管理與保險系(商管群),74090108,陳*尹,備取,國立高雄科技大學,國立高雄科技大學風險管理與保險系,原校系/本校留任,4,"國立高雄科技大學風險管理與保險系(備取,分發); 國立屏東科技大學企業管理系(通過); 國立屏東大學國際經營與貿易學系(正取); 國立屏東大學商業大數據學系(正取)"
CAND_0784,115,nkust_ins,國立高雄科技大學,風險管理與保險系(商管群),國立高雄科技大學 風險管理與保險系(商管群),61090779,張*l,備取,—,—,未分發或放棄,5,國立高雄科技大學風險管理與保險系(備取); 國立臺北科技大學經營管理系(通過); 國立臺北護理健康大學生死與健康心理諮商系(通過); 國立臺中科技大學保險金融管理系(正取); 國立臺北商業大學財政稅務系(臺北校區)(通過)
CAND_0785,115,nkust_ins,國立高雄科技大學,風險管理與保險系(商管群),國立高雄科技大學 風險管理與保險系(商管群),70090406,邱*翔,備取,國立臺中科技大學,國立臺中科技大學保險金融管理系,其他學校錄取,3,"國立高雄科技大學風險管理與保險系(備取); 國立臺中科技大學保險金融管理系(正取,分發); 朝陽科技大學財務金融系(通過)"
CAND_0786,115,nkust_ins,國立高雄科技大學,風險管理與保險系(商管群),國立高雄科技大學 風險管理與保險系(商管群),55090460,張*瑄,備取,國立高雄科技大學,國立高雄科技大學風險管理與保險系,原校系/本校留任,3,"國立高雄科技大學風險管理與保險系(備取,分發); 國立高雄科技大學航運管理系(備取); 實踐大學風險管理與保險學系(臺北校區)(正取)"
CAND_0787,115,nkust_ins,國立高雄科技大學,風險管理與保險系(商管群),國立高雄科技大學 風險管理與保險系(商管群),54090328,胡*恩,備取,—,—,未分發或放棄,4,國立高雄科技大學風險管理與保險系(通過); 國立虎尾科技大學企業管理系(通過); 國立宜蘭大學應用經濟與管理學系(通過); 國立屏東大學會計學系(通過)
CAND_0788,115,nkust_ins,國立高雄科技大學,風險管理與保險系(商管群),國立高雄科技大學 風險管理與保險系(商管群),55090304,*喆,備取,—,—,未分發或放棄,4,國立高雄科技大學風險管理與保險系(通過); 國立雲林科技大學文化資產維護系(通過); 國立高雄科技大學企業管理系(通過); 國立臺中科技大學應用統計系(通過)
CAND_0789,115,nkust_ins,國立高雄科技大學,風險管理與保險系(商管群),國立高雄科技大學 風險管理與保險系(商管群),57090426,游*永,備取,—,—,未分發或放棄,4,國立高雄科技大學風險管理與保險系(通過); 國立雲林科技大學企業管理系(通過); 國立高雄科技大學金融系(備取); 國立高雄科技大學財政稅務系(通過)
CAND_0790,115,nkust_ins,國立高雄科技大學,風險管理與保險系(商管群),國立高雄科技大學 風險管理與保險系(商管群),57090548,林*,備取,國立勤益科技大學,國立勤益科技大學行銷與流通管理系,其他學校錄取,2,"國立高雄科技大學風險管理與保險系(通過); 國立勤益科技大學行銷與流通管理系(正取,分發)"
CAND_0791,115,nkust_ins,國立高雄科技大學,風險管理與保險系(商管群),國立高雄科技大學 風險管理與保險系(商管群),57090925,徐*瑜,備取,國立臺中科技大學,國立臺中科技大學財務金融系,其他學校錄取,4,"國立高雄科技大學風險管理與保險系(通過); 國立高雄科技大學會計資訊系(通過); 國立高雄科技大學金融資訊系(備取); 國立臺中科技大學財務金融系(正取,分發)"
CAND_0792,115,nkust_ins,國立高雄科技大學,風險管理與保險系(商管群),國立高雄科技大學 風險管理與保險系(商管群),57090935,徐*暘,備取,—,—,未分發或放棄,5,國立高雄科技大學風險管理與保險系(通過); 國立高雄科技大學行銷與流通管理系(通過); 國立虎尾科技大學工業管理系(通過); 國立勤益科技大學工業工程與管理系(通過); 國立臺中科技大學保險金融管理系(通過)
CAND_0793,115,nkust_ins,國立高雄科技大學,風險管理與保險系(商管群),國立高雄科技大學 風險管理與保險系(商管群),58090184,許*豪,備取,—,—,未分發或放棄,4,國立高雄科技大學風險管理與保險系(通過); 國立臺北護理健康大學高齡健康照護系(通過); 國立臺北護理健康大學健康事業管理系(通過); 國立臺中科技大學應用統計系(通過)
CAND_0794,115,nkust_ins,國立高雄科技大學,風險管理與保險系(商管群),國立高雄科技大學 風險管理與保險系(商管群),61091178,林*,備取,—,—,未分發或放棄,2,國立高雄科技大學風險管理與保險系(通過); 國立臺中科技大學保險金融管理系(通過)
CAND_0795,115,nkust_ins,國立高雄科技大學,風險管理與保險系(商管群),國立高雄科技大學 風險管理與保險系(商管群),64090089,徐*詒,備取,—,—,未分發或放棄,4,國立高雄科技大學風險管理與保險系(通過); 國立高雄科技大學金融系(通過); 國立臺中科技大學財務金融系(通過); 國立臺北商業大學商業設計管理系(桃園校區)(通過)
CAND_0796,115,nkust_ins,國立高雄科技大學,風險管理與保險系(商管群),國立高雄科技大學 風險管理與保險系(商管群),64090209,*瞳,備取,國立彰化師範大學,國立彰化師範大學財務金融技術學系,其他學校錄取,5,"國立高雄科技大學風險管理與保險系(通過); 國立雲林科技大學財務金融系(通過); 國立高雄科技大學金融系(通過); 國立臺中科技大學財務金融系(正取); 國立彰化師範大學財務金融技術學系(正取,分發)"
CAND_0797,115,nkust_ins,國立高雄科技大學,風險管理與保險系(商管群),國立高雄科技大學 風險管理與保險系(商管群),64090235,葉*真,備取,—,—,未分發或放棄,3,國立高雄科技大學風險管理與保險系(通過); 國立高雄科技大學金融系(通過); 國立臺中科技大學財務金融系(通過)
CAND_0798,115,nkust_ins,國立高雄科技大學,風險管理與保險系(商管群),國立高雄科技大學 風險管理與保險系(商管群),64090363,楊*宁,備取,國立臺中科技大學,國立臺中科技大學流通管理系,其他學校錄取,5,"國立高雄科技大學風險管理與保險系(通過); 國立雲林科技大學企業管理系(備取); 國立高雄科技大學工業工程與管理系(通過); 國立高雄科技大學金融資訊系(通過); 國立臺中科技大學流通管理系(正取,分發)"
CAND_0799,115,nkust_ins,國立高雄科技大學,風險管理與保險系(商管群),國立高雄科技大學 風險管理與保險系(商管群),64090472,*柔,備取,—,—,未分發或放棄,2,國立高雄科技大學風險管理與保險系(通過); 國立臺中科技大學財務金融系(通過)
CAND_0800,115,nkust_ins,國立高雄科技大學,風險管理與保險系(商管群),國立高雄科技大學 風險管理與保險系(商管群),66090275,林*,備取,國立虎尾科技大學,國立虎尾科技大學企業管理系,其他學校錄取,4,"國立高雄科技大學風險管理與保險系(通過); 國立虎尾科技大學工業管理系(正取); 國立虎尾科技大學企業管理系(正取,分發); 國立臺中科技大學財務金融系(備取)"
CAND_0801,115,nkust_ins,國立高雄科技大學,風險管理與保險系(商管群),國立高雄科技大學 風險管理與保險系(商管群),67090282,—,備取,—,—,未分發或放棄,2,國立高雄科技大學風險管理與保險系(通過); 國立高雄科技大學供應鏈管理系(通過)
CAND_0802,115,nkust_ins,國立高雄科技大學,風險管理與保險系(商管群),國立高雄科技大學 風險管理與保險系(商管群),70090674,陳*姍,正取,國立雲林科技大學,國立雲林科技大學企業管理系,其他學校錄取,5,"國立高雄科技大學風險管理與保險系(通過); 國立雲林科技大學企業管理系(正取,分發); 國立高雄科技大學金融系(通過); 國立高雄科技大學財務管理系(正取); 國立臺中科技大學財務金融系(通過)"
CAND_0803,115,nkust_ins,國立高雄科技大學,風險管理與保險系(商管群),國立高雄科技大學 風險管理與保險系(商管群),70090719,葵*庭,備取,—,—,未分發或放棄,1,國立高雄科技大學風險管理與保險系(通過)
CAND_0804,115,nkust_ins,國立高雄科技大學,風險管理與保險系(商管群),國立高雄科技大學 風險管理與保險系(商管群),70090727,陳*湘,備取,—,—,未分發或放棄,1,國立高雄科技大學風險管理與保險系(通過)
CAND_0805,115,nkust_ins,國立高雄科技大學,風險管理與保險系(商管群),國立高雄科技大學 風險管理與保險系(商管群),70090800,張*愷,備取,—,—,未分發或放棄,2,國立高雄科技大學風險管理與保險系(通過); 國立高雄科技大學行銷與流通管理系(通過)
CAND_0806,115,nkust_ins,國立高雄科技大學,風險管理與保險系(英語類),國立高雄科技大學 風險管理與保險系(英語類),58170099,維*永,正取,國立高雄科技大學,國立高雄科技大學風險管理與保險系,原校系/本校留任,1,"國立高雄科技大學風險管理與保險系(正取,分發)"
CAND_0807,115,nkust_ins,國立高雄科技大學,風險管理與保險系(英語類),國立高雄科技大學 風險管理與保險系(英語類),68170121,—,正取,國立高雄科技大學,國立高雄科技大學供應鏈管理系,原校系/本校留任,3,"國立高雄科技大學風險管理與保險系(正取); 國立高雄科技大學運籌管理系(正取); 國立高雄科技大學供應鏈管理系(正取,分發)"
CAND_0808,115,nkust_ins,國立高雄科技大學,風險管理與保險系(英語類),國立高雄科技大學 風險管理與保險系(英語類),59170109,*綾,正取,—,—,未分發或放棄,3,國立高雄科技大學風險管理與保險系(正取); 致理科技大學行銷與流通管理系(正取); 實踐大學餐飲管理學系(臺北校區)(正取)
CAND_0809,115,nkust_ins,國立高雄科技大學,風險管理與保險系(英語類),國立高雄科技大學 風險管理與保險系(英語類),59170008,黄*心,正取,—,—,未分發或放棄,4,國立高雄科技大學風險管理與保險系(正取); 國立高雄科技大學應用日語系(備取); 國立臺中科技大學應用英語系(通過); 國立臺北教育大學社會與區域發展學系(通過)
CAND_0810,115,nkust_ins,國立高雄科技大學,風險管理與保險系(英語類),國立高雄科技大學 風險管理與保險系(英語類),61170638,葵*宇,備取,國立高雄餐旅大學,國立高雄餐旅大學休閒暨遊憩管理系,其他學校錄取,5,"國立高雄科技大學風險管理與保險系(備取); 國立澎湖科技大學海洋遊憩系(通過); 國立高雄餐旅大學休閒暨遊憩管理系(正取,分發); 朝陽科技大學航空運務系(備取); 嶺東科技大學觀光與休閒管理系(通過)"
CAND_0811,115,nkust_ins,國立高雄科技大學,風險管理與保險系(英語類),國立高雄科技大學 風險管理與保險系(英語類),61170706,張*銘,備取,國立高雄科技大學,國立高雄科技大學海洋休閒管理系,原校系/本校留任,2,"國立高雄科技大學風險管理與保險系(備取); 國立高雄科技大學海洋休閒管理系(正取,分發)"
CAND_0812,115,nkust_ins,國立高雄科技大學,風險管理與保險系(英語類),國立高雄科技大學 風險管理與保險系(英語類),68170029,蘇*,備取,國立高雄科技大學,國立高雄科技大學風險管理與保險系,原校系/本校留任,2,"國立高雄科技大學風險管理與保險系(備取,分發); 國立高雄餐旅大學烘焙管理系(通過)"
CAND_0813,115,nkust_ins,國立高雄科技大學,風險管理與保險系(英語類),國立高雄科技大學 風險管理與保險系(英語類),56170173,F*女,備取,國立高雄科技大學,國立高雄科技大學風險管理與保險系,原校系/本校留任,1,"國立高雄科技大學風險管理與保險系(備取,分發)"
CAND_0814,115,nkust_ins,國立高雄科技大學,風險管理與保險系(英語類),國立高雄科技大學 風險管理與保險系(英語類),61170442,賴*鈞,備取,國立高雄科技大學,國立高雄科技大學風險管理與保險系,原校系/本校留任,2,"國立高雄科技大學風險管理與保險系(備取,分發); 國立高雄餐旅大學休閒暨遊憩管理系(備取)"
CAND_0815,115,nkust_ins,國立高雄科技大學,風險管理與保險系(英語類),國立高雄科技大學 風險管理與保險系(英語類),52170585,陳*,備取,慈濟大學,慈濟大學醫務暨健康管理學系,其他學校錄取,4,"國立高雄科技大學風險管理與保險系(通過); 國立高雄餐旅大學旅館管理系(正取); 長庚科技大學保健營養系(林口校區)(正取); 慈濟大學醫務暨健康管理學系(正取,分發)"
CAND_0816,115,nkust_ins,國立高雄科技大學,風險管理與保險系(英語類),國立高雄科技大學 風險管理與保險系(英語類),61170714,黄*婕,備取,國立高雄餐旅大學,國立高雄餐旅大學應用日語系,其他學校錄取,5,"國立高雄科技大學風險管理與保險系(通過); 國立屏東科技大學休閒運動健康系(通過); 國立高雄餐旅大學應用日語系(正取,分發); 朝陽科技大學休閒事業管理系(通過); 弘光科技大學國際溝通英語系(通過)"
CAND_0817,115,nkust_ins,國立高雄科技大學,風險管理與保險系(英語類),國立高雄科技大學 風險管理與保險系(英語類),68170240,謝*真,正取,國立高雄餐旅大學,國立高雄餐旅大學航空暨運輸服務管理系,其他學校錄取,5,"國立高雄科技大學風險管理與保險系(通過); 國立屏東科技大學餐旅管理系(通過); 國立高雄科技大學企業管理系(通過); 國立高雄科技大學觀光管理系(正取); 國立高雄餐旅大學航空暨運輸服務管理系(正取,分發)"
CAND_0818,115,nkust_ins,國立高雄科技大學,風險管理與保險系(英語類),國立高雄科技大學 風險管理與保險系(英語類),70170082,郭*,備取,—,—,未分發或放棄,2,國立高雄科技大學風險管理與保險系(通過); 國立屏東科技大學休閒運動健康系(通過)
CAND_0819,115,nkust_ins,國立高雄科技大學,風險管理與保險系(資電類),國立高雄科技大學 風險管理與保險系(資電類),61090694,陳*妤,正取,國立高雄科技大學,國立高雄科技大學風險管理與保險系,原校系/本校留任,2,"國立高雄科技大學風險管理與保險系(正取,分發); 國立勤益科技大學資訊管理系(資安人才)(通過)"
CAND_0820,115,nkust_ins,國立高雄科技大學,風險管理與保險系(資電類),國立高雄科技大學 風險管理與保險系(資電類),61090624,林*秀,正取,國立臺中科技大學,國立臺中科技大學資訊管理系,其他學校錄取,3,"國立高雄科技大學風險管理與保險系(正取); 國立臺中科技大學資訊管理系(備取,分發); 亞洲大學經營管理學系(正取)"
CAND_0821,115,nkust_ins,國立高雄科技大學,風險管理與保險系(資電類),國立高雄科技大學 風險管理與保險系(資電類),61090272,吳*瑀,正取,國立高雄科技大學,國立高雄科技大學風險管理與保險系,原校系/本校留任,4,"國立高雄科技大學風險管理與保險系(正取,分發); 國立高雄科技大學企業管理系(正取); 逢甲大學企業管理學系(通過); 逢甲大學風險管理與保險學系(通過)"
CAND_0822,115,nkust_ins,國立高雄科技大學,風險管理與保險系(資電類),國立高雄科技大學 風險管理與保險系(資電類),70090206,顏*恩,正取,—,—,未分發或放棄,1,國立高雄科技大學風險管理與保險系(正取)
CAND_0823,115,nkust_ins,國立高雄科技大學,風險管理與保險系(資電類),國立高雄科技大學 風險管理與保險系(資電類),59090183,*吴,正取,國立高雄科技大學,國立高雄科技大學智慧商務系,原校系/本校留任,6,"國立高雄科技大學風險管理與保險系(正取); 國立高雄科技大學智慧商務系(備取,分發); 國立高雄科技大學漁業科技與管理系(通過); 國立虎尾科技大學企業管理系(正取); 國立勤益科技大學行銷與流通管理系(備取); 國立臺中科技大學人工智慧應用工程學士學位學程(備取)"
CAND_0824,115,nkust_ins,國立高雄科技大學,風險管理與保險系(資電類),國立高雄科技大學 風險管理與保險系(資電類),70090884,—,正取,國立高雄科技大學,國立高雄科技大學風險管理與保險系,原校系/本校留任,4,"國立高雄科技大學風險管理與保險系(正取,分發); 國立臺中科技大學應用統計系(正取); 國立屏東大學企業管理學系(通過); 國立屏東大學資訊管理學系(正取)"
CAND_0825,115,nkust_ins,國立高雄科技大學,風險管理與保險系(資電類),國立高雄科技大學 風險管理與保險系(資電類),75090079,黄*雄,正取,國立高雄科技大學,國立高雄科技大學工業工程與管理系,原校系/本校留任,6,"國立高雄科技大學風險管理與保險系(正取); 國立高雄科技大學工業工程與管理系(正取,分發); 國立勤益科技大學行銷與流通管理系(通過); 朝陽科技大學財務金融系(通過); 南臺科技大學資訊管理系(正取); 文藻外語大學國際企業管理系(通過)"
CAND_0826,115,nkust_ins,國立高雄科技大學,風險管理與保險系(資電類),國立高雄科技大學 風險管理與保險系(資電類),56090304,黄*芦,備取,國立高雄科技大學,國立高雄科技大學風險管理與保險系,原校系/本校留任,2,"國立高雄科技大學風險管理與保險系(備取,分發); 國立勤益科技大學行銷與流通管理系(備取)"
CAND_0827,115,nkust_ins,國立高雄科技大學,風險管理與保險系(資電類),國立高雄科技大學 風險管理與保險系(資電類),68090612,—,備取,國立高雄科技大學,國立高雄科技大學風險管理與保險系,原校系/本校留任,6,"國立高雄科技大學風險管理與保險系(備取,分發); 國立高雄科技大學風險管理與保險系(備取); 國立高雄科技大學商務資訊應用系(通過); 國立勤益科技大學資訊管理系(通過); 國立臺中科技大學保險金融管理系(通過); 實踐大學風險管理與保險學系(臺北校區)(備取)"
CAND_0828,115,nkust_ins,國立高雄科技大學,風險管理與保險系(資電類),國立高雄科技大學 風險管理與保險系(資電類),58090130,陳*恩,備取,—,—,未分發或放棄,2,國立高雄科技大學風險管理與保險系(備取); 國立臺中科技大學流通管理系(備取)
CAND_0829,115,nkust_ins,國立高雄科技大學,風險管理與保險系(資電類),國立高雄科技大學 風險管理與保險系(資電類),57090707,黄*永,備取,—,—,未分發或放棄,3,國立高雄科技大學風險管理與保險系(備取); 國立高雄科技大學漁業科技與管理系(備取); 國立勤益科技大學資訊工程系(通過)
CAND_0830,115,nkust_ins,國立高雄科技大學,風險管理與保險系(資電類),國立高雄科技大學 風險管理與保險系(資電類),52090282,*恩,備取,國立高雄科技大學,國立高雄科技大學金融資訊系,原校系/本校留任,3,"國立高雄科技大學風險管理與保險系(備取); 國立高雄科技大學金融資訊系(備取,分發); 國立虎尾科技大學財務金融系(通過)"
CAND_0831,115,nkust_ins,國立高雄科技大學,風險管理與保險系(資電類),國立高雄科技大學 風險管理與保險系(資電類),52090141,程*蓉,備取,國立高雄科技大學,國立高雄科技大學風險管理與保險系,原校系/本校留任,1,"國立高雄科技大學風險管理與保險系(備取,分發)"
CAND_0832,115,nkust_ins,國立高雄科技大學,風險管理與保險系(資電類),國立高雄科技大學 風險管理與保險系(資電類),68090481,黄*媞,備取,國立高雄科技大學,國立高雄科技大學風險管理與保險系,原校系/本校留任,1,"國立高雄科技大學風險管理與保險系(備取,分發)"
CAND_0833,115,nkust_ins,國立高雄科技大學,風險管理與保險系(資電類),國立高雄科技大學 風險管理與保險系(資電類),57090649,張*瑄,備取,國立勤益科技大學,國立勤益科技大學行銷與流通管理系,其他學校錄取,4,"國立高雄科技大學風險管理與保險系(通過); 國立勤益科技大學行銷與流通管理系(正取,分發); 國立臺中科技大學流通管理系(備取); 國立聯合大學經營管理學系(通過)"
CAND_0834,115,nkust_ins,國立高雄科技大學,風險管理與保險系(資電類),國立高雄科技大學 風險管理與保險系(資電類),57090980,盧*伶,備取,—,—,未分發或放棄,3,國立高雄科技大學風險管理與保險系(通過); 國立屏東科技大學植物醫學系(通過); 國立屏東科技大學工業管理系(通過)
CAND_0835,115,nkust_ins,國立高雄科技大學,風險管理與保險系(資電類),國立高雄科技大學 風險管理與保險系(資電類),61560003,李*恩,備取,—,—,未分發或放棄,1,國立高雄科技大學風險管理與保險系(通過)
CAND_0836,115,nkust_ins,國立高雄科技大學,風險管理與保險系(資電類),國立高雄科技大學 風險管理與保險系(資電類),65090038,楊*妤,備取,國立臺中科技大學,國立臺中科技大學企業管理系,其他學校錄取,4,"國立高雄科技大學風險管理與保險系(通過); 國立虎尾科技大學企業管理系(正取); 國立勤益科技大學企業管理系(通過); 國立臺中科技大學企業管理系(正取,分發)"
CAND_0837,115,nkust_ins,國立高雄科技大學,風險管理與保險系(資電類),國立高雄科技大學 風險管理與保險系(資電類),70090453,連*,備取,—,—,未分發或放棄,2,國立高雄科技大學風險管理與保險系(通過); 國立高雄科技大學金融系(備取)
CAND_0838,115,nkust_ins,國立高雄科技大學,風險管理與保險系(資電類),國立高雄科技大學 風險管理與保險系(資電類),70090911,李*,備取,—,—,未分發或放棄,3,國立高雄科技大學風險管理與保險系(通過); 國立高雄科技大學金融資訊系(通過); 國立臺中科技大學資訊管理系(資安人才)(通過)
CAND_0839,113,nkust_ship,國立高雄科技大學,航運管理系(商管群),國立高雄科技大學 航運管理系(商管群),74530027,李*,正取,國立高雄科技大學,國立高雄科技大學航運管理系,原校系/本校留任,4,"國立高雄科技大學航運管理系(正取,分發); 國立雲林科技大學國際管理學士學位學程(備取); 國立高雄科技大學國際企業系(正取); 國立高雄科技大學人力資源發展系(正取)"
CAND_0840,113,nkust_ship,國立高雄科技大學,航運管理系(商管群),國立高雄科技大學 航運管理系(商管群),64090363,郭*育,正取,國立高雄科技大學,國立高雄科技大學航運管理系,原校系/本校留任,4,"國立高雄科技大學航運管理系(正取,分發); 國立高雄科技大學金融系(通過); 國立高雄科技大學財務管理系(通過); 國立臺灣海洋大學航運管理學系(通過)"
CAND_0841,113,nkust_ship,國立高雄科技大學,航運管理系(商管群),國立高雄科技大學 航運管理系(商管群),67090119,楊*絜,正取,—,—,未分發或放棄,4,國立高雄科技大學航運管理系(正取); 國立高雄科技大學國際企業系(正取); 國立高雄科技大學運籌管理系(正取); 國立臺中科技大學國際貿易與經營系(通過)
CAND_0842,113,nkust_ship,國立高雄科技大學,航運管理系(商管群),國立高雄科技大學 航運管理系(商管群),68090194,陳*,正取,國立高雄科技大學,國立高雄科技大學航運管理系,原校系/本校留任,3,"國立高雄科技大學航運管理系(正取,分發); 國立高雄科技大學運籌管理系(通過); 長榮大學財務金融學系(正取)"
CAND_0843,113,nkust_ship,國立高雄科技大學,航運管理系(商管群),國立高雄科技大學 航運管理系(商管群),69090064,顏*恩,正取,國立高雄科技大學,國立高雄科技大學航運管理系,原校系/本校留任,1,"國立高雄科技大學航運管理系(正取,分發)"
CAND_0844,113,nkust_ship,國立高雄科技大學,航運管理系(商管群),國立高雄科技大學 航運管理系(商管群),64090503,F*,正取,國立高雄科技大學,國立高雄科技大學航運管理系,原校系/本校留任,4,"國立高雄科技大學航運管理系(正取,分發); 國立臺北科技大學工業工程與管理系(通過); 國立高雄科技大學金融系(通過); 國立臺北商業大學國際商務系(臺北校區)(通過)"
CAND_0845,113,nkust_ship,國立高雄科技大學,航運管理系(商管群),國立高雄科技大學 航運管理系(商管群),61091725,陳*,正取,國立高雄科技大學,國立高雄科技大學航運管理系,原校系/本校留任,4,"國立高雄科技大學航運管理系(正取,分發); 國立雲林科技大學國際管理學士學位學程(備取); 國立高雄科技大學國際企業系(正取); 國立臺中科技大學國際貿易與經營系(正取)"
CAND_0846,113,nkust_ship,國立高雄科技大學,航運管理系(商管群),國立高雄科技大學 航運管理系(商管群),66090193,范*琪,正取,國立高雄科技大學,國立高雄科技大學航運管理系,原校系/本校留任,2,"國立高雄科技大學航運管理系(正取,分發); 國立高雄科技大學國際企業系(正取)"
CAND_0847,113,nkust_ship,國立高雄科技大學,航運管理系(商管群),國立高雄科技大學 航運管理系(商管群),64090343,李*瑄,正取,國立高雄科技大學,國立高雄科技大學航運管理系,原校系/本校留任,5,"國立高雄科技大學航運管理系(正取,分發); 國立高雄科技大學國際企業系(備取); 國立高雄科技大學行銷與流通管理系(通過); 國立臺中科技大學國際貿易與經營系(通過); 國立臺中教育大學文化創意產業設計與營運學系(正取)"
CAND_0848,113,nkust_ship,國立高雄科技大學,航運管理系(商管群),國立高雄科技大學 航運管理系(商管群),70090805,蕭*,正取,國立高雄科技大學,國立高雄科技大學航運管理系,原校系/本校留任,2,"國立高雄科技大學航運管理系(正取,分發); 國立臺中科技大學國際貿易與經營系(正取)"
CAND_0849,113,nkust_ship,國立高雄科技大學,航運管理系(商管群),國立高雄科技大學 航運管理系(商管群),59090041,吳*絜,正取,國立高雄科技大學,國立高雄科技大學航運管理系,原校系/本校留任,3,"國立高雄科技大學航運管理系(正取,分發); 國立高雄科技大學應用英語系(通過); 長榮大學航運管理學系(通過)"
CAND_0850,113,nkust_ship,國立高雄科技大學,航運管理系(商管群),國立高雄科技大學 航運管理系(商管群),70091005,葵*翔,正取,國立雲林科技大學,國立雲林科技大學工業工程與管理系,其他學校錄取,3,"國立高雄科技大學航運管理系(正取); 國立雲林科技大學工業工程與管理系(正取,分發); 國立高雄科技大學國際企業系(正取)"
CAND_0851,113,nkust_ship,國立高雄科技大學,航運管理系(商管群),國立高雄科技大學 航運管理系(商管群),57090065,張*禎,正取,國立高雄科技大學,國立高雄科技大學航運管理系,原校系/本校留任,2,"國立高雄科技大學航運管理系(正取,分發); 國立高雄科技大學資訊管理系(通過)"
CAND_0852,113,nkust_ship,國立高雄科技大學,航運管理系(商管群),國立高雄科技大學 航運管理系(商管群),61090609,賴*靜,正取,國立高雄科技大學,國立高雄科技大學航運管理系,原校系/本校留任,3,"國立高雄科技大學航運管理系(正取,分發); 國立高雄科技大學金融系(正取); 國立高雄科技大學財政稅務系(通過)"
CAND_0853,113,nkust_ship,國立高雄科技大學,航運管理系(商管群),國立高雄科技大學 航運管理系(商管群),61091645,游*宇,正取,國立高雄科技大學,國立高雄科技大學航運管理系,原校系/本校留任,4,"國立高雄科技大學航運管理系(正取,分發); 國立高雄科技大學財務管理系(通過); 國立臺中科技大學國際貿易與經營系(通過); 國立臺北商業大學國際商務系(臺北校區)(備取)"
CAND_0854,113,nkust_ship,國立高雄科技大學,航運管理系(商管群),國立高雄科技大學 航運管理系(商管群),61091737,*甄,正取,國立高雄科技大學,國立高雄科技大學航運管理系,原校系/本校留任,2,"國立高雄科技大學航運管理系(正取,分發); 國立臺中科技大學流通管理系(通過)"
CAND_0855,113,nkust_ship,國立高雄科技大學,航運管理系(商管群),國立高雄科技大學 航運管理系(商管群),70090386,葵*妤,正取,國立高雄科技大學,國立高雄科技大學運籌管理系,原校系/本校留任,4,"國立高雄科技大學航運管理系(正取); 國立屏東科技大學企業管理系(通過); 國立屏東科技大學財務金融國際學士學位學程(通過); 國立高雄科技大學運籌管理系(正取,分發)"
CAND_0856,113,nkust_ship,國立高雄科技大學,航運管理系(商管群),國立高雄科技大學 航運管理系(商管群),61090589,*伶,正取,國立高雄科技大學,國立高雄科技大學航運管理系,原校系/本校留任,3,"國立高雄科技大學航運管理系(正取,分發); 國立高雄科技大學行銷與流通管理系(通過); 國立高雄科技大學金融系(通過)"
CAND_0857,113,nkust_ship,國立高雄科技大學,航運管理系(商管群),國立高雄科技大學 航運管理系(商管群),61091677,魏*蓓,正取,國立高雄科技大學,國立高雄科技大學航運管理系,原校系/本校留任,3,"國立高雄科技大學航運管理系(正取,分發); 國立高雄科技大學財政稅務系(通過); 國立臺中科技大學國際貿易與經營系(通過)"
CAND_0858,113,nkust_ship,國立高雄科技大學,航運管理系(商管群),國立高雄科技大學 航運管理系(商管群),68090334,趙*瀠,正取,國立高雄科技大學,國立高雄科技大學智慧商務系,原校系/本校留任,4,"國立高雄科技大學航運管理系(正取); 國立高雄科技大學智慧商務系(正取,分發); 南臺科技大學行銷與流通管理系(通過); 南臺科技大學國際企業系(通過)"
CAND_0859,113,nkust_ship,國立高雄科技大學,航運管理系(商管群),國立高雄科技大學 航運管理系(商管群),64090276,—,正取,國立雲林科技大學,國立雲林科技大學工業工程與管理系,其他學校錄取,6,"國立高雄科技大學航運管理系(正取); 國立雲林科技大學工業工程與管理系(備取,分發); 國立雲林科技大學資訊管理系(通過); 國立高雄科技大學運籌管理系(正取); 國立高雄科技大學航運技術系(通過); 國立臺中科技大學流通管理系(通過)"
CAND_0860,113,nkust_ship,國立高雄科技大學,航運管理系(商管群),國立高雄科技大學 航運管理系(商管群),58090033,*言,正取,國立高雄科技大學,國立高雄科技大學航運管理系,原校系/本校留任,5,"國立高雄科技大學航運管理系(正取,分發); 國立高雄科技大學國際企業系(備取); 國立高雄科技大學人力資源發展系(正取); 國立臺中科技大學國際貿易與經營系(正取); 中原大學國際經營與貿易學系(備取)"
CAND_0861,113,nkust_ship,國立高雄科技大學,航運管理系(商管群),國立高雄科技大學 航運管理系(商管群),66090033,鄭*,正取,國立雲林科技大學,國立雲林科技大學工業工程與管理系,其他學校錄取,3,"國立高雄科技大學航運管理系(正取); 國立雲林科技大學工業工程與管理系(正取,分發); 國立高雄科技大學工業工程與管理系(備取)"
CAND_0862,113,nkust_ship,國立高雄科技大學,航運管理系(商管群),國立高雄科技大學 航運管理系(商管群),67090458,黄*穎,正取,國立高雄科技大學,國立高雄科技大學航運管理系,原校系/本校留任,2,"國立高雄科技大學航運管理系(正取,分發); 國立臺中科技大學會計資訊系(備取)"
CAND_0863,113,nkust_ship,國立高雄科技大學,航運管理系(商管群),國立高雄科技大學 航運管理系(商管群),69090056,—,正取,國立高雄科技大學,國立高雄科技大學航運管理系,原校系/本校留任,2,"國立高雄科技大學航運管理系(正取,分發); 國立屏東大學行銷與流通管理學系(通過)"
CAND_0864,113,nkust_ship,國立高雄科技大學,航運管理系(商管群),國立高雄科技大學 航運管理系(商管群),61530090,*翔,正取,國立高雄科技大學,國立高雄科技大學航運管理系,原校系/本校留任,4,"國立高雄科技大學航運管理系(正取,分發); 國立雲林科技大學文化資產維護系(正取); 國立高雄科技大學人力資源發展系(正取); 國立高雄科技大學應用英語系(正取)"
CAND_0865,113,nkust_ship,國立高雄科技大學,航運管理系(商管群),國立高雄科技大學 航運管理系(商管群),64090535,葵*臻,正取,國立高雄科技大學,國立高雄科技大學航運管理系,原校系/本校留任,3,"國立高雄科技大學航運管理系(正取,分發); 國立雲林科技大學工業工程與管理系(備取); 國立臺中科技大學財務金融系(正取)"
CAND_0866,113,nkust_ship,國立高雄科技大學,航運管理系(商管群),國立高雄科技大學 航運管理系(商管群),60090327,吳*綾,正取,國立高雄科技大學,國立高雄科技大學航運管理系,原校系/本校留任,2,"國立高雄科技大學航運管理系(正取,分發); 逢甲大學經濟學系(正取)"
CAND_0867,113,nkust_ship,國立高雄科技大學,航運管理系(商管群),國立高雄科技大學 航運管理系(商管群),67090267,侯*妤,正取,國立高雄科技大學,國立高雄科技大學航運管理系,原校系/本校留任,2,"國立高雄科技大學航運管理系(正取,分發); 國立雲林科技大學國際管理學士學位學程(備取)"
CAND_0868,113,nkust_ship,國立高雄科技大學,航運管理系(商管群),國立高雄科技大學 航運管理系(商管群),63090258,林*筠,正取,國立高雄科技大學,國立高雄科技大學航運管理系,原校系/本校留任,2,"國立高雄科技大學航運管理系(正取,分發); 國立臺中科技大學財政稅務系(正取)"
CAND_0869,113,nkust_ship,國立高雄科技大學,航運管理系(商管群),國立高雄科技大學 航運管理系(商管群),65090425,蕭*,正取,國立臺中科技大學,國立臺中科技大學國際貿易與經營系,其他學校錄取,6,"國立高雄科技大學航運管理系(正取); 國立高雄科技大學行銷與流通管理系(正取); 國立高雄科技大學供應鏈管理系(通過); 國立虎尾科技大學企業管理系(通過); 國立勤益科技大學流通管理系(通過); 國立臺中科技大學國際貿易與經營系(正取,分發)"
CAND_0870,113,nkust_ship,國立高雄科技大學,航運管理系(商管群),國立高雄科技大學 航運管理系(商管群),66090149,張*瑄,正取,國立高雄科技大學,國立高雄科技大學航運管理系,原校系/本校留任,5,"國立高雄科技大學航運管理系(正取,分發); 國立高雄科技大學觀光管理系(正取); 國立虎尾科技大學企業管理系(通過); 國立勤益科技大學企業管理系(通過); 國立臺中科技大學國際貿易與經營系(通過)"
CAND_0871,113,nkust_ship,國立高雄科技大學,航運管理系(商管群),國立高雄科技大學 航運管理系(商管群),53090021,黄*,正取,國立高雄科技大學,國立高雄科技大學航運管理系,原校系/本校留任,1,"國立高雄科技大學航運管理系(正取,分發)"
CAND_0872,113,nkust_ship,國立高雄科技大學,航運管理系(商管群),國立高雄科技大學 航運管理系(商管群),60090315,張*瑜,正取,國立高雄科技大學,國立高雄科技大學航運管理系,原校系/本校留任,1,"國立高雄科技大學航運管理系(正取,分發)"
CAND_0873,113,nkust_ship,國立高雄科技大學,航運管理系(商管群),國立高雄科技大學 航運管理系(商管群),61090873,*恩,正取,國立臺灣海洋大學,國立臺灣海洋大學海洋經營管理學士學位學程,其他學校錄取,2,"國立高雄科技大學航運管理系(正取); 國立臺灣海洋大學海洋經營管理學士學位學程(正取,分發)"
CAND_0874,113,nkust_ship,國立高雄科技大學,航運管理系(商管群),國立高雄科技大學 航運管理系(商管群),66090237,孫*永,正取,國立高雄科技大學,國立高雄科技大學航運管理系,原校系/本校留任,5,"國立高雄科技大學航運管理系(正取,分發); 國立高雄科技大學國際企業系(備取); 國立高雄科技大學行銷與流通管理系(通過); 國立虎尾科技大學企業管理系(通過); 國立臺中科技大學國際貿易與經營系(備取)"
CAND_0875,113,nkust_ship,國立高雄科技大學,航運管理系(商管群),國立高雄科技大學 航運管理系(商管群),59090188,維*宇,正取,國立高雄科技大學,國立高雄科技大學金融系,原校系/本校留任,4,"國立高雄科技大學航運管理系(正取); 國立高雄科技大學行銷與流通管理系(備取); 國立高雄科技大學金融系(備取,分發); 國立臺中科技大學財務金融系(通過)"
CAND_0876,113,nkust_ship,國立高雄科技大學,航運管理系(商管群),國立高雄科技大學 航運管理系(商管群),76090017,歐*含,正取,國立高雄科技大學,國立高雄科技大學航運管理系,原校系/本校留任,6,"國立高雄科技大學航運管理系(正取,分發); 國立高雄科技大學財務管理系(通過); 國立高雄科技大學會計資訊系(通過); 國立澎湖科技大學行銷與物流管理系(正取); 樹德科技大學流通管理系(通過); 樹德科技大學企業管理系(正取)"
CAND_0877,113,nkust_ship,國立高雄科技大學,航運管理系(商管群),國立高雄科技大學 航運管理系(商管群),65090261,陳*妤,正取,國立高雄科技大學,國立高雄科技大學航運管理系,原校系/本校留任,5,"國立高雄科技大學航運管理系(正取,分發); 國立高雄科技大學運籌管理系(正取); 國立高雄科技大學航運技術系(正取); 國立虎尾科技大學企業管理系(通過); 國立勤益科技大學企業管理系(通過)"
CAND_0878,113,nkust_ship,國立高雄科技大學,航運管理系(商管群),國立高雄科技大學 航運管理系(商管群),64090004,林*恩,備取,國立高雄科技大學,國立高雄科技大學航運管理系,原校系/本校留任,2,"國立高雄科技大學航運管理系(備取,分發); 國立臺中科技大學國際貿易與經營系(通過)"
CAND_0879,113,nkust_ship,國立高雄科技大學,航運管理系(商管群),國立高雄科技大學 航運管理系(商管群),68530094,林*岑,備取,國立高雄科技大學,國立高雄科技大學航運管理系,原校系/本校留任,4,"國立高雄科技大學航運管理系(備取,分發); 國立臺中科技大學財政稅務系(備取); 國立屏東大學財務金融學系(通過); 國立屏東大學會計學系(正取)"
CAND_0880,113,nkust_ship,國立高雄科技大學,航運管理系(商管群),國立高雄科技大學 航運管理系(商管群),52090139,陳*永,備取,國立高雄科技大學,國立高雄科技大學航運管理系,原校系/本校留任,1,"國立高雄科技大學航運管理系(備取,分發)"
CAND_0881,113,nkust_ship,國立高雄科技大學,航運管理系(商管群),國立高雄科技大學 航運管理系(商管群),61090312,黄*,備取,國立高雄科技大學,國立高雄科技大學航運管理系,原校系/本校留任,2,"國立高雄科技大學航運管理系(備取,分發); 國立臺中科技大學國際貿易與經營系(備取)"
CAND_0882,113,nkust_ship,國立高雄科技大學,航運管理系(商管群),國立高雄科技大學 航運管理系(商管群),64090160,沈*茜,備取,逢甲大學,逢甲大學國際經營與貿易學系,其他學校錄取,4,"國立高雄科技大學航運管理系(備取); 國立高雄科技大學財政稅務系(通過); 國立臺中科技大學國際貿易與經營系(通過); 逢甲大學國際經營與貿易學系(正取,分發)"
CAND_0883,113,nkust_ship,國立高雄科技大學,航運管理系(商管群),國立高雄科技大學 航運管理系(商管群),61091463,林*頡,備取,國立高雄科技大學,國立高雄科技大學航運管理系,原校系/本校留任,3,"國立高雄科技大學航運管理系(備取,分發); 國立高雄科技大學財政稅務系(通過); 國立臺中科技大學國際貿易與經營系(通過)"
CAND_0884,113,nkust_ship,國立高雄科技大學,航運管理系(商管群),國立高雄科技大學 航運管理系(商管群),64090598,林*庭,備取,國立高雄科技大學,國立高雄科技大學航運管理系,原校系/本校留任,2,"國立高雄科技大學航運管理系(備取,分發); 國立勤益科技大學資訊管理系(通過)"
CAND_0885,113,nkust_ship,國立高雄科技大學,航運管理系(商管群),國立高雄科技大學 航運管理系(商管群),70090953,*慈,備取,國立高雄科技大學,國立高雄科技大學航運管理系,原校系/本校留任,1,"國立高雄科技大學航運管理系(備取,分發)"
CAND_0886,113,nkust_ship,國立高雄科技大學,航運管理系(商管群),國立高雄科技大學 航運管理系(商管群),65090449,范*珊,備取,國立高雄科技大學,國立高雄科技大學國際企業系,原校系/本校留任,3,"國立高雄科技大學航運管理系(備取); 國立高雄科技大學國際企業系(備取,分發); 國立勤益科技大學健康產業科技研發與管理系(通過)"
CAND_0887,113,nkust_ship,國立高雄科技大學,航運管理系(商管群),國立高雄科技大學 航運管理系(商管群),66090157,吳*宇,備取,國立高雄科技大學,國立高雄科技大學航運管理系,原校系/本校留任,2,"國立高雄科技大學航運管理系(備取,分發); 國立高雄科技大學航運技術系(通過)"
CAND_0888,113,nkust_ship,國立高雄科技大學,航運管理系(商管群),國立高雄科技大學 航運管理系(商管群),61091663,*瑜,備取,亞洲大學,亞洲大學健康產業管理學系,其他學校錄取,5,"國立高雄科技大學航運管理系(備取); 國立臺北護理健康大學健康事業管理系(正取); 國立臺北護理健康大學生死與健康心理諮商系(備取); 國立暨南國際大學觀光休閒與餐旅管理學系觀光休閒組(備取); 亞洲大學健康產業管理學系(正取,分發)"
CAND_0889,113,nkust_ship,國立高雄科技大學,航運管理系(商管群),國立高雄科技大學 航運管理系(商管群),67090186,許*彦,備取,—,—,未分發或放棄,3,國立高雄科技大學航運管理系(備取); 國立虎尾科技大學財務金融系(通過); 國立臺中科技大學財政稅務系(通過)
CAND_0890,113,nkust_ship,國立高雄科技大學,航運管理系(商管群),國立高雄科技大學 航運管理系(商管群),9600609,尤*筠,備取,國立臺中科技大學,國立臺中科技大學國際貿易與經營系,其他學校錄取,4,"國立高雄科技大學航運管理系(備取); 國立高雄科技大學行銷與流通管理系(正取); 國立臺中科技大學國際貿易與經營系(正取,分發); 逢甲大學會計學系(備取)"
CAND_0891,113,nkust_ship,國立高雄科技大學,航運管理系(商管群),國立高雄科技大學 航運管理系(商管群),61090300,許*淳,備取,逢甲大學,逢甲大學國際經營與貿易學系,其他學校錄取,3,"國立高雄科技大學航運管理系(備取); 國立高雄科技大學國際企業系(備取); 逢甲大學國際經營與貿易學系(備取,分發)"
CAND_0892,113,nkust_ship,國立高雄科技大學,航運管理系(商管群),國立高雄科技大學 航運管理系(商管群),58090141,*真,備取,國立高雄科技大學,國立高雄科技大學智慧商務系,原校系/本校留任,5,"國立高雄科技大學航運管理系(備取); 國立高雄科技大學行銷與流通管理系(備取); 國立高雄科技大學智慧商務系(備取,分發); 國立臺中科技大學國際貿易與經營系(備取); 中原大學資訊管理學系(備取)"
CAND_0893,113,nkust_ship,國立高雄科技大學,航運管理系(商管群),國立高雄科技大學 航運管理系(商管群),55090125,李*侑,備取,—,—,未分發或放棄,4,國立高雄科技大學航運管理系(備取); 國立臺北護理健康大學高齡健康照護系(正取); 國立臺北護理健康大學健康事業管理系(正取); 國立臺中科技大學國際貿易與經營系(備取)
CAND_0894,113,nkust_ship,國立高雄科技大學,航運管理系(商管群),國立高雄科技大學 航運管理系(商管群),71090350,昍*,備取,國立高雄科技大學,國立高雄科技大學人力資源發展系,原校系/本校留任,3,"國立高雄科技大學航運管理系(備取); 國立高雄科技大學人力資源發展系(正取,分發); 國立屏東大學國際經營與貿易學系(通過)"
CAND_0895,113,nkust_ship,國立高雄科技大學,航運管理系(商管群),國立高雄科技大學 航運管理系(商管群),64090387,林*妤,備取,國立高雄科技大學,國立高雄科技大學國際企業系,原校系/本校留任,3,"國立高雄科技大學航運管理系(備取); 國立高雄科技大學國際企業系(備取,分發); 國立臺中科技大學國際貿易與經營系(通過)"
CAND_0896,113,nkust_ship,國立高雄科技大學,航運管理系(商管群),國立高雄科技大學 航運管理系(商管群),61091399,張*婕,備取,逢甲大學,逢甲大學國際經營與貿易學系,其他學校錄取,4,"國立高雄科技大學航運管理系(備取); 國立高雄科技大學運籌管理系(正取); 銘傳大學國際企業學系(台北校區)(備取); 逢甲大學國際經營與貿易學系(正取,分發)"
CAND_0897,113,nkust_ship,國立高雄科技大學,航運管理系(商管群),國立高雄科技大學 航運管理系(商管群),71090258,楊*,備取,國立高雄科技大學,國立高雄科技大學運籌管理系,原校系/本校留任,6,"國立高雄科技大學航運管理系(備取); 國立高雄科技大學運籌管理系(正取,分發); 國立虎尾科技大學財務金融系(正取); 國立臺中科技大學國際貿易與經營系(備取); 逢甲大學土地管理學系(備取); 逢甲大學國際經營與貿易學系(備取)"
CAND_0898,113,nkust_ship,國立高雄科技大學,航運管理系(商管群),國立高雄科技大學 航運管理系(商管群),67090259,黄*珊,備取,國立臺中科技大學,國立臺中科技大學國際貿易與經營系,其他學校錄取,4,"國立高雄科技大學航運管理系(備取); 國立高雄科技大學財政稅務系(通過); 國立臺中科技大學國際貿易與經營系(正取,分發); 國立屏東大學國際經營與貿易學系(通過)"
CAND_0899,113,nkust_ship,國立高雄科技大學,航運管理系(商管群),國立高雄科技大學 航運管理系(商管群),61091032,林*亮,備取,國立勤益科技大學,國立勤益科技大學企業管理系,其他學校錄取,3,"國立高雄科技大學航運管理系(備取); 國立虎尾科技大學企業管理系(正取); 國立勤益科技大學企業管理系(正取,分發)"
CAND_0900,113,nkust_ship,國立高雄科技大學,航運管理系(商管群),國立高雄科技大學 航運管理系(商管群),65090077,朱*𡤃,備取,—,—,未分發或放棄,2,國立高雄科技大學航運管理系(備取); 國立高雄科技大學財政稅務系(正取)
CAND_0901,113,nkust_ship,國立高雄科技大學,航運管理系(商管群),國立高雄科技大學 航運管理系(商管群),67090279,吳*,備取,國立高雄科技大學,國立高雄科技大學行銷與流通管理系,原校系/本校留任,3,"國立高雄科技大學航運管理系(備取); 國立高雄科技大學行銷與流通管理系(備取,分發); 國立臺中科技大學國際貿易與經營系(通過)"
CAND_0902,113,nkust_ship,國立高雄科技大學,航運管理系(商管群),國立高雄科技大學 航運管理系(商管群),67090207,陳*妤,備取,國立高雄科技大學,國立高雄科技大學運籌管理系,原校系/本校留任,2,"國立高雄科技大學航運管理系(備取); 國立高雄科技大學運籌管理系(正取,分發)"
CAND_0903,113,nkust_ship,國立高雄科技大學,航運管理系(商管群),國立高雄科技大學 航運管理系(商管群),52090500,鄭*丞,備取,—,—,未分發或放棄,3,國立高雄科技大學航運管理系(備取); 致理科技大學財務金融系(通過); 實踐大學財務金融學系(臺北校區)(備取)
CAND_0904,113,nkust_ship,國立高雄科技大學,航運管理系(商管群),國立高雄科技大學 航運管理系(商管群),64090467,*倫,備取,國立高雄科技大學,國立高雄科技大學國際企業系,原校系/本校留任,5,"國立高雄科技大學航運管理系(備取); 國立高雄科技大學國際企業系(備取,分發); 國立高雄科技大學運籌管理系(備取); 國立勤益科技大學流通管理系(通過); 國立臺中科技大學國際貿易與經營系(通過)"
CAND_0905,113,nkust_ship,國立高雄科技大學,航運管理系(商管群),國立高雄科技大學 航運管理系(商管群),70090853,蘇*甯,備取,—,—,未分發或放棄,1,國立高雄科技大學航運管理系(備取)
CAND_0906,113,nkust_ship,國立高雄科技大學,航運管理系(商管群),國立高雄科技大學 航運管理系(商管群),69090031,葵*軒,備取,—,—,未分發或放棄,3,國立高雄科技大學航運管理系(備取); 國立高雄科技大學運籌管理系(通過); 國立臺中科技大學財政稅務系(通過)
CAND_0907,113,nkust_ship,國立高雄科技大學,航運管理系(商管群),國立高雄科技大學 航運管理系(商管群),64090515,黄*穎,備取,國立高雄科技大學,國立高雄科技大學運籌管理系,原校系/本校留任,4,"國立高雄科技大學航運管理系(備取); 國立高雄科技大學運籌管理系(正取,分發); 國立虎尾科技大學財務金融系(通過); 國立臺中科技大學國際貿易與經營系(備取)"
CAND_0908,113,nkust_ship,國立高雄科技大學,航運管理系(商管群),國立高雄科技大學 航運管理系(商管群),70090473,楊*婕,備取,國立臺中科技大學,國立臺中科技大學國際貿易與經營系,其他學校錄取,4,"國立高雄科技大學航運管理系(備取); 國立臺中科技大學國際貿易與經營系(備取,分發); 國立屏東大學國際經營與貿易學系(正取); 國立屏東大學行銷與流通管理學系(備取)"
CAND_0909,113,nkust_ship,國立高雄科技大學,航運管理系(商管群),國立高雄科技大學 航運管理系(商管群),65090018,*彣,備取,—,—,未分發或放棄,2,國立高雄科技大學航運管理系(備取); 國立臺北護理健康大學生死與健康心理諮商系(通過)
CAND_0910,113,nkust_ship,國立高雄科技大學,航運管理系(商管群),國立高雄科技大學 航運管理系(商管群),65090277,黄*慈,備取,—,—,未分發或放棄,2,國立高雄科技大學航運管理系(備取); 國立高雄科技大學智慧商務系(通過)
CAND_0911,113,nkust_ship,國立高雄科技大學,航運管理系(商管群),國立高雄科技大學 航運管理系(商管群),65090229,鄭*,備取,國立高雄科技大學,國立高雄科技大學行銷與流通管理系,原校系/本校留任,4,"國立高雄科技大學航運管理系(備取); 國立高雄科技大學行銷與流通管理系(備取,分發); 國立高雄科技大學供應鏈管理系(通過); 國立臺中科技大學流通管理系(通過)"
CAND_0912,113,nkust_ship,國立高雄科技大學,航運管理系(商管群),國立高雄科技大學 航運管理系(商管群),61091329,陳*,備取,國立高雄科技大學,國立高雄科技大學人力資源發展系,原校系/本校留任,3,"國立高雄科技大學航運管理系(備取); 國立高雄科技大學人力資源發展系(正取,分發); 國立勤益科技大學流通管理系(通過)"
CAND_0913,113,nkust_ship,國立高雄科技大學,航運管理系(商管群),國立高雄科技大學 航運管理系(商管群),61091205,鄭*,備取,國立高雄科技大學,國立高雄科技大學漁業科技與管理系,原校系/本校留任,4,"國立高雄科技大學航運管理系(備取); 國立高雄科技大學漁業科技與管理系(正取,分發); 國立虎尾科技大學應用外語系(通過); 國立臺北護理健康大學高齡健康照護系(備取)"
CAND_0914,113,nkust_ship,國立高雄科技大學,航運管理系(商管群),國立高雄科技大學 航運管理系(商管群),65090305,張*榕,備取,國立臺中科技大學,國立臺中科技大學企業管理系,其他學校錄取,4,"國立高雄科技大學航運管理系(備取); 國立虎尾科技大學企業管理系(通過); 國立虎尾科技大學財務金融系(通過); 國立臺中科技大學企業管理系(備取,分發)"
CAND_0915,113,nkust_ship,國立高雄科技大學,航運管理系(商管群),國立高雄科技大學 航運管理系(商管群),70090678,葵*庭,備取,國立屏東大學,國立屏東大學商業大數據學系,其他學校錄取,3,"國立高雄科技大學航運管理系(備取); 國立屏東大學商業大數據學系(正取,分發); 國立屏東大學行銷與流通管理學系(正取)"
CAND_0916,113,nkust_ship,國立高雄科技大學,航運管理系(商管群),國立高雄科技大學 航運管理系(商管群),52090617,*勛,備取,國立臺北護理健康大學,國立臺北護理健康大學生死與健康心理諮商系,其他學校錄取,5,"國立高雄科技大學航運管理系(備取); 國立臺北護理健康大學高齡健康照護系(備取); 國立臺北護理健康大學健康事業管理系(備取); 國立臺北護理健康大學生死與健康心理諮商系(正取,分發); 長庚科技大學護理系(林口校區)(通過)"
CAND_0917,113,nkust_ship,國立高雄科技大學,航運管理系(商管群),國立高雄科技大學 航運管理系(商管群),65090433,蕭*,備取,朝陽科技大學,朝陽科技大學飛行與民航人員技術系,其他學校錄取,5,"國立高雄科技大學航運管理系(備取); 國立高雄科技大學人力資源發展系(備取); 國立澎湖科技大學航運管理系(正取); 國立澎湖科技大學海洋遊憩系(通過); 朝陽科技大學飛行與民航人員技術系(正取,分發)"
CAND_0918,113,nkust_ship,國立高雄科技大學,航運管理系(商管群),國立高雄科技大學 航運管理系(商管群),68090418,沈*庭,備取,國立高雄科技大學,國立高雄科技大學智慧商務系,原校系/本校留任,3,"國立高雄科技大學航運管理系(備取); 國立高雄科技大學智慧商務系(正取,分發); 國立屏東大學資訊管理學系(正取)"
CAND_0919,113,nkust_ship,國立高雄科技大學,航運管理系(商管群),國立高雄科技大學 航運管理系(商管群),70090462,陳*恩,備取,國立屏東大學,國立屏東大學行銷與流通管理學系,其他學校錄取,2,"國立高雄科技大學航運管理系(備取); 國立屏東大學行銷與流通管理學系(備取,分發)"
CAND_0920,113,nkust_ship,國立高雄科技大學,航運管理系(商管群),國立高雄科技大學 航運管理系(商管群),61090100,陳*聿,備取,國立勤益科技大學,國立勤益科技大學流通管理系,其他學校錄取,5,"國立高雄科技大學航運管理系(備取); 國立勤益科技大學流通管理系(備取,分發); 國立臺中科技大學國際貿易與經營系(備取); 朝陽科技大學行銷與流通管理系(備取); 台南應用科技大學資訊管理系(正取)"
CAND_0921,113,nkust_ship,國立高雄科技大學,航運管理系(商管群),國立高雄科技大學 航運管理系(商管群),74090121,陳*甯,備取,國立高雄科技大學,國立高雄科技大學航運管理系,原校系/本校留任,5,"國立高雄科技大學航運管理系(備取,分發); 國立高雄科技大學財政稅務系(正取); 國立勤益科技大學企業管理系(通過); 國立臺中科技大學會計資訊系(通過); 國立臺北商業大學會計資訊系(臺北校區)(備取)"
CAND_0922,113,nkust_ship,國立高雄科技大學,航運管理系(商管群),國立高雄科技大學 航運管理系(商管群),59090229,陳*愷,備取,靜宜大學,靜宜大學法律學系,其他學校錄取,4,"國立高雄科技大學航運管理系(備取); 國立勤益科技大學文化創意事業系(通過); 朝陽科技大學傳播藝術系(通過); 靜宜大學法律學系(備取,分發)"
CAND_0923,113,nkust_ship,國立高雄科技大學,航運管理系(商管群),國立高雄科技大學 航運管理系(商管群),76090009,鄭*,備取,正修科技大學,正修科技大學金融管理系,其他學校錄取,5,"國立高雄科技大學航運管理系(備取); 國立高雄科技大學金融系(通過); 國立高雄科技大學金融資訊系(備取); 樹德科技大學行銷管理系(通過); 正修科技大學金融管理系(正取,分發)"
CAND_0924,113,nkust_ship,國立高雄科技大學,航運管理系(商管群),國立高雄科技大學 航運管理系(商管群),61091345,周*有,備取,國立高雄科技大學,國立高雄科技大學企業管理系,原校系/本校留任,5,"國立高雄科技大學航運管理系(備取); 國立屏東科技大學企業管理系(通過); 國立高雄科技大學企業管理系(備取,分發); 國立勤益科技大學企業管理系(通過); 國立臺中科技大學企業管理系(通過)"
CAND_0925,113,nkust_ship,國立高雄科技大學,航運管理系(商管群),國立高雄科技大學 航運管理系(商管群),52090534,夏*淩,備取,國立臺灣海洋大學,國立臺灣海洋大學航運管理學系,其他學校錄取,3,"國立高雄科技大學航運管理系(通過); 國立臺北科技大學工業工程與管理系(備取); 國立臺灣海洋大學航運管理學系(備取,分發)"
CAND_0926,113,nkust_ship,國立高雄科技大學,航運管理系(商管群),國立高雄科技大學 航運管理系(商管群),52090554,郭*君,備取,國立臺北商業大學,國立臺北商業大學商業設計管理系(桃園校區),其他學校錄取,4,"國立高雄科技大學航運管理系(通過); 國立高雄科技大學資訊管理系(通過); 國立臺北商業大學商業設計管理系(桃園校區)(正取,分發); 國立臺北商業大學數位多媒體設計系(桃園校區)(通過)"
CAND_0927,113,nkust_ship,國立高雄科技大學,航運管理系(商管群),國立高雄科技大學 航運管理系(商管群),56090372,陳*,備取,—,—,未分發或放棄,3,國立高雄科技大學航運管理系(通過); 國立高雄科技大學行銷與流通管理系(通過); 國立勤益科技大學企業管理系(通過)
CAND_0928,113,nkust_ship,國立高雄科技大學,航運管理系(商管群),國立高雄科技大學 航運管理系(商管群),60090145,*婕,備取,國立虎尾科技大學,國立虎尾科技大學資訊管理系,其他學校錄取,2,"國立高雄科技大學航運管理系(通過); 國立虎尾科技大學資訊管理系(正取,分發)"
CAND_0929,113,nkust_ship,國立高雄科技大學,航運管理系(商管群),國立高雄科技大學 航運管理系(商管群),60090295,賴*城,正取,—,—,未分發或放棄,2,國立高雄科技大學航運管理系(通過); 國立高雄科技大學金融系(正取)
CAND_0930,113,nkust_ship,國立高雄科技大學,航運管理系(商管群),國立高雄科技大學 航運管理系(商管群),61090236,林*凱,備取,—,—,未分發或放棄,1,國立高雄科技大學航運管理系(通過)
CAND_0931,113,nkust_ship,國立高雄科技大學,航運管理系(商管群),國立高雄科技大學 航運管理系(商管群),61091161,*榕,正取,國立臺中科技大學,國立臺中科技大學老人服務事業管理系,其他學校錄取,3,"國立高雄科技大學航運管理系(通過); 國立高雄科技大學運籌管理系(正取); 國立臺中科技大學老人服務事業管理系(正取,分發)"
CAND_0932,113,nkust_ship,國立高雄科技大學,航運管理系(商管群),國立高雄科技大學 航運管理系(商管群),61091221,潘*兒,備取,國立臺中科技大學,國立臺中科技大學流通管理系,其他學校錄取,3,"國立高雄科技大學航運管理系(通過); 國立高雄科技大學運籌管理系(通過); 國立臺中科技大學流通管理系(正取,分發)"
CAND_0933,113,nkust_ship,國立高雄科技大學,航運管理系(商管群),國立高雄科技大學 航運管理系(商管群),61091665,何*任,備取,逢甲大學,逢甲大學國際經營與貿易學系,其他學校錄取,5,"國立高雄科技大學航運管理系(通過); 國立高雄科技大學國際企業系(備取); 國立高雄科技大學運籌管理系(通過); 逢甲大學合作經濟暨社會事業經營學系(備取); 逢甲大學國際經營與貿易學系(正取,分發)"
CAND_0934,113,nkust_ship,國立高雄科技大學,航運管理系(商管群),國立高雄科技大學 航運管理系(商管群),61091721,陳*,備取,—,—,未分發或放棄,5,國立高雄科技大學航運管理系(通過); 國立雲林科技大學國際管理學士學位學程(通過); 國立高雄科技大學行銷與流通管理系(通過); 國立勤益科技大學流通管理系(通過); 國立臺中科技大學國際貿易與經營系(通過)
CAND_0935,113,nkust_ship,國立高雄科技大學,航運管理系(商管群),國立高雄科技大學 航運管理系(商管群),61091741,陳*,備取,—,—,未分發或放棄,3,國立高雄科技大學航運管理系(通過); 國立高雄科技大學行銷與流通管理系(通過); 國立臺中科技大學國際貿易與經營系(通過)
CAND_0936,113,nkust_ship,國立高雄科技大學,航運管理系(商管群),國立高雄科技大學 航運管理系(商管群),61091786,徐*哲,備取,國立臺中科技大學,國立臺中科技大學休閒事業經營系,其他學校錄取,5,"國立高雄科技大學航運管理系(通過); 國立高雄科技大學文化創意產業系(通過); 國立虎尾科技大學企業管理系(通過); 國立勤益科技大學文化創意事業系(正取); 國立臺中科技大學休閒事業經營系(正取,分發)"
CAND_0937,113,nkust_ship,國立高雄科技大學,航運管理系(商管群),國立高雄科技大學 航運管理系(商管群),62090106,—,備取,國立臺中科技大學,國立臺中科技大學國際貿易與經營系,其他學校錄取,2,"國立高雄科技大學航運管理系(通過); 國立臺中科技大學國際貿易與經營系(備取,分發)"
CAND_0938,113,nkust_ship,國立高雄科技大學,航運管理系(商管群),國立高雄科技大學 航運管理系(商管群),64090115,黄*,備取,—,—,未分發或放棄,1,國立高雄科技大學航運管理系(通過)
CAND_0939,113,nkust_ship,國立高雄科技大學,航運管理系(商管群),國立高雄科技大學 航運管理系(商管群),64090124,*慈,正取,國立高雄科技大學,國立高雄科技大學航運技術系,原校系/本校留任,5,"國立高雄科技大學航運管理系(通過); 國立雲林科技大學文化資產維護系(正取); 國立高雄科技大學航運技術系(正取,分發); 國立臺中科技大學多媒體設計系(通過); 國立臺北商業大學數位多媒體設計系(桃園校區)(通過)"
CAND_0940,113,nkust_ship,國立高雄科技大學,航運管理系(商管群),國立高雄科技大學 航運管理系(商管群),64090267,張*紘,備取,國立高雄科技大學,國立高雄科技大學金融系,原校系/本校留任,5,"國立高雄科技大學航運管理系(通過); 國立高雄科技大學風險管理與保險系(通過); 國立高雄科技大學金融系(備取,分發); 國立虎尾科技大學財務金融系(通過); 國立臺中科技大學財務金融系(備取)"
CAND_0941,113,nkust_ship,國立高雄科技大學,航運管理系(商管群),國立高雄科技大學 航運管理系(商管群),64090271,侯*J,正取,國立高雄科技大學,國立高雄科技大學財政稅務系,原校系/本校留任,4,"國立高雄科技大學航運管理系(通過); 國立高雄科技大學財政稅務系(正取,分發); 國立虎尾科技大學財務金融系(通過); 國立臺中科技大學財政稅務系(正取)"
CAND_0942,113,nkust_ship,國立高雄科技大學,航運管理系(商管群),國立高雄科技大學 航運管理系(商管群),64090311,蕭*,備取,國立雲林科技大學,國立雲林科技大學文化資產維護系,其他學校錄取,5,"國立高雄科技大學航運管理系(通過); 國立雲林科技大學文化資產維護系(正取,分發); 國立高雄科技大學運籌管理系(通過); 國立臺北護理健康大學資訊管理系(通過); 國立臺灣海洋大學海洋經營管理學士學位學程(通過)"
CAND_0943,113,nkust_ship,國立高雄科技大學,航運管理系(商管群),國立高雄科技大學 航運管理系(商管群),64090471,楊*姈,備取,—,—,未分發或放棄,2,國立高雄科技大學航運管理系(通過); 國立高雄科技大學運籌管理系(通過)
CAND_0944,113,nkust_ship,國立高雄科技大學,航運管理系(商管群),國立高雄科技大學 航運管理系(商管群),64530006,楊*儐,備取,國立臺北護理健康大學,國立臺北護理健康大學資訊管理系,其他學校錄取,4,"國立高雄科技大學航運管理系(通過); 國立高雄科技大學工業工程與管理系(通過); 國立臺北護理健康大學資訊管理系(正取,分發); 國立臺中科技大學資訊管理系(備取)"
CAND_0945,113,nkust_ship,國立高雄科技大學,航運管理系(商管群),國立高雄科技大學 航運管理系(商管群),65090325,李*瑜,備取,國立臺中科技大學,國立臺中科技大學國際貿易與經營系,其他學校錄取,4,"國立高雄科技大學航運管理系(通過); 國立高雄科技大學智慧商務系(通過); 國立虎尾科技大學財務金融系(通過); 國立臺中科技大學國際貿易與經營系(正取,分發)"
CAND_0946,113,nkust_ship,國立高雄科技大學,航運管理系(商管群),國立高雄科技大學 航運管理系(商管群),65090413,林*,備取,—,—,未分發或放棄,1,國立高雄科技大學航運管理系(通過)
CAND_0947,113,nkust_ship,國立高雄科技大學,航運管理系(商管群),國立高雄科技大學 航運管理系(商管群),66090061,謝*庭,備取,—,—,未分發或放棄,1,國立高雄科技大學航運管理系(通過)
CAND_0948,113,nkust_ship,國立高雄科技大學,航運管理系(商管群),國立高雄科技大學 航運管理系(商管群),66090089,林*慈,正取,國立高雄科技大學,國立高雄科技大學國際企業系,原校系/本校留任,5,"國立高雄科技大學航運管理系(通過); 國立高雄科技大學國際企業系(正取,分發); 國立高雄科技大學智慧商務系(通過); 國立虎尾科技大學資訊工程系(資安人才)(通過); 國立臺中科技大學國際貿易與經營系(正取)"
CAND_0949,113,nkust_ship,國立高雄科技大學,航運管理系(商管群),國立高雄科技大學 航運管理系(商管群),66090169,張*庭,備取,—,—,未分發或放棄,3,國立高雄科技大學航運管理系(通過); 國立雲林科技大學工業工程與管理系(通過); 國立高雄科技大學金融系(通過)
CAND_0950,113,nkust_ship,國立高雄科技大學,航運管理系(商管群),國立高雄科技大學 航運管理系(商管群),67090342,*逸,備取,—,—,未分發或放棄,1,國立高雄科技大學航運管理系(通過)
CAND_0951,113,nkust_ship,國立高雄科技大學,航運管理系(商管群),國立高雄科技大學 航運管理系(商管群),67090438,郭*婷,備取,—,—,未分發或放棄,2,國立高雄科技大學航運管理系(通過); 國立臺中科技大學國際貿易與經營系(通過)
CAND_0952,113,nkust_ship,國立高雄科技大學,航運管理系(商管群),國立高雄科技大學 航運管理系(商管群),68090238,吳*妤,正取,國立高雄科技大學,國立高雄科技大學人力資源發展系,原校系/本校留任,3,"國立高雄科技大學航運管理系(通過); 國立高雄科技大學運籌管理系(通過); 國立高雄科技大學人力資源發展系(正取,分發)"
CAND_0953,113,nkust_ship,國立高雄科技大學,航運管理系(商管群),國立高雄科技大學 航運管理系(商管群),69090040,蘇*寶,備取,國立臺中科技大學,國立臺中科技大學會計資訊系,其他學校錄取,2,"國立高雄科技大學航運管理系(通過); 國立臺中科技大學會計資訊系(備取,分發)"
CAND_0954,113,nkust_ship,國立高雄科技大學,航運管理系(商管群),國立高雄科技大學 航運管理系(商管群),70090266,許*瀚,備取,—,—,未分發或放棄,1,國立高雄科技大學航運管理系(通過)
CAND_0955,113,nkust_ship,國立高雄科技大學,航運管理系(商管群),國立高雄科技大學 航運管理系(商管群),70090410,朱*恩,備取,國立臺中科技大學,國立臺中科技大學財務金融系,其他學校錄取,2,"國立高雄科技大學航運管理系(通過); 國立臺中科技大學財務金融系(備取,分發)"
CAND_0956,113,nkust_ship,國立高雄科技大學,航運管理系(商管群),國立高雄科技大學 航運管理系(商管群),70090966,葵*融,備取,—,—,未分發或放棄,1,國立高雄科技大學航運管理系(通過)
CAND_0957,113,nkust_ship,國立高雄科技大學,航運管理系(商管群),國立高雄科技大學 航運管理系(商管群),70091100,巴*甯,備取,國立臺北科技大學,國立臺北科技大學工業工程與管理系,其他學校錄取,5,"國立高雄科技大學航運管理系(通過); 國立雲林科技大學工業工程與管理系(通過); 國立臺北科技大學工業工程與管理系(正取,分發); 國立勤益科技大學工業工程與管理系(通過); 國立臺北商業大學商業設計管理系(桃園校區)(正取)"
CAND_0958,113,nkust_ship,國立高雄科技大學,航運管理系(商管群),國立高雄科技大學 航運管理系(商管群),71090346,黄*哲,備取,—,—,未分發或放棄,2,國立高雄科技大學航運管理系(通過); 國立臺中科技大學保險金融管理系(通過)
CAND_0959,113,nkust_ship,國立高雄科技大學,航運管理系(商管群),國立高雄科技大學 航運管理系(商管群),76090021,葵*小,備取,—,—,未分發或放棄,3,國立高雄科技大學航運管理系(通過); 國立高雄科技大學財務管理系(通過); 國立高雄科技大學會計資訊系(通過)
CAND_0960,113,nkust_ship,國立高雄科技大學,航運管理系(商管群),國立高雄科技大學 航運管理系(商管群),76090040,趙*,備取,—,—,未分發或放棄,5,國立高雄科技大學航運管理系(通過); 國立高雄科技大學企業管理系(通過); 國立高雄科技大學智慧商務系(通過); 國立澎湖科技大學航運管理系(通過); 朝陽科技大學企業管理系(通過)
CAND_0961,113,nkust_ship,國立高雄科技大學,航運管理系(商管群),國立高雄科技大學 航運管理系(商管群),76090054,許*凱,備取,—,—,未分發或放棄,4,國立高雄科技大學航運管理系(通過); 國立屏東科技大學資訊管理系(通過); 國立屏東科技大學企業管理系(通過); 國立高雄科技大學企業管理系(通過)
CAND_0962,113,nkust_ship,國立高雄科技大學,航運管理系(商管群),國立高雄科技大學 航運管理系(商管群),76090055,許*,備取,國立澎湖科技大學,國立澎湖科技大學觀光休閒系,其他學校錄取,6,"國立高雄科技大學航運管理系(通過); 國立雲林科技大學應用外語系(通過); 國立屏東科技大學企業管理系(備取); 國立高雄科技大學智慧商務系(通過); 國立澎湖科技大學航運管理系(正取); 國立澎湖科技大學觀光休閒系(正取,分發)"
CAND_0963,113,nkust_ship,國立高雄科技大學,航運管理系(航海類),國立高雄科技大學 航運管理系(航海類),58150007,—,正取,國立臺北護理健康大學,國立臺北護理健康大學生死與健康心理諮商系,其他學校錄取,5,"國立高雄科技大學航運管理系(正取); 國立雲林科技大學應用外語系(正取); 國立勤益科技大學應用英語系(正取); 國立臺北護理健康大學生死與健康心理諮商系(正取,分發); 國立臺中科技大學應用英語系(正取)"
CAND_0964,113,nkust_ship,國立高雄科技大學,航運管理系(航海類),國立高雄科技大學 航運管理系(航海類),61150156,—,正取,—,—,未分發或放棄,5,國立高雄科技大學航運管理系(正取); 國立臺北科技大學應用英文系(正取); 國立高雄科技大學企業管理系(正取); 國立高雄科技大學應用英語系(正取); 國立臺北商業大學應用外語系(臺北校區)(正取)
CAND_0965,113,nkust_ship,國立高雄科技大學,航運管理系(航海類),國立高雄科技大學 航運管理系(航海類),66150031,林*貞,正取,國立高雄科技大學,國立高雄科技大學航運管理系,原校系/本校留任,6,"國立高雄科技大學航運管理系(正取,分發); 國立雲林科技大學應用外語系(通過); 國立高雄科技大學運籌管理系(通過); 國立臺北護理健康大學語言治療與聽力學系(通過); 弘光科技大學物理治療系(通過); 弘光科技大學語言治療與聽力學系(正取)"
CAND_0966,113,nkust_ship,國立高雄科技大學,航運管理系(航海類),國立高雄科技大學 航運管理系(航海類),66150077,*晴,正取,國立高雄科技大學,國立高雄科技大學航運管理系,原校系/本校留任,3,"國立高雄科技大學航運管理系(正取,分發); 國立雲林科技大學應用外語系(通過); 國立高雄科技大學運籌管理系(正取)"
CAND_0967,113,nkust_ship,國立高雄科技大學,航運管理系(航海類),國立高雄科技大學 航運管理系(航海類),66150078,謝*穎,正取,國立高雄科技大學,國立高雄科技大學航運管理系,原校系/本校留任,2,"國立高雄科技大學航運管理系(正取,分發); 國立高雄科技大學運籌管理系(通過)"
CAND_0968,113,nkust_ship,國立高雄科技大學,航運管理系(航海類),國立高雄科技大學 航運管理系(航海類),64150070,張*婕,正取,國立高雄科技大學,國立高雄科技大學航運管理系,原校系/本校留任,3,"國立高雄科技大學航運管理系(正取,分發); 國立高雄科技大學運籌管理系(通過); 國立高雄科技大學行銷與流通管理系(正取)"
CAND_0969,113,nkust_ship,國立高雄科技大學,航運管理系(航海類),國立高雄科技大學 航運管理系(航海類),64150011,黄*鈞,正取,國立高雄科技大學,國立高雄科技大學航運管理系,原校系/本校留任,3,"國立高雄科技大學航運管理系(正取,分發); 國立高雄科技大學運籌管理系(正取); 國立高雄科技大學供應鏈管理系(正取)"
CAND_0970,113,nkust_ship,國立高雄科技大學,航運管理系(航海類),國立高雄科技大學 航運管理系(航海類),68150041,—,正取,國立高雄科技大學,國立高雄科技大學航運管理系,原校系/本校留任,5,"國立高雄科技大學航運管理系(正取,分發); 國立雲林科技大學應用外語系(正取); 國立屏東科技大學應用外語系(通過); 國立高雄科技大學應用英語系(正取); 國立臺中科技大學應用英語系(通過)"
CAND_0971,113,nkust_ship,國立高雄科技大學,航運管理系(航海類),國立高雄科技大學 航運管理系(航海類),61150244,*慈,正取,國立高雄科技大學,國立高雄科技大學航運管理系,原校系/本校留任,3,"國立高雄科技大學航運管理系(正取,分發); 國立高雄科技大學運籌管理系(正取); 國立高雄科技大學應用英語系(通過)"
CAND_0972,113,nkust_ship,國立高雄科技大學,航運管理系(航海類),國立高雄科技大學 航運管理系(航海類),57150122,鄧*方,正取,國立高雄科技大學,國立高雄科技大學航運管理系,原校系/本校留任,4,"國立高雄科技大學航運管理系(正取,分發); 國立高雄科技大學應用德語系(通過); 文藻外語大學國際事務系(通過); 致理科技大學國際貿易系(通過)"
CAND_0973,113,nkust_ship,國立高雄科技大學,航運管理系(航海類),國立高雄科技大學 航運管理系(航海類),61150002,蘇*恩,正取,國立臺北科技大學,國立臺北科技大學應用英文系,其他學校錄取,6,"國立高雄科技大學航運管理系(正取); 國立臺北科技大學應用英文系(正取,分發); 國立高雄科技大學企業管理系(正取); 國立高雄科技大學運籌管理系(正取); 國立虎尾科技大學應用外語系(通過); 國立臺北商業大學應用外語系(臺北校區)(正取)"
CAND_0974,113,nkust_ship,國立高雄科技大學,航運管理系(航海類),國立高雄科技大學 航運管理系(航海類),63530021,葵*,正取,國立高雄科技大學,國立高雄科技大學航運管理系,原校系/本校留任,5,"國立高雄科技大學航運管理系(正取,分發); 國立雲林科技大學企業管理系(正取); 國立雲林科技大學國際管理學士學位學程(備取); 國立高雄科技大學企業管理系(正取); 國立臺中科技大學企業管理系(正取)"
CAND_0975,113,nkust_ship,國立高雄科技大學,航運管理系(航海類),國立高雄科技大學 航運管理系(航海類),61150264,林*,正取,國立高雄科技大學,國立高雄科技大學航運管理系,原校系/本校留任,5,"國立高雄科技大學航運管理系(正取,分發); 國立高雄科技大學運籌管理系(正取); 國立高雄科技大學供應鏈管理系(通過); 國立臺中科技大學國際貿易與經營系(通過); 國立臺北商業大學國際商務系(臺北校區)(備取)"
CAND_0976,113,nkust_ship,國立高雄科技大學,航運管理系(航海類),國立高雄科技大學 航運管理系(航海類),64530003,葵*臻,正取,國立高雄科技大學,國立高雄科技大學航運管理系,原校系/本校留任,3,"國立高雄科技大學航運管理系(正取,分發); 國立高雄科技大學運籌管理系(通過); 國立高雄科技大學行銷與流通管理系(通過)"
CAND_0977,113,nkust_ship,國立高雄科技大學,航運管理系(航海類),國立高雄科技大學 航運管理系(航海類),61150172,陳*彤,正取,國立高雄科技大學,國立高雄科技大學航運管理系,原校系/本校留任,2,"國立高雄科技大學航運管理系(正取,分發); 國立雲林科技大學應用外語系(通過)"
CAND_0978,113,nkust_ship,國立高雄科技大學,航運管理系(航海類),國立高雄科技大學 航運管理系(航海類),58150029,謝*芳,正取,國立臺北科技大學,國立臺北科技大學文化事業發展系,其他學校錄取,3,"國立高雄科技大學航運管理系(正取); 國立臺北科技大學文化事業發展系(正取,分發); 國立臺中科技大學國際貿易與經營系(通過)"
CAND_0979,113,nkust_ship,國立高雄科技大學,航運管理系(航海類),國立高雄科技大學 航運管理系(航海類),67150066,高*珊,正取,國立高雄科技大學,國立高雄科技大學航運管理系,原校系/本校留任,4,"國立高雄科技大學航運管理系(正取,分發); 國立高雄科技大學應用德語系(通過); 國立臺北護理健康大學運動保健系(通過); 文藻外語大學西班牙語文系(通過)"
CAND_0980,113,nkust_ship,國立高雄科技大學,航運管理系(航海類),國立高雄科技大學 航運管理系(航海類),65150050,黄*軒,正取,國立高雄科技大學,國立高雄科技大學航運管理系,原校系/本校留任,3,"國立高雄科技大學航運管理系(正取,分發); 國立高雄科技大學供應鏈管理系(通過); 國立高雄科技大學應用英語系(通過)"
CAND_0981,113,nkust_ship,國立高雄科技大學,航運管理系(航海類),國立高雄科技大學 航運管理系(航海類),65150057,賴*宏,正取,國立臺北科技大學,國立臺北科技大學應用英文系,其他學校錄取,6,"國立高雄科技大學航運管理系(正取); 國立雲林科技大學應用外語系(備取); 國立臺北科技大學應用英文系(正取,分發); 國立高雄科技大學行銷與流通管理系(備取); 國立虎尾科技大學應用外語系(通過); 國立臺中科技大學應用英語系(通過)"
CAND_0982,113,nkust_ship,國立高雄科技大學,航運管理系(航海類),國立高雄科技大學 航運管理系(航海類),64150034,*敬,備取,國立高雄科技大學,國立高雄科技大學航運管理系,原校系/本校留任,2,"國立高雄科技大學航運管理系(備取,分發); 國立臺北護理健康大學運動保健系(正取)"
CAND_0983,113,nkust_ship,國立高雄科技大學,航運管理系(航海類),國立高雄科技大學 航運管理系(航海類),63150002,吳*,備取,國立高雄科技大學,國立高雄科技大學航運管理系,原校系/本校留任,1,"國立高雄科技大學航運管理系(備取,分發)"
CAND_0984,113,nkust_ship,國立高雄科技大學,航運管理系(航海類),國立高雄科技大學 航運管理系(航海類),64150065,李*,備取,國立高雄科技大學,國立高雄科技大學航運管理系,原校系/本校留任,2,"國立高雄科技大學航運管理系(備取,分發); 國立高雄科技大學應用英語系(通過)"
CAND_0985,113,nkust_ship,國立高雄科技大學,航運管理系(航海類),國立高雄科技大學 航運管理系(航海類),57150118,邱*盛,備取,—,—,未分發或放棄,3,國立高雄科技大學航運管理系(備取); 國立高雄科技大學供應鏈管理系(正取); 國立虎尾科技大學企業管理系(正取)
CAND_0986,113,nkust_ship,國立高雄科技大學,航運管理系(航海類),國立高雄科技大學 航運管理系(航海類),61150084,徐*蕙,備取,國立高雄科技大學,國立高雄科技大學航運管理系,原校系/本校留任,3,"國立高雄科技大學航運管理系(備取,分發); 國立高雄科技大學行銷與流通管理系(通過); 國立高雄餐旅大學應用英語系(通過)"
CAND_0987,113,nkust_ship,國立高雄科技大學,航運管理系(航海類),國立高雄科技大學 航運管理系(航海類),61150237,*琪,備取,—,—,未分發或放棄,4,國立高雄科技大學航運管理系(備取); 國立高雄科技大學運籌管理系(通過); 國立臺北護理健康大學運動保健系(通過); 國立臺中科技大學國際貿易與經營系(通過)
CAND_0988,113,nkust_ship,國立高雄科技大學,航運管理系(航海類),國立高雄科技大學 航運管理系(航海類),66150029,楊*,備取,—,—,未分發或放棄,2,國立高雄科技大學航運管理系(備取); 國立高雄科技大學應用英語系(通過)
CAND_0989,113,nkust_ship,國立高雄科技大學,航運管理系(航海類),國立高雄科技大學 航運管理系(航海類),66150039,陳*,備取,國立高雄科技大學,國立高雄科技大學應用英語系,原校系/本校留任,4,"國立高雄科技大學航運管理系(備取); 國立高雄科技大學應用英語系(備取,分發); 國立勤益科技大學應用英語系(通過); 國立高雄餐旅大學應用英語系(正取)"
CAND_0990,113,nkust_ship,國立高雄科技大學,航運管理系(航海類),國立高雄科技大學 航運管理系(航海類),61150109,*岑,備取,國立雲林科技大學,國立雲林科技大學應用外語系,其他學校錄取,4,"國立高雄科技大學航運管理系(備取); 國立雲林科技大學應用外語系(備取,分發); 國立屏東科技大學應用外語系(通過); 國立高雄科技大學應用英語系(備取)"
CAND_0991,113,nkust_ship,國立高雄科技大學,航運管理系(航海類),國立高雄科技大學 航運管理系(航海類),52530051,張*,備取,國立雲林科技大學,國立雲林科技大學應用外語系,其他學校錄取,3,"國立高雄科技大學航運管理系(備取); 國立雲林科技大學應用外語系(備取,分發); 逢甲大學外國語文學系(備取)"
CAND_0992,113,nkust_ship,國立高雄科技大學,航運管理系(航海類),國立高雄科技大學 航運管理系(航海類),65150038,林*,備取,國立高雄科技大學,國立高雄科技大學航運管理系,原校系/本校留任,4,"國立高雄科技大學航運管理系(備取,分發); 國立臺北科技大學文化事業發展系(通過); 國立高雄科技大學應用德語系(通過); 國立臺北護理健康大學生死與健康心理諮商系(通過)"
CAND_0993,113,nkust_ship,國立高雄科技大學,航運管理系(航海類),國立高雄科技大學 航運管理系(航海類),69150004,吳*祐,備取,—,—,未分發或放棄,3,國立高雄科技大學航運管理系(備取); 國立屏東科技大學應用外語系(通過); 國立臺中科技大學應用英語系(通過)
CAND_0994,113,nkust_ship,國立高雄科技大學,航運管理系(航海類),國立高雄科技大學 航運管理系(航海類),51150022,簡*庭,備取,—,—,未分發或放棄,1,國立高雄科技大學航運管理系(通過)
CAND_0995,113,nkust_ship,國立高雄科技大學,航運管理系(航海類),國立高雄科技大學 航運管理系(航海類),52150022,葵*緁,備取,國立臺北護理健康大學,國立臺北護理健康大學語言治療與聽力學系,其他學校錄取,5,"國立高雄科技大學航運管理系(通過); 國立雲林科技大學應用外語系(通過); 國立高雄科技大學應用英語系(通過); 國立臺北護理健康大學語言治療與聽力學系(正取,分發); 國立臺北護理健康大學生死與健康心理諮商系(通過)"
CAND_0996,113,nkust_ship,國立高雄科技大學,航運管理系(航海類),國立高雄科技大學 航運管理系(航海類),52150173,朱*桐,備取,國立臺北科技大學,國立臺北科技大學應用英文系,其他學校錄取,6,"國立高雄科技大學航運管理系(通過); 國立臺灣科技大學應用外語系(通過); 國立雲林科技大學應用外語系(通過); 國立臺北科技大學應用英文系(備取,分發); 國立高雄科技大學應用英語系(通過); 國立臺北商業大學應用外語系(臺北校區)(通過)"
CAND_0997,113,nkust_ship,國立高雄科技大學,航運管理系(航海類),國立高雄科技大學 航運管理系(航海類),56150146,*綾,備取,國立雲林科技大學,國立雲林科技大學應用外語系,其他學校錄取,3,"國立高雄科技大學航運管理系(通過); 國立雲林科技大學應用外語系(正取,分發); 國立高雄科技大學應用英語系(通過)"
CAND_0998,113,nkust_ship,國立高雄科技大學,航運管理系(航海類),國立高雄科技大學 航運管理系(航海類),56530008,林*丞,備取,—,—,未分發或放棄,5,國立高雄科技大學航運管理系(通過); 國立高雄科技大學國際企業系(通過); 國立高雄科技大學應用英語系(通過); 國立臺中科技大學保險金融管理系(通過); 國立臺北商業大學應用外語系(臺北校區)(通過)
CAND_0999,113,nkust_ship,國立高雄科技大學,航運管理系(航海類),國立高雄科技大學 航運管理系(航海類),56530036,張*永,備取,—,—,未分發或放棄,3,國立高雄科技大學航運管理系(通過); 國立虎尾科技大學企業管理系(正取); 國立勤益科技大學流通管理系(通過)
CAND_1000,113,nkust_ship,國立高雄科技大學,航運管理系(航海類),國立高雄科技大學 航運管理系(航海類),58150155,楊*欣,備取,—,—,未分發或放棄,3,國立高雄科技大學航運管理系(通過); 國立雲林科技大學應用外語系(通過); 國立高雄科技大學應用英語系(通過)
CAND_1001,113,nkust_ship,國立高雄科技大學,航運管理系(航海類),國立高雄科技大學 航運管理系(航海類),58530005,吳*恩,備取,朝陽科技大學,朝陽科技大學飛行與民航人員技術系,其他學校錄取,3,"國立高雄科技大學航運管理系(通過); 國立高雄科技大學應用英語系(通過); 朝陽科技大學飛行與民航人員技術系(正取,分發)"
CAND_1002,113,nkust_ship,國立高雄科技大學,航運管理系(航海類),國立高雄科技大學 航運管理系(航海類),60530001,林*虹,備取,—,—,未分發或放棄,1,國立高雄科技大學航運管理系(通過)
CAND_1003,113,nkust_ship,國立高雄科技大學,航運管理系(航海類),國立高雄科技大學 航運管理系(航海類),61150052,F*臻,備取,國立雲林科技大學,國立雲林科技大學應用外語系,其他學校錄取,2,"國立高雄科技大學航運管理系(通過); 國立雲林科技大學應用外語系(正取,分發)"
CAND_1004,113,nkust_ship,國立高雄科技大學,航運管理系(航海類),國立高雄科技大學 航運管理系(航海類),61150145,張*庭,備取,國立臺北科技大學,國立臺北科技大學文化事業發展系,其他學校錄取,2,"國立高雄科技大學航運管理系(通過); 國立臺北科技大學文化事業發展系(正取,分發)"
CAND_1005,113,nkust_ship,國立高雄科技大學,航運管理系(航海類),國立高雄科技大學 航運管理系(航海類),61150379,黄*,備取,國立臺北護理健康大學,國立臺北護理健康大學運動保健系,其他學校錄取,6,"國立高雄科技大學航運管理系(通過); 國立雲林科技大學應用外語系(通過); 國立臺北科技大學應用英文系(通過); 國立高雄科技大學應用英語系(通過); 國立臺北護理健康大學語言治療與聽力學系(通過); 國立臺北護理健康大學運動保健系(正取,分發)"
CAND_1006,113,nkust_ship,國立高雄科技大學,航運管理系(航海類),國立高雄科技大學 航運管理系(航海類),64150007,楊*,備取,—,—,未分發或放棄,3,國立高雄科技大學航運管理系(通過); 國立高雄科技大學運籌管理系(通過); 國立高雄科技大學行銷與流通管理系(通過)
CAND_1007,113,nkust_ship,國立高雄科技大學,航運管理系(航海類),國立高雄科技大學 航運管理系(航海類),64150015,陳*弘,備取,—,—,未分發或放棄,5,國立高雄科技大學航運管理系(通過); 國立雲林科技大學應用外語系(通過); 國立高雄科技大學供應鏈管理系(通過); 國立臺中科技大學保險金融管理系(通過); 弘光科技大學語言治療與聽力學系(通過)
CAND_1008,113,nkust_ship,國立高雄科技大學,航運管理系(航海類),國立高雄科技大學 航運管理系(航海類),64150016,黄*珍,備取,—,—,未分發或放棄,5,國立高雄科技大學航運管理系(通過); 國立臺灣科技大學應用外語系(通過); 國立雲林科技大學企業管理系(通過); 國立臺北科技大學應用英文系(通過); 國立臺北護理健康大學語言治療與聽力學系(通過)
CAND_1009,113,nkust_ship,國立高雄科技大學,航運管理系(航海類),國立高雄科技大學 航運管理系(航海類),64150035,陳*大,備取,國立臺灣科技大學,國立臺灣科技大學應用外語系,其他學校錄取,6,"國立高雄科技大學航運管理系(通過); 國立臺灣科技大學應用外語系(備取,分發); 國立臺北科技大學應用英文系(通過); 國立高雄科技大學運籌管理系(通過); 國立臺北護理健康大學運動保健系(通過); 國立臺北商業大學應用外語系(臺北校區)(通過)"
CAND_1010,113,nkust_ship,國立高雄科技大學,航運管理系(航海類),國立高雄科技大學 航運管理系(航海類),64150056,邱*柔,備取,國立臺北護理健康大學,國立臺北護理健康大學運動保健系,其他學校錄取,5,"國立高雄科技大學航運管理系(通過); 國立雲林科技大學企業管理系(通過); 國立高雄科技大學運籌管理系(通過); 國立臺北護理健康大學語言治療與聽力學系(通過); 國立臺北護理健康大學運動保健系(正取,分發)"
CAND_1011,113,nkust_ship,國立高雄科技大學,航運管理系(航海類),國立高雄科技大學 航運管理系(航海類),65150006,鄭*,備取,—,—,未分發或放棄,1,國立高雄科技大學航運管理系(通過)
CAND_1012,113,nkust_ship,國立高雄科技大學,航運管理系(航海類),國立高雄科技大學 航運管理系(航海類),65150023,蕭*,備取,國立臺中科技大學,國立臺中科技大學保險金融管理系,其他學校錄取,3,"國立高雄科技大學航運管理系(通過); 國立雲林科技大學應用外語系(通過); 國立臺中科技大學保險金融管理系(正取,分發)"
CAND_1013,113,nkust_ship,國立高雄科技大學,航運管理系(航海類),國立高雄科技大學 航運管理系(航海類),65150024,葉*豪,正取,國立高雄科技大學,國立高雄科技大學運籌管理系,原校系/本校留任,3,"國立高雄科技大學航運管理系(通過); 國立高雄科技大學運籌管理系(正取,分發); 國立高雄科技大學供應鏈管理系(備取)"
CAND_1014,113,nkust_ship,國立高雄科技大學,航運管理系(航海類),國立高雄科技大學 航運管理系(航海類),66150006,張*,備取,國立臺北護理健康大學,國立臺北護理健康大學語言治療與聽力學系,其他學校錄取,3,"國立高雄科技大學航運管理系(通過); 國立臺北護理健康大學語言治療與聽力學系(正取,分發); 國立臺北商業大學國際商務系(臺北校區)(正取)"
CAND_1015,113,nkust_ship,國立高雄科技大學,航運管理系(航海類),國立高雄科技大學 航運管理系(航海類),66150018,趙*瑄,備取,—,—,未分發或放棄,5,國立高雄科技大學航運管理系(通過); 國立臺北護理健康大學語言治療與聽力學系(通過); 輔英科技大學物理治療系(通過); 弘光科技大學物理治療系(通過); 弘光科技大學語言治療與聽力學系(通過)
CAND_1016,113,nkust_ship,國立高雄科技大學,航運管理系(航海類),國立高雄科技大學 航運管理系(航海類),66150066,陳*,備取,—,—,未分發或放棄,3,國立高雄科技大學航運管理系(通過); 國立雲林科技大學企業管理系(通過); 國立雲林科技大學應用外語系(通過)
CAND_1017,113,nkust_ship,國立高雄科技大學,航運管理系(航海類),國立高雄科技大學 航運管理系(航海類),66150089,鄭*倫,備取,—,—,未分發或放棄,4,國立高雄科技大學航運管理系(通過); 國立雲林科技大學應用外語系(通過); 國立高雄科技大學應用英語系(通過); 國立臺北商業大學國際商務系(臺北校區)(通過)
CAND_1018,113,nkust_ship,國立高雄科技大學,航運管理系(航海類),國立高雄科技大學 航運管理系(航海類),67150063,許*家,備取,—,—,未分發或放棄,2,國立高雄科技大學航運管理系(通過); 國立高雄科技大學應用德語系(通過)
CAND_1019,113,nkust_ship,國立高雄科技大學,航運管理系(航海類),國立高雄科技大學 航運管理系(航海類),68150017,鄭*潔,備取,—,—,未分發或放棄,4,國立高雄科技大學航運管理系(通過); 國立雲林科技大學企業管理系(通過); 國立臺北科技大學應用英文系(通過); 國立虎尾科技大學企業管理系(通過)
CAND_1020,113,nkust_ship,國立高雄科技大學,航運管理系(航海類),國立高雄科技大學 航運管理系(航海類),68150029,黄*德,備取,—,—,未分發或放棄,5,國立高雄科技大學航運管理系(通過); 國立臺灣科技大學應用外語系(通過); 國立雲林科技大學應用外語系(通過); 國立臺北科技大學應用英文系(通過); 國立臺中科技大學保險金融管理系(通過)
CAND_1021,113,nkust_ship,國立高雄科技大學,航運管理系(航海類),國立高雄科技大學 航運管理系(航海類),68150085,鄭*岑,備取,—,—,未分發或放棄,5,國立高雄科技大學航運管理系(通過); 國立雲林科技大學應用外語系(通過); 國立高雄科技大學運籌管理系(通過); 國立高雄科技大學應用英語系(通過); 國立臺北護理健康大學語言治療與聽力學系(通過)
CAND_1022,114,nkust_ship,國立高雄科技大學,航運管理系(商管群),國立高雄科技大學 航運管理系(商管群),61090999,潘*淳,正取,國立高雄科技大學,國立高雄科技大學航運管理系,原校系/本校留任,6,"國立高雄科技大學航運管理系(正取,分發); 國立雲林科技大學國際管理學士學位學程(通過); 國立高雄科技大學國際企業系(通過); 國立高雄科技大學財政稅務系(通過); 國立臺中科技大學會計資訊系(通過); 國立臺北商業大學國際商務系(臺北校區)(正取)"
CAND_1023,114,nkust_ship,國立高雄科技大學,航運管理系(商管群),國立高雄科技大學 航運管理系(商管群),64090411,許*婕,正取,國立高雄科技大學,國立高雄科技大學資訊管理系,原校系/本校留任,4,"國立高雄科技大學航運管理系(正取); 國立雲林科技大學國際管理學士學位學程(通過); 國立高雄科技大學資訊管理系(正取,分發); 國立高雄科技大學智慧商務系(正取)"
CAND_1024,114,nkust_ship,國立高雄科技大學,航運管理系(商管群),國立高雄科技大學 航運管理系(商管群),68090470,林*誼,正取,國立雲林科技大學,國立雲林科技大學會計系,其他學校錄取,3,"國立高雄科技大學航運管理系(正取); 國立雲林科技大學會計系(正取,分發); 國立臺北商業大學財政稅務系(臺北校區)(備取)"
CAND_1025,114,nkust_ship,國立高雄科技大學,航運管理系(商管群),國立高雄科技大學 航運管理系(商管群),64090495,—,正取,國立高雄科技大學,國立高雄科技大學航運管理系,原校系/本校留任,4,"國立高雄科技大學航運管理系(正取,分發); 國立高雄科技大學國際企業系(正取); 國立高雄科技大學供應鏈管理系(正取); 國立臺中科技大學國際貿易與經營系(正取)"
CAND_1026,114,nkust_ship,國立高雄科技大學,航運管理系(商管群),國立高雄科技大學 航運管理系(商管群),68530028,*翔,正取,國立高雄科技大學,國立高雄科技大學航運管理系,原校系/本校留任,5,"國立高雄科技大學航運管理系(正取,分發); 國立高雄科技大學應用英語系(備取); 國立虎尾科技大學企業管理系(正取); 國立虎尾科技大學應用外語系(正取); 國立臺中科技大學企業管理系(正取)"
CAND_1027,114,nkust_ship,國立高雄科技大學,航運管理系(商管群),國立高雄科技大學 航運管理系(商管群),64090264,許*,正取,國立高雄科技大學,國立高雄科技大學航運管理系,原校系/本校留任,2,"國立高雄科技大學航運管理系(正取,分發); 中原大學資訊管理學系(通過)"
CAND_1028,114,nkust_ship,國立高雄科技大學,航運管理系(商管群),國立高雄科技大學 航運管理系(商管群),61090006,—,正取,銘傳大學,銘傳大學國際企業學系(台北校區),其他學校錄取,3,"國立高雄科技大學航運管理系(正取); 國立高雄科技大學商務資訊應用系(正取); 銘傳大學國際企業學系(台北校區)(正取,分發)"
CAND_1029,114,nkust_ship,國立高雄科技大學,航運管理系(商管群),國立高雄科技大學 航運管理系(商管群),61091127,張*淩,正取,國立高雄科技大學,國立高雄科技大學航運管理系,原校系/本校留任,2,"國立高雄科技大學航運管理系(正取,分發); 國立虎尾科技大學財務金融系(通過)"
CAND_1030,114,nkust_ship,國立高雄科技大學,航運管理系(商管群),國立高雄科技大學 航運管理系(商管群),64090299,葵*,正取,國立高雄科技大學,國立高雄科技大學航運管理系,原校系/本校留任,4,"國立高雄科技大學航運管理系(正取,分發); 國立雲林科技大學工業工程與管理系(備取); 國立高雄科技大學商務資訊應用系(正取); 國立臺中科技大學國際貿易與經營系(通過)"
CAND_1031,114,nkust_ship,國立高雄科技大學,航運管理系(商管群),國立高雄科技大學 航運管理系(商管群),68530024,楊*愷,正取,國立高雄科技大學,國立高雄科技大學航運管理系,原校系/本校留任,4,"國立高雄科技大學航運管理系(正取,分發); 國立高雄科技大學運籌管理系(備取); 國立高雄餐旅大學航空暨運輸服務管理系(通過); 國立臺中科技大學保險金融管理系(通過)"
CAND_1032,114,nkust_ship,國立高雄科技大學,航運管理系(商管群),國立高雄科技大學 航運管理系(商管群),64090443,黄*彤,正取,國立高雄科技大學,國立高雄科技大學航運管理系,原校系/本校留任,4,"國立高雄科技大學航運管理系(正取,分發); 國立高雄科技大學應用英語系(備取); 國立高雄科技大學應用德語系(正取); 國立虎尾科技大學應用外語系(通過)"
CAND_1033,114,nkust_ship,國立高雄科技大學,航運管理系(商管群),國立高雄科技大學 航運管理系(商管群),61090891,陳*彗,正取,國立臺中科技大學,國立臺中科技大學保險金融管理系,其他學校錄取,4,"國立高雄科技大學航運管理系(正取); 國立高雄科技大學金融系(備取); 國立勤益科技大學企業管理系(通過); 國立臺中科技大學保險金融管理系(正取,分發)"
CAND_1034,114,nkust_ship,國立高雄科技大學,航運管理系(商管群),國立高雄科技大學 航運管理系(商管群),61091315,邱*,正取,國立臺中科技大學,國立臺中科技大學國際貿易與經營系,其他學校錄取,5,"國立高雄科技大學航運管理系(正取); 國立高雄科技大學國際企業系(通過); 國立高雄科技大學航運技術系(通過); 國立勤益科技大學行銷與流通管理系(通過); 國立臺中科技大學國際貿易與經營系(正取,分發)"
CAND_1035,114,nkust_ship,國立高雄科技大學,航運管理系(商管群),國立高雄科技大學 航運管理系(商管群),65090217,江*叡,正取,國立高雄科技大學,國立高雄科技大學航運管理系,原校系/本校留任,5,"國立高雄科技大學航運管理系(正取,分發); 國立高雄科技大學運籌管理系(通過); 國立高雄科技大學商務資訊應用系(通過); 國立勤益科技大學行銷與流通管理系(通過); 國立臺中科技大學會計資訊系(正取)"
CAND_1036,114,nkust_ship,國立高雄科技大學,航運管理系(商管群),國立高雄科技大學 航運管理系(商管群),61091597,陳*媛,正取,國立高雄科技大學,國立高雄科技大學航運管理系,原校系/本校留任,3,"國立高雄科技大學航運管理系(正取,分發); 國立高雄科技大學財政稅務系(通過); 國立臺中科技大學國際貿易與經營系(通過)"
CAND_1037,114,nkust_ship,國立高雄科技大學,航運管理系(商管群),國立高雄科技大學 航運管理系(商管群),66090073,楊*,正取,國立高雄科技大學,國立高雄科技大學航運管理系,原校系/本校留任,2,"國立高雄科技大學航運管理系(正取,分發); 國立高雄科技大學企業管理系(正取)"
CAND_1038,114,nkust_ship,國立高雄科技大學,航運管理系(商管群),國立高雄科技大學 航運管理系(商管群),68090154,*誼,正取,國立高雄科技大學,國立高雄科技大學航運管理系,原校系/本校留任,4,"國立高雄科技大學航運管理系(正取,分發); 國立高雄科技大學運籌管理系(正取); 國立澎湖科技大學航運管理系(正取); 國立臺中科技大學國際貿易與經營系(通過)"
CAND_1039,114,nkust_ship,國立高雄科技大學,航運管理系(商管群),國立高雄科技大學 航運管理系(商管群),68090509,*儀,正取,國立高雄科技大學,國立高雄科技大學航運管理系,原校系/本校留任,1,"國立高雄科技大學航運管理系(正取,分發)"
CAND_1040,114,nkust_ship,國立高雄科技大學,航運管理系(商管群),國立高雄科技大學 航運管理系(商管群),52090377,吳*謙,正取,國立高雄科技大學,國立高雄科技大學航運技術系,原校系/本校留任,5,"國立高雄科技大學航運管理系(正取); 國立高雄科技大學應用日語系(通過); 國立高雄科技大學航運技術系(正取,分發); 國立臺中科技大學國際貿易與經營系(通過); 國立屏東大學國際經營與貿易學系(通過)"
CAND_1041,114,nkust_ship,國立高雄科技大學,航運管理系(商管群),國立高雄科技大學 航運管理系(商管群),68530050,江*君,正取,國立高雄科技大學,國立高雄科技大學國際企業系,原校系/本校留任,6,"國立高雄科技大學航運管理系(正取); 國立高雄科技大學國際企業系(正取,分發); 國立高雄科技大學金融系(備取); 國立虎尾科技大學資訊管理系(通過); 國立虎尾科技大學財務金融系(通過); 國立臺中科技大學國際貿易與經營系(通過)"
CAND_1042,114,nkust_ship,國立高雄科技大學,航運管理系(商管群),國立高雄科技大學 航運管理系(商管群),68090665,葵*𨧤,正取,國立高雄科技大學,國立高雄科技大學航運管理系,原校系/本校留任,2,"國立高雄科技大學航運管理系(正取,分發); 國立雲林科技大學工業工程與管理系(備取)"
CAND_1043,114,nkust_ship,國立高雄科技大學,航運管理系(商管群),國立高雄科技大學 航運管理系(商管群),61091605,徐*慈,正取,國立高雄科技大學,國立高雄科技大學航運管理系,原校系/本校留任,3,"國立高雄科技大學航運管理系(正取,分發); 國立臺中科技大學國際貿易與經營系(通過); 逢甲大學國際經營與貿易學系(通過)"
CAND_1044,114,nkust_ship,國立高雄科技大學,航運管理系(商管群),國立高雄科技大學 航運管理系(商管群),61091063,李*,正取,國立高雄科技大學,國立高雄科技大學航運管理系,原校系/本校留任,5,"國立高雄科技大學航運管理系(正取,分發); 國立屏東科技大學財務金融國際學士學位學程(通過); 國立高雄科技大學行銷與流通管理系(正取); 國立臺中科技大學國際貿易與經營系(正取); 國立屏東大學國際經營與貿易學系(正取)"
CAND_1045,114,nkust_ship,國立高雄科技大學,航運管理系(商管群),國立高雄科技大學 航運管理系(商管群),68090298,黄*,正取,國立高雄科技大學,國立高雄科技大學航運管理系,原校系/本校留任,2,"國立高雄科技大學航運管理系(正取,分發); 國立高雄科技大學應用日語系(正取)"
CAND_1046,114,nkust_ship,國立高雄科技大學,航運管理系(商管群),國立高雄科技大學 航運管理系(商管群),64090263,張*,正取,國立高雄科技大學,國立高雄科技大學航運管理系,原校系/本校留任,4,"國立高雄科技大學航運管理系(正取,分發); 國立高雄科技大學運籌管理系(正取); 國立臺中科技大學國際貿易與經營系(通過); 中原大學國際經營與貿易學系(正取)"
CAND_1047,114,nkust_ship,國立高雄科技大學,航運管理系(商管群),國立高雄科技大學 航運管理系(商管群),64090486,*琳,正取,國立高雄科技大學,國立高雄科技大學航運管理系,原校系/本校留任,4,"國立高雄科技大學航運管理系(正取,分發); 國立高雄科技大學運籌管理系(正取); 國立臺北護理健康大學生死與健康心理諮商系(通過); 國立臺中科技大學國際貿易與經營系(通過)"
CAND_1048,114,nkust_ship,國立高雄科技大學,航運管理系(商管群),國立高雄科技大學 航運管理系(商管群),66090141,陳*妍,正取,國立高雄科技大學,國立高雄科技大學航運管理系,原校系/本校留任,2,"國立高雄科技大學航運管理系(正取,分發); 國立臺中科技大學流通管理系(正取)"
CAND_1049,114,nkust_ship,國立高雄科技大學,航運管理系(商管群),國立高雄科技大學 航運管理系(商管群),67090346,吳*,正取,國立高雄科技大學,國立高雄科技大學航運管理系,原校系/本校留任,4,"國立高雄科技大學航運管理系(正取,分發); 國立高雄科技大學行銷與流通管理系(通過); 國立勤益科技大學行銷與流通管理系(正取); 國立臺中科技大學財政稅務系(通過)"
CAND_1050,114,nkust_ship,國立高雄科技大學,航運管理系(商管群),國立高雄科技大學 航運管理系(商管群),61091729,葵*,正取,國立高雄科技大學,國立高雄科技大學航運管理系,原校系/本校留任,3,"國立高雄科技大學航運管理系(正取,分發); 國立勤益科技大學企業管理系(正取); 國立臺中科技大學國際貿易與經營系(正取)"
CAND_1051,114,nkust_ship,國立高雄科技大學,航運管理系(商管群),國立高雄科技大學 航運管理系(商管群),61091681,陳*亞,正取,國立高雄科技大學,國立高雄科技大學航運管理系,原校系/本校留任,3,"國立高雄科技大學航運管理系(正取,分發); 國立高雄科技大學國際企業系(通過); 國立高雄科技大學行銷與流通管理系(通過)"
CAND_1052,114,nkust_ship,國立高雄科技大學,航運管理系(商管群),國立高雄科技大學 航運管理系(商管群),68090078,黄*,正取,國立高雄科技大學,國立高雄科技大學航運管理系,原校系/本校留任,3,"國立高雄科技大學航運管理系(正取,分發); 國立高雄科技大學風險管理與保險系(通過); 國立屏東大學資訊管理學系(正取)"
CAND_1053,114,nkust_ship,國立高雄科技大學,航運管理系(商管群),國立高雄科技大學 航運管理系(商管群),61091323,維*筑,正取,逢甲大學,逢甲大學國際經營與貿易學系,其他學校錄取,5,"國立高雄科技大學航運管理系(正取); 國立高雄科技大學行銷與流通管理系(正取); 國立臺中科技大學國際貿易與經營系(正取); 逢甲大學國際經營與貿易學系(正取,分發); 逢甲大學合作經濟暨社會事業經營學系(通過)"
CAND_1054,114,nkust_ship,國立高雄科技大學,航運管理系(商管群),國立高雄科技大學 航運管理系(商管群),64090160,黄*,正取,國立高雄科技大學,國立高雄科技大學航運管理系,原校系/本校留任,2,"國立高雄科技大學航運管理系(正取,分發); 國立高雄科技大學行銷與流通管理系(通過)"
CAND_1055,114,nkust_ship,國立高雄科技大學,航運管理系(商管群),國立高雄科技大學 航運管理系(商管群),59090017,黄*臻,正取,國立高雄科技大學,國立高雄科技大學航運管理系,原校系/本校留任,4,"國立高雄科技大學航運管理系(正取,分發); 國立高雄科技大學運籌管理系(備取); 逢甲大學國際經營與貿易學系(正取); 逢甲大學合作經濟暨社會事業經營學系(通過)"
CAND_1056,114,nkust_ship,國立高雄科技大學,航運管理系(商管群),國立高雄科技大學 航運管理系(商管群),61090260,陳*燕,正取,國立高雄科技大學,國立高雄科技大學航運管理系,原校系/本校留任,4,"國立高雄科技大學航運管理系(正取,分發); 國立高雄科技大學金融系(備取); 國立高雄科技大學財政稅務系(通過); 國立臺中科技大學財政稅務系(通過)"
CAND_1057,114,nkust_ship,國立高雄科技大學,航運管理系(商管群),國立高雄科技大學 航運管理系(商管群),61091215,林*逸,正取,國立高雄科技大學,國立高雄科技大學航運管理系,原校系/本校留任,5,"國立高雄科技大學航運管理系(正取,分發); 國立高雄科技大學運籌管理系(通過); 國立高雄科技大學商務資訊應用系(通過); 國立虎尾科技大學財務金融系(通過); 國立臺中科技大學保險金融管理系(通過)"
CAND_1058,114,nkust_ship,國立高雄科技大學,航運管理系(商管群),國立高雄科技大學 航運管理系(商管群),61091603,李*翔,正取,國立高雄科技大學,國立高雄科技大學航運管理系,原校系/本校留任,4,"國立高雄科技大學航運管理系(正取,分發); 國立高雄科技大學智慧商務系(正取); 國立虎尾科技大學資訊管理系(備取); 國立臺中科技大學國際貿易與經營系(正取)"
CAND_1059,114,nkust_ship,國立高雄科技大學,航運管理系(商管群),國立高雄科技大學 航運管理系(商管群),74530005,高*軒,正取,國立高雄科技大學,國立高雄科技大學航運管理系,原校系/本校留任,3,"國立高雄科技大學航運管理系(正取,分發); 國立臺北商業大學商業設計管理系(桃園校區)(正取); 朝陽科技大學資訊管理系資訊管理組(正取)"
CAND_1060,114,nkust_ship,國立高雄科技大學,航運管理系(商管群),國立高雄科技大學 航運管理系(商管群),64090031,林*庭,正取,國立高雄科技大學,國立高雄科技大學航運管理系,原校系/本校留任,4,"國立高雄科技大學航運管理系(正取,分發); 國立雲林科技大學文化資產維護系(備取); 國立高雄科技大學文化創意產業系(通過); 國立臺中科技大學國際貿易與經營系(備取)"
CAND_1061,114,nkust_ship,國立高雄科技大學,航運管理系(商管群),國立高雄科技大學 航運管理系(商管群),68530008,張*𤨪,備取,國立高雄科技大學,國立高雄科技大學航運管理系,原校系/本校留任,4,"國立高雄科技大學航運管理系(備取,分發); 國立高雄科技大學企業管理系(正取); 國立虎尾科技大學工業管理系(正取); 國立臺中科技大學企業管理系(備取)"
CAND_1062,114,nkust_ship,國立高雄科技大學,航運管理系(商管群),國立高雄科技大學 航運管理系(商管群),64090554,葵*璇,備取,國立高雄科技大學,國立高雄科技大學航運管理系,原校系/本校留任,2,"國立高雄科技大學航運管理系(備取,分發); 高雄醫學大學醫務管理暨醫療資訊學系(正取)"
CAND_1063,114,nkust_ship,國立高雄科技大學,航運管理系(商管群),國立高雄科技大學 航運管理系(商管群),57530009,胡*桓,備取,國立高雄餐旅大學,國立高雄餐旅大學航空暨運輸服務管理系,其他學校錄取,5,"國立高雄科技大學航運管理系(備取); 國立雲林科技大學應用外語系(備取); 國立高雄科技大學應用英語系(備取); 國立勤益科技大學資訊管理系(通過); 國立高雄餐旅大學航空暨運輸服務管理系(正取,分發)"
CAND_1064,114,nkust_ship,國立高雄科技大學,航運管理系(商管群),國立高雄科技大學 航運管理系(商管群),64090403,黄*,備取,國立高雄科技大學,國立高雄科技大學航運管理系,原校系/本校留任,5,"國立高雄科技大學航運管理系(備取,分發); 國立高雄科技大學國際企業系(通過); 國立高雄科技大學行銷與流通管理系(通過); 國立臺中科技大學國際貿易與經營系(通過); 國立臺灣海洋大學海洋經營管理學士學位學程(正取)"
CAND_1065,114,nkust_ship,國立高雄科技大學,航運管理系(商管群),國立高雄科技大學 航運管理系(商管群),67090323,鄭*,備取,國立高雄科技大學,國立高雄科技大學航運管理系,原校系/本校留任,6,"國立高雄科技大學航運管理系(備取,分發); 國立高雄科技大學運籌管理系(通過); 國立高雄科技大學供應鏈管理系(通過); 國立勤益科技大學行銷與流通管理系(通過); 國立臺中科技大學國際貿易與經營系(通過); 朝陽科技大學行銷與流通管理系(通過)"
CAND_1066,114,nkust_ship,國立高雄科技大學,航運管理系(商管群),國立高雄科技大學 航運管理系(商管群),70090837,許*柔,備取,國立臺中科技大學,國立臺中科技大學應用統計系,其他學校錄取,3,"國立高雄科技大學航運管理系(備取); 國立臺中科技大學應用統計系(正取,分發); 國立屏東大學資訊管理學系(正取)"
CAND_1067,114,nkust_ship,國立高雄科技大學,航運管理系(商管群),國立高雄科技大學 航運管理系(商管群),70090909,楊*,備取,國立高雄科技大學,國立高雄科技大學航運管理系,原校系/本校留任,4,"國立高雄科技大學航運管理系(備取,分發); 國立高雄科技大學國際企業系(正取); 國立臺中科技大學國際貿易與經營系(通過); 南臺科技大學國際企業系(通過)"
CAND_1068,114,nkust_ship,國立高雄科技大學,航運管理系(商管群),國立高雄科技大學 航運管理系(商管群),68530048,*淮,備取,國立高雄科技大學,國立高雄科技大學航運管理系,原校系/本校留任,3,"國立高雄科技大學航運管理系(備取,分發); 國立高雄科技大學運籌管理系(備取); 國立臺中科技大學人工智慧應用工程學士學位學程(通過)"
CAND_1069,114,nkust_ship,國立高雄科技大學,航運管理系(商管群),國立高雄科技大學 航運管理系(商管群),70090209,吳*,備取,—,—,未分發或放棄,2,國立高雄科技大學航運管理系(備取); 國立高雄科技大學運籌管理系(正取)
CAND_1070,114,nkust_ship,國立高雄科技大學,航運管理系(商管群),國立高雄科技大學 航運管理系(商管群),61091303,陳*恩,備取,國立臺中科技大學,國立臺中科技大學國際貿易與經營系,其他學校錄取,5,"國立高雄科技大學航運管理系(備取); 國立高雄科技大學運籌管理系(備取); 國立虎尾科技大學企業管理系(正取); 國立臺中科技大學國際貿易與經營系(正取,分發); 逢甲大學國際經營與貿易學系(備取)"
CAND_1071,114,nkust_ship,國立高雄科技大學,航運管理系(商管群),國立高雄科技大學 航運管理系(商管群),61091701,吳*妍,備取,國立高雄科技大學,國立高雄科技大學航運管理系,原校系/本校留任,3,"國立高雄科技大學航運管理系(備取,分發); 國立臺中科技大學國際貿易與經營系(正取); 逢甲大學國際經營與貿易學系(通過)"
CAND_1072,114,nkust_ship,國立高雄科技大學,航運管理系(商管群),國立高雄科技大學 航運管理系(商管群),61090620,楊*,備取,逢甲大學,逢甲大學國際經營與貿易學系,其他學校錄取,2,"國立高雄科技大學航運管理系(備取); 逢甲大學國際經營與貿易學系(正取,分發)"
CAND_1073,114,nkust_ship,國立高雄科技大學,航運管理系(商管群),國立高雄科技大學 航運管理系(商管群),64090158,*琳,備取,國立臺中科技大學,國立臺中科技大學國際貿易與經營系,其他學校錄取,4,"國立高雄科技大學航運管理系(備取); 國立高雄科技大學行銷與流通管理系(正取); 國立勤益科技大學行銷與流通管理系(正取); 國立臺中科技大學國際貿易與經營系(正取,分發)"
CAND_1074,114,nkust_ship,國立高雄科技大學,航運管理系(商管群),國立高雄科技大學 航運管理系(商管群),61090931,蘇*淯,備取,國立高雄科技大學,國立高雄科技大學航運管理系,原校系/本校留任,4,"國立高雄科技大學航運管理系(備取,分發); 國立高雄科技大學金融系(備取); 逢甲大學國際經營與貿易學系(通過); 逢甲大學經濟學系(備取)"
CAND_1075,114,nkust_ship,國立高雄科技大學,航運管理系(商管群),國立高雄科技大學 航運管理系(商管群),64090181,江*芳,備取,—,—,未分發或放棄,1,國立高雄科技大學航運管理系(備取)
CAND_1076,114,nkust_ship,國立高雄科技大學,航運管理系(商管群),國立高雄科技大學 航運管理系(商管群),61091395,陳*瑄,備取,國立臺中科技大學,國立臺中科技大學資訊管理系,其他學校錄取,3,"國立高雄科技大學航運管理系(備取); 國立虎尾科技大學工業管理系(備取); 國立臺中科技大學資訊管理系(正取,分發)"
CAND_1077,114,nkust_ship,國立高雄科技大學,航運管理系(商管群),國立高雄科技大學 航運管理系(商管群),70090414,啓*禎,備取,國立高雄科技大學,國立高雄科技大學人力資源發展系,原校系/本校留任,5,"國立高雄科技大學航運管理系(備取); 國立高雄科技大學人力資源發展系(正取,分發); 國立高雄科技大學航運技術系(通過); 國立虎尾科技大學應用外語系(通過); 國立臺中科技大學應用英語系(通過)"
CAND_1078,114,nkust_ship,國立高雄科技大學,航運管理系(商管群),國立高雄科技大學 航運管理系(商管群),57090877,陳*柔,備取,國立高雄科技大學,國立高雄科技大學航運技術系,原校系/本校留任,2,"國立高雄科技大學航運管理系(備取); 國立高雄科技大學航運技術系(正取,分發)"
CAND_1079,114,nkust_ship,國立高雄科技大學,航運管理系(商管群),國立高雄科技大學 航運管理系(商管群),70090966,陳*穎,備取,—,—,未分發或放棄,4,國立高雄科技大學航運管理系(備取); 國立高雄科技大學運籌管理系(通過); 國立高雄科技大學供應鏈管理系(通過); 國立臺中科技大學流通管理系(通過)
CAND_1080,114,nkust_ship,國立高雄科技大學,航運管理系(商管群),國立高雄科技大學 航運管理系(商管群),57090989,陳*婷,備取,—,—,未分發或放棄,4,國立高雄科技大學航運管理系(備取); 國立高雄科技大學供應鏈管理系(通過); 國立勤益科技大學資訊管理系(通過); 國立臺中科技大學資訊管理系(通過)
CAND_1081,114,nkust_ship,國立高雄科技大學,航運管理系(商管群),國立高雄科技大學 航運管理系(商管群),64090196,*潔,備取,國立臺中科技大學,國立臺中科技大學國際貿易與經營系,其他學校錄取,3,"國立高雄科技大學航運管理系(備取); 國立高雄科技大學智慧商務系(通過); 國立臺中科技大學國際貿易與經營系(正取,分發)"
CAND_1082,114,nkust_ship,國立高雄科技大學,航運管理系(商管群),國立高雄科技大學 航運管理系(商管群),52090550,潘*宏,備取,國立臺中科技大學,國立臺中科技大學國際貿易與經營系,其他學校錄取,2,"國立高雄科技大學航運管理系(備取); 國立臺中科技大學國際貿易與經營系(備取,分發)"
CAND_1083,114,nkust_ship,國立高雄科技大學,航運管理系(商管群),國立高雄科技大學 航運管理系(商管群),52090910,鄭*恩,備取,銘傳大學,銘傳大學企業管理學系(台北校區),其他學校錄取,3,"國立高雄科技大學航運管理系(備取); 國立臺中科技大學資訊管理系(正取); 銘傳大學企業管理學系(台北校區)(備取,分發)"
CAND_1084,114,nkust_ship,國立高雄科技大學,航運管理系(商管群),國立高雄科技大學 航運管理系(商管群),61091083,林*均,備取,國立勤益科技大學,國立勤益科技大學企業管理系,其他學校錄取,5,"國立高雄科技大學航運管理系(備取); 國立高雄科技大學人力資源發展系(正取); 國立虎尾科技大學企業管理系(備取); 國立勤益科技大學企業管理系(正取,分發); 國立臺中科技大學企業管理系(備取)"
CAND_1085,114,nkust_ship,國立高雄科技大學,航運管理系(商管群),國立高雄科技大學 航運管理系(商管群),61091069,潘*良,備取,逢甲大學,逢甲大學會計學系,其他學校錄取,3,"國立高雄科技大學航運管理系(備取); 國立臺中科技大學財政稅務系(通過); 逢甲大學會計學系(正取,分發)"
CAND_1086,114,nkust_ship,國立高雄科技大學,航運管理系(商管群),國立高雄科技大學 航運管理系(商管群),58090093,梁*,備取,國立高雄科技大學,國立高雄科技大學人力資源發展系,原校系/本校留任,2,"國立高雄科技大學航運管理系(備取); 國立高雄科技大學人力資源發展系(備取,分發)"
CAND_1087,114,nkust_ship,國立高雄科技大學,航運管理系(商管群),國立高雄科技大學 航運管理系(商管群),67090382,F*源,備取,國立勤益科技大學,國立勤益科技大學企業管理系,其他學校錄取,2,"國立高雄科技大學航運管理系(備取); 國立勤益科技大學企業管理系(正取,分發)"
CAND_1088,114,nkust_ship,國立高雄科技大學,航運管理系(商管群),國立高雄科技大學 航運管理系(商管群),70090941,陳*恩,備取,—,—,未分發或放棄,1,國立高雄科技大學航運管理系(備取)
CAND_1089,114,nkust_ship,國立高雄科技大學,航運管理系(商管群),國立高雄科技大學 航運管理系(商管群),52090259,吳*,備取,國立臺中科技大學,國立臺中科技大學企業管理系,其他學校錄取,2,"國立高雄科技大學航運管理系(備取); 國立臺中科技大學企業管理系(備取,分發)"
CAND_1090,114,nkust_ship,國立高雄科技大學,航運管理系(商管群),國立高雄科技大學 航運管理系(商管群),64090141,李*,備取,—,—,未分發或放棄,2,國立高雄科技大學航運管理系(備取); 國立虎尾科技大學工業管理系(通過)
CAND_1091,114,nkust_ship,國立高雄科技大學,航運管理系(商管群),國立高雄科技大學 航運管理系(商管群),65090152,江*,備取,國立臺中科技大學,國立臺中科技大學國際貿易與經營系,其他學校錄取,5,"國立高雄科技大學航運管理系(備取); 國立高雄科技大學運籌管理系(通過); 國立高雄科技大學商務資訊應用系(通過); 國立虎尾科技大學工業管理系(通過); 國立臺中科技大學國際貿易與經營系(備取,分發)"
CAND_1092,114,nkust_ship,國立高雄科技大學,航運管理系(商管群),國立高雄科技大學 航運管理系(商管群),68090685,*清,備取,—,—,未分發或放棄,1,國立高雄科技大學航運管理系(備取)
CAND_1093,114,nkust_ship,國立高雄科技大學,航運管理系(商管群),國立高雄科技大學 航運管理系(商管群),68090062,李*妗,備取,國立臺中科技大學,國立臺中科技大學國際貿易與經營系,其他學校錄取,3,"國立高雄科技大學航運管理系(備取); 國立勤益科技大學工業工程與管理系(通過); 國立臺中科技大學國際貿易與經營系(備取,分發)"
CAND_1094,114,nkust_ship,國立高雄科技大學,航運管理系(商管群),國立高雄科技大學 航運管理系(商管群),64090104,邱*慈,備取,國立臺中科技大學,國立臺中科技大學國際貿易與經營系,其他學校錄取,3,"國立高雄科技大學航運管理系(備取); 國立虎尾科技大學企業管理系(通過); 國立臺中科技大學國際貿易與經營系(備取,分發)"
CAND_1095,114,nkust_ship,國立高雄科技大學,航運管理系(商管群),國立高雄科技大學 航運管理系(商管群),61091391,葵*喬,備取,國立高雄科技大學,國立高雄科技大學運籌管理系,原校系/本校留任,5,"國立高雄科技大學航運管理系(備取); 國立高雄科技大學運籌管理系(備取,分發); 國立高雄科技大學供應鏈管理系(正取); 國立勤益科技大學工業工程與管理系(通過); 國立臺中科技大學應用統計系(正取)"
CAND_1096,114,nkust_ship,國立高雄科技大學,航運管理系(商管群),國立高雄科技大學 航運管理系(商管群),70090205,陳*妍,備取,國立高雄科技大學,國立高雄科技大學人力資源發展系,原校系/本校留任,4,"國立高雄科技大學航運管理系(備取); 國立高雄科技大學人力資源發展系(正取,分發); 國立屏東大學商業大數據學系(通過); 國立屏東大學行銷與流通管理學系(備取)"
CAND_1097,114,nkust_ship,國立高雄科技大學,航運管理系(商管群),國立高雄科技大學 航運管理系(商管群),59090116,*永,備取,國立高雄餐旅大學,國立高雄餐旅大學航空暨運輸服務管理系,其他學校錄取,6,"國立高雄科技大學航運管理系(備取); 國立澎湖科技大學航運管理系(正取); 國立高雄餐旅大學航空暨運輸服務管理系(備取,分發); 國立臺中科技大學休閒事業經營系(通過); 朝陽科技大學航空運務系(備取); 靜宜大學觀光事業學系(通過)"
CAND_1098,114,nkust_ship,國立高雄科技大學,航運管理系(商管群),國立高雄科技大學 航運管理系(商管群),68530038,邱*軒,備取,—,—,未分發或放棄,3,國立高雄科技大學航運管理系(備取); 國立高雄科技大學人力資源發展系(通過); 國立高雄餐旅大學航空暨運輸服務管理系(通過)
CAND_1099,114,nkust_ship,國立高雄科技大學,航運管理系(商管群),國立高雄科技大學 航運管理系(商管群),64090328,周*,備取,國立臺中科技大學,國立臺中科技大學多媒體設計系,其他學校錄取,5,"國立高雄科技大學航運管理系(備取); 國立雲林科技大學文化資產維護系(備取); 國立高雄科技大學文化創意產業系(正取); 國立臺中科技大學多媒體設計系(正取,分發); 逢甲大學國際經營與貿易學系(備取)"
CAND_1100,114,nkust_ship,國立高雄科技大學,航運管理系(商管群),國立高雄科技大學 航運管理系(商管群),57090073,周*慈,備取,國立臺中科技大學,國立臺中科技大學企業管理系,其他學校錄取,3,"國立高雄科技大學航運管理系(備取); 國立臺中科技大學企業管理系(備取,分發); 逢甲大學國際經營與貿易學系(備取)"
CAND_1101,114,nkust_ship,國立高雄科技大學,航運管理系(商管群),國立高雄科技大學 航運管理系(商管群),64090318,陳*鈞,備取,國立勤益科技大學,國立勤益科技大學工業工程與管理系,其他學校錄取,3,"國立高雄科技大學航運管理系(備取); 國立高雄科技大學運籌管理系(通過); 國立勤益科技大學工業工程與管理系(正取,分發)"
CAND_1102,114,nkust_ship,國立高雄科技大學,航運管理系(商管群),國立高雄科技大學 航運管理系(商管群),64090125,*蓉,備取,—,—,未分發或放棄,1,國立高雄科技大學航運管理系(備取)
CAND_1103,114,nkust_ship,國立高雄科技大學,航運管理系(商管群),國立高雄科技大學 航運管理系(商管群),61091669,楊*玥,備取,國立雲林科技大學,國立雲林科技大學文化資產維護系,其他學校錄取,2,"國立高雄科技大學航運管理系(備取); 國立雲林科技大學文化資產維護系(備取,分發)"
CAND_1104,114,nkust_ship,國立高雄科技大學,航運管理系(商管群),國立高雄科技大學 航運管理系(商管群),61091327,周*恩,備取,國立高雄科技大學,國立高雄科技大學人力資源發展系,原校系/本校留任,5,"國立高雄科技大學航運管理系(備取); 國立高雄科技大學人力資源發展系(正取,分發); 國立勤益科技大學企業管理系(通過); 僑光科技大學國際貿易系(正取); 國立屏東大學國際經營與貿易學系(正取)"
CAND_1105,114,nkust_ship,國立高雄科技大學,航運管理系(商管群),國立高雄科技大學 航運管理系(商管群),52090857,—,備取,—,—,未分發或放棄,4,國立高雄科技大學航運管理系(備取); 國立勤益科技大學健康產業科技研發與管理系(通過); 國立臺中科技大學國際貿易與經營系(備取); 銘傳大學國際企業學系(台北校區)(備取)
CAND_1106,114,nkust_ship,國立高雄科技大學,航運管理系(商管群),國立高雄科技大學 航運管理系(商管群),71090338,—,備取,國立屏東大學,國立屏東大學不動產經營學系,其他學校錄取,4,"國立高雄科技大學航運管理系(備取); 國立屏東科技大學財務金融國際學士學位學程(通過); 國立高雄科技大學航運技術系(通過); 國立屏東大學不動產經營學系(正取,分發)"
CAND_1107,114,nkust_ship,國立高雄科技大學,航運管理系(商管群),國立高雄科技大學 航運管理系(商管群),65090277,黄*媗,備取,國立臺中科技大學,國立臺中科技大學應用英語系,其他學校錄取,4,"國立高雄科技大學航運管理系(備取); 國立虎尾科技大學企業管理系(備取); 國立虎尾科技大學應用外語系(正取); 國立臺中科技大學應用英語系(備取,分發)"
CAND_1108,114,nkust_ship,國立高雄科技大學,航運管理系(商管群),國立高雄科技大學 航運管理系(商管群),70090421,謝*茗,備取,國立雲林科技大學,國立雲林科技大學文化資產維護系,其他學校錄取,4,"國立高雄科技大學航運管理系(備取); 國立雲林科技大學文化資產維護系(備取,分發); 國立高雄科技大學商務資訊應用系(資安人才)(通過); 國立屏東大學應用英語學系(正取)"
CAND_1109,114,nkust_ship,國立高雄科技大學,航運管理系(商管群),國立高雄科技大學 航運管理系(商管群),52090089,林*宇,備取,銘傳大學,銘傳大學國際企業學系(台北校區),其他學校錄取,4,"國立高雄科技大學航運管理系(通過); 國立勤益科技大學資訊管理系(通過); 國立臺中科技大學國際貿易與經營系(通過); 銘傳大學國際企業學系(台北校區)(備取,分發)"
CAND_1110,114,nkust_ship,國立高雄科技大學,航運管理系(商管群),國立高雄科技大學 航運管理系(商管群),52090505,曹*允,備取,國立臺北商業大學,國立臺北商業大學會計資訊系(臺北校區),其他學校錄取,4,"國立高雄科技大學航運管理系(通過); 國立雲林科技大學會計系(通過); 國立臺中科技大學會計資訊系(正取); 國立臺北商業大學會計資訊系(臺北校區)(備取,分發)"
CAND_1111,114,nkust_ship,國立高雄科技大學,航運管理系(商管群),國立高雄科技大學 航運管理系(商管群),54090033,陳*融,備取,—,—,未分發或放棄,3,國立高雄科技大學航運管理系(通過); 國立虎尾科技大學財務金融系(通過); 國立臺中科技大學會計資訊系(通過)
CAND_1112,114,nkust_ship,國立高雄科技大學,航運管理系(商管群),國立高雄科技大學 航運管理系(商管群),54090085,陳*彦,備取,—,—,未分發或放棄,3,國立高雄科技大學航運管理系(通過); 國立虎尾科技大學應用外語系(通過); 致理科技大學應用日語系(通過)
CAND_1113,114,nkust_ship,國立高雄科技大學,航運管理系(商管群),國立高雄科技大學 航運管理系(商管群),56090063,黄*,正取,國立臺北商業大學,國立臺北商業大學國際商務系(臺北校區),其他學校錄取,6,"國立高雄科技大學航運管理系(通過); 國立高雄科技大學風險管理與保險系(正取); 國立虎尾科技大學財務金融系(通過); 國立臺北護理健康大學健康事業管理系(正取); 國立臺中科技大學保險金融管理系(正取); 國立臺北商業大學國際商務系(臺北校區)(備取,分發)"
CAND_1114,114,nkust_ship,國立高雄科技大學,航運管理系(商管群),國立高雄科技大學 航運管理系(商管群),56090344,余*,備取,—,—,未分發或放棄,3,國立高雄科技大學航運管理系(通過); 國立高雄科技大學行銷與流通管理系(通過); 國立臺中科技大學財務金融系(通過)
CAND_1115,114,nkust_ship,國立高雄科技大學,航運管理系(商管群),國立高雄科技大學 航運管理系(商管群),56090364,F*儀,備取,—,—,未分發或放棄,5,國立高雄科技大學航運管理系(通過); 國立高雄科技大學會計資訊系(通過); 國立高雄科技大學財政稅務系(通過); 國立勤益科技大學企業管理系(通過); 國立臺中科技大學會計資訊系(正取)
CAND_1116,114,nkust_ship,國立高雄科技大學,航運管理系(商管群),國立高雄科技大學 航運管理系(商管群),57090854,黄*雅,備取,中原大學,中原大學會計學系,其他學校錄取,3,"國立高雄科技大學航運管理系(通過); 國立臺灣海洋大學海洋經營管理學士學位學程(備取); 中原大學會計學系(正取,分發)"
CAND_1117,114,nkust_ship,國立高雄科技大學,航運管理系(商管群),國立高雄科技大學 航運管理系(商管群),57090913,*妤,備取,—,—,未分發或放棄,2,國立高雄科技大學航運管理系(通過); 國立虎尾科技大學應用外語系(通過)
CAND_1118,114,nkust_ship,國立高雄科技大學,航運管理系(商管群),國立高雄科技大學 航運管理系(商管群),61090455,黄*芦,備取,—,—,未分發或放棄,3,國立高雄科技大學航運管理系(通過); 國立高雄科技大學人力資源發展系(通過); 國立臺中科技大學財政稅務系(備取)
CAND_1119,114,nkust_ship,國立高雄科技大學,航運管理系(商管群),國立高雄科技大學 航運管理系(商管群),61090485,涂*,備取,—,—,未分發或放棄,3,國立高雄科技大學航運管理系(通過); 國立高雄科技大學企業管理系(通過); 國立臺中科技大學企業管理系(備取)
CAND_1120,114,nkust_ship,國立高雄科技大學,航運管理系(商管群),國立高雄科技大學 航運管理系(商管群),61090561,葵*昕,備取,國立臺中科技大學,國立臺中科技大學會計資訊系,其他學校錄取,2,"國立高雄科技大學航運管理系(通過); 國立臺中科技大學會計資訊系(正取,分發)"
CAND_1121,114,nkust_ship,國立高雄科技大學,航運管理系(商管群),國立高雄科技大學 航運管理系(商管群),61090801,黄*妤,正取,國立雲林科技大學,國立雲林科技大學企業管理系,其他學校錄取,4,"國立高雄科技大學航運管理系(通過); 國立雲林科技大學企業管理系(備取,分發); 國立高雄科技大學金融系(正取); 國立臺中科技大學財務金融系(正取)"
CAND_1122,114,nkust_ship,國立高雄科技大學,航運管理系(商管群),國立高雄科技大學 航運管理系(商管群),61090857,賴*,備取,國立雲林科技大學,國立雲林科技大學會計系,其他學校錄取,4,"國立高雄科技大學航運管理系(通過); 國立雲林科技大學會計系(備取,分發); 國立高雄科技大學財務管理系(通過); 國立臺北商業大學會計資訊系(臺北校區)(備取)"
CAND_1123,114,nkust_ship,國立高雄科技大學,航運管理系(商管群),國立高雄科技大學 航運管理系(商管群),61090969,*兪,備取,國立臺中科技大學,國立臺中科技大學流通管理系,其他學校錄取,3,"國立高雄科技大學航運管理系(通過); 國立臺中科技大學流通管理系(正取,分發); 國立臺北商業大學數位多媒體設計系(桃園校區)(通過)"
CAND_1124,114,nkust_ship,國立高雄科技大學,航運管理系(商管群),國立高雄科技大學 航運管理系(商管群),61091055,鄭*,備取,國立臺北商業大學,國立臺北商業大學國際商務系(臺北校區),其他學校錄取,3,"國立高雄科技大學航運管理系(通過); 國立雲林科技大學國際管理學士學位學程(正取); 國立臺北商業大學國際商務系(臺北校區)(正取,分發)"
CAND_1125,114,nkust_ship,國立高雄科技大學,航運管理系(商管群),國立高雄科技大學 航運管理系(商管群),61091509,陳*凱,備取,國立臺灣海洋大學,國立臺灣海洋大學航運管理學系,其他學校錄取,4,"國立高雄科技大學航運管理系(通過); 國立雲林科技大學國際管理學士學位學程(通過); 國立高雄科技大學國際企業系(通過); 國立臺灣海洋大學航運管理學系(正取,分發)"
CAND_1126,114,nkust_ship,國立高雄科技大學,航運管理系(商管群),國立高雄科技大學 航運管理系(商管群),61091549,鄒*沂,備取,—,—,未分發或放棄,2,國立高雄科技大學航運管理系(通過); 國立臺北商業大學財政稅務系(臺北校區)(通過)
CAND_1127,114,nkust_ship,國立高雄科技大學,航運管理系(商管群),國立高雄科技大學 航運管理系(商管群),61091625,*筠,備取,—,—,未分發或放棄,5,國立高雄科技大學航運管理系(通過); 國立雲林科技大學文化資產維護系(通過); 國立高雄科技大學運籌管理系(通過); 國立高雄科技大學行銷與流通管理系(通過); 國立臺中科技大學國際貿易與經營系(通過)
CAND_1128,114,nkust_ship,國立高雄科技大學,航運管理系(商管群),國立高雄科技大學 航運管理系(商管群),61091633,張*育,備取,國立臺北商業大學,國立臺北商業大學國際商務系(臺北校區),其他學校錄取,5,"國立高雄科技大學航運管理系(通過); 國立高雄科技大學國際企業系(通過); 國立高雄科技大學企業管理系(通過); 國立臺中科技大學企業管理系(通過); 國立臺北商業大學國際商務系(臺北校區)(正取,分發)"
CAND_1129,114,nkust_ship,國立高雄科技大學,航運管理系(商管群),國立高雄科技大學 航運管理系(商管群),61091733,李*甄,備取,國立臺中科技大學,國立臺中科技大學國際貿易與經營系,其他學校錄取,5,"國立高雄科技大學航運管理系(通過); 國立雲林科技大學文化資產維護系(正取); 國立高雄科技大學文化創意產業系(通過); 國立勤益科技大學文化創意事業系(通過); 國立臺中科技大學國際貿易與經營系(備取,分發)"
CAND_1130,114,nkust_ship,國立高雄科技大學,航運管理系(商管群),國立高雄科技大學 航運管理系(商管群),64090059,吳*,備取,—,—,未分發或放棄,4,國立高雄科技大學航運管理系(通過); 國立高雄科技大學資訊管理系(通過); 國立臺中科技大學國際貿易與經營系(通過); 逢甲大學國際經營與貿易學系(通過)
CAND_1131,114,nkust_ship,國立高雄科技大學,航運管理系(商管群),國立高雄科技大學 航運管理系(商管群),64090144,吳*,備取,逢甲大學,逢甲大學會計學系,其他學校錄取,3,"國立高雄科技大學航運管理系(通過); 國立臺中科技大學財政稅務系(通過); 逢甲大學會計學系(備取,分發)"
CAND_1132,114,nkust_ship,國立高雄科技大學,航運管理系(商管群),國立高雄科技大學 航運管理系(商管群),64090291,陳*齊,備取,—,—,未分發或放棄,4,國立高雄科技大學航運管理系(通過); 國立高雄科技大學運籌管理系(通過); 國立高雄科技大學風險管理與保險系(通過); 國立臺中科技大學保險金融管理系(備取)
CAND_1133,114,nkust_ship,國立高雄科技大學,航運管理系(商管群),國立高雄科技大學 航運管理系(商管群),64090435,許*,備取,國立高雄科技大學,國立高雄科技大學工業工程與管理系,原校系/本校留任,5,"國立高雄科技大學航運管理系(通過); 國立雲林科技大學文化資產維護系(通過); 國立高雄科技大學工業工程與管理系(備取,分發); 國立高雄科技大學國際企業系(通過); 國立臺灣海洋大學海洋經營管理學士學位學程(通過)"
CAND_1134,114,nkust_ship,國立高雄科技大學,航運管理系(商管群),國立高雄科技大學 航運管理系(商管群),64090455,陳*廷,備取,國立高雄科技大學,國立高雄科技大學工業工程與管理系,原校系/本校留任,3,"國立高雄科技大學航運管理系(通過); 國立高雄科技大學工業工程與管理系(備取,分發); 國立高雄科技大學資訊管理系(備取)"
CAND_1135,114,nkust_ship,國立高雄科技大學,航運管理系(商管群),國立高雄科技大學 航運管理系(商管群),64090467,葵*妤,備取,—,—,未分發或放棄,3,國立高雄科技大學航運管理系(通過); 國立雲林科技大學工業工程與管理系(通過); 國立高雄科技大學工業工程與管理系(通過)
CAND_1136,114,nkust_ship,國立高雄科技大學,航運管理系(商管群),國立高雄科技大學 航運管理系(商管群),68090106,鄭*,備取,國立屏東大學,國立屏東大學財務金融學系,其他學校錄取,4,"國立高雄科技大學航運管理系(通過); 國立高雄科技大學商務資訊應用系(通過); 國立屏東大學國際經營與貿易學系(正取); 國立屏東大學財務金融學系(正取,分發)"
CAND_1137,114,nkust_ship,國立高雄科技大學,航運管理系(商管群),國立高雄科技大學 航運管理系(商管群),68090126,陳*沂,備取,國立雲林科技大學,國立雲林科技大學工業工程與管理系,其他學校錄取,5,"國立高雄科技大學航運管理系(通過); 國立雲林科技大學工業工程與管理系(正取,分發); 國立高雄科技大學工業工程與管理系(通過); 國立臺中科技大學國際貿易與經營系(通過); 國立臺北商業大學國際商務系(臺北校區)(正取)"
CAND_1138,114,nkust_ship,國立高雄科技大學,航運管理系(商管群),國立高雄科技大學 航運管理系(商管群),68090262,楊*蓉,正取,國立高雄科技大學,國立高雄科技大學財政稅務系,原校系/本校留任,6,"國立高雄科技大學航運管理系(通過); 國立高雄科技大學金融系(正取); 國立高雄科技大學財政稅務系(正取,分發); 國立勤益科技大學企業管理系(備取); 國立臺中科技大學財政稅務系(正取); 國立屏東大學財務金融學系(正取)"
CAND_1139,114,nkust_ship,國立高雄科技大學,航運管理系(商管群),國立高雄科技大學 航運管理系(商管群),68090282,梁*,正取,國立雲林科技大學,國立雲林科技大學財務金融系,其他學校錄取,5,"國立高雄科技大學航運管理系(通過); 國立雲林科技大學工業工程與管理系(正取); 國立雲林科技大學財務金融系(正取,分發); 國立高雄科技大學財政稅務系(正取); 國立臺中科技大學財務金融系(通過)"
CAND_1140,114,nkust_ship,國立高雄科技大學,航運管理系(商管群),國立高雄科技大學 航運管理系(商管群),68090689,陳*妤,正取,國立高雄科技大學,國立高雄科技大學應用英語系,原校系/本校留任,4,"國立高雄科技大學航運管理系(通過); 國立高雄科技大學應用英語系(正取,分發); 國立勤益科技大學應用英語系(通過); 國立臺中科技大學應用英語系(正取)"
CAND_1141,114,nkust_ship,國立高雄科技大學,航運管理系(商管群),國立高雄科技大學 航運管理系(商管群),70090877,李*德,備取,—,—,未分發或放棄,3,國立高雄科技大學航運管理系(通過); 國立虎尾科技大學財務金融系(通過); 國立勤益科技大學行銷與流通管理系(通過)
CAND_1142,114,nkust_ship,國立高雄科技大學,航運管理系(商管群),國立高雄科技大學 航運管理系(商管群),70090893,*源,備取,國立高雄科技大學,國立高雄科技大學金融系,原校系/本校留任,2,"國立高雄科技大學航運管理系(通過); 國立高雄科技大學金融系(備取,分發)"
CAND_1143,114,nkust_ship,國立高雄科技大學,航運管理系(商管群),國立高雄科技大學 航運管理系(商管群),76090049,黄*銘,正取,國立高雄科技大學,國立高雄科技大學財務管理系,原校系/本校留任,2,"國立高雄科技大學航運管理系(通過); 國立高雄科技大學財務管理系(正取,分發)"
CAND_1144,114,nkust_ship,國立高雄科技大學,航運管理系(航海類),國立高雄科技大學 航運管理系(航海類),68150025,黄*眉,正取,國立高雄科技大學,國立高雄科技大學航運管理系,原校系/本校留任,4,"國立高雄科技大學航運管理系(正取,分發); 國立高雄科技大學供應鏈管理系(正取); 國立虎尾科技大學企業管理系(正取); 國立虎尾科技大學應用外語系(通過)"
CAND_1145,114,nkust_ship,國立高雄科技大學,航運管理系(航海類),國立高雄科技大學 航運管理系(航海類),66150066,*展,正取,國立高雄科技大學,國立高雄科技大學航運管理系,原校系/本校留任,3,"國立高雄科技大學航運管理系(正取,分發); 國立雲林科技大學應用外語系(正取); 國立高雄科技大學應用德語系(通過)"
CAND_1146,114,nkust_ship,國立高雄科技大學,航運管理系(航海類),國立高雄科技大學 航運管理系(航海類),61150393,林*程,正取,國立雲林科技大學,國立雲林科技大學應用外語系,其他學校錄取,2,"國立高雄科技大學航運管理系(正取); 國立雲林科技大學應用外語系(正取,分發)"
CAND_1147,114,nkust_ship,國立高雄科技大學,航運管理系(航海類),國立高雄科技大學 航運管理系(航海類),65150029,蕭*女,正取,國立高雄科技大學,國立高雄科技大學航運管理系,原校系/本校留任,4,"國立高雄科技大學航運管理系(正取,分發); 國立高雄科技大學國際企業系(正取); 國立高雄科技大學運籌管理系(正取); 國立虎尾科技大學企業管理系(通過)"
CAND_1148,114,nkust_ship,國立高雄科技大學,航運管理系(航海類),國立高雄科技大學 航運管理系(航海類),58150063,—,正取,國立高雄科技大學,國立高雄科技大學航運管理系,原校系/本校留任,1,"國立高雄科技大學航運管理系(正取,分發)"
CAND_1149,114,nkust_ship,國立高雄科技大學,航運管理系(航海類),國立高雄科技大學 航運管理系(航海類),66150063,楊*羽,正取,國立高雄科技大學,國立高雄科技大學航運管理系,原校系/本校留任,4,"國立高雄科技大學航運管理系(正取,分發); 國立雲林科技大學應用外語系(通過); 國立高雄科技大學海洋休閒管理系(通過); 國立臺北護理健康大學語言治療與聽力學系(通過)"
CAND_1150,114,nkust_ship,國立高雄科技大學,航運管理系(航海類),國立高雄科技大學 航運管理系(航海類),61530031,梁*雅,正取,國立雲林科技大學,國立雲林科技大學國際管理學士學位學程,其他學校錄取,4,"國立高雄科技大學航運管理系(正取); 國立雲林科技大學國際管理學士學位學程(備取,分發); 國立雲林科技大學應用外語系(通過); 國立臺北科技大學文化事業發展系(通過)"
CAND_1151,114,nkust_ship,國立高雄科技大學,航運管理系(航海類),國立高雄科技大學 航運管理系(航海類),64150068,葵*妤,正取,國立雲林科技大學,國立雲林科技大學應用外語系,其他學校錄取,5,"國立高雄科技大學航運管理系(正取); 國立雲林科技大學企業管理系(通過); 國立雲林科技大學應用外語系(正取,分發); 國立高雄科技大學國際企業系(通過); 國立高雄科技大學應用英語系(正取)"
CAND_1152,114,nkust_ship,國立高雄科技大學,航運管理系(航海類),國立高雄科技大學 航運管理系(航海類),52150173,话*俐,正取,國立高雄科技大學,國立高雄科技大學航運管理系,原校系/本校留任,3,"國立高雄科技大學航運管理系(正取,分發); 國立高雄科技大學運籌管理系(正取); 國立臺北護理健康大學語言治療與聽力學系(通過)"
CAND_1153,114,nkust_ship,國立高雄科技大學,航運管理系(航海類),國立高雄科技大學 航運管理系(航海類),58150150,*臻,正取,國立高雄科技大學,國立高雄科技大學航運管理系,原校系/本校留任,4,"國立高雄科技大學航運管理系(正取,分發); 國立雲林科技大學應用外語系(通過); 國立高雄科技大學應用英語系(通過); 國立勤益科技大學應用英語系(通過)"
CAND_1154,114,nkust_ship,國立高雄科技大學,航運管理系(航海類),國立高雄科技大學 航運管理系(航海類),58150045,林*永,正取,國立高雄科技大學,國立高雄科技大學航運管理系,原校系/本校留任,2,"國立高雄科技大學航運管理系(正取,分發); 國立臺北科技大學應用英文系(備取)"
CAND_1155,114,nkust_ship,國立高雄科技大學,航運管理系(航海類),國立高雄科技大學 航運管理系(航海類),68150045,張*,正取,國立高雄科技大學,國立高雄科技大學航運管理系,原校系/本校留任,3,"國立高雄科技大學航運管理系(正取,分發); 國立高雄科技大學應用英語系(正取); 國立屏東大學應用英語學系(正取)"
CAND_1156,114,nkust_ship,國立高雄科技大學,航運管理系(航海類),國立高雄科技大學 航運管理系(航海類),56150036,楊*茹,正取,國立高雄科技大學,國立高雄科技大學航運管理系,原校系/本校留任,2,"國立高雄科技大學航運管理系(正取,分發); 逢甲大學外國語文學系(通過)"
CAND_1157,114,nkust_ship,國立高雄科技大學,航運管理系(航海類),國立高雄科技大學 航運管理系(航海類),61530023,涂*穎,正取,國立高雄科技大學,國立高雄科技大學航運管理系,原校系/本校留任,2,"國立高雄科技大學航運管理系(正取,分發); 國立臺中科技大學保險金融管理系(通過)"
CAND_1158,114,nkust_ship,國立高雄科技大學,航運管理系(航海類),國立高雄科技大學 航運管理系(航海類),67150051,葉*妍,正取,國立高雄科技大學,國立高雄科技大學航運管理系,原校系/本校留任,3,"國立高雄科技大學航運管理系(正取,分發); 國立雲林科技大學應用外語系(通過); 國立高雄科技大學應用德語系(通過)"
CAND_1159,114,nkust_ship,國立高雄科技大學,航運管理系(航海類),國立高雄科技大學 航運管理系(航海類),64150048,陳*語,正取,國立高雄科技大學,國立高雄科技大學航運管理系,原校系/本校留任,3,"國立高雄科技大學航運管理系(正取,分發); 國立高雄科技大學行銷與流通管理系(正取); 國立臺中科技大學財政稅務系(正取)"
CAND_1160,114,nkust_ship,國立高雄科技大學,航運管理系(航海類),國立高雄科技大學 航運管理系(航海類),58150073,汪*妤,正取,國立高雄科技大學,國立高雄科技大學航運管理系,原校系/本校留任,3,"國立高雄科技大學航運管理系(正取,分發); 國立虎尾科技大學企業管理系(正取); 國立屏東大學應用英語學系(通過)"
CAND_1161,114,nkust_ship,國立高雄科技大學,航運管理系(航海類),國立高雄科技大學 航運管理系(航海類),57530023,余*恩,正取,國立高雄科技大學,國立高雄科技大學供應鏈管理系,原校系/本校留任,3,"國立高雄科技大學航運管理系(正取); 國立高雄科技大學供應鏈管理系(正取,分發); 國立高雄餐旅大學航空暨運輸服務管理系(通過)"
CAND_1162,114,nkust_ship,國立高雄科技大學,航運管理系(航海類),國立高雄科技大學 航運管理系(航海類),52150090,—,正取,國立臺北科技大學,國立臺北科技大學文化事業發展系,其他學校錄取,6,"國立高雄科技大學航運管理系(正取); 國立雲林科技大學應用外語系(通過); 國立臺北科技大學文化事業發展系(正取,分發); 國立高雄科技大學海洋休閒管理系(通過); 國立臺北護理健康大學運動保健系(通過); 國立臺中科技大學應用英語系(通過)"
CAND_1163,114,nkust_ship,國立高雄科技大學,航運管理系(航海類),國立高雄科技大學 航運管理系(航海類),55150035,潘*,正取,國立臺北科技大學,國立臺北科技大學應用英文系,其他學校錄取,6,"國立高雄科技大學航運管理系(正取); 國立臺灣科技大學應用外語系(通過); 國立臺北科技大學應用英文系(正取,分發); 國立高雄科技大學應用英語系(通過); 國立虎尾科技大學應用外語系(通過); 國立臺中科技大學應用英語系(正取)"
CAND_1164,114,nkust_ship,國立高雄科技大學,航運管理系(航海類),國立高雄科技大學 航運管理系(航海類),61150177,李*慈,正取,國立高雄科技大學,國立高雄科技大學航運管理系,原校系/本校留任,4,"國立高雄科技大學航運管理系(正取,分發); 國立高雄科技大學應用德語系(正取); 國立虎尾科技大學應用外語系(備取); 文藻外語大學國際事務系(正取)"
CAND_1165,114,nkust_ship,國立高雄科技大學,航運管理系(航海類),國立高雄科技大學 航運管理系(航海類),64150072,楊*,備取,國立高雄科技大學,國立高雄科技大學航運管理系,原校系/本校留任,6,"國立高雄科技大學航運管理系(備取,分發); 國立高雄科技大學國際企業系(正取); 國立高雄科技大學行銷與流通管理系(正取); 國立虎尾科技大學企業管理系(備取); 國立虎尾科技大學應用外語系(通過); 國立高雄餐旅大學休閒暨遊憩管理系(通過)"
CAND_1166,114,nkust_ship,國立高雄科技大學,航運管理系(航海類),國立高雄科技大學 航運管理系(航海類),66150038,陳*凱,備取,國立高雄科技大學,國立高雄科技大學航運管理系,原校系/本校留任,5,"國立高雄科技大學航運管理系(備取,分發); 國立臺北科技大學文化事業發展系(通過); 國立高雄科技大學國際企業系(通過); 國立高雄科技大學行銷與流通管理系(通過); 國立臺中科技大學保險金融管理系(通過)"
CAND_1167,114,nkust_ship,國立高雄科技大學,航運管理系(航海類),國立高雄科技大學 航運管理系(航海類),68150010,林*,備取,國立臺中科技大學,國立臺中科技大學保險金融管理系,其他學校錄取,4,"國立高雄科技大學航運管理系(備取); 國立雲林科技大學應用外語系(備取); 國立高雄科技大學應用英語系(通過); 國立臺中科技大學保險金融管理系(備取,分發)"
CAND_1168,114,nkust_ship,國立高雄科技大學,航運管理系(航海類),國立高雄科技大學 航運管理系(航海類),58150149,*華,備取,國立高雄科技大學,國立高雄科技大學航運管理系,原校系/本校留任,2,"國立高雄科技大學航運管理系(備取,分發); 國立高雄科技大學供應鏈管理系(正取)"
CAND_1169,114,nkust_ship,國立高雄科技大學,航運管理系(航海類),國立高雄科技大學 航運管理系(航海類),64150003,吳*,備取,國立高雄科技大學,國立高雄科技大學航運管理系,原校系/本校留任,3,"國立高雄科技大學航運管理系(備取,分發); 國立高雄科技大學行銷與流通管理系(通過); 國立高雄科技大學應用德語系(通過)"
CAND_1170,114,nkust_ship,國立高雄科技大學,航運管理系(航海類),國立高雄科技大學 航運管理系(航海類),58150126,—,備取,國立高雄科技大學,國立高雄科技大學供應鏈管理系,原校系/本校留任,3,"國立高雄科技大學航運管理系(備取); 國立高雄科技大學風險管理與保險系(通過); 國立高雄科技大學供應鏈管理系(備取,分發)"
CAND_1171,114,nkust_ship,國立高雄科技大學,航運管理系(航海類),國立高雄科技大學 航運管理系(航海類),51150042,柯*慈,備取,國立雲林科技大學,國立雲林科技大學應用外語系,其他學校錄取,5,"國立高雄科技大學航運管理系(通過); 國立雲林科技大學應用外語系(正取,分發); 國立高雄科技大學應用英語系(通過); 國立虎尾科技大學應用外語系(通過); 國立高雄餐旅大學航空暨運輸服務管理系(正取)"
CAND_1172,114,nkust_ship,國立高雄科技大學,航運管理系(航海類),國立高雄科技大學 航運管理系(航海類),52150003,陳*住,備取,—,—,未分發或放棄,3,國立高雄科技大學航運管理系(通過); 國立雲林科技大學應用外語系(通過); 國立高雄餐旅大學航空暨運輸服務管理系(通過)
CAND_1173,114,nkust_ship,國立高雄科技大學,航運管理系(航海類),國立高雄科技大學 航運管理系(航海類),52150117,林*,備取,—,—,未分發或放棄,3,國立高雄科技大學航運管理系(通過); 國立高雄科技大學供應鏈管理系(通過); 國立臺北護理健康大學語言治療與聽力學系(通過)
CAND_1174,114,nkust_ship,國立高雄科技大學,航運管理系(航海類),國立高雄科技大學 航運管理系(航海類),52150144,林*,備取,—,—,未分發或放棄,1,國立高雄科技大學航運管理系(通過)
CAND_1175,114,nkust_ship,國立高雄科技大學,航運管理系(航海類),國立高雄科技大學 航運管理系(航海類),56150171,簡*永,備取,國立臺北科技大學,國立臺北科技大學應用英文系,其他學校錄取,5,"國立高雄科技大學航運管理系(通過); 國立雲林科技大學應用外語系(正取); 國立臺北科技大學應用英文系(正取,分發); 國立臺中科技大學應用英語系(通過); 國立臺北商業大學應用外語系(臺北校區)(通過)"
CAND_1176,114,nkust_ship,國立高雄科技大學,航運管理系(航海類),國立高雄科技大學 航運管理系(航海類),57150002,張*賢,正取,—,—,未分發或放棄,3,國立高雄科技大學航運管理系(通過); 國立高雄科技大學供應鏈管理系(正取); 國立臺中科技大學國際貿易與經營系(正取)
CAND_1177,114,nkust_ship,國立高雄科技大學,航運管理系(航海類),國立高雄科技大學 航運管理系(航海類),57530083,張*,備取,國立高雄科技大學,國立高雄科技大學應用英語系,原校系/本校留任,4,"國立高雄科技大學航運管理系(通過); 國立高雄科技大學應用英語系(備取,分發); 國立虎尾科技大學應用外語系(通過); 國立勤益科技大學文化創意事業系(通過)"
CAND_1178,114,nkust_ship,國立高雄科技大學,航運管理系(航海類),國立高雄科技大學 航運管理系(航海類),58150010,—,備取,國立雲林科技大學,國立雲林科技大學應用外語系,其他學校錄取,5,"國立高雄科技大學航運管理系(通過); 國立雲林科技大學應用外語系(正取,分發); 國立虎尾科技大學企業管理系(備取); 國立勤益科技大學企業管理系(正取); 國立臺中科技大學企業管理系(正取)"
CAND_1179,114,nkust_ship,國立高雄科技大學,航運管理系(航海類),國立高雄科技大學 航運管理系(航海類),61150092,吳*潔,備取,國立臺北護理健康大學,國立臺北護理健康大學語言治療與聽力學系,其他學校錄取,4,"國立高雄科技大學航運管理系(通過); 國立臺北護理健康大學語言治療與聽力學系(正取,分發); 國立臺北護理健康大學生死與健康心理諮商系(通過); 弘光科技大學語言治療與聽力學系(通過)"
CAND_1180,114,nkust_ship,國立高雄科技大學,航運管理系(航海類),國立高雄科技大學 航運管理系(航海類),61150112,邱*哈,備取,—,—,未分發或放棄,5,國立高雄科技大學航運管理系(通過); 國立臺灣科技大學應用外語系(通過); 國立臺北科技大學應用英文系(通過); 國立臺中科技大學應用英語系(通過); 文藻外語大學日本語文系(通過)
CAND_1181,114,nkust_ship,國立高雄科技大學,航運管理系(航海類),國立高雄科技大學 航運管理系(航海類),61150153,*婷,備取,國立雲林科技大學,國立雲林科技大學應用外語系,其他學校錄取,4,"國立高雄科技大學航運管理系(通過); 國立雲林科技大學應用外語系(備取,分發); 國立高雄科技大學應用英語系(通過); 國立高雄科技大學應用德語系(通過)"
CAND_1182,114,nkust_ship,國立高雄科技大學,航運管理系(航海類),國立高雄科技大學 航運管理系(航海類),61150165,江*諭,備取,—,—,未分發或放棄,2,國立高雄科技大學航運管理系(通過); 國立高雄科技大學應用英語系(通過)
CAND_1183,114,nkust_ship,國立高雄科技大學,航運管理系(航海類),國立高雄科技大學 航運管理系(航海類),61150209,張*,備取,國立高雄餐旅大學,國立高雄餐旅大學航空暨運輸服務管理系,其他學校錄取,3,"國立高雄科技大學航運管理系(通過); 國立臺北科技大學應用英文系(通過); 國立高雄餐旅大學航空暨運輸服務管理系(正取,分發)"
CAND_1184,114,nkust_ship,國立高雄科技大學,航運管理系(航海類),國立高雄科技大學 航運管理系(航海類),61150219,*良,備取,—,—,未分發或放棄,5,國立高雄科技大學航運管理系(通過); 國立臺北科技大學應用英文系(通過); 國立高雄科技大學應用英語系(通過); 國立臺中科技大學應用英語系(通過); 國立臺北商業大學應用外語系(臺北校區)(通過)
CAND_1185,114,nkust_ship,國立高雄科技大學,航運管理系(航海類),國立高雄科技大學 航運管理系(航海類),61150256,林*妤,備取,國立雲林科技大學,國立雲林科技大學應用外語系,其他學校錄取,5,"國立高雄科技大學航運管理系(通過); 國立臺灣科技大學應用外語系(備取); 國立雲林科技大學企業管理系(通過); 國立雲林科技大學應用外語系(正取,分發); 國立高雄科技大學應用英語系(通過)"
CAND_1186,114,nkust_ship,國立高雄科技大學,航運管理系(航海類),國立高雄科技大學 航運管理系(航海類),61150337,*智,備取,—,—,未分發或放棄,1,國立高雄科技大學航運管理系(通過)
CAND_1187,114,nkust_ship,國立高雄科技大學,航運管理系(航海類),國立高雄科技大學 航運管理系(航海類),61150383,吳*瑀,備取,國立高雄餐旅大學,國立高雄餐旅大學航空暨運輸服務管理系,其他學校錄取,2,"國立高雄科技大學航運管理系(通過); 國立高雄餐旅大學航空暨運輸服務管理系(正取,分發)"
CAND_1188,114,nkust_ship,國立高雄科技大學,航運管理系(航海類),國立高雄科技大學 航運管理系(航海類),61150387,葉*惠,備取,—,—,未分發或放棄,3,國立高雄科技大學航運管理系(通過); 國立臺北科技大學應用英文系(通過); 國立高雄科技大學應用德語系(通過)
CAND_1189,114,nkust_ship,國立高雄科技大學,航運管理系(航海類),國立高雄科技大學 航運管理系(航海類),61150403,胡*綸,備取,—,—,未分發或放棄,4,國立高雄科技大學航運管理系(通過); 國立高雄科技大學行銷與流通管理系(通過); 國立高雄科技大學風險管理與保險系(通過); 國立臺北護理健康大學生死與健康心理諮商系(通過)
CAND_1190,114,nkust_ship,國立高雄科技大學,航運管理系(航海類),國立高雄科技大學 航運管理系(航海類),61150419,*綺,備取,—,—,未分發或放棄,1,國立高雄科技大學航運管理系(通過)
CAND_1191,114,nkust_ship,國立高雄科技大學,航運管理系(航海類),國立高雄科技大學 航運管理系(航海類),61150423,張*棋,正取,國立高雄科技大學,國立高雄科技大學風險管理與保險系,原校系/本校留任,4,"國立高雄科技大學航運管理系(通過); 國立高雄科技大學風險管理與保險系(正取,分發); 國立高雄餐旅大學航空暨運輸服務管理系(通過); 國立臺中科技大學財務金融系(通過)"
CAND_1192,114,nkust_ship,國立高雄科技大學,航運管理系(航海類),國立高雄科技大學 航運管理系(航海類),64150007,葵*,備取,國立臺北護理健康大學,國立臺北護理健康大學語言治療與聽力學系,其他學校錄取,3,"國立高雄科技大學航運管理系(通過); 國立臺北護理健康大學語言治療與聽力學系(正取,分發); 國立臺北護理健康大學運動保健系(通過)"
CAND_1193,114,nkust_ship,國立高雄科技大學,航運管理系(航海類),國立高雄科技大學 航運管理系(航海類),64150018,吳*叡,備取,國立勤益科技大學,國立勤益科技大學應用英語系,其他學校錄取,6,"國立高雄科技大學航運管理系(通過); 國立雲林科技大學應用外語系(通過); 國立高雄科技大學應用英語系(通過); 國立澎湖科技大學航運管理系(通過); 國立澎湖科技大學應用外語系(通過); 國立勤益科技大學應用英語系(正取,分發)"
CAND_1194,114,nkust_ship,國立高雄科技大學,航運管理系(航海類),國立高雄科技大學 航運管理系(航海類),64150032,葵*璇,備取,—,—,未分發或放棄,6,國立高雄科技大學航運管理系(通過); 國立雲林科技大學企業管理系(通過); 國立雲林科技大學應用外語系(通過); 國立高雄科技大學國際企業系(通過); 國立高雄科技大學應用英語系(通過); 國立虎尾科技大學財務金融系(通過)
CAND_1195,114,nkust_ship,國立高雄科技大學,航運管理系(航海類),國立高雄科技大學 航運管理系(航海類),64150060,李*鈞,備取,國立臺灣科技大學,國立臺灣科技大學應用外語系,其他學校錄取,6,"國立高雄科技大學航運管理系(通過); 國立臺灣科技大學應用外語系(正取,分發); 國立雲林科技大學應用外語系(通過); 國立臺北科技大學應用英文系(正取); 國立高雄科技大學應用英語系(通過); 國立中正大學外國語文學系(備取)"
CAND_1196,114,nkust_ship,國立高雄科技大學,航運管理系(航海類),國立高雄科技大學 航運管理系(航海類),64150069,柯*豫,備取,中原大學,中原大學國際經營與貿易學系,其他學校錄取,5,"國立高雄科技大學航運管理系(通過); 國立雲林科技大學應用外語系(備取); 國立高雄科技大學應用英語系(通過); 國立虎尾科技大學應用外語系(通過); 中原大學國際經營與貿易學系(正取,分發)"
CAND_1197,114,nkust_ship,國立高雄科技大學,航運管理系(航海類),國立高雄科技大學 航運管理系(航海類),64150082,—,備取,國立臺北護理健康大學,國立臺北護理健康大學語言治療與聽力學系,其他學校錄取,2,"國立高雄科技大學航運管理系(通過); 國立臺北護理健康大學語言治療與聽力學系(正取,分發)"
CAND_1198,114,nkust_ship,國立高雄科技大學,航運管理系(航海類),國立高雄科技大學 航運管理系(航海類),64150086,李*羿,備取,—,—,未分發或放棄,1,國立高雄科技大學航運管理系(通過)
CAND_1199,114,nkust_ship,國立高雄科技大學,航運管理系(航海類),國立高雄科技大學 航運管理系(航海類),65150017,林*佑,正取,國立高雄科技大學,國立高雄科技大學應用英語系,原校系/本校留任,2,"國立高雄科技大學航運管理系(通過); 國立高雄科技大學應用英語系(正取,分發)"
CAND_1200,114,nkust_ship,國立高雄科技大學,航運管理系(航海類),國立高雄科技大學 航運管理系(航海類),66150004,*婷,備取,—,—,未分發或放棄,5,國立高雄科技大學航運管理系(通過); 國立高雄科技大學企業管理系(通過); 國立高雄科技大學運籌管理系(通過); 國立臺北護理健康大學休閒產業與健康促進系(通過); 國立臺中科技大學保險金融管理系(通過)
CAND_1201,114,nkust_ship,國立高雄科技大學,航運管理系(航海類),國立高雄科技大學 航運管理系(航海類),68150047,林*恩,備取,—,—,未分發或放棄,2,國立高雄科技大學航運管理系(通過); 國立臺灣科技大學應用外語系(通過)
CAND_1202,114,nkust_ship,國立高雄科技大學,航運管理系(航海類),國立高雄科技大學 航運管理系(航海類),68150063,黄*,正取,弘光科技大學,弘光科技大學物理治療系,其他學校錄取,3,"國立高雄科技大學航運管理系(通過); 國立高雄科技大學運籌管理系(正取); 弘光科技大學物理治療系(正取,分發)"
CAND_1203,114,nkust_ship,國立高雄科技大學,航運管理系(航海類),國立高雄科技大學 航運管理系(航海類),68150066,吳*彦,備取,—,—,未分發或放棄,2,國立高雄科技大學航運管理系(通過); 國立高雄科技大學運籌管理系(通過)
CAND_1204,114,nkust_ship,國立高雄科技大學,航運管理系(航海類),國立高雄科技大學 航運管理系(航海類),68150082,李*J,備取,—,—,未分發或放棄,3,國立高雄科技大學航運管理系(通過); 國立雲林科技大學企業管理系(通過); 國立高雄科技大學風險管理與保險系(通過)
CAND_1205,114,nkust_ship,國立高雄科技大學,航運管理系(航海類),國立高雄科技大學 航運管理系(航海類),68150086,楊*昕,備取,—,—,未分發或放棄,4,國立高雄科技大學航運管理系(通過); 國立高雄科技大學行銷與流通管理系(通過); 國立高雄科技大學供應鏈管理系(通過); 國立臺北護理健康大學生死與健康心理諮商系(通過)
CAND_1206,114,nkust_ship,國立高雄科技大學,航運管理系(航海類),國立高雄科技大學 航運管理系(航海類),70150026,伊*佈,備取,—,—,未分發或放棄,3,國立高雄科技大學航運管理系(通過); 國立勤益科技大學企業管理系(通過); 萬能科技大學航空暨運輸服務管理系(通過)
CAND_1207,115,nkust_ship,國立高雄科技大學,航運管理系(商管群),國立高雄科技大學 航運管理系(商管群),68090514,楊*柔,正取,國立高雄科技大學,國立高雄科技大學航運管理系,原校系/本校留任,5,"國立高雄科技大學航運管理系(正取,分發); 國立高雄科技大學運籌管理系(正取); 國立高雄科技大學商務資訊應用系(通過); 國立勤益科技大學資訊管理系(通過); 國立臺中科技大學國際貿易與經營系(正取)"
CAND_1208,115,nkust_ship,國立高雄科技大學,航運管理系(商管群),國立高雄科技大學 航運管理系(商管群),61530015,張*瑄,正取,國立高雄科技大學,國立高雄科技大學航運管理系,原校系/本校留任,3,"國立高雄科技大學航運管理系(正取,分發); 國立高雄科技大學運籌管理系(通過); 國立高雄科技大學金融系(備取)"
CAND_1209,115,nkust_ship,國立高雄科技大學,航運管理系(商管群),國立高雄科技大學 航運管理系(商管群),70090309,薛*潔,正取,國立臺灣海洋大學,國立臺灣海洋大學航運管理學系,其他學校錄取,5,"國立高雄科技大學航運管理系(正取); 國立高雄科技大學運籌管理系(正取); 國立臺北商業大學國際商務系(臺北校區)(正取); 國立臺灣海洋大學航運管理學系(備取,分發); 臺北醫學大學醫務管理學系(通過)"
CAND_1210,115,nkust_ship,國立高雄科技大學,航運管理系(商管群),國立高雄科技大學 航運管理系(商管群),61091101,張*恩,正取,國立高雄科技大學,國立高雄科技大學航運管理系,原校系/本校留任,2,"國立高雄科技大學航運管理系(正取,分發); 國立高雄科技大學金融系(通過)"
CAND_1211,115,nkust_ship,國立高雄科技大學,航運管理系(商管群),國立高雄科技大學 航運管理系(商管群),68090289,許*茹,正取,國立高雄科技大學,國立高雄科技大學航運管理系,原校系/本校留任,4,"國立高雄科技大學航運管理系(正取,分發); 國立高雄科技大學運籌管理系(正取); 國立虎尾科技大學企業管理系(正取); 國立臺中科技大學財政稅務系(正取)"
CAND_1212,115,nkust_ship,國立高雄科技大學,航運管理系(商管群),國立高雄科技大學 航運管理系(商管群),55090370,藍*齊,正取,—,—,未分發或放棄,4,國立高雄科技大學航運管理系(正取); 國立臺中科技大學資訊管理系(正取); 中原大學資訊管理學系(正取); 實踐大學資訊科技與管理學系(臺北校區)(備取)
CAND_1213,115,nkust_ship,國立高雄科技大學,航運管理系(商管群),國立高雄科技大學 航運管理系(商管群),69090107,沈*潔,正取,國立高雄科技大學,國立高雄科技大學航運管理系,原校系/本校留任,3,"國立高雄科技大學航運管理系(正取,分發); 國立高雄科技大學工業工程與管理系(通過); 國立高雄餐旅大學航空暨運輸服務管理系(正取)"
CAND_1214,115,nkust_ship,國立高雄科技大學,航運管理系(商管群),國立高雄科技大學 航運管理系(商管群),57090257,*瑜,正取,國立高雄科技大學,國立高雄科技大學航運管理系,原校系/本校留任,3,"國立高雄科技大學航運管理系(正取,分發); 逢甲大學會計學系(正取); 逢甲大學國際經營與貿易學系(正取)"
CAND_1215,115,nkust_ship,國立高雄科技大學,航運管理系(商管群),國立高雄科技大學 航運管理系(商管群),68090547,黄*瑄,正取,國立高雄科技大學,國立高雄科技大學航運管理系,原校系/本校留任,3,"國立高雄科技大學航運管理系(正取,分發); 國立雲林科技大學資訊管理系(通過); 國立高雄科技大學人力資源發展系(正取)"
CAND_1216,115,nkust_ship,國立高雄科技大學,航運管理系(商管群),國立高雄科技大學 航運管理系(商管群),64090403,鄭*榛,正取,國立臺中科技大學,國立臺中科技大學國際貿易與經營系,其他學校錄取,3,"國立高雄科技大學航運管理系(正取); 國立高雄科技大學國際企業系(正取); 國立臺中科技大學國際貿易與經營系(正取,分發)"
CAND_1217,115,nkust_ship,國立高雄科技大學,航運管理系(商管群),國立高雄科技大學 航運管理系(商管群),61090774,*稚,正取,國立高雄科技大學,國立高雄科技大學航運管理系,原校系/本校留任,4,"國立高雄科技大學航運管理系(正取,分發); 國立雲林科技大學文化資產維護系(通過); 國立高雄科技大學海洋休閒管理系(正取); 國立臺北商業大學商業設計管理系(桃園校區)(通過)"
CAND_1218,115,nkust_ship,國立高雄科技大學,航運管理系(商管群),國立高雄科技大學 航運管理系(商管群),68530058,陳*臻,正取,國立雲林科技大學,國立雲林科技大學工業工程與管理系,其他學校錄取,5,"國立高雄科技大學航運管理系(正取); 國立雲林科技大學工業工程與管理系(正取,分發); 國立雲林科技大學企業管理系(通過); 國立高雄科技大學企業管理系(通過); 國立高雄科技大學運籌管理系(通過)"
CAND_1219,115,nkust_ship,國立高雄科技大學,航運管理系(商管群),國立高雄科技大學 航運管理系(商管群),70090639,黄*筠,正取,國立高雄科技大學,國立高雄科技大學航運管理系,原校系/本校留任,6,"國立高雄科技大學航運管理系(正取,分發); 國立雲林科技大學國際管理學士學位學程(通過); 國立高雄科技大學金融系(備取); 國立高雄科技大學航運技術系(通過); 國立臺灣海洋大學航運管理學系(備取); 國立臺灣海洋大學海洋經營管理學士學位學程(備取)"
CAND_1220,115,nkust_ship,國立高雄科技大學,航運管理系(商管群),國立高雄科技大學 航運管理系(商管群),61090750,黄*潔,正取,國立高雄科技大學,國立高雄科技大學航運管理系,原校系/本校留任,2,"國立高雄科技大學航運管理系(正取,分發); 國立臺北護理健康大學生死與健康心理諮商系(通過)"
CAND_1221,115,nkust_ship,國立高雄科技大學,航運管理系(商管群),國立高雄科技大學 航運管理系(商管群),64090431,賴*,正取,國立高雄科技大學,國立高雄科技大學航運管理系,原校系/本校留任,1,"國立高雄科技大學航運管理系(正取,分發)"
CAND_1222,115,nkust_ship,國立高雄科技大學,航運管理系(商管群),國立高雄科技大學 航運管理系(商管群),61090690,潘*賢,正取,國立高雄科技大學,國立高雄科技大學航運管理系,原校系/本校留任,4,"國立高雄科技大學航運管理系(正取,分發); 國立高雄科技大學行銷與流通管理系(通過); 國立高雄科技大學海洋休閒管理系(通過); 國立高雄餐旅大學航空暨運輸服務管理系(通過)"
CAND_1223,115,nkust_ship,國立高雄科技大學,航運管理系(商管群),國立高雄科技大學 航運管理系(商管群),67090107,許*邦,正取,國立虎尾科技大學,國立虎尾科技大學財務金融系,其他學校錄取,3,"國立高雄科技大學航運管理系(正取); 國立高雄科技大學國際企業系(正取); 國立虎尾科技大學財務金融系(正取,分發)"
CAND_1224,115,nkust_ship,國立高雄科技大學,航運管理系(商管群),國立高雄科技大學 航運管理系(商管群),61090356,—,正取,逢甲大學,逢甲大學國際經營與貿易學系,其他學校錄取,5,"國立高雄科技大學航運管理系(正取); 國立臺中科技大學國際貿易與經營系(通過); 國立臺中教育大學國際企業學系(通過); 中原大學國際經營與貿易學系(備取); 逢甲大學國際經營與貿易學系(備取,分發)"
CAND_1225,115,nkust_ship,國立高雄科技大學,航運管理系(商管群),國立高雄科技大學 航運管理系(商管群),57090855,黄*,正取,國立高雄科技大學,國立高雄科技大學航運管理系,原校系/本校留任,4,"國立高雄科技大學航運管理系(正取,分發); 國立高雄科技大學運籌管理系(備取); 國立勤益科技大學工業工程與管理系(通過); 國立高雄餐旅大學航空暨運輸服務管理系(通過)"
CAND_1226,115,nkust_ship,國立高雄科技大學,航運管理系(商管群),國立高雄科技大學 航運管理系(商管群),68530077,楊*,正取,國立高雄科技大學,國立高雄科技大學航運管理系,原校系/本校留任,3,"國立高雄科技大學航運管理系(正取,分發); 國立高雄科技大學商務資訊應用系(正取); 國立虎尾科技大學財務金融系(通過)"
CAND_1227,115,nkust_ship,國立高雄科技大學,航運管理系(商管群),國立高雄科技大學 航運管理系(商管群),57090829,陳*妤,正取,國立高雄科技大學,國立高雄科技大學航運管理系,原校系/本校留任,5,"國立高雄科技大學航運管理系(正取,分發); 國立高雄科技大學運籌管理系(通過); 國立臺中科技大學國際貿易與經營系(通過); 國立臺灣海洋大學航運管理學系(正取); 中原大學國際經營與貿易學系(通過)"
CAND_1228,115,nkust_ship,國立高雄科技大學,航運管理系(商管群),國立高雄科技大學 航運管理系(商管群),66090057,—,正取,國立高雄科技大學,國立高雄科技大學航運管理系,原校系/本校留任,1,"國立高雄科技大學航運管理系(正取,分發)"
CAND_1229,115,nkust_ship,國立高雄科技大學,航運管理系(商管群),國立高雄科技大學 航運管理系(商管群),68090545,*均,正取,國立高雄餐旅大學,國立高雄餐旅大學航空暨運輸服務管理系,其他學校錄取,5,"國立高雄科技大學航運管理系(正取); 國立高雄科技大學運籌管理系(通過); 國立高雄科技大學金融系(備取); 國立高雄餐旅大學航空暨運輸服務管理系(正取,分發); 國立臺中科技大學國際貿易與經營系(通過)"
CAND_1230,115,nkust_ship,國立高雄科技大學,航運管理系(商管群),國立高雄科技大學 航運管理系(商管群),61091085,陳*玟,正取,國立高雄科技大學,國立高雄科技大學航運管理系,原校系/本校留任,2,"國立高雄科技大學航運管理系(正取,分發); 國立高雄科技大學運籌管理系(通過)"
CAND_1231,115,nkust_ship,國立高雄科技大學,航運管理系(商管群),國立高雄科技大學 航運管理系(商管群),61090426,李*恩,正取,國立虎尾科技大學,國立虎尾科技大學工業管理系,其他學校錄取,5,"國立高雄科技大學航運管理系(正取); 國立虎尾科技大學工業管理系(正取,分發); 國立勤益科技大學行銷與流通管理系(正取); 國立臺中科技大學財務金融系(備取); 朝陽科技大學環境工程與管理系(正取)"
CAND_1232,115,nkust_ship,國立高雄科技大學,航運管理系(商管群),國立高雄科技大學 航運管理系(商管群),61090352,郭*,正取,國立虎尾科技大學,國立虎尾科技大學資訊管理系,其他學校錄取,4,"國立高雄科技大學航運管理系(正取); 國立高雄科技大學運籌管理系(備取); 國立虎尾科技大學資訊管理系(備取,分發); 國立臺中科技大學國際貿易與經營系(正取)"
CAND_1233,115,nkust_ship,國立高雄科技大學,航運管理系(商管群),國立高雄科技大學 航運管理系(商管群),64090475,黄*詒,正取,國立高雄科技大學,國立高雄科技大學航運管理系,原校系/本校留任,1,"國立高雄科技大學航運管理系(正取,分發)"
CAND_1234,115,nkust_ship,國立高雄科技大學,航運管理系(商管群),國立高雄科技大學 航運管理系(商管群),61090586,林*誼,正取,國立高雄科技大學,國立高雄科技大學航運管理系,原校系/本校留任,4,"國立高雄科技大學航運管理系(正取,分發); 國立高雄科技大學人力資源發展系(正取); 國立虎尾科技大學工業管理系(通過); 國立臺中科技大學國際貿易與經營系(正取)"
CAND_1235,115,nkust_ship,國立高雄科技大學,航運管理系(商管群),國立高雄科技大學 航運管理系(商管群),65090226,曹*洳,正取,國立高雄科技大學,國立高雄科技大學運籌管理系,原校系/本校留任,4,"國立高雄科技大學航運管理系(正取); 國立高雄科技大學國際企業系(備取); 國立高雄科技大學運籌管理系(正取,分發); 國立臺中科技大學國際貿易與經營系(通過)"
CAND_1236,115,nkust_ship,國立高雄科技大學,航運管理系(商管群),國立高雄科技大學 航運管理系(商管群),67090260,蕭*諺,正取,國立高雄科技大學,國立高雄科技大學航運管理系,原校系/本校留任,4,"國立高雄科技大學航運管理系(正取,分發); 國立高雄科技大學國際企業系(備取); 國立虎尾科技大學財務金融系(通過); 國立臺中科技大學國際貿易與經營系(正取)"
CAND_1237,115,nkust_ship,國立高雄科技大學,航運管理系(商管群),國立高雄科技大學 航運管理系(商管群),68530002,江*豪,正取,國立高雄科技大學,國立高雄科技大學航運管理系,原校系/本校留任,2,"國立高雄科技大學航運管理系(正取,分發); 國立高雄科技大學航運技術系(通過)"
CAND_1238,115,nkust_ship,國立高雄科技大學,航運管理系(商管群),國立高雄科技大學 航運管理系(商管群),64090379,黄*永,正取,國立高雄科技大學,國立高雄科技大學航運管理系,原校系/本校留任,3,"國立高雄科技大學航運管理系(正取,分發); 國立高雄科技大學人力資源發展系(正取); 國立臺中科技大學國際貿易與經營系(通過)"
CAND_1239,115,nkust_ship,國立高雄科技大學,航運管理系(商管群),國立高雄科技大學 航運管理系(商管群),67090184,楊*珊,正取,國立高雄科技大學,國立高雄科技大學航運管理系,原校系/本校留任,4,"國立高雄科技大學航運管理系(正取,分發); 國立高雄科技大學資訊管理系(備取); 國立高雄科技大學運籌管理系(正取); 國立臺中科技大學國際貿易與經營系(通過)"
CAND_1240,115,nkust_ship,國立高雄科技大學,航運管理系(商管群),國立高雄科技大學 航運管理系(商管群),64090409,單*喧,正取,國立高雄科技大學,國立高雄科技大學航運管理系,原校系/本校留任,3,"國立高雄科技大學航運管理系(正取,分發); 國立高雄科技大學國際企業系(備取); 國立臺中科技大學國際貿易與經營系(正取)"
CAND_1241,115,nkust_ship,國立高雄科技大學,航運管理系(商管群),國立高雄科技大學 航運管理系(商管群),61090758,何*彤,正取,國立高雄科技大學,國立高雄科技大學航運管理系,原校系/本校留任,3,"國立高雄科技大學航運管理系(正取,分發); 國立臺中科技大學企業管理系(備取); 靜宜大學法律學系(通過)"
CAND_1242,115,nkust_ship,國立高雄科技大學,航運管理系(商管群),國立高雄科技大學 航運管理系(商管群),64090499,黄*,正取,國立高雄科技大學,國立高雄科技大學航運管理系,原校系/本校留任,2,"國立高雄科技大學航運管理系(正取,分發); 國立高雄科技大學國際企業系(備取)"
CAND_1243,115,nkust_ship,國立高雄科技大學,航運管理系(商管群),國立高雄科技大學 航運管理系(商管群),74530006,江*瑜,正取,國立高雄科技大學,國立高雄科技大學航運管理系,原校系/本校留任,3,"國立高雄科技大學航運管理系(正取,分發); 朝陽科技大學航空運務系(正取); 致理科技大學行銷與流通管理系(通過)"
CAND_1244,115,nkust_ship,國立高雄科技大學,航運管理系(商管群),國立高雄科技大學 航運管理系(商管群),64090445,張*,正取,國立高雄科技大學,國立高雄科技大學航運管理系,原校系/本校留任,6,"國立高雄科技大學航運管理系(正取,分發); 國立高雄科技大學運籌管理系(備取); 國立高雄科技大學供應鏈管理系(備取); 國立虎尾科技大學工業管理系(備取); 國立臺中科技大學老人服務事業管理系(通過); 長榮大學航運管理學系(通過)"
CAND_1245,115,nkust_ship,國立高雄科技大學,航運管理系(商管群),國立高雄科技大學 航運管理系(商管群),64090482,柯*,備取,國立高雄科技大學,國立高雄科技大學航運管理系,原校系/本校留任,4,"國立高雄科技大學航運管理系(備取,分發); 國立高雄科技大學國際企業系(正取); 國立高雄科技大學運籌管理系(備取); 國立臺中科技大學國際貿易與經營系(正取)"
CAND_1246,115,nkust_ship,國立高雄科技大學,航運管理系(商管群),國立高雄科技大學 航運管理系(商管群),68090488,盧*瑄,備取,—,—,未分發或放棄,4,國立高雄科技大學航運管理系(備取); 國立勤益科技大學企業管理系(通過); 國立臺中科技大學國際貿易與經營系(通過); 國立屏東大學財務金融學系(通過)
CAND_1247,115,nkust_ship,國立高雄科技大學,航運管理系(商管群),國立高雄科技大學 航運管理系(商管群),61090012,顏*芳,備取,國立臺中科技大學,國立臺中科技大學國際貿易與經營系,其他學校錄取,4,"國立高雄科技大學航運管理系(備取); 國立臺中科技大學國際貿易與經營系(正取,分發); 逢甲大學合作經濟暨社會事業經營學系(備取); 靜宜大學國際企業學系(正取)"
CAND_1248,115,nkust_ship,國立高雄科技大學,航運管理系(商管群),國立高雄科技大學 航運管理系(商管群),68090041,*伶,備取,國立高雄科技大學,國立高雄科技大學觀光管理系,原校系/本校留任,2,"國立高雄科技大學航運管理系(備取); 國立高雄科技大學觀光管理系(正取,分發)"
CAND_1249,115,nkust_ship,國立高雄科技大學,航運管理系(商管群),國立高雄科技大學 航運管理系(商管群),70090775,葵*瑄,備取,國立高雄科技大學,國立高雄科技大學航運管理系,原校系/本校留任,1,"國立高雄科技大學航運管理系(備取,分發)"
CAND_1250,115,nkust_ship,國立高雄科技大學,航運管理系(商管群),國立高雄科技大學 航運管理系(商管群),68090438,林*鴻,備取,國立高雄科技大學,國立高雄科技大學航運管理系,原校系/本校留任,4,"國立高雄科技大學航運管理系(備取,分發); 國立高雄科技大學國際企業系(備取); 國立高雄科技大學行銷與流通管理系(通過); 國立虎尾科技大學資訊管理系(通過)"
CAND_1251,115,nkust_ship,國立高雄科技大學,航運管理系(商管群),國立高雄科技大學 航運管理系(商管群),61090490,賴*,備取,國立高雄科技大學,國立高雄科技大學航運管理系,原校系/本校留任,4,"國立高雄科技大學航運管理系(備取,分發); 國立高雄科技大學人力資源發展系(通過); 國立高雄科技大學財政稅務系(正取); 國立臺中科技大學財政稅務系(通過)"
CAND_1252,115,nkust_ship,國立高雄科技大學,航運管理系(商管群),國立高雄科技大學 航運管理系(商管群),61090433,林*,備取,國立高雄科技大學,國立高雄科技大學航運管理系,原校系/本校留任,5,"國立高雄科技大學航運管理系(備取,分發); 國立雲林科技大學文化資產維護系(通過); 國立高雄科技大學航運技術系(通過); 國立勤益科技大學行銷與流通管理系(通過); 國立臺中科技大學國際貿易與經營系(通過)"
CAND_1253,115,nkust_ship,國立高雄科技大學,航運管理系(商管群),國立高雄科技大學 航運管理系(商管群),59090022,*柔,備取,國立高雄科技大學,國立高雄科技大學航運技術系,原校系/本校留任,3,"國立高雄科技大學航運管理系(備取); 國立高雄科技大學國際企業系(備取); 國立高雄科技大學航運技術系(正取,分發)"
CAND_1254,115,nkust_ship,國立高雄科技大學,航運管理系(商管群),國立高雄科技大學 航運管理系(商管群),57090719,吳*,備取,國立高雄科技大學,國立高雄科技大學航運管理系,原校系/本校留任,3,"國立高雄科技大學航運管理系(備取,分發); 逢甲大學合作經濟暨社會事業經營學系(正取); 銘傳大學國際企業學系(台北校區)(備取)"
CAND_1255,115,nkust_ship,國立高雄科技大學,航運管理系(商管群),國立高雄科技大學 航運管理系(商管群),65090246,強*筑,備取,國立高雄科技大學,國立高雄科技大學航運管理系,原校系/本校留任,1,"國立高雄科技大學航運管理系(備取,分發)"
CAND_1256,115,nkust_ship,國立高雄科技大學,航運管理系(商管群),國立高雄科技大學 航運管理系(商管群),57090823,陳*,備取,國立高雄科技大學,國立高雄科技大學航運管理系,原校系/本校留任,4,"國立高雄科技大學航運管理系(備取,分發); 國立臺中科技大學國際貿易與經營系(備取); 逢甲大學國際經營與貿易學系(備取); 銘傳大學國際企業學系(台北校區)(備取)"
CAND_1257,115,nkust_ship,國立高雄科技大學,航運管理系(商管群),國立高雄科技大學 航運管理系(商管群),59090153,陳*翔,備取,國立高雄科技大學,國立高雄科技大學商務資訊應用系,原校系/本校留任,2,"國立高雄科技大學航運管理系(備取); 國立高雄科技大學商務資訊應用系(備取,分發)"
CAND_1258,115,nkust_ship,國立高雄科技大學,航運管理系(商管群),國立高雄科技大學 航運管理系(商管群),61090134,陳*昕,備取,國立臺中科技大學,國立臺中科技大學國際貿易與經營系,其他學校錄取,4,"國立高雄科技大學航運管理系(備取); 國立虎尾科技大學應用外語系(正取); 國立勤益科技大學企業管理系(通過); 國立臺中科技大學國際貿易與經營系(備取,分發)"
CAND_1259,115,nkust_ship,國立高雄科技大學,航運管理系(商管群),國立高雄科技大學 航運管理系(商管群),70090696,F*,備取,國立高雄科技大學,國立高雄科技大學航運管理系,原校系/本校留任,1,"國立高雄科技大學航運管理系(備取,分發)"
CAND_1260,115,nkust_ship,國立高雄科技大學,航運管理系(商管群),國立高雄科技大學 航運管理系(商管群),61090610,陳*妤,備取,國立高雄科技大學,國立高雄科技大學會計資訊系,原校系/本校留任,5,"國立高雄科技大學航運管理系(備取); 國立高雄科技大學行銷與流通管理系(正取); 國立高雄科技大學會計資訊系(備取,分發); 國立虎尾科技大學財務金融系(正取); 國立勤益科技大學行銷與流通管理系(正取)"
CAND_1261,115,nkust_ship,國立高雄科技大學,航運管理系(商管群),國立高雄科技大學 航運管理系(商管群),70090501,陳*宇,備取,國立高雄科技大學,國立高雄科技大學航運管理系,原校系/本校留任,5,"國立高雄科技大學航運管理系(備取,分發); 國立高雄科技大學應用英語系(備取); 國立高雄科技大學航運技術系(通過); 國立臺中科技大學國際貿易與經營系(通過); 國立屏東大學國際經營與貿易學系(通過)"
CAND_1262,115,nkust_ship,國立高雄科技大學,航運管理系(商管群),國立高雄科技大學 航運管理系(商管群),61091188,*柔,備取,國立勤益科技大學,國立勤益科技大學企業管理系,其他學校錄取,3,"國立高雄科技大學航運管理系(備取); 國立高雄科技大學航運技術系(通過); 國立勤益科技大學企業管理系(正取,分發)"
CAND_1263,115,nkust_ship,國立高雄科技大學,航運管理系(商管群),國立高雄科技大學 航運管理系(商管群),57090942,林*永,備取,國立高雄科技大學,國立高雄科技大學供應鏈管理系,原校系/本校留任,6,"國立高雄科技大學航運管理系(備取); 國立高雄科技大學供應鏈管理系(正取,分發); 國立高雄科技大學應用英語系(通過); 國立虎尾科技大學應用外語系(通過); 國立勤益科技大學資訊管理系(通過); 國立臺中科技大學國際貿易與經營系(備取)"
CAND_1264,115,nkust_ship,國立高雄科技大學,航運管理系(商管群),國立高雄科技大學 航運管理系(商管群),68090520,*綸,備取,國立高雄科技大學,國立高雄科技大學運籌管理系,原校系/本校留任,4,"國立高雄科技大學航運管理系(備取); 國立屏東科技大學工業管理系(正取); 國立高雄科技大學運籌管理系(備取,分發); 國立高雄科技大學商務資訊應用系(正取)"
CAND_1265,115,nkust_ship,國立高雄科技大學,航運管理系(商管群),國立高雄科技大學 航運管理系(商管群),61090110,許*,備取,—,—,未分發或放棄,3,國立高雄科技大學航運管理系(備取); 國立高雄科技大學金融系(備取); 國立虎尾科技大學財務金融系(通過)
CAND_1266,115,nkust_ship,國立高雄科技大學,航運管理系(商管群),國立高雄科技大學 航運管理系(商管群),65090018,張*恩,備取,—,—,未分發或放棄,2,國立高雄科技大學航運管理系(備取); 國立臺中科技大學財政稅務系(通過)
CAND_1267,115,nkust_ship,國立高雄科技大學,航運管理系(商管群),國立高雄科技大學 航運管理系(商管群),64090160,吳*,備取,國立高雄科技大學,國立高雄科技大學國際企業系,原校系/本校留任,3,"國立高雄科技大學航運管理系(備取); 國立高雄科技大學國際企業系(備取,分發); 國立臺中科技大學國際貿易與經營系(備取)"
CAND_1268,115,nkust_ship,國立高雄科技大學,航運管理系(商管群),國立高雄科技大學 航運管理系(商管群),68090321,林*米,備取,國立臺中科技大學,國立臺中科技大學財政稅務系,其他學校錄取,2,"國立高雄科技大學航運管理系(備取); 國立臺中科技大學財政稅務系(備取,分發)"
CAND_1269,115,nkust_ship,國立高雄科技大學,航運管理系(商管群),國立高雄科技大學 航運管理系(商管群),68090524,郭*宏,備取,國立高雄科技大學,國立高雄科技大學商務資訊應用系,原校系/本校留任,6,"國立高雄科技大學航運管理系(備取); 國立高雄科技大學國際企業系(備取); 國立高雄科技大學商務資訊應用系(正取,分發); 國立虎尾科技大學企業管理系(通過); 國立勤益科技大學行銷與流通管理系(通過); 國立臺中科技大學國際貿易與經營系(通過)"
CAND_1270,115,nkust_ship,國立高雄科技大學,航運管理系(商管群),國立高雄科技大學 航運管理系(商管群),56090247,李*紜,備取,國立勤益科技大學,國立勤益科技大學行銷與流通管理系,其他學校錄取,3,"國立高雄科技大學航運管理系(備取); 國立勤益科技大學行銷與流通管理系(正取,分發); 國立臺北護理健康大學高齡健康照護系(通過)"
CAND_1271,115,nkust_ship,國立高雄科技大學,航運管理系(商管群),國立高雄科技大學 航運管理系(商管群),61090570,胡*瑜,備取,國立勤益科技大學,國立勤益科技大學資訊管理系,其他學校錄取,4,"國立高雄科技大學航運管理系(備取); 國立勤益科技大學資訊管理系(正取,分發); 國立臺北護理健康大學護理系(通過); 國立臺中科技大學國際貿易與經營系(備取)"
CAND_1272,115,nkust_ship,國立高雄科技大學,航運管理系(商管群),國立高雄科技大學 航運管理系(商管群),64090480,柯*,備取,國立高雄科技大學,國立高雄科技大學運籌管理系,原校系/本校留任,4,"國立高雄科技大學航運管理系(備取); 國立高雄科技大學運籌管理系(正取,分發); 國立勤益科技大學企業管理系(通過); 國立臺中科技大學國際貿易與經營系(正取)"
CAND_1273,115,nkust_ship,國立高雄科技大學,航運管理系(商管群),國立高雄科技大學 航運管理系(商管群),61090890,*琪,備取,國立臺中科技大學,國立臺中科技大學國際貿易與經營系,其他學校錄取,2,"國立高雄科技大學航運管理系(備取); 國立臺中科技大學國際貿易與經營系(備取,分發)"
CAND_1274,115,nkust_ship,國立高雄科技大學,航運管理系(商管群),國立高雄科技大學 航運管理系(商管群),54090454,胡*,備取,—,—,未分發或放棄,3,國立高雄科技大學航運管理系(備取); 國立臺中科技大學國際貿易與經營系(備取); 銘傳大學國際企業學系(台北校區)(正取)
CAND_1275,115,nkust_ship,國立高雄科技大學,航運管理系(商管群),國立高雄科技大學 航運管理系(商管群),61090068,許*芮,備取,國立勤益科技大學,國立勤益科技大學行銷與流通管理系,其他學校錄取,4,"國立高雄科技大學航運管理系(備取); 國立高雄科技大學人力資源發展系(通過); 國立虎尾科技大學應用外語系(備取); 國立勤益科技大學行銷與流通管理系(正取,分發)"
CAND_1276,115,nkust_ship,國立高雄科技大學,航運管理系(商管群),國立高雄科技大學 航運管理系(商管群),61090602,—,備取,國立高雄科技大學,國立高雄科技大學人力資源發展系,原校系/本校留任,2,"國立高雄科技大學航運管理系(備取); 國立高雄科技大學人力資源發展系(正取,分發)"
CAND_1277,115,nkust_ship,國立高雄科技大學,航運管理系(商管群),國立高雄科技大學 航運管理系(商管群),70090411,郭*呈,備取,—,—,未分發或放棄,3,國立高雄科技大學航運管理系(備取); 國立高雄科技大學供應鏈管理系(備取); 國立臺中科技大學國際貿易與經營系(通過)
CAND_1278,115,nkust_ship,國立高雄科技大學,航運管理系(商管群),國立高雄科技大學 航運管理系(商管群),64090454,*淳,備取,國立高雄科技大學,國立高雄科技大學運籌管理系,原校系/本校留任,4,"國立高雄科技大學航運管理系(備取); 國立高雄科技大學運籌管理系(正取,分發); 國立高雄科技大學風險管理與保險系(備取); 國立臺中科技大學保險金融管理系(正取)"
CAND_1279,115,nkust_ship,國立高雄科技大學,航運管理系(商管群),國立高雄科技大學 航運管理系(商管群),64090479,周*媛,備取,國立高雄科技大學,國立高雄科技大學智慧商務系,原校系/本校留任,3,"國立高雄科技大學航運管理系(備取); 國立高雄科技大學智慧商務系(備取,分發); 國立臺中科技大學人工智慧應用工程學士學位學程(正取)"
CAND_1280,115,nkust_ship,國立高雄科技大學,航運管理系(商管群),國立高雄科技大學 航運管理系(商管群),56090235,游*瑜,備取,國立臺北護理健康大學,國立臺北護理健康大學健康事業管理系,其他學校錄取,5,"國立高雄科技大學航運管理系(備取); 國立高雄科技大學行銷與流通管理系(通過); 國立勤益科技大學企業管理系(通過); 國立臺北護理健康大學健康事業管理系(正取,分發); 國立臺中科技大學財政稅務系(正取)"
CAND_1281,115,nkust_ship,國立高雄科技大學,航運管理系(商管群),國立高雄科技大學 航運管理系(商管群),52090370,陳*瑜,備取,—,—,未分發或放棄,2,國立高雄科技大學航運管理系(備取); 國立臺中科技大學國際貿易與經營系(備取)
CAND_1282,115,nkust_ship,國立高雄科技大學,航運管理系(商管群),國立高雄科技大學 航運管理系(商管群),68090502,黄*媛,備取,—,—,未分發或放棄,4,國立高雄科技大學航運管理系(備取); 國立屏東科技大學資訊管理系(通過); 國立虎尾科技大學工業管理系(正取); 國立臺中科技大學財政稅務系(備取)
CAND_1283,115,nkust_ship,國立高雄科技大學,航運管理系(商管群),國立高雄科技大學 航運管理系(商管群),68530062,許*悠,備取,國立高雄科技大學,國立高雄科技大學應用德語系,原校系/本校留任,5,"國立高雄科技大學航運管理系(備取); 國立高雄科技大學人力資源發展系(正取); 國立高雄科技大學應用德語系(備取,分發); 國立臺中科技大學國際貿易與經營系(備取); 國立屏東大學商業大數據學系(正取)"
CAND_1284,115,nkust_ship,國立高雄科技大學,航運管理系(商管群),國立高雄科技大學 航運管理系(商管群),70530013,*庭,備取,—,—,未分發或放棄,4,國立高雄科技大學航運管理系(備取); 國立屏東科技大學社會工作系(通過); 文藻外語大學國際企業管理系(通過); 國立屏東大學企業管理學系(通過)
CAND_1285,115,nkust_ship,國立高雄科技大學,航運管理系(商管群),國立高雄科技大學 航運管理系(商管群),57090962,謝*,備取,國立臺中科技大學,國立臺中科技大學國際貿易與經營系,其他學校錄取,4,"國立高雄科技大學航運管理系(備取); 國立高雄科技大學運籌管理系(備取); 國立虎尾科技大學工業管理系(正取); 國立臺中科技大學國際貿易與經營系(正取,分發)"
CAND_1286,115,nkust_ship,國立高雄科技大學,航運管理系(商管群),國立高雄科技大學 航運管理系(商管群),55090460,張*瑄,備取,國立高雄科技大學,國立高雄科技大學風險管理與保險系,原校系/本校留任,3,"國立高雄科技大學航運管理系(備取); 國立高雄科技大學風險管理與保險系(備取,分發); 實踐大學風險管理與保險學系(臺北校區)(正取)"
CAND_1287,115,nkust_ship,國立高雄科技大學,航運管理系(商管群),國立高雄科技大學 航運管理系(商管群),53090020,林*,備取,—,—,未分發或放棄,3,國立高雄科技大學航運管理系(通過); 國立高雄科技大學應用德語系(通過); 國立虎尾科技大學企業管理系(通過)
CAND_1288,115,nkust_ship,國立高雄科技大學,航運管理系(商管群),國立高雄科技大學 航運管理系(商管群),57090265,黄*淇,正取,國立高雄科技大學,國立高雄科技大學觀光管理系,原校系/本校留任,5,"國立高雄科技大學航運管理系(通過); 國立高雄科技大學觀光管理系(正取,分發); 國立高雄科技大學商務資訊應用系(正取); 國立虎尾科技大學應用外語系(正取); 國立勤益科技大學行銷與流通管理系(正取)"
CAND_1289,115,nkust_ship,國立高雄科技大學,航運管理系(商管群),國立高雄科技大學 航運管理系(商管群),58090061,余*,正取,國立高雄科技大學,國立高雄科技大學應用英語系,原校系/本校留任,3,"國立高雄科技大學航運管理系(通過); 國立高雄科技大學國際企業系(通過); 國立高雄科技大學應用英語系(正取,分發)"
CAND_1290,115,nkust_ship,國立高雄科技大學,航運管理系(商管群),國立高雄科技大學 航運管理系(商管群),58090154,夏*琪,正取,—,—,未分發或放棄,6,國立高雄科技大學航運管理系(通過); 國立高雄科技大學資訊管理系(正取); 國立勤益科技大學資訊管理系(正取); 國立臺中科技大學資訊管理系(正取); 中原大學資訊管理學系(正取); 靜宜大學資訊管理學系(通過)
CAND_1291,115,nkust_ship,國立高雄科技大學,航運管理系(商管群),國立高雄科技大學 航運管理系(商管群),59090282,江*軒,正取,國立臺中科技大學,國立臺中科技大學應用英語系,其他學校錄取,5,"國立高雄科技大學航運管理系(通過); 國立高雄科技大學航運技術系(正取); 國立虎尾科技大學資訊管理系(通過); 國立勤益科技大學行銷與流通管理系(通過); 國立臺中科技大學應用英語系(正取,分發)"
CAND_1292,115,nkust_ship,國立高雄科技大學,航運管理系(商管群),國立高雄科技大學 航運管理系(商管群),59090308,邱*,備取,—,—,未分發或放棄,2,國立高雄科技大學航運管理系(通過); 國立雲林科技大學企業管理系(備取)
CAND_1293,115,nkust_ship,國立高雄科技大學,航運管理系(商管群),國立高雄科技大學 航運管理系(商管群),61090008,邱*,正取,國立臺中科技大學,國立臺中科技大學財務金融系,其他學校錄取,4,"國立高雄科技大學航運管理系(通過); 國立高雄科技大學行銷與流通管理系(正取); 國立虎尾科技大學財務金融系(正取); 國立臺中科技大學財務金融系(備取,分發)"
CAND_1294,115,nkust_ship,國立高雄科技大學,航運管理系(商管群),國立高雄科技大學 航運管理系(商管群),61090024,蘇*歆,備取,—,—,未分發或放棄,2,國立高雄科技大學航運管理系(通過); 國立澎湖科技大學航運管理系(通過)
CAND_1295,115,nkust_ship,國立高雄科技大學,航運管理系(商管群),國立高雄科技大學 航運管理系(商管群),61090153,吳*,備取,—,—,未分發或放棄,1,國立高雄科技大學航運管理系(通過)
CAND_1296,115,nkust_ship,國立高雄科技大學,航運管理系(商管群),國立高雄科技大學 航運管理系(商管群),61090297,黄*琪,備取,—,—,未分發或放棄,1,國立高雄科技大學航運管理系(通過)
CAND_1297,115,nkust_ship,國立高雄科技大學,航運管理系(商管群),國立高雄科技大學 航運管理系(商管群),61090429,蘇*威,備取,—,—,未分發或放棄,3,國立高雄科技大學航運管理系(通過); 國立高雄科技大學國際企業系(通過); 國立臺中科技大學財政稅務系(通過)
CAND_1298,115,nkust_ship,國立高雄科技大學,航運管理系(商管群),國立高雄科技大學 航運管理系(商管群),61090440,邱*,正取,國立雲林科技大學,國立雲林科技大學資訊管理系,其他學校錄取,5,"國立高雄科技大學航運管理系(通過); 國立雲林科技大學資訊管理系(正取,分發); 國立高雄科技大學資訊管理系(正取); 國立臺北護理健康大學資訊管理系(通過); 國立高雄餐旅大學航空暨運輸服務管理系(通過)"
CAND_1299,115,nkust_ship,國立高雄科技大學,航運管理系(商管群),國立高雄科技大學 航運管理系(商管群),61090687,陳*,備取,—,—,未分發或放棄,4,國立高雄科技大學航運管理系(通過); 國立雲林科技大學工業工程與管理系(通過); 國立高雄科技大學國際企業系(通過); 國立臺中科技大學企業管理系(通過)
CAND_1300,115,nkust_ship,國立高雄科技大學,航運管理系(商管群),國立高雄科技大學 航運管理系(商管群),61090699,許*哲,備取,—,—,未分發或放棄,4,國立高雄科技大學航運管理系(通過); 國立勤益科技大學資訊管理系(通過); 國立臺中科技大學企業管理系(通過); 靜宜大學法律學系(通過)
CAND_1301,115,nkust_ship,國立高雄科技大學,航運管理系(商管群),國立高雄科技大學 航運管理系(商管群),61090734,*權,備取,國立臺中科技大學,國立臺中科技大學企業管理系,其他學校錄取,6,"國立高雄科技大學航運管理系(通過); 國立勤益科技大學企業管理系(正取); 國立臺中科技大學企業管理系(正取,分發); 逢甲大學土地管理學系(通過); 靜宜大學財務金融學系(通過); 亞洲大學財務金融學系(通過)"
CAND_1302,115,nkust_ship,國立高雄科技大學,航運管理系(商管群),國立高雄科技大學 航運管理系(商管群),61091073,李*盈,備取,—,—,未分發或放棄,3,國立高雄科技大學航運管理系(通過); 國立高雄科技大學國際企業系(通過); 國立臺北商業大學商業設計管理系(桃園校區)(通過)
CAND_1303,115,nkust_ship,國立高雄科技大學,航運管理系(商管群),國立高雄科技大學 航運管理系(商管群),61091093,楊*蓉,備取,—,—,未分發或放棄,5,國立高雄科技大學航運管理系(通過); 國立雲林科技大學工業工程與管理系(通過); 國立高雄科技大學國際企業系(通過); 國立高雄科技大學運籌管理系(通過); 國立臺中科技大學企業管理系(通過)
CAND_1304,115,nkust_ship,國立高雄科技大學,航運管理系(商管群),國立高雄科技大學 航運管理系(商管群),61091133,謝*丞,正取,—,—,未分發或放棄,4,國立高雄科技大學航運管理系(通過); 國立高雄科技大學工業工程與管理系(正取); 國立虎尾科技大學工業管理系(通過); 國立勤益科技大學工業工程與管理系(通過)
CAND_1305,115,nkust_ship,國立高雄科技大學,航運管理系(商管群),國立高雄科技大學 航運管理系(商管群),61091506,林*妤,備取,—,—,未分發或放棄,2,國立高雄科技大學航運管理系(通過); 國立臺中科技大學國際貿易與經營系(通過)
CAND_1306,115,nkust_ship,國立高雄科技大學,航運管理系(商管群),國立高雄科技大學 航運管理系(商管群),63090117,郭*盈,備取,國立臺北商業大學,國立臺北商業大學國際商務系(臺北校區),其他學校錄取,2,"國立高雄科技大學航運管理系(通過); 國立臺北商業大學國際商務系(臺北校區)(備取,分發)"
CAND_1307,115,nkust_ship,國立高雄科技大學,航運管理系(商管群),國立高雄科技大學 航運管理系(商管群),64090037,林*恩,備取,—,—,未分發或放棄,6,國立高雄科技大學航運管理系(通過); 國立雲林科技大學國際管理學士學位學程(通過); 國立高雄科技大學國際企業系(通過); 國立高雄科技大學金融系(通過); 國立臺中科技大學國際貿易與經營系(通過); 文藻外語大學國際企業管理系(通過)
CAND_1308,115,nkust_ship,國立高雄科技大學,航運管理系(商管群),國立高雄科技大學 航運管理系(商管群),64090287,葵*宏,備取,國立臺中科技大學,國立臺中科技大學財務金融系,其他學校錄取,3,"國立高雄科技大學航運管理系(通過); 國立臺中科技大學財務金融系(正取,分發); 逢甲大學財稅學系(正取)"
CAND_1309,115,nkust_ship,國立高雄科技大學,航運管理系(商管群),國立高雄科技大學 航運管理系(商管群),64090473,謝*永,備取,國立臺中科技大學,國立臺中科技大學財務金融系,其他學校錄取,5,"國立高雄科技大學航運管理系(通過); 國立臺中科技大學財務金融系(備取,分發); 國立臺北商業大學國際商務系(臺北校區)(備取); 逢甲大學國際經營與貿易學系(通過); 逢甲大學財務金融學系(通過)"
CAND_1310,115,nkust_ship,國立高雄科技大學,航運管理系(商管群),國立高雄科技大學 航運管理系(商管群),65090240,葵*,備取,國立臺中科技大學,國立臺中科技大學保險金融管理系,其他學校錄取,6,"國立高雄科技大學航運管理系(通過); 國立高雄科技大學風險管理與保險系(備取); 國立高雄科技大學財務管理系(通過); 國立虎尾科技大學財務金融系(通過); 國立勤益科技大學行銷與流通管理系(通過); 國立臺中科技大學保險金融管理系(正取,分發)"
CAND_1311,115,nkust_ship,國立高雄科技大學,航運管理系(商管群),國立高雄科技大學 航運管理系(商管群),67090377,陳*嫚,正取,國立高雄科技大學,國立高雄科技大學智慧商務系,原校系/本校留任,3,"國立高雄科技大學航運管理系(通過); 國立高雄科技大學人力資源發展系(通過); 國立高雄科技大學智慧商務系(正取,分發)"
CAND_1312,115,nkust_ship,國立高雄科技大學,航運管理系(商管群),國立高雄科技大學 航運管理系(商管群),68090410,—,備取,國立雲林科技大學,國立雲林科技大學文化資產維護系,其他學校錄取,4,"國立高雄科技大學航運管理系(通過); 國立雲林科技大學會計系(備取); 國立雲林科技大學文化資產維護系(正取,分發); 國立臺中科技大學應用中文系(通過)"
CAND_1313,115,nkust_ship,國立高雄科技大學,航運管理系(商管群),國立高雄科技大學 航運管理系(商管群),68090430,鄭*心,正取,國立高雄科技大學,國立高雄科技大學金融系,原校系/本校留任,3,"國立高雄科技大學航運管理系(通過); 國立雲林科技大學企業管理系(通過); 國立高雄科技大學金融系(正取,分發)"
CAND_1314,115,nkust_ship,國立高雄科技大學,航運管理系(商管群),國立高雄科技大學 航運管理系(商管群),68090436,*妤,備取,國立臺中科技大學,國立臺中科技大學財政稅務系,其他學校錄取,5,"國立高雄科技大學航運管理系(通過); 國立高雄科技大學金融系(備取); 國立高雄科技大學財政稅務系(通過); 國立臺中科技大學財政稅務系(正取,分發); 國立臺北商業大學商業設計管理系(桃園校區)(通過)"
CAND_1315,115,nkust_ship,國立高雄科技大學,航運管理系(商管群),國立高雄科技大學 航運管理系(商管群),68090460,魏*羽,備取,—,—,未分發或放棄,4,國立高雄科技大學航運管理系(通過); 國立高雄科技大學國際企業系(通過); 國立高雄科技大學應用英語系(通過); 逢甲大學國際經營與貿易學系(通過)
CAND_1316,115,nkust_ship,國立高雄科技大學,航運管理系(商管群),國立高雄科技大學 航運管理系(商管群),68090501,吳*,備取,—,—,未分發或放棄,4,國立高雄科技大學航運管理系(通過); 國立雲林科技大學工業工程與管理系(通過); 國立雲林科技大學資訊管理系(正取); 國立臺北科技大學工業工程與管理系(備取)
CAND_1317,115,nkust_ship,國立高雄科技大學,航運管理系(商管群),國立高雄科技大學 航運管理系(商管群),68090534,黄*,備取,—,—,未分發或放棄,5,國立高雄科技大學航運管理系(通過); 國立屏東科技大學應用外語系(通過); 國立高雄科技大學應用英語系(通過); 國立高雄科技大學應用德語系(通過); 國立屏東大學應用英語學系(通過)
CAND_1318,115,nkust_ship,國立高雄科技大學,航運管理系(商管群),國立高雄科技大學 航運管理系(商管群),68090540,沈*瑱,正取,國立臺北科技大學,國立臺北科技大學工業工程與管理系,其他學校錄取,3,"國立高雄科技大學航運管理系(通過); 國立臺北科技大學工業工程與管理系(正取,分發); 國立高雄科技大學金融系(正取)"
CAND_1319,115,nkust_ship,國立高雄科技大學,航運管理系(商管群),國立高雄科技大學 航運管理系(商管群),70090653,魏*綺,備取,—,—,未分發或放棄,1,國立高雄科技大學航運管理系(通過)
CAND_1320,115,nkust_ship,國立高雄科技大學,航運管理系(商管群),國立高雄科技大學 航運管理系(商管群),70090756,鄔*莎,備取,—,—,未分發或放棄,2,國立高雄科技大學航運管理系(通過); 國立高雄科技大學金融資訊系(通過)
CAND_1321,115,nkust_ship,國立高雄科技大學,航運管理系(航海類),國立高雄科技大學 航運管理系(航海類),61150131,張*瑄,正取,國立高雄科技大學,國立高雄科技大學航運管理系,原校系/本校留任,3,"國立高雄科技大學航運管理系(正取,分發); 國立高雄科技大學應用英語系(通過); 國立臺北商業大學應用外語系(臺北校區)(通過)"
CAND_1322,115,nkust_ship,國立高雄科技大學,航運管理系(航海類),國立高雄科技大學 航運管理系(航海類),65150029,游*永,正取,國立高雄科技大學,國立高雄科技大學航運管理系,原校系/本校留任,3,"國立高雄科技大學航運管理系(正取,分發); 國立高雄科技大學國際企業系(通過); 國立高雄科技大學應用英語系(正取)"
CAND_1323,115,nkust_ship,國立高雄科技大學,航運管理系(航海類),國立高雄科技大學 航運管理系(航海類),56150039,林*妤,正取,國立高雄科技大學,國立高雄科技大學航運管理系,原校系/本校留任,4,"國立高雄科技大學航運管理系(正取,分發); 國立高雄科技大學海洋休閒管理系(通過); 國立高雄科技大學應用英語系(通過); 國立臺北護理健康大學語言治療與聽力學系(通過)"
CAND_1324,115,nkust_ship,國立高雄科技大學,航運管理系(航海類),國立高雄科技大學 航運管理系(航海類),61150153,吳*,正取,國立高雄科技大學,國立高雄科技大學航運管理系,原校系/本校留任,2,"國立高雄科技大學航運管理系(正取,分發); 國立高雄科技大學海洋休閒管理系(正取)"
CAND_1325,115,nkust_ship,國立高雄科技大學,航運管理系(航海類),國立高雄科技大學 航運管理系(航海類),63550005,蕭*永,正取,國立高雄科技大學,國立高雄科技大學航運管理系,原校系/本校留任,3,"國立高雄科技大學航運管理系(正取,分發); 國立雲林科技大學應用外語系(通過); 朝陽科技大學航空運務系(正取)"
CAND_1326,115,nkust_ship,國立高雄科技大學,航運管理系(航海類),國立高雄科技大學 航運管理系(航海類),63150029,吳*宇,正取,國立雲林科技大學,國立雲林科技大學應用外語系,其他學校錄取,2,"國立高雄科技大學航運管理系(正取); 國立雲林科技大學應用外語系(正取,分發)"
CAND_1327,115,nkust_ship,國立高雄科技大學,航運管理系(航海類),國立高雄科技大學 航運管理系(航海類),68150070,楊*,正取,國立高雄科技大學,國立高雄科技大學航運管理系,原校系/本校留任,3,"國立高雄科技大學航運管理系(正取,分發); 國立高雄科技大學運籌管理系(通過); 國立高雄餐旅大學航空暨運輸服務管理系(備取)"
CAND_1328,115,nkust_ship,國立高雄科技大學,航運管理系(航海類),國立高雄科技大學 航運管理系(航海類),58150013,翁*綺,正取,國立高雄科技大學,國立高雄科技大學航運管理系,原校系/本校留任,1,"國立高雄科技大學航運管理系(正取,分發)"
CAND_1329,115,nkust_ship,國立高雄科技大學,航運管理系(航海類),國立高雄科技大學 航運管理系(航海類),64150076,薛*𨧤,正取,國立高雄科技大學,國立高雄科技大學航運管理系,原校系/本校留任,3,"國立高雄科技大學航運管理系(正取,分發); 國立臺灣科技大學應用外語系(通過); 國立臺北護理健康大學語言治療與聽力學系(正取)"
CAND_1330,115,nkust_ship,國立高雄科技大學,航運管理系(航海類),國立高雄科技大學 航運管理系(航海類),64150047,*惠,正取,國立高雄科技大學,國立高雄科技大學航運管理系,原校系/本校留任,1,"國立高雄科技大學航運管理系(正取,分發)"
CAND_1331,115,nkust_ship,國立高雄科技大學,航運管理系(航海類),國立高雄科技大學 航運管理系(航海類),60150032,覃*,正取,國立高雄科技大學,國立高雄科技大學航運管理系,原校系/本校留任,3,"國立高雄科技大學航運管理系(正取,分發); 國立雲林科技大學應用外語系(正取); 國立高雄科技大學應用德語系(正取)"
CAND_1332,115,nkust_ship,國立高雄科技大學,航運管理系(航海類),國立高雄科技大學 航運管理系(航海類),65150002,林*,正取,國立高雄科技大學,國立高雄科技大學航運管理系,原校系/本校留任,1,"國立高雄科技大學航運管理系(正取,分發)"
CAND_1333,115,nkust_ship,國立高雄科技大學,航運管理系(航海類),國立高雄科技大學 航運管理系(航海類),61530080,蘇*心,正取,國立高雄科技大學,國立高雄科技大學航運管理系,原校系/本校留任,3,"國立高雄科技大學航運管理系(正取,分發); 國立高雄科技大學運籌管理系(正取); 國立臺中科技大學國際貿易與經營系(通過)"
CAND_1334,115,nkust_ship,國立高雄科技大學,航運管理系(航海類),國立高雄科技大學 航運管理系(航海類),57530021,陳*綸,正取,—,—,未分發或放棄,5,國立高雄科技大學航運管理系(正取); 國立雲林科技大學應用外語系(通過); 國立高雄科技大學應用德語系(正取); 國立虎尾科技大學應用外語系(正取); 國立澎湖科技大學航運管理系(正取)
CAND_1335,115,nkust_ship,國立高雄科技大學,航運管理系(航海類),國立高雄科技大學 航運管理系(航海類),51150042,林*,正取,國立高雄科技大學,國立高雄科技大學航運管理系,原校系/本校留任,4,"國立高雄科技大學航運管理系(正取,分發); 國立高雄科技大學國際企業系(通過); 國立臺北護理健康大學生死與健康心理諮商系(通過); 國立高雄餐旅大學航空暨運輸服務管理系(通過)"
CAND_1336,115,nkust_ship,國立高雄科技大學,航運管理系(航海類),國立高雄科技大學 航運管理系(航海類),65150023,*永,正取,國立高雄科技大學,國立高雄科技大學航運管理系,原校系/本校留任,2,"國立高雄科技大學航運管理系(正取,分發); 國立高雄科技大學應用英語系(通過)"
CAND_1337,115,nkust_ship,國立高雄科技大學,航運管理系(航海類),國立高雄科技大學 航運管理系(航海類),57150030,温*褀,正取,國立高雄科技大學,國立高雄科技大學航運管理系,原校系/本校留任,2,"國立高雄科技大學航運管理系(正取,分發); 國立高雄科技大學供應鏈管理系(通過)"
CAND_1338,115,nkust_ship,國立高雄科技大學,航運管理系(航海類),國立高雄科技大學 航運管理系(航海類),68150077,陳*甯,正取,國立高雄科技大學,國立高雄科技大學航運管理系,原校系/本校留任,3,"國立高雄科技大學航運管理系(正取,分發); 國立雲林科技大學應用外語系(備取); 國立高雄科技大學行銷與流通管理系(正取)"
CAND_1339,115,nkust_ship,國立高雄科技大學,航運管理系(航海類),國立高雄科技大學 航運管理系(航海類),58150128,胡*女,備取,國立高雄科技大學,國立高雄科技大學航運管理系,原校系/本校留任,1,"國立高雄科技大學航運管理系(備取,分發)"
CAND_1340,115,nkust_ship,國立高雄科技大學,航運管理系(航海類),國立高雄科技大學 航運管理系(航海類),57150055,*妮,備取,國立高雄科技大學,國立高雄科技大學航運管理系,原校系/本校留任,4,"國立高雄科技大學航運管理系(備取,分發); 國立高雄科技大學應用英語系(通過); 國立虎尾科技大學應用外語系(通過); 國立高雄餐旅大學旅運管理系(備取)"
CAND_1341,115,nkust_ship,國立高雄科技大學,航運管理系(航海類),國立高雄科技大學 航運管理系(航海類),64150058,陳*,備取,—,—,未分發或放棄,2,國立高雄科技大學航運管理系(備取); 國立高雄餐旅大學餐旅暨會展行銷管理系(通過)
CAND_1342,115,nkust_ship,國立高雄科技大學,航運管理系(航海類),國立高雄科技大學 航運管理系(航海類),58150043,陳*,備取,國立臺中科技大學,國立臺中科技大學應用英語系,其他學校錄取,2,"國立高雄科技大學航運管理系(備取); 國立臺中科技大學應用英語系(備取,分發)"
CAND_1343,115,nkust_ship,國立高雄科技大學,航運管理系(航海類),國立高雄科技大學 航運管理系(航海類),56150068,朱*,備取,國立勤益科技大學,國立勤益科技大學企業管理系,其他學校錄取,5,"國立高雄科技大學航運管理系(備取); 國立虎尾科技大學企業管理系(正取); 國立勤益科技大學企業管理系(正取,分發); 國立高雄餐旅大學旅運管理系(備取); 朝陽科技大學航空運務系(正取)"
CAND_1344,115,nkust_ship,國立高雄科技大學,航運管理系(航海類),國立高雄科技大學 航運管理系(航海類),56150141,陳*穎,備取,國立虎尾科技大學,國立虎尾科技大學應用外語系,其他學校錄取,3,"國立高雄科技大學航運管理系(備取); 國立虎尾科技大學應用外語系(備取,分發); 國立勤益科技大學應用英語系(正取)"
CAND_1345,115,nkust_ship,國立高雄科技大學,航運管理系(航海類),國立高雄科技大學 航運管理系(航海類),61150128,—,備取,—,—,未分發或放棄,4,國立高雄科技大學航運管理系(備取); 國立雲林科技大學應用外語系(通過); 國立高雄科技大學應用英語系(通過); 國立勤益科技大學企業管理系(正取)
CAND_1346,115,nkust_ship,國立高雄科技大學,航運管理系(航海類),國立高雄科技大學 航運管理系(航海類),57150057,徐*帆,備取,文藻外語大學,文藻外語大學外語教學系,其他學校錄取,3,"國立高雄科技大學航運管理系(備取); 文藻外語大學英國語文系(正取); 文藻外語大學外語教學系(正取,分發)"
CAND_1347,115,nkust_ship,國立高雄科技大學,航運管理系(航海類),國立高雄科技大學 航運管理系(航海類),61150075,—,備取,—,—,未分發或放棄,1,國立高雄科技大學航運管理系(備取)
CAND_1348,115,nkust_ship,國立高雄科技大學,航運管理系(航海類),國立高雄科技大學 航運管理系(航海類),51150043,簡*,備取,醒吾科技大學,醒吾科技大學旅運管理系航空服務管理組,其他學校錄取,4,"國立高雄科技大學航運管理系(通過); 長庚科技大學護理系(林口校區)(通過); 醒吾科技大學旅運管理系航空服務管理組(正取,分發); 致理科技大學應用英語系(通過)"
CAND_1349,115,nkust_ship,國立高雄科技大學,航運管理系(航海類),國立高雄科技大學 航運管理系(航海類),56150032,許*銓,備取,—,—,未分發或放棄,5,國立高雄科技大學航運管理系(通過); 國立高雄科技大學運籌管理系(通過); 國立高雄科技大學行銷與流通管理系(通過); 國立臺北護理健康大學生死與健康心理諮商系(通過); 國立臺中科技大學財政稅務系(通過)
CAND_1350,115,nkust_ship,國立高雄科技大學,航運管理系(航海類),國立高雄科技大學 航運管理系(航海類),56150126,吳*豪,備取,國立臺中科技大學,國立臺中科技大學應用英語系,其他學校錄取,3,"國立高雄科技大學航運管理系(通過); 國立高雄科技大學海洋休閒管理系(通過); 國立臺中科技大學應用英語系(正取,分發)"
CAND_1351,115,nkust_ship,國立高雄科技大學,航運管理系(航海類),國立高雄科技大學 航運管理系(航海類),58150011,陳*,備取,—,—,未分發或放棄,5,國立高雄科技大學航運管理系(通過); 國立雲林科技大學應用外語系(通過); 國立臺北科技大學應用英文系(備取); 國立臺北護理健康大學語言治療與聽力學系(通過); 國立臺北商業大學應用外語系(臺北校區)(通過)
CAND_1352,115,nkust_ship,國立高雄科技大學,航運管理系(航海類),國立高雄科技大學 航運管理系(航海類),58150038,維*,備取,—,—,未分發或放棄,2,國立高雄科技大學航運管理系(通過); 國立高雄科技大學企業管理系(通過)
CAND_1353,115,nkust_ship,國立高雄科技大學,航運管理系(航海類),國立高雄科技大學 航運管理系(航海類),58150118,鄧*皓,備取,國立臺北護理健康大學,國立臺北護理健康大學護理系,其他學校錄取,4,"國立高雄科技大學航運管理系(通過); 國立臺北護理健康大學護理系(正取,分發); 弘光科技大學物理治療系(通過); 長庚科技大學護理系(林口校區)(通過)"
CAND_1354,115,nkust_ship,國立高雄科技大學,航運管理系(航海類),國立高雄科技大學 航運管理系(航海類),58150132,陳*永,備取,—,—,未分發或放棄,6,國立高雄科技大學航運管理系(通過); 國立臺灣科技大學應用外語系(備取); 國立雲林科技大學企業管理系(通過); 國立雲林科技大學國際管理學士學位學程(通過); 國立臺北科技大學應用英文系(通過); 國立臺北護理健康大學語言治療與聽力學系(通過)
CAND_1355,115,nkust_ship,國立高雄科技大學,航運管理系(航海類),國立高雄科技大學 航運管理系(航海類),60150006,邱*,備取,國立臺北護理健康大學,國立臺北護理健康大學護理系,其他學校錄取,3,"國立高雄科技大學航運管理系(通過); 國立臺北護理健康大學護理系(正取,分發); 靜宜大學法律學系(通過)"
CAND_1356,115,nkust_ship,國立高雄科技大學,航運管理系(航海類),國立高雄科技大學 航運管理系(航海類),61150054,楊*綺,備取,—,—,未分發或放棄,3,國立高雄科技大學航運管理系(通過); 國立雲林科技大學應用外語系(備取); 國立虎尾科技大學應用外語系(通過)
CAND_1357,115,nkust_ship,國立高雄科技大學,航運管理系(航海類),國立高雄科技大學 航運管理系(航海類),61150055,李*,備取,—,—,未分發或放棄,1,國立高雄科技大學航運管理系(通過)
CAND_1358,115,nkust_ship,國立高雄科技大學,航運管理系(航海類),國立高雄科技大學 航運管理系(航海類),61150074,陳*瑾,備取,國立臺中科技大學,國立臺中科技大學應用中文系,其他學校錄取,4,"國立高雄科技大學航運管理系(通過); 國立虎尾科技大學應用外語系(通過); 國立勤益科技大學文化創意事業系(正取); 國立臺中科技大學應用中文系(正取,分發)"
CAND_1359,115,nkust_ship,國立高雄科技大學,航運管理系(航海類),國立高雄科技大學 航運管理系(航海類),61150078,徐*潔,備取,逢甲大學,逢甲大學外國語文學系,其他學校錄取,6,"國立高雄科技大學航運管理系(通過); 國立臺北護理健康大學休閒產業與健康促進系(通過); 國立臺中科技大學應用英語系(正取); 僑光科技大學應用外語系(通過); 逢甲大學外國語文學系(正取,分發); 靜宜大學英國語文學系(通過)"
CAND_1360,115,nkust_ship,國立高雄科技大學,航運管理系(航海類),國立高雄科技大學 航運管理系(航海類),61150119,張*瑜,備取,國立高雄科技大學,國立高雄科技大學應用英語系,原校系/本校留任,3,"國立高雄科技大學航運管理系(通過); 國立雲林科技大學應用外語系(通過); 國立高雄科技大學應用英語系(備取,分發)"
CAND_1361,115,nkust_ship,國立高雄科技大學,航運管理系(航海類),國立高雄科技大學 航運管理系(航海類),61150146,盧*岑,備取,國立臺北護理健康大學,國立臺北護理健康大學語言治療與聽力學系,其他學校錄取,5,"國立高雄科技大學航運管理系(通過); 國立臺北護理健康大學語言治療與聽力學系(正取,分發); 國立臺北護理健康大學生死與健康心理諮商系(通過); 弘光科技大學物理治療系(通過); 弘光科技大學語言治療與聽力學系(正取)"
CAND_1362,115,nkust_ship,國立高雄科技大學,航運管理系(航海類),國立高雄科技大學 航運管理系(航海類),61150214,周*,備取,逢甲大學,逢甲大學外國語文學系,其他學校錄取,4,"國立高雄科技大學航運管理系(通過); 國立雲林科技大學應用外語系(備取); 逢甲大學外國語文學系(正取,分發); 靜宜大學英國語文學系(通過)"
CAND_1363,115,nkust_ship,國立高雄科技大學,航運管理系(航海類),國立高雄科技大學 航運管理系(航海類),61530018,崔*姍,備取,—,—,未分發或放棄,3,國立高雄科技大學航運管理系(通過); 國立勤益科技大學企業管理系(通過); 僑光科技大學國際貿易系(通過)
CAND_1364,115,nkust_ship,國立高雄科技大學,航運管理系(航海類),國立高雄科技大學 航運管理系(航海類),61530041,胡*,備取,國立雲林科技大學,國立雲林科技大學應用外語系,其他學校錄取,6,"國立高雄科技大學航運管理系(通過); 國立雲林科技大學應用外語系(正取,分發); 國立屏東科技大學應用外語系(通過); 國立高雄科技大學運籌管理系(通過); 國立虎尾科技大學應用外語系(通過); 國立臺中科技大學應用英語系(通過)"
CAND_1365,115,nkust_ship,國立高雄科技大學,航運管理系(航海類),國立高雄科技大學 航運管理系(航海類),64150022,柯*,備取,國立臺灣科技大學,國立臺灣科技大學應用外語系,其他學校錄取,5,"國立高雄科技大學航運管理系(通過); 國立臺灣科技大學應用外語系(備取,分發); 國立雲林科技大學應用外語系(通過); 國立臺北科技大學應用英文系(通過); 國立臺中科技大學應用英語系(正取)"
CAND_1366,115,nkust_ship,國立高雄科技大學,航運管理系(航海類),國立高雄科技大學 航運管理系(航海類),64150042,陳*,備取,—,—,未分發或放棄,5,國立高雄科技大學航運管理系(通過); 國立臺灣科技大學應用外語系(備取); 國立臺北科技大學應用英文系(通過); 國立高雄科技大學企業管理系(通過); 國立高雄科技大學應用英語系(通過)
CAND_1367,115,nkust_ship,國立高雄科技大學,航運管理系(航海類),國立高雄科技大學 航運管理系(航海類),64150064,陳*永,備取,國立高雄科技大學,國立高雄科技大學應用英語系,原校系/本校留任,5,"國立高雄科技大學航運管理系(通過); 國立雲林科技大學應用外語系(備取); 國立高雄科技大學應用英語系(備取,分發); 國立臺北護理健康大學語言治療與聽力學系(通過); 國立臺北商業大學應用外語系(臺北校區)(通過)"
CAND_1368,115,nkust_ship,國立高雄科技大學,航運管理系(航海類),國立高雄科技大學 航運管理系(航海類),64150066,*恩,備取,—,—,未分發或放棄,1,國立高雄科技大學航運管理系(通過)
CAND_1369,115,nkust_ship,國立高雄科技大學,航運管理系(航海類),國立高雄科技大學 航運管理系(航海類),64150070,翁*,備取,—,—,未分發或放棄,3,國立高雄科技大學航運管理系(通過); 國立雲林科技大學應用外語系(通過); 國立虎尾科技大學應用外語系(通過)
CAND_1370,115,nkust_ship,國立高雄科技大學,航運管理系(航海類),國立高雄科技大學 航運管理系(航海類),65150020,林*珮,備取,—,—,未分發或放棄,3,國立高雄科技大學航運管理系(通過); 國立高雄科技大學行銷與流通管理系(通過); 國立高雄科技大學供應鏈管理系(通過)
CAND_1371,115,nkust_ship,國立高雄科技大學,航運管理系(航海類),國立高雄科技大學 航運管理系(航海類),66150044,—,備取,國立雲林科技大學,國立雲林科技大學應用外語系,其他學校錄取,3,"國立高雄科技大學航運管理系(通過); 國立雲林科技大學應用外語系(正取,分發); 弘光科技大學語言治療與聽力學系(通過)"
CAND_1372,115,nkust_ship,國立高雄科技大學,航運管理系(航海類),國立高雄科技大學 航運管理系(航海類),66150054,陳*恩,備取,—,—,未分發或放棄,5,國立高雄科技大學航運管理系(通過); 國立臺灣科技大學應用外語系(備取); 國立臺北科技大學應用英文系(通過); 國立臺北科技大學文化事業發展系(通過); 國立臺北護理健康大學語言治療與聽力學系(通過)
CAND_1373,115,nkust_ship,國立高雄科技大學,航運管理系(航海類),國立高雄科技大學 航運管理系(航海類),68150038,黄*,正取,國立高雄科技大學,國立高雄科技大學運籌管理系,原校系/本校留任,4,"國立高雄科技大學航運管理系(通過); 國立高雄科技大學運籌管理系(正取,分發); 國立高雄科技大學行銷與流通管理系(通過); 國立高雄餐旅大學休閒暨遊憩管理系(通過)"
CAND_1374,115,nkust_ship,國立高雄科技大學,航運管理系(航海類),國立高雄科技大學 航運管理系(航海類),68150082,李*樂,備取,—,—,未分發或放棄,5,國立高雄科技大學航運管理系(通過); 國立雲林科技大學企業管理系(正取); 國立高雄科技大學運籌管理系(通過); 國立高雄科技大學行銷與流通管理系(通過); 國立高雄餐旅大學航空暨運輸服務管理系(通過)
CAND_1375,115,nkust_ship,國立高雄科技大學,航運管理系(航海類),國立高雄科技大學 航運管理系(航海類),68150084,吳*璘,備取,國立臺北護理健康大學,國立臺北護理健康大學語言治療與聽力學系,其他學校錄取,6,"國立高雄科技大學航運管理系(通過); 國立雲林科技大學企業管理系(通過); 國立高雄科技大學運籌管理系(通過); 國立臺北護理健康大學語言治療與聽力學系(正取,分發); 國立臺中科技大學企業管理系(通過); 輔英科技大學物理治療系(通過)"
CAND_1376,113,ncut_iem,國立勤益科技大學,工業工程與管理系(機械群),國立勤益科技大學 工業工程與管理系(機械群),61010631,*宇,正取,國立勤益科技大學,國立勤益科技大學工業工程與管理系,原校系/本校留任,3,"國立勤益科技大學工業工程與管理系(正取,分發); 國立虎尾科技大學動力機械工程系(通過); 國立虎尾科技大學工業管理系(正取)"
CAND_1377,113,ncut_iem,國立勤益科技大學,工業工程與管理系(機械群),國立勤益科技大學 工業工程與管理系(機械群),57010109,張*,正取,國立勤益科技大學,國立勤益科技大學工業工程與管理系,原校系/本校留任,2,"國立勤益科技大學工業工程與管理系(正取,分發); 國立虎尾科技大學自動化工程系(通過)"
CAND_1378,113,ncut_iem,國立勤益科技大學,工業工程與管理系(機械群),國立勤益科技大學 工業工程與管理系(機械群),64010131,楊*宏,正取,國立高雄科技大學,國立高雄科技大學工業工程與管理系,其他學校錄取,5,"國立勤益科技大學工業工程與管理系(正取); 國立高雄科技大學工業工程與管理系(備取,分發); 國立高雄科技大學模具工程系精微模具組(備取); 國立虎尾科技大學機械設計工程系(通過); 國立虎尾科技大學工業管理系(通過)"
CAND_1379,113,ncut_iem,國立勤益科技大學,工業工程與管理系(機械群),國立勤益科技大學 工業工程與管理系(機械群),64010085,*宏,正取,國立虎尾科技大學,國立虎尾科技大學材料科學與工程系,其他學校錄取,4,"國立勤益科技大學工業工程與管理系(正取); 國立高雄科技大學工業設計系(通過); 國立高雄科技大學輪機工程系(通過); 國立虎尾科技大學材料科學與工程系(正取,分發)"
CAND_1380,113,ncut_iem,國立勤益科技大學,工業工程與管理系(機械群),國立勤益科技大學 工業工程與管理系(機械群),70010409,*彰,正取,國立勤益科技大學,國立勤益科技大學工業工程與管理系,原校系/本校留任,4,"國立勤益科技大學工業工程與管理系(正取,分發); 國立虎尾科技大學機械與電腦輔助工程系(通過); 國立虎尾科技大學機械設計工程系(正取); 國立彰化師範大學工業教育與技術學系(正取)"
CAND_1381,113,ncut_iem,國立勤益科技大學,工業工程與管理系(機械群),國立勤益科技大學 工業工程與管理系(機械群),61010807,林*,正取,國立虎尾科技大學,國立虎尾科技大學工業管理系,其他學校錄取,3,"國立勤益科技大學工業工程與管理系(正取); 國立虎尾科技大學動力機械工程系(正取); 國立虎尾科技大學工業管理系(正取,分發)"
CAND_1382,113,ncut_iem,國立勤益科技大學,工業工程與管理系(機械群),國立勤益科技大學 工業工程與管理系(機械群),64010252,蕭*呈,正取,國立勤益科技大學,國立勤益科技大學工業工程與管理系,原校系/本校留任,4,"國立勤益科技大學工業工程與管理系(正取,分發); 國立高雄科技大學造船及海洋工程系(通過); 國立虎尾科技大學機械與電腦輔助工程系(備取); 國立虎尾科技大學工業管理系(通過)"
CAND_1383,113,ncut_iem,國立勤益科技大學,工業工程與管理系(機械群),國立勤益科技大學 工業工程與管理系(機械群),64010311,江*有,正取,國立勤益科技大學,國立勤益科技大學工業工程與管理系,原校系/本校留任,3,"國立勤益科技大學工業工程與管理系(正取,分發); 朝陽科技大學工業工程與管理系(通過); 明志科技大學材料工程系(通過)"
CAND_1384,113,ncut_iem,國立勤益科技大學,工業工程與管理系(機械群),國立勤益科技大學 工業工程與管理系(機械群),61010714,許*么,正取,國立勤益科技大學,國立勤益科技大學工業工程與管理系,原校系/本校留任,1,"國立勤益科技大學工業工程與管理系(正取,分發)"
CAND_1385,113,ncut_iem,國立勤益科技大學,工業工程與管理系(機械群),國立勤益科技大學 工業工程與管理系(機械群),72010076,林*均,正取,國立勤益科技大學,國立勤益科技大學工業工程與管理系,原校系/本校留任,2,"國立勤益科技大學工業工程與管理系(正取,分發); 國立虎尾科技大學機械與電腦輔助工程系(正取)"
CAND_1386,113,ncut_iem,國立勤益科技大學,工業工程與管理系(機械群),國立勤益科技大學 工業工程與管理系(機械群),63010075,邱*鈞,正取,國立勤益科技大學,國立勤益科技大學工業工程與管理系,原校系/本校留任,3,"國立勤益科技大學工業工程與管理系(正取,分發); 朝陽科技大學工業工程與管理系(正取); 國立聯合大學機械工程學系(通過)"
CAND_1387,113,ncut_iem,國立勤益科技大學,工業工程與管理系(機械群),國立勤益科技大學 工業工程與管理系(機械群),64010339,江*,正取,國立勤益科技大學,國立勤益科技大學工業工程與管理系,原校系/本校留任,2,"國立勤益科技大學工業工程與管理系(正取,分發); 國立虎尾科技大學工業管理系(通過)"
CAND_1388,113,ncut_iem,國立勤益科技大學,工業工程與管理系(機械群),國立勤益科技大學 工業工程與管理系(機械群),52019907,陳*穎,正取,國立高雄科技大學,國立高雄科技大學造船及海洋工程系,其他學校錄取,4,"國立勤益科技大學工業工程與管理系(正取); 國立高雄科技大學造船及海洋工程系(備取,分發); 國立虎尾科技大學機械設計工程系(備取); 國立聯合大學機械工程學系(通過)"
CAND_1389,113,ncut_iem,國立勤益科技大學,工業工程與管理系(機械群),國立勤益科技大學 工業工程與管理系(機械群),61010603,賴*群,正取,國立勤益科技大學,國立勤益科技大學工業工程與管理系,原校系/本校留任,1,"國立勤益科技大學工業工程與管理系(正取,分發)"
CAND_1390,113,ncut_iem,國立勤益科技大學,工業工程與管理系(機械群),國立勤益科技大學 工業工程與管理系(機械群),61010870,—,正取,國立勤益科技大學,國立勤益科技大學工業工程與管理系,原校系/本校留任,3,"國立勤益科技大學工業工程與管理系(正取,分發); 國立屏東科技大學生物機電工程系(正取); 國立彰化師範大學工業教育與技術學系(備取)"
CAND_1391,113,ncut_iem,國立勤益科技大學,工業工程與管理系(機械群),國立勤益科技大學 工業工程與管理系(機械群),64010247,林*祐,正取,國立勤益科技大學,國立勤益科技大學工業工程與管理系,原校系/本校留任,2,"國立勤益科技大學工業工程與管理系(正取,分發); 國立虎尾科技大學機械與電腦輔助工程系(通過)"
CAND_1392,113,ncut_iem,國立勤益科技大學,工業工程與管理系(機械群),國立勤益科技大學 工業工程與管理系(機械群),67010250,謝*賢,正取,國立高雄科技大學,國立高雄科技大學模具工程系光電模具組,其他學校錄取,4,"國立勤益科技大學工業工程與管理系(正取); 國立高雄科技大學模具工程系光電模具組(正取,分發); 國立虎尾科技大學機械與電腦輔助工程系(正取); 國立虎尾科技大學動力機械工程系(正取)"
CAND_1393,113,ncut_iem,國立勤益科技大學,工業工程與管理系(機械群),國立勤益科技大學 工業工程與管理系(機械群),64010073,陳*,正取,—,—,未分發或放棄,3,國立勤益科技大學工業工程與管理系(正取); 國立高雄科技大學造船及海洋工程系(備取); 國立虎尾科技大學動力機械工程系(備取)
CAND_1394,113,ncut_iem,國立勤益科技大學,工業工程與管理系(機械群),國立勤益科技大學 工業工程與管理系(機械群),68010366,張*碩,正取,國立虎尾科技大學,國立虎尾科技大學機械設計工程系,其他學校錄取,2,"國立勤益科技大學工業工程與管理系(正取); 國立虎尾科技大學機械設計工程系(備取,分發)"
CAND_1395,113,ncut_iem,國立勤益科技大學,工業工程與管理系(機械群),國立勤益科技大學 工業工程與管理系(機械群),52010449,李*,正取,明志科技大學,明志科技大學材料工程系,其他學校錄取,2,"國立勤益科技大學工業工程與管理系(正取); 明志科技大學材料工程系(正取,分發)"
CAND_1396,113,ncut_iem,國立勤益科技大學,工業工程與管理系(機械群),國立勤益科技大學 工業工程與管理系(機械群),61010615,蘇*,正取,國立勤益科技大學,國立勤益科技大學工業工程與管理系,原校系/本校留任,3,"國立勤益科技大學工業工程與管理系(正取,分發); 國立虎尾科技大學工業管理系(備取); 龍華科技大學半導體工程系(通過)"
CAND_1397,113,ncut_iem,國立勤益科技大學,工業工程與管理系(機械群),國立勤益科技大學 工業工程與管理系(機械群),60010031,*棋,正取,國立勤益科技大學,國立勤益科技大學工業工程與管理系,原校系/本校留任,3,"國立勤益科技大學工業工程與管理系(正取,分發); 朝陽科技大學營建工程系(通過); 國立聯合大學機械工程學系(正取)"
CAND_1398,113,ncut_iem,國立勤益科技大學,工業工程與管理系(機械群),國立勤益科技大學 工業工程與管理系(機械群),56010086,夏*晴,正取,國立勤益科技大學,國立勤益科技大學工業工程與管理系,原校系/本校留任,3,"國立勤益科技大學工業工程與管理系(正取,分發); 國立臺北科技大學工業工程與管理系(備取); 國立彰化師範大學工業教育與技術學系(正取)"
CAND_1399,113,ncut_iem,國立勤益科技大學,工業工程與管理系(機械群),國立勤益科技大學 工業工程與管理系(機械群),64010240,黄*,正取,國立勤益科技大學,國立勤益科技大學工業工程與管理系,原校系/本校留任,1,"國立勤益科技大學工業工程與管理系(正取,分發)"
CAND_1400,113,ncut_iem,國立勤益科技大學,工業工程與管理系(機械群),國立勤益科技大學 工業工程與管理系(機械群),56010058,李*桓,正取,國立聯合大學,國立聯合大學機械工程學系,其他學校錄取,4,"國立勤益科技大學工業工程與管理系(正取); 明志科技大學機械工程系精密機械組(正取); 明志科技大學機械工程系光機電組(正取); 國立聯合大學機械工程學系(正取,分發)"
CAND_1401,113,ncut_iem,國立勤益科技大學,工業工程與管理系(機械群),國立勤益科技大學 工業工程與管理系(機械群),61010588,陳*靜,正取,國立勤益科技大學,國立勤益科技大學工業工程與管理系,原校系/本校留任,3,"國立勤益科技大學工業工程與管理系(正取,分發); 國立高雄科技大學模具工程系精微模具組(備取); 國立高雄科技大學造船及海洋工程系(備取)"
CAND_1402,113,ncut_iem,國立勤益科技大學,工業工程與管理系(機械群),國立勤益科技大學 工業工程與管理系(機械群),68010174,潘*柴,正取,國立勤益科技大學,國立勤益科技大學工業工程與管理系,原校系/本校留任,2,"國立勤益科技大學工業工程與管理系(正取,分發); 國立虎尾科技大學機械設計工程系(備取)"
CAND_1403,113,ncut_iem,國立勤益科技大學,工業工程與管理系(機械群),國立勤益科技大學 工業工程與管理系(機械群),61010518,歸*紘,正取,國立勤益科技大學,國立勤益科技大學工業工程與管理系,原校系/本校留任,2,"國立勤益科技大學工業工程與管理系(正取,分發); 國立聯合大學環境與安全衛生工程學系(正取)"
CAND_1404,113,ncut_iem,國立勤益科技大學,工業工程與管理系(機械群),國立勤益科技大學 工業工程與管理系(機械群),64010017,陳*廷,正取,國立勤益科技大學,國立勤益科技大學工業工程與管理系,原校系/本校留任,3,"國立勤益科技大學工業工程與管理系(正取,分發); 國立高雄科技大學造船及海洋工程系(備取); 國立聯合大學機械工程學系(通過)"
CAND_1405,113,ncut_iem,國立勤益科技大學,工業工程與管理系(機械群),國立勤益科技大學 工業工程與管理系(機械群),56010379,江*祐,正取,國立勤益科技大學,國立勤益科技大學工業工程與管理系,原校系/本校留任,3,"國立勤益科技大學工業工程與管理系(正取,分發); 國立虎尾科技大學工業管理系(正取); 國立臺北商業大學創意科技與產品設計系(桃園校區)(通過)"
CAND_1406,113,ncut_iem,國立勤益科技大學,工業工程與管理系(機械群),國立勤益科技大學 工業工程與管理系(機械群),57010049,徐*原,正取,國立勤益科技大學,國立勤益科技大學工業工程與管理系,原校系/本校留任,1,"國立勤益科技大學工業工程與管理系(正取,分發)"
CAND_1407,113,ncut_iem,國立勤益科技大學,工業工程與管理系(機械群),國立勤益科技大學 工業工程與管理系(機械群),68010202,張*愷,正取,國立勤益科技大學,國立勤益科技大學工業工程與管理系,原校系/本校留任,3,"國立勤益科技大學工業工程與管理系(正取,分發); 國立高雄科技大學造船及海洋工程系(正取); 國立虎尾科技大學工業管理系(正取)"
CAND_1408,113,ncut_iem,國立勤益科技大學,工業工程與管理系(機械群),國立勤益科技大學 工業工程與管理系(機械群),63010019,—,正取,國立勤益科技大學,國立勤益科技大學工業工程與管理系,原校系/本校留任,3,"國立勤益科技大學工業工程與管理系(正取,分發); 朝陽科技大學環境工程與管理系(正取); 中臺科技大學牙體技術暨材料系(通過)"
CAND_1409,113,ncut_iem,國立勤益科技大學,工業工程與管理系(機械群),國立勤益科技大學 工業工程與管理系(機械群),54010234,—,正取,國立虎尾科技大學,國立虎尾科技大學機械設計工程系,其他學校錄取,2,"國立勤益科技大學工業工程與管理系(正取); 國立虎尾科技大學機械設計工程系(正取,分發)"
CAND_1410,113,ncut_iem,國立勤益科技大學,工業工程與管理系(機械群),國立勤益科技大學 工業工程與管理系(機械群),61010611,涂*智,正取,國立勤益科技大學,國立勤益科技大學工業工程與管理系,原校系/本校留任,3,"國立勤益科技大學工業工程與管理系(正取,分發); 國立屏東科技大學機械工程系(通過); 國立虎尾科技大學機械與電腦輔助工程系(備取)"
CAND_1411,113,ncut_iem,國立勤益科技大學,工業工程與管理系(機械群),國立勤益科技大學 工業工程與管理系(機械群),67010013,林*,正取,國立勤益科技大學,國立勤益科技大學工業工程與管理系,原校系/本校留任,2,"國立勤益科技大學工業工程與管理系(正取,分發); 逢甲大學機械與電腦輔助工程學系(備取)"
CAND_1412,113,ncut_iem,國立勤益科技大學,工業工程與管理系(機械群),國立勤益科技大學 工業工程與管理系(機械群),56010070,陳*廷,正取,國立高雄科技大學,國立高雄科技大學輪機工程系,其他學校錄取,5,"國立勤益科技大學工業工程與管理系(正取); 國立高雄科技大學輪機工程系(正取,分發); 國立虎尾科技大學動力機械工程系(備取); 國立虎尾科技大學工業管理系(正取); 國立聯合大學機械工程學系(通過)"
CAND_1413,113,ncut_iem,國立勤益科技大學,工業工程與管理系(機械群),國立勤益科技大學 工業工程與管理系(機械群),61010697,葉*獻,正取,國立勤益科技大學,國立勤益科技大學工業工程與管理系,原校系/本校留任,2,"國立勤益科技大學工業工程與管理系(正取,分發); 僑光科技大學機械與電腦輔助工程系(備取)"
CAND_1414,113,ncut_iem,國立勤益科技大學,工業工程與管理系(機械群),國立勤益科技大學 工業工程與管理系(機械群),64010281,葵*宇,正取,國立勤益科技大學,國立勤益科技大學工業工程與管理系,原校系/本校留任,2,"國立勤益科技大學工業工程與管理系(正取,分發); 南臺科技大學工業管理與資訊系工業管理組(正取)"
CAND_1415,113,ncut_iem,國立勤益科技大學,工業工程與管理系(機械群),國立勤益科技大學 工業工程與管理系(機械群),63010088,黄*,正取,國立勤益科技大學,國立勤益科技大學工業工程與管理系,原校系/本校留任,1,"國立勤益科技大學工業工程與管理系(正取,分發)"
CAND_1416,113,ncut_iem,國立勤益科技大學,工業工程與管理系(機械群),國立勤益科技大學 工業工程與管理系(機械群),52010110,高*,正取,國立勤益科技大學,國立勤益科技大學工業工程與管理系,原校系/本校留任,2,"國立勤益科技大學工業工程與管理系(正取,分發); 國立屏東科技大學機械工程系(通過)"
CAND_1417,113,ncut_iem,國立勤益科技大學,工業工程與管理系(機械群),國立勤益科技大學 工業工程與管理系(機械群),56010024,游*謙,正取,國立高雄科技大學,國立高雄科技大學航運技術系,其他學校錄取,5,"國立勤益科技大學工業工程與管理系(正取); 國立高雄科技大學造船及海洋工程系(備取); 國立高雄科技大學航運技術系(正取,分發); 朝陽科技大學航空機械系(通過); 敏實科技大學智慧車輛與能源系(通過)"
CAND_1418,113,ncut_iem,國立勤益科技大學,工業工程與管理系(機械群),國立勤益科技大學 工業工程與管理系(機械群),69010055,*凱,正取,朝陽科技大學,朝陽科技大學工業設計系,其他學校錄取,3,"國立勤益科技大學工業工程與管理系(正取); 國立虎尾科技大學工業管理系(通過); 朝陽科技大學工業設計系(正取,分發)"
CAND_1419,113,ncut_iem,國立勤益科技大學,工業工程與管理系(機械群),國立勤益科技大學 工業工程與管理系(機械群),64010411,*華,正取,國立勤益科技大學,國立勤益科技大學工業工程與管理系,原校系/本校留任,3,"國立勤益科技大學工業工程與管理系(正取,分發); 朝陽科技大學工業設計系(通過); 南臺科技大學工業管理與資訊系工業管理組(正取)"
CAND_1420,113,ncut_iem,國立勤益科技大學,工業工程與管理系(機械群),國立勤益科技大學 工業工程與管理系(機械群),61010838,*叡,備取,國立屏東科技大學,國立屏東科技大學機械工程系,其他學校錄取,4,"國立勤益科技大學工業工程與管理系(備取); 國立屏東科技大學機械工程系(正取,分發); 國立高雄科技大學造船及海洋工程系(備取); 朝陽科技大學工業設計系(通過)"
CAND_1421,113,ncut_iem,國立勤益科技大學,工業工程與管理系(機械群),國立勤益科技大學 工業工程與管理系(機械群),55010031,李*均,備取,—,—,未分發或放棄,2,國立勤益科技大學工業工程與管理系(備取); 國立高雄科技大學造船及海洋工程系(正取)
CAND_1422,113,ncut_iem,國立勤益科技大學,工業工程與管理系(機械群),國立勤益科技大學 工業工程與管理系(機械群),64010269,謝*顯,備取,國立高雄科技大學,國立高雄科技大學造船及海洋工程系,其他學校錄取,3,"國立勤益科技大學工業工程與管理系(備取); 國立高雄科技大學造船及海洋工程系(正取,分發); 朝陽科技大學工業設計系(通過)"
CAND_1423,113,ncut_iem,國立勤益科技大學,工業工程與管理系(機械群),國立勤益科技大學 工業工程與管理系(機械群),70010199,翁*君,備取,國立勤益科技大學,國立勤益科技大學工業工程與管理系,原校系/本校留任,3,"國立勤益科技大學工業工程與管理系(備取,分發); 國立高雄科技大學模具工程系光電模具組(通過); 國立虎尾科技大學材料科學與工程系(備取)"
CAND_1424,113,ncut_iem,國立勤益科技大學,工業工程與管理系(機械群),國立勤益科技大學 工業工程與管理系(機械群),67010162,徐*永,備取,—,—,未分發或放棄,1,國立勤益科技大學工業工程與管理系(備取)
CAND_1425,113,ncut_iem,國立勤益科技大學,工業工程與管理系(機械群),國立勤益科技大學 工業工程與管理系(機械群),61010655,張*,備取,國立勤益科技大學,國立勤益科技大學工業工程與管理系,原校系/本校留任,5,"國立勤益科技大學工業工程與管理系(備取,分發); 朝陽科技大學工業工程與管理系(備取); 弘光科技大學環境與安全衛生工程系環境工程組(通過); 弘光科技大學環境與安全衛生工程系綠色科技組(通過); 僑光科技大學機械與電腦輔助工程系(備取)"
CAND_1426,113,ncut_iem,國立勤益科技大學,工業工程與管理系(機械群),國立勤益科技大學 工業工程與管理系(機械群),61010818,楊*綺,備取,國立勤益科技大學,國立勤益科技大學工業工程與管理系,原校系/本校留任,3,"國立勤益科技大學工業工程與管理系(備取,分發); 朝陽科技大學工業設計系(正取); 弘光科技大學環境與安全衛生工程系職業安全衛生組(正取)"
CAND_1427,113,ncut_iem,國立勤益科技大學,工業工程與管理系(機械群),國立勤益科技大學 工業工程與管理系(機械群),55010014,邱*,備取,國立勤益科技大學,國立勤益科技大學工業工程與管理系,原校系/本校留任,3,"國立勤益科技大學工業工程與管理系(備取,分發); 國立屏東科技大學機械工程系(通過); 國立聯合大學機械工程學系(備取)"
CAND_1428,113,ncut_iem,國立勤益科技大學,工業工程與管理系(機械群),國立勤益科技大學 工業工程與管理系(機械群),64010232,*鋅,備取,國立勤益科技大學,國立勤益科技大學工業工程與管理系,原校系/本校留任,2,"國立勤益科技大學工業工程與管理系(備取,分發); 國立虎尾科技大學工業管理系(正取)"
CAND_1429,113,ncut_iem,國立勤益科技大學,工業工程與管理系(機械群),國立勤益科技大學 工業工程與管理系(機械群),65010053,張*哲,備取,國立勤益科技大學,國立勤益科技大學工業工程與管理系,原校系/本校留任,5,"國立勤益科技大學工業工程與管理系(備取,分發); 國立虎尾科技大學工業管理系(備取); 南臺科技大學機械工程系自動化控制組(通過); 南臺科技大學工業管理與資訊系工業管理組(通過); 台鋼科技大學電機工程系(通過)"
CAND_1430,113,ncut_iem,國立勤益科技大學,工業工程與管理系(機械群),國立勤益科技大學 工業工程與管理系(機械群),57010115,陳*,備取,國立聯合大學,國立聯合大學機械工程學系,其他學校錄取,3,"國立勤益科技大學工業工程與管理系(備取); 弘光科技大學醫療器材發展與應用系(通過); 國立聯合大學機械工程學系(正取,分發)"
CAND_1431,113,ncut_iem,國立勤益科技大學,工業工程與管理系(機械群),國立勤益科技大學 工業工程與管理系(機械群),62010093,*任,備取,國立高雄科技大學,國立高雄科技大學造船及海洋工程系,其他學校錄取,3,"國立勤益科技大學工業工程與管理系(備取); 國立屏東科技大學機械工程系(通過); 國立高雄科技大學造船及海洋工程系(正取,分發)"
CAND_1432,113,ncut_iem,國立勤益科技大學,工業工程與管理系(機械群),國立勤益科技大學 工業工程與管理系(機械群),64010287,—,備取,國立勤益科技大學,國立勤益科技大學工業工程與管理系,原校系/本校留任,1,"國立勤益科技大學工業工程與管理系(備取,分發)"
CAND_1433,113,ncut_iem,國立勤益科技大學,工業工程與管理系(機械群),國立勤益科技大學 工業工程與管理系(機械群),57010166,謝*誠,備取,國立勤益科技大學,國立勤益科技大學工業工程與管理系,原校系/本校留任,2,"國立勤益科技大學工業工程與管理系(備取,分發); 國立聯合大學機械工程學系(備取)"
CAND_1434,113,ncut_iem,國立勤益科技大學,工業工程與管理系(機械群),國立勤益科技大學 工業工程與管理系(機械群),64010233,林*禎,備取,國立勤益科技大學,國立勤益科技大學工業工程與管理系,原校系/本校留任,2,"國立勤益科技大學工業工程與管理系(備取,分發); 國立虎尾科技大學機械設計工程系(備取)"
CAND_1435,113,ncut_iem,國立勤益科技大學,工業工程與管理系(機械群),國立勤益科技大學 工業工程與管理系(機械群),67010186,陳*璟,備取,國立屏東科技大學,國立屏東科技大學機械工程系,其他學校錄取,2,"國立勤益科技大學工業工程與管理系(備取); 國立屏東科技大學機械工程系(正取,分發)"
CAND_1436,113,ncut_iem,國立勤益科技大學,工業工程與管理系(機械群),國立勤益科技大學 工業工程與管理系(機械群),61010096,楊*,備取,朝陽科技大學,朝陽科技大學工業工程與管理系,其他學校錄取,4,"國立勤益科技大學工業工程與管理系(備取); 朝陽科技大學工業工程與管理系(正取,分發); 弘光科技大學環境與安全衛生工程系環境工程組(正取); 修平科技大學機械工程系(通過)"
CAND_1437,113,ncut_iem,國立勤益科技大學,工業工程與管理系(機械群),國立勤益科技大學 工業工程與管理系(機械群),56010004,*允,備取,—,—,未分發或放棄,1,國立勤益科技大學工業工程與管理系(備取)
CAND_1438,113,ncut_iem,國立勤益科技大學,工業工程與管理系(機械群),國立勤益科技大學 工業工程與管理系(機械群),61010502,*授,備取,國立聯合大學,國立聯合大學機械工程學系,其他學校錄取,2,"國立勤益科技大學工業工程與管理系(備取); 國立聯合大學機械工程學系(正取,分發)"
CAND_1439,113,ncut_iem,國立勤益科技大學,工業工程與管理系(機械群),國立勤益科技大學 工業工程與管理系(機械群),71010089,陳*綸,備取,國立屏東科技大學,國立屏東科技大學機械工程系,其他學校錄取,4,"國立勤益科技大學工業工程與管理系(備取); 國立屏東科技大學機械工程系(備取,分發); 南臺科技大學機械工程系自動化控制組(通過); 國立聯合大學機械工程學系(通過)"
CAND_1440,113,ncut_iem,國立勤益科技大學,工業工程與管理系(機械群),國立勤益科技大學 工業工程與管理系(機械群),55010026,黄*凱,備取,—,—,未分發或放棄,1,國立勤益科技大學工業工程與管理系(備取)
CAND_1441,113,ncut_iem,國立勤益科技大學,工業工程與管理系(機械群),國立勤益科技大學 工業工程與管理系(機械群),56010051,許*-,備取,龍華科技大學,龍華科技大學半導體工程系,其他學校錄取,3,"國立勤益科技大學工業工程與管理系(備取); 龍華科技大學半導體工程系(正取,分發); 明志科技大學半導體材料與製程學士學位學程(通過)"
CAND_1442,113,ncut_iem,國立勤益科技大學,工業工程與管理系(機械群),國立勤益科技大學 工業工程與管理系(機械群),54010230,周*,備取,—,—,未分發或放棄,1,國立勤益科技大學工業工程與管理系(備取)
CAND_1443,113,ncut_iem,國立勤益科技大學,工業工程與管理系(機械群),國立勤益科技大學 工業工程與管理系(機械群),73010015,楊*閎,備取,—,—,未分發或放棄,3,國立勤益科技大學工業工程與管理系(備取); 明志科技大學機械工程系光機電組(通過); 國立聯合大學機械工程學系(通過)
CAND_1444,113,ncut_iem,國立勤益科技大學,工業工程與管理系(機械群),國立勤益科技大學 工業工程與管理系(機械群),60010082,孫*V,備取,—,—,未分發或放棄,1,國立勤益科技大學工業工程與管理系(備取)
CAND_1445,113,ncut_iem,國立勤益科技大學,工業工程與管理系(機械群),國立勤益科技大學 工業工程與管理系(機械群),71010051,*婕,備取,南臺科技大學,南臺科技大學工業管理與資訊系工業管理組,其他學校錄取,4,"國立勤益科技大學工業工程與管理系(備取); 朝陽科技大學工業工程與管理系(通過); 南臺科技大學工業管理與資訊系工業管理組(正取,分發); 正修科技大學工業工程與管理系(通過)"
CAND_1446,113,ncut_iem,國立勤益科技大學,工業工程與管理系(機械群),國立勤益科技大學 工業工程與管理系(機械群),61010654,林*如,備取,嶺東科技大學,嶺東科技大學智慧製造科技系,其他學校錄取,4,"國立勤益科技大學工業工程與管理系(備取); 弘光科技大學智慧科技應用系(備取); 嶺東科技大學智慧製造科技系(正取,分發); 僑光科技大學機械與電腦輔助工程系(通過)"
CAND_1447,113,ncut_iem,國立勤益科技大學,工業工程與管理系(機械群),國立勤益科技大學 工業工程與管理系(機械群),61010147,余*享,備取,—,—,未分發或放棄,2,國立勤益科技大學工業工程與管理系(備取); 逢甲大學機械與電腦輔助工程學系(備取)
CAND_1448,113,ncut_iem,國立勤益科技大學,工業工程與管理系(機械群),國立勤益科技大學 工業工程與管理系(機械群),68010338,黄*庭,備取,南臺科技大學,南臺科技大學機械工程系自動化控制組,其他學校錄取,2,"國立勤益科技大學工業工程與管理系(備取); 南臺科技大學機械工程系自動化控制組(正取,分發)"
CAND_1449,113,ncut_iem,國立勤益科技大學,工業工程與管理系(機械群),國立勤益科技大學 工業工程與管理系(機械群),55010205,*秋,備取,—,—,未分發或放棄,1,國立勤益科技大學工業工程與管理系(備取)
CAND_1450,113,ncut_iem,國立勤益科技大學,工業工程與管理系(機械群),國立勤益科技大學 工業工程與管理系(機械群),54010343,林*,備取,—,—,未分發或放棄,1,國立勤益科技大學工業工程與管理系(備取)
CAND_1451,113,ncut_iem,國立勤益科技大學,工業工程與管理系(機械群),國立勤益科技大學 工業工程與管理系(機械群),61010060,柯*,備取,國立虎尾科技大學,國立虎尾科技大學工業管理系,其他學校錄取,3,"國立勤益科技大學工業工程與管理系(備取); 國立虎尾科技大學工業管理系(正取,分發); 朝陽科技大學工業工程與管理系(通過)"
CAND_1452,113,ncut_iem,國立勤益科技大學,工業工程與管理系(機械群),國立勤益科技大學 工業工程與管理系(機械群),64010207,許*𡊰,備取,—,—,未分發或放棄,1,國立勤益科技大學工業工程與管理系(備取)
CAND_1453,113,ncut_iem,國立勤益科技大學,工業工程與管理系(機械群),國立勤益科技大學 工業工程與管理系(機械群),56010117,郭*J,備取,—,—,未分發或放棄,1,國立勤益科技大學工業工程與管理系(備取)
CAND_1454,113,ncut_iem,國立勤益科技大學,工業工程與管理系(機械群),國立勤益科技大學 工業工程與管理系(機械群),68010142,謝*,備取,—,—,未分發或放棄,2,國立勤益科技大學工業工程與管理系(備取); 南臺科技大學工業管理與資訊系工業管理組(通過)
CAND_1455,113,ncut_iem,國立勤益科技大學,工業工程與管理系(機械群),國立勤益科技大學 工業工程與管理系(機械群),63010114,*彦,備取,朝陽科技大學,朝陽科技大學工業工程與管理系,其他學校錄取,2,"國立勤益科技大學工業工程與管理系(備取); 朝陽科技大學工業工程與管理系(正取,分發)"
CAND_1456,113,ncut_iem,國立勤益科技大學,工業工程與管理系(機械群),國立勤益科技大學 工業工程與管理系(機械群),55010189,*銓,備取,—,—,未分發或放棄,1,國立勤益科技大學工業工程與管理系(備取)
CAND_1457,113,ncut_iem,國立勤益科技大學,工業工程與管理系(機械群),國立勤益科技大學 工業工程與管理系(機械群),62010058,陳*妮,備取,—,—,未分發或放棄,1,國立勤益科技大學工業工程與管理系(備取)
CAND_1458,113,ncut_iem,國立勤益科技大學,工業工程與管理系(機械群),國立勤益科技大學 工業工程與管理系(機械群),56010411,黄*程,備取,—,—,未分發或放棄,1,國立勤益科技大學工業工程與管理系(備取)
CAND_1459,113,ncut_iem,國立勤益科技大學,工業工程與管理系(機械群),國立勤益科技大學 工業工程與管理系(機械群),70010341,—,備取,國立屏東科技大學,國立屏東科技大學機械工程系,其他學校錄取,3,"國立勤益科技大學工業工程與管理系(備取); 國立屏東科技大學機械工程系(正取,分發); 國立聯合大學環境與安全衛生工程學系(通過)"
CAND_1460,113,ncut_iem,國立勤益科技大學,工業工程與管理系(機械群),國立勤益科技大學 工業工程與管理系(機械群),62010078,黄*,備取,朝陽科技大學,朝陽科技大學資訊工程系人工智慧組,其他學校錄取,2,"國立勤益科技大學工業工程與管理系(備取); 朝陽科技大學資訊工程系人工智慧組(備取,分發)"
CAND_1461,113,ncut_iem,國立勤益科技大學,工業工程與管理系(機械群),國立勤益科技大學 工業工程與管理系(機械群),67010158,陳*達,備取,國立屏東科技大學,國立屏東科技大學機械工程系,其他學校錄取,2,"國立勤益科技大學工業工程與管理系(備取); 國立屏東科技大學機械工程系(正取,分發)"
CAND_1462,113,ncut_iem,國立勤益科技大學,工業工程與管理系(機械群),國立勤益科技大學 工業工程與管理系(機械群),58010185,李*陞,備取,朝陽科技大學,朝陽科技大學工業工程與管理系,其他學校錄取,3,"國立勤益科技大學工業工程與管理系(備取); 國立屏東科技大學機械工程系(通過); 朝陽科技大學工業工程與管理系(正取,分發)"
CAND_1463,113,ncut_iem,國立勤益科技大學,工業工程與管理系(機械群),國立勤益科技大學 工業工程與管理系(機械群),63010051,張*賢,備取,朝陽科技大學,朝陽科技大學工業工程與管理系,其他學校錄取,2,"國立勤益科技大學工業工程與管理系(備取); 朝陽科技大學工業工程與管理系(正取,分發)"
CAND_1464,113,ncut_iem,國立勤益科技大學,工業工程與管理系(機械群),國立勤益科技大學 工業工程與管理系(機械群),61010679,林*倫,備取,國立虎尾科技大學,國立虎尾科技大學機械與電腦輔助工程系,其他學校錄取,3,"國立勤益科技大學工業工程與管理系(備取); 國立虎尾科技大學機械與電腦輔助工程系(正取,分發); 國立虎尾科技大學機械設計工程系(通過)"
CAND_1465,113,ncut_iem,國立勤益科技大學,工業工程與管理系(機械群),國立勤益科技大學 工業工程與管理系(機械群),69010081,葵*富,備取,國立勤益科技大學,國立勤益科技大學工業工程與管理系,原校系/本校留任,3,"國立勤益科技大學工業工程與管理系(備取,分發); 南臺科技大學工業管理與資訊系工業管理組(通過); 僑光科技大學機械與電腦輔助工程系(通過)"
CAND_1466,113,ncut_iem,國立勤益科技大學,工業工程與管理系(機械群),國立勤益科技大學 工業工程與管理系(機械群),70010046,方*仲,備取,國立勤益科技大學,國立勤益科技大學工業工程與管理系,原校系/本校留任,5,"國立勤益科技大學工業工程與管理系(備取,分發); 國立雲林科技大學機械工程系(備取); 國立屏東科技大學機械工程系(通過); 國立虎尾科技大學機械與電腦輔助工程系(通過); 國立虎尾科技大學機械設計工程系(通過)"
CAND_1467,113,ncut_iem,國立勤益科技大學,工業工程與管理系(機械群),國立勤益科技大學 工業工程與管理系(機械群),64010028,林*晁,備取,國立虎尾科技大學,國立虎尾科技大學機械設計工程系,其他學校錄取,2,"國立勤益科技大學工業工程與管理系(備取); 國立虎尾科技大學機械設計工程系(正取,分發)"
CAND_1468,113,ncut_iem,國立勤益科技大學,工業工程與管理系(機械群),國立勤益科技大學 工業工程與管理系(機械群),55010181,李*宇,備取,國立勤益科技大學,國立勤益科技大學工業工程與管理系,原校系/本校留任,4,"國立勤益科技大學工業工程與管理系(備取,分發); 國立屏東科技大學機械工程系(正取); 國立虎尾科技大學材料科學與工程系(備取); 國立聯合大學機械工程學系(通過)"
CAND_1469,113,ncut_iem,國立勤益科技大學,工業工程與管理系(機械群),國立勤益科技大學 工業工程與管理系(機械群),55010226,張*女,備取,—,—,未分發或放棄,2,國立勤益科技大學工業工程與管理系(備取); 明志科技大學半導體材料與製程學士學位學程(正取)
CAND_1470,113,ncut_iem,國立勤益科技大學,工業工程與管理系(機械群),國立勤益科技大學 工業工程與管理系(機械群),68010411,顏*賢,備取,國立虎尾科技大學,國立虎尾科技大學自動化工程系,其他學校錄取,3,"國立勤益科技大學工業工程與管理系(備取); 國立虎尾科技大學自動化工程系(備取,分發); 南臺科技大學機械工程系自動化控制組(通過)"
CAND_1471,113,ncut_iem,國立勤益科技大學,工業工程與管理系(機械群),國立勤益科技大學 工業工程與管理系(機械群),70010293,蘇*豪,備取,國立屏東科技大學,國立屏東科技大學智慧機電學士學位學程,其他學校錄取,2,"國立勤益科技大學工業工程與管理系(備取); 國立屏東科技大學智慧機電學士學位學程(正取,分發)"
CAND_1472,113,ncut_iem,國立勤益科技大學,工業工程與管理系(機械群),國立勤益科技大學 工業工程與管理系(機械群),51010012,游*宏,備取,—,—,未分發或放棄,1,國立勤益科技大學工業工程與管理系(通過)
CAND_1473,113,ncut_iem,國立勤益科技大學,工業工程與管理系(機械群),國立勤益科技大學 工業工程與管理系(機械群),52010066,林*賢,備取,—,—,未分發或放棄,4,國立勤益科技大學工業工程與管理系(通過); 國立虎尾科技大學材料科學與工程系(通過); 國立虎尾科技大學機械設計工程系(通過); 國立聯合大學機械工程學系(通過)
CAND_1474,113,ncut_iem,國立勤益科技大學,工業工程與管理系(機械群),國立勤益科技大學 工業工程與管理系(機械群),52010077,*滿,備取,中國科技大學,中國科技大學資訊工程系(臺北校區),其他學校錄取,3,"國立勤益科技大學工業工程與管理系(通過); 中國科技大學資訊工程系(臺北校區)(通過,分發); 亞東科技大學工業管理系(正取)"
CAND_1475,113,ncut_iem,國立勤益科技大學,工業工程與管理系(機械群),國立勤益科技大學 工業工程與管理系(機械群),52010446,顏*,備取,國立虎尾科技大學,國立虎尾科技大學工業管理系,其他學校錄取,4,"國立勤益科技大學工業工程與管理系(通過); 國立虎尾科技大學工業管理系(正取,分發); 國立彰化師範大學工業教育與技術學系(備取); 國立聯合大學環境與安全衛生工程學系(通過)"
CAND_1476,113,ncut_iem,國立勤益科技大學,工業工程與管理系(機械群),國立勤益科技大學 工業工程與管理系(機械群),55010131,涂*女,備取,—,—,未分發或放棄,2,國立勤益科技大學工業工程與管理系(通過); 國立臺北護理健康大學運動保健系(通過)
CAND_1477,113,ncut_iem,國立勤益科技大學,工業工程與管理系(機械群),國立勤益科技大學 工業工程與管理系(機械群),55010229,陳*褘,備取,—,—,未分發或放棄,1,國立勤益科技大學工業工程與管理系(通過)
CAND_1478,113,ncut_iem,國立勤益科技大學,工業工程與管理系(機械群),國立勤益科技大學 工業工程與管理系(機械群),56010034,黄*,備取,—,—,未分發或放棄,4,國立勤益科技大學工業工程與管理系(通過); 國立屏東科技大學智慧機電學士學位學程(通過); 國立虎尾科技大學工業管理系(通過); 國立聯合大學環境與安全衛生工程學系(通過)
CAND_1479,113,ncut_iem,國立勤益科技大學,工業工程與管理系(機械群),國立勤益科技大學 工業工程與管理系(機械群),56010210,簡*哲,備取,—,—,未分發或放棄,1,國立勤益科技大學工業工程與管理系(通過)
CAND_1480,113,ncut_iem,國立勤益科技大學,工業工程與管理系(機械群),國立勤益科技大學 工業工程與管理系(機械群),56010250,*翔,備取,—,—,未分發或放棄,5,國立勤益科技大學工業工程與管理系(通過); 國立虎尾科技大學動力機械工程系(通過); 國立虎尾科技大學工業管理系(通過); 龍華科技大學機械工程系(通過); 臺北城市科技大學機械工程系(通過)
CAND_1481,113,ncut_iem,國立勤益科技大學,工業工程與管理系(機械群),國立勤益科技大學 工業工程與管理系(機械群),58010164,孫*,備取,國立聯合大學,國立聯合大學機械工程學系,其他學校錄取,2,"國立勤益科技大學工業工程與管理系(通過); 國立聯合大學機械工程學系(備取,分發)"
CAND_1482,113,ncut_iem,國立勤益科技大學,工業工程與管理系(機械群),國立勤益科技大學 工業工程與管理系(機械群),61010126,*霆,備取,國立高雄科技大學,國立高雄科技大學造船及海洋工程系,其他學校錄取,4,"國立勤益科技大學工業工程與管理系(通過); 國立高雄科技大學造船及海洋工程系(備取,分發); 國立虎尾科技大學工業管理系(正取); 國立彰化師範大學工業教育與技術學系(備取)"
CAND_1483,113,ncut_iem,國立勤益科技大學,工業工程與管理系(機械群),國立勤益科技大學 工業工程與管理系(機械群),61010130,謝*曜,備取,—,—,未分發或放棄,2,國立勤益科技大學工業工程與管理系(通過); 國立虎尾科技大學機械設計工程系(通過)
CAND_1484,113,ncut_iem,國立勤益科技大學,工業工程與管理系(機械群),國立勤益科技大學 工業工程與管理系(機械群),61010257,趙*,備取,—,—,未分發或放棄,2,國立勤益科技大學工業工程與管理系(通過); 國立高雄科技大學造船及海洋工程系(通過)
CAND_1485,113,ncut_iem,國立勤益科技大學,工業工程與管理系(機械群),國立勤益科技大學 工業工程與管理系(機械群),61010334,*翔,備取,—,—,未分發或放棄,3,國立勤益科技大學工業工程與管理系(通過); 中臺科技大學醫學影像暨放射科學系(通過); 中臺科技大學牙體技術暨材料系(通過)
CAND_1486,113,ncut_iem,國立勤益科技大學,工業工程與管理系(機械群),國立勤益科技大學 工業工程與管理系(機械群),61010445,張*嚴,備取,國立高雄科技大學,國立高雄科技大學航運技術系,其他學校錄取,4,"國立勤益科技大學工業工程與管理系(通過); 國立屏東科技大學機械工程系(正取); 國立高雄科技大學航運技術系(備取,分發); 國立高雄科技大學輪機工程系(備取)"
CAND_1487,113,ncut_iem,國立勤益科技大學,工業工程與管理系(機械群),國立勤益科技大學 工業工程與管理系(機械群),61010461,*家,備取,—,—,未分發或放棄,2,國立勤益科技大學工業工程與管理系(通過); 國立虎尾科技大學工業管理系(通過)
CAND_1488,113,ncut_iem,國立勤益科技大學,工業工程與管理系(機械群),國立勤益科技大學 工業工程與管理系(機械群),61010537,*翔,備取,國立虎尾科技大學,國立虎尾科技大學機械與電腦輔助工程系,其他學校錄取,3,"國立勤益科技大學工業工程與管理系(通過); 國立虎尾科技大學機械與電腦輔助工程系(備取,分發); 朝陽科技大學飛行與民航人員技術系(正取)"
CAND_1489,113,ncut_iem,國立勤益科技大學,工業工程與管理系(機械群),國立勤益科技大學 工業工程與管理系(機械群),61010738,黄*,備取,—,—,未分發或放棄,2,國立勤益科技大學工業工程與管理系(通過); 朝陽科技大學航空機械系(正取)
CAND_1490,113,ncut_iem,國立勤益科技大學,工業工程與管理系(機械群),國立勤益科技大學 工業工程與管理系(機械群),61010846,張*慈,備取,國立臺北商業大學,國立臺北商業大學創意科技與產品設計系(桃園校區),其他學校錄取,4,"國立勤益科技大學工業工程與管理系(通過); 國立虎尾科技大學機械設計工程系(正取); 國立臺北商業大學創意科技與產品設計系(桃園校區)(正取,分發); 嶺東科技大學創意產品設計系(通過)"
CAND_1491,113,ncut_iem,國立勤益科技大學,工業工程與管理系(機械群),國立勤益科技大學 工業工程與管理系(機械群),63010015,葵*,備取,—,—,未分發或放棄,2,國立勤益科技大學工業工程與管理系(通過); 中臺科技大學牙體技術暨材料系(通過)
CAND_1492,113,ncut_iem,國立勤益科技大學,工業工程與管理系(機械群),國立勤益科技大學 工業工程與管理系(機械群),64010041,李*,備取,—,—,未分發或放棄,3,國立勤益科技大學工業工程與管理系(通過); 國立虎尾科技大學工業管理系(通過); 建國科技大學機械工程系(通過)
CAND_1493,113,ncut_iem,國立勤益科技大學,工業工程與管理系(機械群),國立勤益科技大學 工業工程與管理系(機械群),64010047,林*,備取,國立虎尾科技大學,國立虎尾科技大學材料科學與工程系,其他學校錄取,6,"國立勤益科技大學工業工程與管理系(通過); 國立高雄科技大學工業工程與管理系(通過); 國立高雄科技大學模具工程系(通過); 國立高雄科技大學工業設計系(通過); 國立虎尾科技大學材料科學與工程系(正取,分發); 國立虎尾科技大學機械設計工程系(通過)"
CAND_1494,113,ncut_iem,國立勤益科技大學,工業工程與管理系(機械群),國立勤益科技大學 工業工程與管理系(機械群),64010092,A*肜,備取,國立彰化師範大學,國立彰化師範大學工業教育與技術學系,其他學校錄取,6,"國立勤益科技大學工業工程與管理系(通過); 國立高雄科技大學工業工程與管理系(通過); 國立高雄科技大學機電工程系智慧自動化組(通過); 國立虎尾科技大學自動化工程系(通過); 國立虎尾科技大學工業管理系(通過); 國立彰化師範大學工業教育與技術學系(正取,分發)"
CAND_1495,113,ncut_iem,國立勤益科技大學,工業工程與管理系(機械群),國立勤益科技大學 工業工程與管理系(機械群),64010156,黄*豪,備取,—,—,未分發或放棄,3,國立勤益科技大學工業工程與管理系(通過); 國立高雄科技大學輪機工程系(通過); 國立虎尾科技大學工業管理系(通過)
CAND_1496,113,ncut_iem,國立勤益科技大學,工業工程與管理系(機械群),國立勤益科技大學 工業工程與管理系(機械群),64010451,許*銘,備取,—,—,未分發或放棄,2,國立勤益科技大學工業工程與管理系(通過); 國立虎尾科技大學工業管理系(通過)
CAND_1497,113,ncut_iem,國立勤益科技大學,工業工程與管理系(機械群),國立勤益科技大學 工業工程與管理系(機械群),65010105,吳*,備取,—,—,未分發或放棄,1,國立勤益科技大學工業工程與管理系(通過)
CAND_1498,113,ncut_iem,國立勤益科技大學,工業工程與管理系(機械群),國立勤益科技大學 工業工程與管理系(機械群),67010134,*柔,備取,—,—,未分發或放棄,2,國立勤益科技大學工業工程與管理系(通過); 明志科技大學機械工程系精密機械組(通過)
CAND_1499,113,ncut_iem,國立勤益科技大學,工業工程與管理系(機械群),國立勤益科技大學 工業工程與管理系(機械群),67010141,方*綸,備取,國立虎尾科技大學,國立虎尾科技大學臥虎專班(願景計畫),其他學校錄取,4,"國立勤益科技大學工業工程與管理系(通過); 國立屏東科技大學智慧機電學士學位學程(通過); 國立高雄科技大學造船及海洋工程系(備取); 國立虎尾科技大學臥虎專班(願景計畫)(正取,分發)"
CAND_1500,113,ncut_iem,國立勤益科技大學,工業工程與管理系(機械群),國立勤益科技大學 工業工程與管理系(機械群),68010198,黄*,備取,國立雲林科技大學,國立雲林科技大學工業工程與管理系,其他學校錄取,6,"國立勤益科技大學工業工程與管理系(通過); 國立雲林科技大學工業工程與管理系(正取,分發); 國立高雄科技大學工業工程與管理系(通過); 國立高雄科技大學機械工程系(通過); 國立虎尾科技大學動力機械工程系(通過); 國立虎尾科技大學工業管理系(通過)"
CAND_1501,113,ncut_iem,國立勤益科技大學,工業工程與管理系(機械群),國立勤益科技大學 工業工程與管理系(機械群),68010210,陳*,備取,國立高雄科技大學,國立高雄科技大學造船及海洋工程系,其他學校錄取,3,"國立勤益科技大學工業工程與管理系(通過); 國立屏東科技大學機械工程系(通過); 國立高雄科技大學造船及海洋工程系(備取,分發)"
CAND_1502,113,ncut_iem,國立勤益科技大學,工業工程與管理系(機械群),國立勤益科技大學 工業工程與管理系(機械群),68010287,林*志,備取,國立屏東科技大學,國立屏東科技大學機械工程系,其他學校錄取,2,"國立勤益科技大學工業工程與管理系(通過); 國立屏東科技大學機械工程系(正取,分發)"
CAND_1503,113,ncut_iem,國立勤益科技大學,工業工程與管理系(機械群),國立勤益科技大學 工業工程與管理系(機械群),68010301,*瑀,備取,國立屏東科技大學,國立屏東科技大學機械工程系,其他學校錄取,2,"國立勤益科技大學工業工程與管理系(通過); 國立屏東科技大學機械工程系(正取,分發)"
CAND_1504,113,ncut_iem,國立勤益科技大學,工業工程與管理系(機械群),國立勤益科技大學 工業工程與管理系(機械群),68010454,林*J,備取,—,—,未分發或放棄,1,國立勤益科技大學工業工程與管理系(通過)
CAND_1505,113,ncut_iem,國立勤益科技大學,工業工程與管理系(機械群),國立勤益科技大學 工業工程與管理系(機械群),68010465,簡*任,備取,國立高雄科技大學,國立高雄科技大學航運技術系,其他學校錄取,3,"國立勤益科技大學工業工程與管理系(通過); 國立屏東科技大學機械工程系(通過); 國立高雄科技大學航運技術系(正取,分發)"
CAND_1506,113,ncut_iem,國立勤益科技大學,工業工程與管理系(機械群),國立勤益科技大學 工業工程與管理系(機械群),68010511,張*翔,備取,—,—,未分發或放棄,2,國立勤益科技大學工業工程與管理系(通過); 國立屏東科技大學生物機電工程系(通過)
CAND_1507,113,ncut_iem,國立勤益科技大學,工業工程與管理系(機械群),國立勤益科技大學 工業工程與管理系(機械群),70010028,高*育,備取,—,—,未分發或放棄,2,國立勤益科技大學工業工程與管理系(通過); 南臺科技大學機械工程系智慧製造組(通過)
CAND_1508,113,ncut_iem,國立勤益科技大學,工業工程與管理系(機械群),國立勤益科技大學 工業工程與管理系(機械群),70010150,張*羽,備取,—,—,未分發或放棄,2,國立勤益科技大學工業工程與管理系(通過); 國立高雄科技大學造船及海洋工程系(備取)
CAND_1509,113,ncut_iem,國立勤益科技大學,工業工程與管理系(機械群),國立勤益科技大學 工業工程與管理系(機械群),70010177,游*翔,備取,—,—,未分發或放棄,2,國立勤益科技大學工業工程與管理系(通過); 國立屏東科技大學機械工程系(通過)
CAND_1510,113,ncut_iem,國立勤益科技大學,工業工程與管理系(機械群),國立勤益科技大學 工業工程與管理系(機械群),70010245,林*峰,備取,—,—,未分發或放棄,2,國立勤益科技大學工業工程與管理系(通過); 國立聯合大學機械工程學系(通過)
CAND_1511,113,ncut_iem,國立勤益科技大學,工業工程與管理系(機械群),國立勤益科技大學 工業工程與管理系(機械群),70010275,謝*敬,備取,—,—,未分發或放棄,3,國立勤益科技大學工業工程與管理系(通過); 國立屏東科技大學機械工程系(通過); 國立虎尾科技大學材料科學與工程系(通過)
CAND_1512,113,ncut_iem,國立勤益科技大學,工業工程與管理系(機械群),國立勤益科技大學 工業工程與管理系(機械群),70010365,簡*宇,備取,—,—,未分發或放棄,2,國立勤益科技大學工業工程與管理系(通過); 國立屏東科技大學機械工程系(通過)
CAND_1513,113,ncut_iem,國立勤益科技大學,工業工程與管理系(機械群),國立勤益科技大學 工業工程與管理系(機械群),71010245,徐*,備取,—,—,未分發或放棄,2,國立勤益科技大學工業工程與管理系(通過); 國立虎尾科技大學機械與電腦輔助工程系(通過)
CAND_1514,113,ncut_iem,國立勤益科技大學,工業工程與管理系(機械群),國立勤益科技大學 工業工程與管理系(機械群),74010028,印*授,備取,國立高雄科技大學,國立高雄科技大學工業工程與管理系,其他學校錄取,4,"國立勤益科技大學工業工程與管理系(通過); 國立雲林科技大學機械工程系(正取); 國立高雄科技大學工業工程與管理系(正取,分發); 國立虎尾科技大學工業管理系(正取)"
CAND_1515,113,ncut_iem,國立勤益科技大學,工業工程與管理系(資電類),國立勤益科技大學 工業工程與管理系(資電類),68040114,李*佑,正取,國立雲林科技大學,國立雲林科技大學環境與安全衛生工程系,其他學校錄取,5,"國立勤益科技大學工業工程與管理系(正取); 國立雲林科技大學環境與安全衛生工程系(備取,分發); 國立高雄科技大學智慧商務系(正取); 國立高雄科技大學高瞻科技不分系學士學位學程(正取); 國立虎尾科技大學材料科學與工程系(正取)"
CAND_1516,113,ncut_iem,國立勤益科技大學,工業工程與管理系(資電類),國立勤益科技大學 工業工程與管理系(資電類),59040006,趙*紘,正取,國立臺中科技大學,國立臺中科技大學智慧生產工程系,其他學校錄取,2,"國立勤益科技大學工業工程與管理系(正取); 國立臺中科技大學智慧生產工程系(正取,分發)"
CAND_1517,113,ncut_iem,國立勤益科技大學,工業工程與管理系(資電類),國立勤益科技大學 工業工程與管理系(資電類),56040161,葉*妤,正取,國立臺中科技大學,國立臺中科技大學智慧生產工程系,其他學校錄取,4,"國立勤益科技大學工業工程與管理系(正取); 國立虎尾科技大學材料科學與工程系(正取); 國立虎尾科技大學光電工程系(備取); 國立臺中科技大學智慧生產工程系(正取,分發)"
CAND_1518,113,ncut_iem,國立勤益科技大學,工業工程與管理系(資電類),國立勤益科技大學 工業工程與管理系(資電類),52040702,謝*,正取,國立勤益科技大學,國立勤益科技大學工業工程與管理系,原校系/本校留任,1,"國立勤益科技大學工業工程與管理系(正取,分發)"
CAND_1519,113,ncut_iem,國立勤益科技大學,工業工程與管理系(資電類),國立勤益科技大學 工業工程與管理系(資電類),57040224,陳*威,正取,國立臺中科技大學,國立臺中科技大學智慧生產工程系,其他學校錄取,3,"國立勤益科技大學工業工程與管理系(正取); 國立虎尾科技大學光電工程系(通過); 國立臺中科技大學智慧生產工程系(正取,分發)"
CAND_1520,113,ncut_iem,國立勤益科技大學,工業工程與管理系(資電類),國立勤益科技大學 工業工程與管理系(資電類),62040117,鄧*,正取,國立勤益科技大學,國立勤益科技大學工業工程與管理系,原校系/本校留任,1,"國立勤益科技大學工業工程與管理系(正取,分發)"
CAND_1521,113,ncut_iem,國立勤益科技大學,工業工程與管理系(資電類),國立勤益科技大學 工業工程與管理系(資電類),61040754,*綾,正取,國立屏東大學,國立屏東大學電腦與通訊學系,其他學校錄取,3,"國立勤益科技大學工業工程與管理系(正取); 國立屏東大學電腦與通訊學系(正取,分發); 靜宜大學資訊工程學系(正取)"
CAND_1522,113,ncut_iem,國立勤益科技大學,工業工程與管理系(資電類),國立勤益科技大學 工業工程與管理系(資電類),73040024,吳*騰,正取,—,—,未分發或放棄,3,國立勤益科技大學工業工程與管理系(正取); 國立屏東大學電腦與通訊學系(正取); 銘傳大學電腦與通訊工程學系(桃園校區)(正取)
CAND_1523,113,ncut_iem,國立勤益科技大學,工業工程與管理系(資電類),國立勤益科技大學 工業工程與管理系(資電類),68510087,陳*軒,正取,國立虎尾科技大學,國立虎尾科技大學光電工程系,其他學校錄取,4,"國立勤益科技大學工業工程與管理系(正取); 國立虎尾科技大學光電工程系(備取,分發); 國立屏東大學資訊工程學系(備取); 國立屏東大學電腦與通訊學系(正取)"
CAND_1524,113,ncut_iem,國立勤益科技大學,工業工程與管理系(資電類),國立勤益科技大學 工業工程與管理系(資電類),57040394,—,正取,國立勤益科技大學,國立勤益科技大學工業工程與管理系,原校系/本校留任,2,"國立勤益科技大學工業工程與管理系(正取,分發); 國立屏東大學電腦與通訊學系(備取)"
CAND_1525,113,ncut_iem,國立勤益科技大學,工業工程與管理系(資電類),國立勤益科技大學 工業工程與管理系(資電類),56040145,李*晴,正取,國立勤益科技大學,國立勤益科技大學工業工程與管理系,原校系/本校留任,2,"國立勤益科技大學工業工程與管理系(正取,分發); 國立虎尾科技大學材料科學與工程系(通過)"
CAND_1526,113,ncut_iem,國立勤益科技大學,工業工程與管理系(資電類),國立勤益科技大學 工業工程與管理系(資電類),67040042,*小,正取,國立勤益科技大學,國立勤益科技大學工業工程與管理系,原校系/本校留任,1,"國立勤益科技大學工業工程與管理系(正取,分發)"
CAND_1527,113,ncut_iem,國立勤益科技大學,工業工程與管理系(資電類),國立勤益科技大學 工業工程與管理系(資電類),56040233,鄧*,正取,國立虎尾科技大學,國立虎尾科技大學臥虎專班(願景計畫),其他學校錄取,2,"國立勤益科技大學工業工程與管理系(正取); 國立虎尾科技大學臥虎專班(願景計畫)(正取,分發)"
CAND_1528,113,ncut_iem,國立勤益科技大學,工業工程與管理系(資電類),國立勤益科技大學 工業工程與管理系(資電類),52040175,江*祐,正取,明志科技大學,明志科技大學電子工程系,其他學校錄取,4,"國立勤益科技大學工業工程與管理系(正取); 國立虎尾科技大學光電工程系(備取); 明志科技大學電子工程系(正取,分發); 明志科技大學工業工程與管理系(通過)"
CAND_1529,113,ncut_iem,國立勤益科技大學,工業工程與管理系(資電類),國立勤益科技大學 工業工程與管理系(資電類),52040087,徐*,正取,明志科技大學,明志科技大學電子工程系,其他學校錄取,5,"國立勤益科技大學工業工程與管理系(正取); 龍華科技大學半導體工程系(通過); 明志科技大學電子工程系(正取,分發); 明志科技大學工業工程與管理系(正取); 亞東科技大學電機工程系(通過)"
CAND_1530,113,ncut_iem,國立勤益科技大學,工業工程與管理系(資電類),國立勤益科技大學 工業工程與管理系(資電類),54040189,楊*,正取,國立虎尾科技大學,國立虎尾科技大學財務金融系,其他學校錄取,3,"國立勤益科技大學工業工程與管理系(正取); 國立高雄科技大學商務資訊應用系(備取); 國立虎尾科技大學財務金融系(備取,分發)"
CAND_1531,113,ncut_iem,國立勤益科技大學,工業工程與管理系(資電類),國立勤益科技大學 工業工程與管理系(資電類),70040203,*謙,正取,國立勤益科技大學,國立勤益科技大學工業工程與管理系,原校系/本校留任,1,"國立勤益科技大學工業工程與管理系(正取,分發)"
CAND_1532,113,ncut_iem,國立勤益科技大學,工業工程與管理系(資電類),國立勤益科技大學 工業工程與管理系(資電類),70040307,*均,正取,國立高雄科技大學,國立高雄科技大學高瞻科技不分系學士學位學程,其他學校錄取,3,"國立勤益科技大學工業工程與管理系(正取); 國立高雄科技大學商務資訊應用系(正取); 國立高雄科技大學高瞻科技不分系學士學位學程(備取,分發)"
CAND_1533,113,ncut_iem,國立勤益科技大學,工業工程與管理系(資電類),國立勤益科技大學 工業工程與管理系(資電類),67040106,黄*木,正取,國立勤益科技大學,國立勤益科技大學工業工程與管理系,原校系/本校留任,3,"國立勤益科技大學工業工程與管理系(正取,分發); 國立高雄科技大學商務資訊應用系(備取); 國立臺中科技大學智慧生產工程系(備取)"
CAND_1534,113,ncut_iem,國立勤益科技大學,工業工程與管理系(資電類),國立勤益科技大學 工業工程與管理系(資電類),61040500,許*,正取,國立臺中科技大學,國立臺中科技大學智慧生產工程系,其他學校錄取,4,"國立勤益科技大學工業工程與管理系(正取); 國立虎尾科技大學材料科學與工程系(備取); 國立臺中科技大學智慧生產工程系(備取,分發); 朝陽科技大學資訊管理系資訊管理組(通過)"
CAND_1535,113,ncut_iem,國立勤益科技大學,工業工程與管理系(資電類),國立勤益科技大學 工業工程與管理系(資電類),59040207,彭*達,正取,國立勤益科技大學,國立勤益科技大學工業工程與管理系,原校系/本校留任,5,"國立勤益科技大學工業工程與管理系(正取,分發); 國立澎湖科技大學電信工程系(通過); 國立澎湖科技大學資訊管理系(通過); 明志科技大學電機工程系(備取); 明志科技大學電子工程系(備取)"
CAND_1536,113,ncut_iem,國立勤益科技大學,工業工程與管理系(資電類),國立勤益科技大學 工業工程與管理系(資電類),57040075,張*菖,備取,國立勤益科技大學,國立勤益科技大學工業工程與管理系,原校系/本校留任,2,"國立勤益科技大學工業工程與管理系(備取,分發); 國立聯合大學光電工程學系(正取)"
CAND_1537,113,ncut_iem,國立勤益科技大學,工業工程與管理系(資電類),國立勤益科技大學 工業工程與管理系(資電類),61040403,李*宇,備取,國立勤益科技大學,國立勤益科技大學工業工程與管理系,原校系/本校留任,2,"國立勤益科技大學工業工程與管理系(備取,分發); 國立臺北商業大學創意科技與產品設計系(桃園校區)(通過)"
CAND_1538,113,ncut_iem,國立勤益科技大學,工業工程與管理系(資電類),國立勤益科技大學 工業工程與管理系(資電類),59040072,*女,備取,國立勤益科技大學,國立勤益科技大學工業工程與管理系,原校系/本校留任,3,"國立勤益科技大學工業工程與管理系(備取,分發); 國立臺中科技大學智慧生產工程系(備取); 國立聯合大學光電工程學系(通過)"
CAND_1539,113,ncut_iem,國立勤益科技大學,工業工程與管理系(資電類),國立勤益科技大學 工業工程與管理系(資電類),57040109,黄*瑜,備取,國立勤益科技大學,國立勤益科技大學工業工程與管理系,原校系/本校留任,1,"國立勤益科技大學工業工程與管理系(備取,分發)"
CAND_1540,113,ncut_iem,國立勤益科技大學,工業工程與管理系(資電類),國立勤益科技大學 工業工程與管理系(資電類),61040873,陳*全,備取,國立勤益科技大學,國立勤益科技大學工業工程與管理系,原校系/本校留任,4,"國立勤益科技大學工業工程與管理系(備取,分發); 國立澎湖科技大學電機工程系(資安人才)(通過); 國立臺中科技大學智慧生產工程系(備取); 國立聯合大學光電工程學系(備取)"
CAND_1541,113,ncut_iem,國立勤益科技大學,工業工程與管理系(資電類),國立勤益科技大學 工業工程與管理系(資電類),60040019,吳*亦,備取,—,—,未分發或放棄,3,國立勤益科技大學工業工程與管理系(備取); 朝陽科技大學資訊與通訊系(正取); 明志科技大學電機工程系(通過)
CAND_1542,113,ncut_iem,國立勤益科技大學,工業工程與管理系(資電類),國立勤益科技大學 工業工程與管理系(資電類),70040069,*廷,備取,國立臺中科技大學,國立臺中科技大學智慧生產工程系,其他學校錄取,2,"國立勤益科技大學工業工程與管理系(備取); 國立臺中科技大學智慧生產工程系(備取,分發)"
CAND_1543,113,ncut_iem,國立勤益科技大學,工業工程與管理系(資電類),國立勤益科技大學 工業工程與管理系(資電類),68040310,—,備取,國立屏東大學,國立屏東大學電腦與通訊學系,其他學校錄取,3,"國立勤益科技大學工業工程與管理系(備取); 朝陽科技大學資訊管理系資訊管理組(通過); 國立屏東大學電腦與通訊學系(正取,分發)"
CAND_1544,113,ncut_iem,國立勤益科技大學,工業工程與管理系(資電類),國立勤益科技大學 工業工程與管理系(資電類),52040367,許*宇,備取,國立勤益科技大學,國立勤益科技大學工業工程與管理系,原校系/本校留任,2,"國立勤益科技大學工業工程與管理系(備取,分發); 國立聯合大學電子工程學系(備取)"
CAND_1545,113,ncut_iem,國立勤益科技大學,工業工程與管理系(資電類),國立勤益科技大學 工業工程與管理系(資電類),67040090,吳*,備取,國立勤益科技大學,國立勤益科技大學工業工程與管理系,原校系/本校留任,1,"國立勤益科技大學工業工程與管理系(備取,分發)"
CAND_1546,113,ncut_iem,國立勤益科技大學,工業工程與管理系(資電類),國立勤益科技大學 工業工程與管理系(資電類),61040595,周*綸,備取,國立勤益科技大學,國立勤益科技大學工業工程與管理系,原校系/本校留任,2,"國立勤益科技大學工業工程與管理系(備取,分發); 國立高雄科技大學商務資訊應用系(備取)"
CAND_1547,113,ncut_iem,國立勤益科技大學,工業工程與管理系(資電類),國立勤益科技大學 工業工程與管理系(資電類),61040451,林*宇,備取,國立勤益科技大學,國立勤益科技大學工業工程與管理系,原校系/本校留任,1,"國立勤益科技大學工業工程與管理系(備取,分發)"
CAND_1548,113,ncut_iem,國立勤益科技大學,工業工程與管理系(資電類),國立勤益科技大學 工業工程與管理系(資電類),73040071,林*存,備取,國立臺北商業大學,國立臺北商業大學創意科技與產品設計系(桃園校區),其他學校錄取,5,"國立勤益科技大學工業工程與管理系(備取); 國立臺北商業大學創意科技與產品設計系(桃園校區)(備取,分發); 朝陽科技大學資訊管理系資訊管理組(通過); 龍華科技大學電子工程系(通過); 致理科技大學資訊管理系(通過)"
CAND_1549,113,ncut_iem,國立勤益科技大學,工業工程與管理系(資電類),國立勤益科技大學 工業工程與管理系(資電類),57040374,高*女,備取,國立勤益科技大學,國立勤益科技大學工業工程與管理系,原校系/本校留任,2,"國立勤益科技大學工業工程與管理系(備取,分發); 國立高雄科技大學商務資訊應用系(備取)"
CAND_1550,113,ncut_iem,國立勤益科技大學,工業工程與管理系(資電類),國立勤益科技大學 工業工程與管理系(資電類),59040180,范*筠,備取,國立勤益科技大學,國立勤益科技大學工業工程與管理系,原校系/本校留任,3,"國立勤益科技大學工業工程與管理系(備取,分發); 明新科技大學工業工程與管理系(正取); 明志科技大學工業工程與管理系(正取)"
CAND_1551,113,ncut_iem,國立勤益科技大學,工業工程與管理系(資電類),國立勤益科技大學 工業工程與管理系(資電類),57510001,翁*翔,備取,國立勤益科技大學,國立勤益科技大學工業工程與管理系,原校系/本校留任,3,"國立勤益科技大學工業工程與管理系(備取,分發); 國立聯合大學電子工程學系(備取); 國立屏東大學電腦與通訊學系(備取)"
CAND_1552,113,ncut_iem,國立勤益科技大學,工業工程與管理系(資電類),國立勤益科技大學 工業工程與管理系(資電類),66040029,林*祥,備取,國立勤益科技大學,國立勤益科技大學工業工程與管理系,原校系/本校留任,2,"國立勤益科技大學工業工程與管理系(備取,分發); 國立屏東大學電腦與通訊學系(備取)"
CAND_1553,113,ncut_iem,國立勤益科技大學,工業工程與管理系(資電類),國立勤益科技大學 工業工程與管理系(資電類),54040163,李*全,備取,—,—,未分發或放棄,1,國立勤益科技大學工業工程與管理系(備取)
CAND_1554,113,ncut_iem,國立勤益科技大學,工業工程與管理系(資電類),國立勤益科技大學 工業工程與管理系(資電類),64040015,周*恩,備取,國立高雄科技大學,國立高雄科技大學海事資訊科技系,其他學校錄取,3,"國立勤益科技大學工業工程與管理系(備取); 國立高雄科技大學海事資訊科技系(備取,分發); 國立臺中科技大學智慧生產工程系(備取)"
CAND_1555,113,ncut_iem,國立勤益科技大學,工業工程與管理系(資電類),國立勤益科技大學 工業工程與管理系(資電類),56040110,許*齊,備取,—,—,未分發或放棄,1,國立勤益科技大學工業工程與管理系(備取)
CAND_1556,113,ncut_iem,國立勤益科技大學,工業工程與管理系(資電類),國立勤益科技大學 工業工程與管理系(資電類),56040082,張*齊,備取,國立屏東大學,國立屏東大學電腦與通訊學系,其他學校錄取,3,"國立勤益科技大學工業工程與管理系(備取); 國立臺中科技大學智慧生產工程系(備取); 國立屏東大學電腦與通訊學系(備取,分發)"
CAND_1557,113,ncut_iem,國立勤益科技大學,工業工程與管理系(資電類),國立勤益科技大學 工業工程與管理系(資電類),59040275,魏*哲,備取,—,—,未分發或放棄,2,國立勤益科技大學工業工程與管理系(備取); 朝陽科技大學資訊工程系資電工程組(通過)
CAND_1558,113,ncut_iem,國立勤益科技大學,工業工程與管理系(資電類),國立勤益科技大學 工業工程與管理系(資電類),61040548,柯*有,備取,—,—,未分發或放棄,1,國立勤益科技大學工業工程與管理系(備取)
CAND_1559,113,ncut_iem,國立勤益科技大學,工業工程與管理系(資電類),國立勤益科技大學 工業工程與管理系(資電類),68040185,林*諿,備取,國立虎尾科技大學,國立虎尾科技大學材料科學與工程系,其他學校錄取,5,"國立勤益科技大學工業工程與管理系(備取); 國立高雄科技大學商務資訊應用系(備取); 國立高雄科技大學海事資訊科技系(備取); 國立虎尾科技大學材料科學與工程系(備取,分發); 國立臺中科技大學智慧生產工程系(備取)"
CAND_1560,113,ncut_iem,國立勤益科技大學,工業工程與管理系(資電類),國立勤益科技大學 工業工程與管理系(資電類),59040084,*程,備取,—,—,未分發或放棄,2,國立勤益科技大學工業工程與管理系(備取); 國立聯合大學光電工程學系(備取)
CAND_1561,113,ncut_iem,國立勤益科技大學,工業工程與管理系(資電類),國立勤益科技大學 工業工程與管理系(資電類),61040160,張*翔,備取,—,—,未分發或放棄,4,國立勤益科技大學工業工程與管理系(備取); 國立臺中科技大學智慧生產工程系(備取); 朝陽科技大學資訊工程系資電工程組(通過); 弘光科技大學智慧科技應用系(通過)
CAND_1562,113,ncut_iem,國立勤益科技大學,工業工程與管理系(資電類),國立勤益科技大學 工業工程與管理系(資電類),52040072,李*和,備取,明志科技大學,明志科技大學電子工程系,其他學校錄取,2,"國立勤益科技大學工業工程與管理系(通過); 明志科技大學電子工程系(備取,分發)"
CAND_1563,113,ncut_iem,國立勤益科技大學,工業工程與管理系(資電類),國立勤益科技大學 工業工程與管理系(資電類),52040136,謝*培,備取,—,—,未分發或放棄,1,國立勤益科技大學工業工程與管理系(通過)
CAND_1564,113,ncut_iem,國立勤益科技大學,工業工程與管理系(資電類),國立勤益科技大學 工業工程與管理系(資電類),56040175,林*賢,備取,世新大學,世新大學數位多媒體設計學系,其他學校錄取,3,"國立勤益科技大學工業工程與管理系(通過); 國立虎尾科技大學電子工程科(二專部)(正取); 世新大學數位多媒體設計學系(正取,分發)"
CAND_1565,113,ncut_iem,國立勤益科技大學,工業工程與管理系(資電類),國立勤益科技大學 工業工程與管理系(資電類),58040105,蘇*愷,備取,—,—,未分發或放棄,3,國立勤益科技大學工業工程與管理系(通過); 國立虎尾科技大學多媒體設計系(通過); 明志科技大學環境與安全衛生工程系(通過)
CAND_1566,113,ncut_iem,國立勤益科技大學,工業工程與管理系(資電類),國立勤益科技大學 工業工程與管理系(資電類),59040054,*吴,備取,國立虎尾科技大學,國立虎尾科技大學臥虎專班(願景計畫),其他學校錄取,3,"國立勤益科技大學工業工程與管理系(通過); 國立虎尾科技大學臥虎專班(願景計畫)(正取,分發); 明新科技大學資訊管理系(備取)"
CAND_1567,113,ncut_iem,國立勤益科技大學,工業工程與管理系(資電類),國立勤益科技大學 工業工程與管理系(資電類),59040151,*宇,備取,—,—,未分發或放棄,3,國立勤益科技大學工業工程與管理系(通過); 國立聯合大學光電工程學系(通過); 國立屏東大學電腦與通訊學系(通過)
CAND_1568,113,ncut_iem,國立勤益科技大學,工業工程與管理系(資電類),國立勤益科技大學 工業工程與管理系(資電類),61040043,*J,備取,—,—,未分發或放棄,2,國立勤益科技大學工業工程與管理系(通過); 明志科技大學電子工程系(通過)
CAND_1569,113,ncut_iem,國立勤益科技大學,工業工程與管理系(資電類),國立勤益科技大學 工業工程與管理系(資電類),61040383,許*,備取,—,—,未分發或放棄,1,國立勤益科技大學工業工程與管理系(通過)
CAND_1570,113,ncut_iem,國立勤益科技大學,工業工程與管理系(資電類),國立勤益科技大學 工業工程與管理系(資電類),61040395,吳*逸,備取,國立臺中科技大學,國立臺中科技大學多媒體設計系,其他學校錄取,2,"國立勤益科技大學工業工程與管理系(通過); 國立臺中科技大學多媒體設計系(備取,分發)"
CAND_1571,113,ncut_iem,國立勤益科技大學,工業工程與管理系(資電類),國立勤益科技大學 工業工程與管理系(資電類),61040454,*儀,備取,僑光科技大學,僑光科技大學多媒體與遊戲設計系,其他學校錄取,4,"國立勤益科技大學工業工程與管理系(通過); 僑光科技大學資訊科技系(通過); 僑光科技大學多媒體與遊戲設計系(正取,分發); 亞洲大學生物資訊與醫學工程學系(通過)"
CAND_1572,113,ncut_iem,國立勤益科技大學,工業工程與管理系(資電類),國立勤益科技大學 工業工程與管理系(資電類),66510011,李*毅,備取,—,—,未分發或放棄,1,國立勤益科技大學工業工程與管理系(通過)
CAND_1573,113,ncut_iem,國立勤益科技大學,工業工程與管理系(資電類),國立勤益科技大學 工業工程與管理系(資電類),67040138,林*,備取,—,—,未分發或放棄,2,國立勤益科技大學工業工程與管理系(通過); 國立虎尾科技大學飛機工程系航空電子組(通過)
CAND_1574,113,ncut_iem,國立勤益科技大學,工業工程與管理系(資電類),國立勤益科技大學 工業工程與管理系(資電類),67040150,黄*章,備取,—,—,未分發或放棄,1,國立勤益科技大學工業工程與管理系(通過)
CAND_1575,113,ncut_iem,國立勤益科技大學,工業工程與管理系(資電類),國立勤益科技大學 工業工程與管理系(資電類),68040076,郭*,備取,—,—,未分發或放棄,1,國立勤益科技大學工業工程與管理系(通過)
CAND_1576,113,ncut_iem,國立勤益科技大學,工業工程與管理系(資電類),國立勤益科技大學 工業工程與管理系(資電類),68040094,許*慈,備取,國立虎尾科技大學,國立虎尾科技大學材料科學與工程系,其他學校錄取,4,"國立勤益科技大學工業工程與管理系(通過); 國立高雄科技大學商務資訊應用系(備取); 國立虎尾科技大學材料科學與工程系(備取,分發); 國立虎尾科技大學飛機工程系航空電子組(通過)"
CAND_1577,113,ncut_iem,國立勤益科技大學,工業工程與管理系(資電類),國立勤益科技大學 工業工程與管理系(資電類),68040306,*祐,備取,—,—,未分發或放棄,2,國立勤益科技大學工業工程與管理系(通過); 國立屏東大學電腦與通訊學系(通過)
CAND_1578,113,ncut_iem,國立勤益科技大學,工業工程與管理系(資電類),國立勤益科技大學 工業工程與管理系(資電類),70040113,謝*,備取,國立高雄科技大學,國立高雄科技大學海事資訊科技系,其他學校錄取,2,"國立勤益科技大學工業工程與管理系(通過); 國立高雄科技大學海事資訊科技系(正取,分發)"
CAND_1579,113,ncut_iem,國立勤益科技大學,工業工程與管理系(商管群),國立勤益科技大學 工業工程與管理系(商管群),61091113,女*妤,正取,國立臺中科技大學,國立臺中科技大學財政稅務系,其他學校錄取,5,"國立勤益科技大學工業工程與管理系(正取); 國立高雄科技大學工業工程與管理系(通過); 國立虎尾科技大學財務金融系(通過); 國立臺中科技大學財政稅務系(備取,分發); 逢甲大學財稅學系(正取)"
CAND_1580,113,ncut_iem,國立勤益科技大學,工業工程與管理系(商管群),國立勤益科技大學 工業工程與管理系(商管群),61091007,何*,正取,國立勤益科技大學,國立勤益科技大學工業工程與管理系,原校系/本校留任,1,"國立勤益科技大學工業工程與管理系(正取,分發)"
CAND_1581,113,ncut_iem,國立勤益科技大學,工業工程與管理系(商管群),國立勤益科技大學 工業工程與管理系(商管群),64090245,林*慈,正取,—,—,未分發或放棄,2,國立勤益科技大學工業工程與管理系(正取); 國立虎尾科技大學工業管理系(正取)
CAND_1582,113,ncut_iem,國立勤益科技大學,工業工程與管理系(商管群),國立勤益科技大學 工業工程與管理系(商管群),56090530,楊*,正取,國立宜蘭大學,國立宜蘭大學應用經濟與管理學系,其他學校錄取,4,"國立勤益科技大學工業工程與管理系(正取); 國立虎尾科技大學工業管理系(通過); 國立臺中科技大學會計資訊系(備取); 國立宜蘭大學應用經濟與管理學系(正取,分發)"
CAND_1583,113,ncut_iem,國立勤益科技大學,工業工程與管理系(商管群),國立勤益科技大學 工業工程與管理系(商管群),56090377,鄭*偉,正取,國立勤益科技大學,國立勤益科技大學工業工程與管理系,原校系/本校留任,1,"國立勤益科技大學工業工程與管理系(正取,分發)"
CAND_1584,113,ncut_iem,國立勤益科技大學,工業工程與管理系(商管群),國立勤益科技大學 工業工程與管理系(商管群),70091022,馮*𡤃,正取,國立虎尾科技大學,國立虎尾科技大學工業管理系,其他學校錄取,2,"國立勤益科技大學工業工程與管理系(正取); 國立虎尾科技大學工業管理系(正取,分發)"
CAND_1585,113,ncut_iem,國立勤益科技大學,工業工程與管理系(商管群),國立勤益科技大學 工業工程與管理系(商管群),52090609,高*婷,正取,實踐大學,實踐大學財務金融學系(臺北校區),其他學校錄取,3,"國立勤益科技大學工業工程與管理系(正取); 銘傳大學企業管理學系(台北校區)(備取); 實踐大學財務金融學系(臺北校區)(正取,分發)"
CAND_1586,113,ncut_iem,國立勤益科技大學,工業工程與管理系(商管群),國立勤益科技大學 工業工程與管理系(商管群),61090103,*婕,正取,國立勤益科技大學,國立勤益科技大學工業工程與管理系,原校系/本校留任,2,"國立勤益科技大學工業工程與管理系(正取,分發); 國立屏東大學財務金融學系(正取)"
CAND_1587,113,ncut_iem,國立勤益科技大學,工業工程與管理系(商管群),國立勤益科技大學 工業工程與管理系(商管群),59090005,彭*,正取,國立虎尾科技大學,國立虎尾科技大學工業管理系,其他學校錄取,4,"國立勤益科技大學工業工程與管理系(正取); 國立高雄科技大學供應鏈管理系(備取); 國立虎尾科技大學工業管理系(正取,分發); 國立臺灣海洋大學海洋經營管理學士學位學程(備取)"
CAND_1588,113,ncut_iem,國立勤益科技大學,工業工程與管理系(商管群),國立勤益科技大學 工業工程與管理系(商管群),60090205,蘇*有,正取,國立虎尾科技大學,國立虎尾科技大學工業管理系,其他學校錄取,4,"國立勤益科技大學工業工程與管理系(正取); 國立虎尾科技大學工業管理系(正取,分發); 朝陽科技大學資訊管理系資訊管理組(通過); 南臺科技大學資訊管理系(通過)"
CAND_1589,113,ncut_iem,國立勤益科技大學,工業工程與管理系(商管群),國立勤益科技大學 工業工程與管理系(商管群),61090142,林*,正取,國立勤益科技大學,國立勤益科技大學工業工程與管理系,原校系/本校留任,3,"國立勤益科技大學工業工程與管理系(正取,分發); 國立屏東科技大學工業管理系(通過); 國立澎湖科技大學航運管理系(通過)"
CAND_1590,113,ncut_iem,國立勤益科技大學,工業工程與管理系(商管群),國立勤益科技大學 工業工程與管理系(商管群),62090002,陳*婷,正取,國立勤益科技大學,國立勤益科技大學工業工程與管理系,原校系/本校留任,1,"國立勤益科技大學工業工程與管理系(正取,分發)"
CAND_1591,113,ncut_iem,國立勤益科技大學,工業工程與管理系(商管群),國立勤益科技大學 工業工程與管理系(商管群),60090153,黄*印,正取,國立勤益科技大學,國立勤益科技大學工業工程與管理系,原校系/本校留任,3,"國立勤益科技大學工業工程與管理系(正取,分發); 國立虎尾科技大學工業管理系(正取); 國立屏東大學資訊管理學系(通過)"
CAND_1592,113,ncut_iem,國立勤益科技大學,工業工程與管理系(商管群),國立勤益科技大學 工業工程與管理系(商管群),51090244,吳*宇,正取,國立勤益科技大學,國立勤益科技大學工業工程與管理系,原校系/本校留任,2,"國立勤益科技大學工業工程與管理系(正取,分發); 國立虎尾科技大學工業管理系(通過)"
CAND_1593,113,ncut_iem,國立勤益科技大學,工業工程與管理系(商管群),國立勤益科技大學 工業工程與管理系(商管群),56090498,盛*,正取,—,—,未分發或放棄,4,國立勤益科技大學工業工程與管理系(正取); 國立高雄科技大學風險管理與保險系(通過); 國立虎尾科技大學工業管理系(通過); 國立屏東大學會計學系(通過)
CAND_1594,113,ncut_iem,國立勤益科技大學,工業工程與管理系(商管群),國立勤益科技大學 工業工程與管理系(商管群),58090120,彭*恩,正取,國立臺中科技大學,國立臺中科技大學資訊工程系,其他學校錄取,2,"國立勤益科技大學工業工程與管理系(正取); 國立臺中科技大學資訊工程系(正取,分發)"
CAND_1595,113,ncut_iem,國立勤益科技大學,工業工程與管理系(商管群),國立勤益科技大學 工業工程與管理系(商管群),61090527,李*慈,正取,國立虎尾科技大學,國立虎尾科技大學工業管理系,其他學校錄取,3,"國立勤益科技大學工業工程與管理系(正取); 國立虎尾科技大學工業管理系(正取,分發); 國立臺中科技大學保險金融管理系(備取)"
CAND_1596,113,ncut_iem,國立勤益科技大學,工業工程與管理系(商管群),國立勤益科技大學 工業工程與管理系(商管群),61090112,陸*瑜,正取,國立勤益科技大學,國立勤益科技大學工業工程與管理系,原校系/本校留任,6,"國立勤益科技大學工業工程與管理系(正取,分發); 國立臺中科技大學保險金融管理系(備取); 朝陽科技大學財務金融系(通過); 僑光科技大學企業管理系(通過); 僑光科技大學財務金融系(通過); 僑光科技大學行銷與流通管理系(通過)"
CAND_1597,113,ncut_iem,國立勤益科技大學,工業工程與管理系(商管群),國立勤益科技大學 工業工程與管理系(商管群),65090095,黄*筑,正取,國立臺中科技大學,國立臺中科技大學國際貿易與經營系,其他學校錄取,3,"國立勤益科技大學工業工程與管理系(正取); 國立高雄科技大學供應鏈管理系(備取); 國立臺中科技大學國際貿易與經營系(備取,分發)"
CAND_1598,113,ncut_iem,國立勤益科技大學,工業工程與管理系(商管群),國立勤益科技大學 工業工程與管理系(商管群),54090437,吳*潼,正取,國立臺北護理健康大學,國立臺北護理健康大學資訊管理系,其他學校錄取,3,"國立勤益科技大學工業工程與管理系(正取); 國立臺北護理健康大學資訊管理系(備取,分發); 國立臺中科技大學應用統計系(正取)"
CAND_1599,113,ncut_iem,國立勤益科技大學,工業工程與管理系(商管群),國立勤益科技大學 工業工程與管理系(商管群),59090449,陳*如,正取,國立勤益科技大學,國立勤益科技大學工業工程與管理系,原校系/本校留任,2,"國立勤益科技大學工業工程與管理系(正取,分發); 國立虎尾科技大學工業管理系(正取)"
CAND_1600,113,ncut_iem,國立勤益科技大學,工業工程與管理系(商管群),國立勤益科技大學 工業工程與管理系(商管群),65090187,張*福,正取,國立勤益科技大學,國立勤益科技大學工業工程與管理系,原校系/本校留任,2,"國立勤益科技大學工業工程與管理系(正取,分發); 國立屏東科技大學資訊管理系(通過)"
CAND_1601,113,ncut_iem,國立勤益科技大學,工業工程與管理系(商管群),國立勤益科技大學 工業工程與管理系(商管群),58090349,金*,正取,國立高雄科技大學,國立高雄科技大學供應鏈管理系,其他學校錄取,2,"國立勤益科技大學工業工程與管理系(正取); 國立高雄科技大學供應鏈管理系(正取,分發)"
CAND_1602,113,ncut_iem,國立勤益科技大學,工業工程與管理系(商管群),國立勤益科技大學 工業工程與管理系(商管群),69090013,歐*妤,正取,國立虎尾科技大學,國立虎尾科技大學工業管理系,其他學校錄取,3,"國立勤益科技大學工業工程與管理系(正取); 國立屏東科技大學工業管理系(正取); 國立虎尾科技大學工業管理系(備取,分發)"
CAND_1603,113,ncut_iem,國立勤益科技大學,工業工程與管理系(商管群),國立勤益科技大學 工業工程與管理系(商管群),61090073,*岑,正取,國立勤益科技大學,國立勤益科技大學工業工程與管理系,原校系/本校留任,1,"國立勤益科技大學工業工程與管理系(正取,分發)"
CAND_1604,113,ncut_iem,國立勤益科技大學,工業工程與管理系(商管群),國立勤益科技大學 工業工程與管理系(商管群),57090145,馮*凱,正取,國立虎尾科技大學,國立虎尾科技大學工業管理系,其他學校錄取,3,"國立勤益科技大學工業工程與管理系(正取); 國立屏東科技大學資訊管理系(通過); 國立虎尾科技大學工業管理系(正取,分發)"
CAND_1605,113,ncut_iem,國立勤益科技大學,工業工程與管理系(商管群),國立勤益科技大學 工業工程與管理系(商管群),61091492,林*,正取,國立高雄科技大學,國立高雄科技大學會計資訊系,其他學校錄取,2,"國立勤益科技大學工業工程與管理系(正取); 國立高雄科技大學會計資訊系(備取,分發)"
CAND_1606,113,ncut_iem,國立勤益科技大學,工業工程與管理系(商管群),國立勤益科技大學 工業工程與管理系(商管群),51090080,李*瑜,正取,國立勤益科技大學,國立勤益科技大學工業工程與管理系,原校系/本校留任,1,"國立勤益科技大學工業工程與管理系(正取,分發)"
CAND_1607,113,ncut_iem,國立勤益科技大學,工業工程與管理系(商管群),國立勤益科技大學 工業工程與管理系(商管群),66090405,葵*娥,正取,國立勤益科技大學,國立勤益科技大學工業工程與管理系,原校系/本校留任,2,"國立勤益科技大學工業工程與管理系(正取,分發); 國立臺中科技大學保險金融管理系(備取)"
CAND_1608,113,ncut_iem,國立勤益科技大學,工業工程與管理系(商管群),國立勤益科技大學 工業工程與管理系(商管群),61091278,林*,正取,國立臺中科技大學,國立臺中科技大學應用中文系,其他學校錄取,2,"國立勤益科技大學工業工程與管理系(正取); 國立臺中科技大學應用中文系(正取,分發)"
CAND_1609,113,ncut_iem,國立勤益科技大學,工業工程與管理系(商管群),國立勤益科技大學 工業工程與管理系(商管群),69006009,黄*行,正取,國立虎尾科技大學,國立虎尾科技大學工業管理系,其他學校錄取,3,"國立勤益科技大學工業工程與管理系(正取); 國立虎尾科技大學工業管理系(正取,分發); 國立臺中科技大學應用統計系(備取)"
CAND_1610,113,ncut_iem,國立勤益科技大學,工業工程與管理系(商管群),國立勤益科技大學 工業工程與管理系(商管群),56090435,吳*恩,正取,—,—,未分發或放棄,4,國立勤益科技大學工業工程與管理系(正取); 朝陽科技大學財務金融系(正取); 靜宜大學法律學系(正取); 靜宜大學財務金融學系(正取)
CAND_1611,113,ncut_iem,國立勤益科技大學,工業工程與管理系(商管群),國立勤益科技大學 工業工程與管理系(商管群),58090125,F*,正取,國立勤益科技大學,國立勤益科技大學工業工程與管理系,原校系/本校留任,5,"國立勤益科技大學工業工程與管理系(正取,分發); 國立屏東科技大學工業管理系(正取); 國立屏東科技大學企業管理系(正取); 國立虎尾科技大學工業管理系(通過); 國立屏東大學國際經營與貿易學系(正取)"
CAND_1612,113,ncut_iem,國立勤益科技大學,工業工程與管理系(商管群),國立勤益科技大學 工業工程與管理系(商管群),59090376,李*,正取,國立勤益科技大學,國立勤益科技大學工業工程與管理系,原校系/本校留任,3,"國立勤益科技大學工業工程與管理系(正取,分發); 國立臺中科技大學資訊管理系(備取); 國立臺北商業大學數位多媒體設計系(桃園校區)(通過)"
CAND_1613,113,ncut_iem,國立勤益科技大學,工業工程與管理系(商管群),國立勤益科技大學 工業工程與管理系(商管群),63090319,林*筑,正取,國立高雄科技大學,國立高雄科技大學智慧商務系,其他學校錄取,4,"國立勤益科技大學工業工程與管理系(正取); 國立高雄科技大學智慧商務系(正取,分發); 朝陽科技大學資訊管理系資訊管理組(正取); 國立屏東大學資訊管理學系(備取)"
CAND_1614,113,ncut_iem,國立勤益科技大學,工業工程與管理系(商管群),國立勤益科技大學 工業工程與管理系(商管群),56090423,李*陞,正取,國立高雄科技大學,國立高雄科技大學商務資訊應用系,其他學校錄取,3,"國立勤益科技大學工業工程與管理系(正取); 國立高雄科技大學商務資訊應用系(備取,分發); 致理科技大學商務科技管理系(通過)"
CAND_1615,113,ncut_iem,國立勤益科技大學,工業工程與管理系(商管群),國立勤益科技大學 工業工程與管理系(商管群),59090346,曹*喬,正取,國立臺中科技大學,國立臺中科技大學資訊工程系,其他學校錄取,3,"國立勤益科技大學工業工程與管理系(正取); 國立屏東科技大學工業管理系(通過); 國立臺中科技大學資訊工程系(正取,分發)"
CAND_1616,113,ncut_iem,國立勤益科技大學,工業工程與管理系(商管群),國立勤益科技大學 工業工程與管理系(商管群),58090041,*庭,正取,國立臺中科技大學,國立臺中科技大學資訊管理系,其他學校錄取,3,"國立勤益科技大學工業工程與管理系(正取); 國立臺中科技大學資訊管理系(備取,分發); 國立聯合大學資訊管理學系(正取)"
CAND_1617,113,ncut_iem,國立勤益科技大學,工業工程與管理系(商管群),國立勤益科技大學 工業工程與管理系(商管群),58090180,李*,正取,國立虎尾科技大學,國立虎尾科技大學工業管理系,其他學校錄取,2,"國立勤益科技大學工業工程與管理系(正取); 國立虎尾科技大學工業管理系(備取,分發)"
CAND_1618,113,ncut_iem,國立勤益科技大學,工業工程與管理系(商管群),國立勤益科技大學 工業工程與管理系(商管群),58090116,鄭*元,正取,國立高雄科技大學,國立高雄科技大學商務資訊應用系(資安人才),其他學校錄取,3,"國立勤益科技大學工業工程與管理系(正取); 國立高雄科技大學商務資訊應用系(資安人才)(正取,分發); 國立臺中科技大學資訊工程系(備取)"
CAND_1619,113,ncut_iem,國立勤益科技大學,工業工程與管理系(商管群),國立勤益科技大學 工業工程與管理系(商管群),64090053,何*芦,正取,國立勤益科技大學,國立勤益科技大學工業工程與管理系,原校系/本校留任,3,"國立勤益科技大學工業工程與管理系(正取,分發); 國立高雄科技大學漁業科技與管理系(通過); 國立虎尾科技大學工業管理系(通過)"
CAND_1620,113,ncut_iem,國立勤益科技大學,工業工程與管理系(商管群),國立勤益科技大學 工業工程與管理系(商管群),68090182,陳*,正取,國立勤益科技大學,國立勤益科技大學工業工程與管理系,原校系/本校留任,2,"國立勤益科技大學工業工程與管理系(正取,分發); 國立屏東科技大學工業管理系(正取)"
CAND_1621,113,ncut_iem,國立勤益科技大學,工業工程與管理系(商管群),國立勤益科技大學 工業工程與管理系(商管群),57090637,徐*綾,正取,國立勤益科技大學,國立勤益科技大學工業工程與管理系,原校系/本校留任,2,"國立勤益科技大學工業工程與管理系(正取,分發); 致理科技大學企業管理系(正取)"
CAND_1622,113,ncut_iem,國立勤益科技大學,工業工程與管理系(商管群),國立勤益科技大學 工業工程與管理系(商管群),61090601,林*如,正取,國立勤益科技大學,國立勤益科技大學工業工程與管理系,原校系/本校留任,1,"國立勤益科技大學工業工程與管理系(正取,分發)"
CAND_1623,113,ncut_iem,國立勤益科技大學,工業工程與管理系(商管群),國立勤益科技大學 工業工程與管理系(商管群),63090042,*妤,正取,國立勤益科技大學,國立勤益科技大學工業工程與管理系,原校系/本校留任,3,"國立勤益科技大學工業工程與管理系(正取,分發); 國立屏東科技大學工業管理系(正取); 國立屏東科技大學企業管理系(正取)"
CAND_1624,113,ncut_iem,國立勤益科技大學,工業工程與管理系(商管群),國立勤益科技大學 工業工程與管理系(商管群),66090090,留*,正取,國立勤益科技大學,國立勤益科技大學工業工程與管理系,原校系/本校留任,4,"國立勤益科技大學工業工程與管理系(正取,分發); 國立屏東科技大學工業管理系(通過); 國立屏東科技大學企業管理系(備取); 國立屏東科技大學社會工作系(正取)"
CAND_1625,113,ncut_iem,國立勤益科技大學,工業工程與管理系(商管群),國立勤益科技大學 工業工程與管理系(商管群),52090485,方*宇,備取,國立勤益科技大學,國立勤益科技大學工業工程與管理系,原校系/本校留任,2,"國立勤益科技大學工業工程與管理系(備取,分發); 實踐大學財務金融學系(臺北校區)(備取)"
CAND_1626,113,ncut_iem,國立勤益科技大學,工業工程與管理系(商管群),國立勤益科技大學 工業工程與管理系(商管群),61091019,許*瑄,備取,國立勤益科技大學,國立勤益科技大學工業工程與管理系,原校系/本校留任,2,"國立勤益科技大學工業工程與管理系(備取,分發); 朝陽科技大學保險金融管理系(通過)"
CAND_1627,113,ncut_iem,國立勤益科技大學,工業工程與管理系(商管群),國立勤益科技大學 工業工程與管理系(商管群),61090155,*琳,備取,國立勤益科技大學,國立勤益科技大學工業工程與管理系,原校系/本校留任,1,"國立勤益科技大學工業工程與管理系(備取,分發)"
CAND_1628,113,ncut_iem,國立勤益科技大學,工業工程與管理系(商管群),國立勤益科技大學 工業工程與管理系(商管群),56090019,吳*宇,備取,國立勤益科技大學,國立勤益科技大學工業工程與管理系,原校系/本校留任,1,"國立勤益科技大學工業工程與管理系(備取,分發)"
CAND_1629,113,ncut_iem,國立勤益科技大學,工業工程與管理系(商管群),國立勤益科技大學 工業工程與管理系(商管群),67090073,*竣,備取,國立勤益科技大學,國立勤益科技大學工業工程與管理系,原校系/本校留任,1,"國立勤益科技大學工業工程與管理系(備取,分發)"
CAND_1630,113,ncut_iem,國立勤益科技大學,工業工程與管理系(商管群),國立勤益科技大學 工業工程與管理系(商管群),61091671,林*,備取,國立勤益科技大學,國立勤益科技大學工業工程與管理系,原校系/本校留任,5,"國立勤益科技大學工業工程與管理系(備取,分發); 朝陽科技大學企業管理系(通過); 弘光科技大學智慧科技應用系(通過); 嶺東科技大學企業管理系(通過); 僑光科技大學企業管理系(通過)"
CAND_1631,113,ncut_iem,國立勤益科技大學,工業工程與管理系(商管群),國立勤益科技大學 工業工程與管理系(商管群),58090425,陳*彤,備取,國立勤益科技大學,國立勤益科技大學工業工程與管理系,原校系/本校留任,3,"國立勤益科技大學工業工程與管理系(備取,分發); 朝陽科技大學工業工程與管理系(通過); 致理科技大學商務科技管理系(通過)"
CAND_1632,113,ncut_iem,國立勤益科技大學,工業工程與管理系(商管群),國立勤益科技大學 工業工程與管理系(商管群),61090096,*臻,備取,國立勤益科技大學,國立勤益科技大學工業工程與管理系,原校系/本校留任,4,"國立勤益科技大學工業工程與管理系(備取,分發); 朝陽科技大學休閒事業管理系(正取); 僑光科技大學財務金融系(通過); 靜宜大學觀光事業學系(通過)"
CAND_1633,113,ncut_iem,國立勤益科技大學,工業工程與管理系(商管群),國立勤益科技大學 工業工程與管理系(商管群),70090918,*廷,備取,國立勤益科技大學,國立勤益科技大學工業工程與管理系,原校系/本校留任,1,"國立勤益科技大學工業工程與管理系(備取,分發)"
CAND_1634,113,ncut_iem,國立勤益科技大學,工業工程與管理系(商管群),國立勤益科技大學 工業工程與管理系(商管群),61091537,葵*,備取,國立勤益科技大學,國立勤益科技大學工業工程與管理系,原校系/本校留任,2,"國立勤益科技大學工業工程與管理系(備取,分發); 國立屏東科技大學工業管理系(正取)"
CAND_1635,113,ncut_iem,國立勤益科技大學,工業工程與管理系(商管群),國立勤益科技大學 工業工程與管理系(商管群),68090121,林*,備取,國立勤益科技大學,國立勤益科技大學工業工程與管理系,原校系/本校留任,3,"國立勤益科技大學工業工程與管理系(備取,分發); 國立屏東科技大學工業管理系(通過); 國立虎尾科技大學工業管理系(備取)"
CAND_1636,113,ncut_iem,國立勤益科技大學,工業工程與管理系(商管群),國立勤益科技大學 工業工程與管理系(商管群),57090589,涂*瑄,備取,國立高雄科技大學,國立高雄科技大學海洋休閒管理系,其他學校錄取,2,"國立勤益科技大學工業工程與管理系(備取); 國立高雄科技大學海洋休閒管理系(正取,分發)"
CAND_1637,113,ncut_iem,國立勤益科技大學,工業工程與管理系(商管群),國立勤益科技大學 工業工程與管理系(商管群),64090583,*侑,備取,—,—,未分發或放棄,1,國立勤益科技大學工業工程與管理系(備取)
CAND_1638,113,ncut_iem,國立勤益科技大學,工業工程與管理系(商管群),國立勤益科技大學 工業工程與管理系(商管群),67090009,翁*博,備取,國立勤益科技大學,國立勤益科技大學工業工程與管理系,原校系/本校留任,4,"國立勤益科技大學工業工程與管理系(備取,分發); 國立屏東科技大學工業管理系(備取); 國立高雄科技大學漁業科技與管理系(備取); 朝陽科技大學財務金融系(正取)"
CAND_1639,113,ncut_iem,國立勤益科技大學,工業工程與管理系(商管群),國立勤益科技大學 工業工程與管理系(商管群),61091759,*翔,備取,國立勤益科技大學,國立勤益科技大學工業工程與管理系,原校系/本校留任,3,"國立勤益科技大學工業工程與管理系(備取,分發); 國立虎尾科技大學工業管理系(通過); 朝陽科技大學資訊管理系資訊管理組(通過)"
CAND_1640,113,ncut_iem,國立勤益科技大學,工業工程與管理系(商管群),國立勤益科技大學 工業工程與管理系(商管群),67090243,梁*喬,備取,國立虎尾科技大學,國立虎尾科技大學工業管理系,其他學校錄取,2,"國立勤益科技大學工業工程與管理系(備取); 國立虎尾科技大學工業管理系(正取,分發)"
CAND_1641,113,ncut_iem,國立勤益科技大學,工業工程與管理系(商管群),國立勤益科技大學 工業工程與管理系(商管群),61091125,*綺,備取,國立勤益科技大學,國立勤益科技大學工業工程與管理系,原校系/本校留任,1,"國立勤益科技大學工業工程與管理系(備取,分發)"
CAND_1642,113,ncut_iem,國立勤益科技大學,工業工程與管理系(商管群),國立勤益科技大學 工業工程與管理系(商管群),56090373,葵*祖,備取,國立勤益科技大學,國立勤益科技大學工業工程與管理系,原校系/本校留任,2,"國立勤益科技大學工業工程與管理系(備取,分發); 逢甲大學合作經濟暨社會事業經營學系(備取)"
CAND_1643,113,ncut_iem,國立勤益科技大學,工業工程與管理系(商管群),國立勤益科技大學 工業工程與管理系(商管群),55090201,吳*峮,備取,國立勤益科技大學,國立勤益科技大學工業工程與管理系,原校系/本校留任,3,"國立勤益科技大學工業工程與管理系(備取,分發); 國立聯合大學資訊管理學系(通過); 實踐大學企業管理學系(臺北校區)(正取)"
CAND_1644,113,ncut_iem,國立勤益科技大學,工業工程與管理系(商管群),國立勤益科技大學 工業工程與管理系(商管群),59090013,陳*元,備取,國立勤益科技大學,國立勤益科技大學工業工程與管理系,原校系/本校留任,4,"國立勤益科技大學工業工程與管理系(備取,分發); 國立臺中科技大學保險金融管理系(備取); 銘傳大學企業管理學系(台北校區)(備取); 實踐大學風險管理與保險學系(臺北校區)(備取)"
CAND_1645,113,ncut_iem,國立勤益科技大學,工業工程與管理系(商管群),國立勤益科技大學 工業工程與管理系(商管群),53530020,李*恩,備取,國立勤益科技大學,國立勤益科技大學工業工程與管理系,原校系/本校留任,3,"國立勤益科技大學工業工程與管理系(備取,分發); 致理科技大學資訊管理系(正取); 國立聯合大學資訊管理學系(備取)"
CAND_1646,113,ncut_iem,國立勤益科技大學,工業工程與管理系(商管群),國立勤益科技大學 工業工程與管理系(商管群),57090017,吳*融,備取,國立臺中科技大學,國立臺中科技大學資訊工程系,其他學校錄取,3,"國立勤益科技大學工業工程與管理系(備取); 國立臺中科技大學資訊工程系(備取,分發); 實踐大學資訊科技與管理學系(臺北校區)(備取)"
CAND_1647,113,ncut_iem,國立勤益科技大學,工業工程與管理系(商管群),國立勤益科技大學 工業工程與管理系(商管群),61090844,*宇,備取,國立勤益科技大學,國立勤益科技大學工業工程與管理系,原校系/本校留任,3,"國立勤益科技大學工業工程與管理系(備取,分發); 國立臺中科技大學保險金融管理系(備取); 實踐大學財務金融學系(臺北校區)(備取)"
CAND_1648,113,ncut_iem,國立勤益科技大學,工業工程與管理系(商管群),國立勤益科技大學 工業工程與管理系(商管群),61091794,謝*祥,備取,國立勤益科技大學,國立勤益科技大學工業工程與管理系,原校系/本校留任,3,"國立勤益科技大學工業工程與管理系(備取,分發); 國立虎尾科技大學工業管理系(備取); 國立屏東大學企業管理學系(通過)"
CAND_1649,113,ncut_iem,國立勤益科技大學,工業工程與管理系(商管群),國立勤益科技大學 工業工程與管理系(商管群),61091273,張*棋,備取,國立臺中科技大學,國立臺中科技大學資訊工程系,其他學校錄取,3,"國立勤益科技大學工業工程與管理系(備取); 國立臺中科技大學資訊工程系(備取,分發); 朝陽科技大學資訊管理系數位多媒體組(通過)"
CAND_1650,113,ncut_iem,國立勤益科技大學,工業工程與管理系(商管群),國立勤益科技大學 工業工程與管理系(商管群),54090265,陳*,備取,國立勤益科技大學,國立勤益科技大學工業工程與管理系,原校系/本校留任,1,"國立勤益科技大學工業工程與管理系(備取,分發)"
CAND_1651,113,ncut_iem,國立勤益科技大學,工業工程與管理系(商管群),國立勤益科技大學 工業工程與管理系(商管群),73090281,邱*婷,備取,國立勤益科技大學,國立勤益科技大學工業工程與管理系,原校系/本校留任,3,"國立勤益科技大學工業工程與管理系(備取,分發); 明志科技大學工業工程與管理系(通過); 致理科技大學國際貿易系(通過)"
CAND_1652,113,ncut_iem,國立勤益科技大學,工業工程與管理系(商管群),國立勤益科技大學 工業工程與管理系(商管群),56090449,陳*綺,備取,朝陽科技大學,朝陽科技大學資訊管理系數位多媒體組,其他學校錄取,4,"國立勤益科技大學工業工程與管理系(備取); 朝陽科技大學資訊管理系數位多媒體組(正取,分發); 明志科技大學經營管理系(通過); 嶺東科技大學行銷與流通管理系(通過)"
CAND_1653,113,ncut_iem,國立勤益科技大學,工業工程與管理系(商管群),國立勤益科技大學 工業工程與管理系(商管群),57090521,*諠,備取,國立臺中科技大學,國立臺中科技大學國際貿易與經營系,其他學校錄取,2,"國立勤益科技大學工業工程與管理系(備取); 國立臺中科技大學國際貿易與經營系(正取,分發)"
CAND_1654,113,ncut_iem,國立勤益科技大學,工業工程與管理系(商管群),國立勤益科技大學 工業工程與管理系(商管群),56090296,林*,備取,國立澎湖科技大學,國立澎湖科技大學行銷與物流管理系,其他學校錄取,3,"國立勤益科技大學工業工程與管理系(備取); 國立澎湖科技大學行銷與物流管理系(正取,分發); 國立臺中科技大學國際貿易與經營系(備取)"
CAND_1655,113,ncut_iem,國立勤益科技大學,工業工程與管理系(商管群),國立勤益科技大學 工業工程與管理系(商管群),51090044,葵*恩,備取,國立高雄科技大學,國立高雄科技大學運籌管理系,其他學校錄取,4,"國立勤益科技大學工業工程與管理系(通過); 國立高雄科技大學運籌管理系(備取,分發); 國立高雄科技大學行銷與流通管理系(備取); 國立臺中科技大學保險金融管理系(備取)"
CAND_1656,113,ncut_iem,國立勤益科技大學,工業工程與管理系(商管群),國立勤益科技大學 工業工程與管理系(商管群),52090122,黄*宇,備取,致理科技大學,致理科技大學財務金融系,其他學校錄取,3,"國立勤益科技大學工業工程與管理系(通過); 致理科技大學財務金融系(正取,分發); 國立屏東大學企業管理學系(通過)"
CAND_1657,113,ncut_iem,國立勤益科技大學,工業工程與管理系(商管群),國立勤益科技大學 工業工程與管理系(商管群),52090685,周*美,備取,—,—,未分發或放棄,3,國立勤益科技大學工業工程與管理系(通過); 國立臺中科技大學財政稅務系(備取); 逢甲大學會計學系(備取)
CAND_1658,113,ncut_iem,國立勤益科技大學,工業工程與管理系(商管群),國立勤益科技大學 工業工程與管理系(商管群),52090862,*瑄,備取,—,—,未分發或放棄,2,國立勤益科技大學工業工程與管理系(通過); 實踐大學企業管理學系(臺北校區)(通過)
CAND_1659,113,ncut_iem,國立勤益科技大學,工業工程與管理系(商管群),國立勤益科技大學 工業工程與管理系(商管群),54090077,林*宇,備取,—,—,未分發或放棄,3,國立勤益科技大學工業工程與管理系(通過); 國立高雄科技大學商務資訊應用系(資安人才)(通過); 致理科技大學商務科技管理系(通過)
CAND_1660,113,ncut_iem,國立勤益科技大學,工業工程與管理系(商管群),國立勤益科技大學 工業工程與管理系(商管群),56090280,高*庭,備取,—,—,未分發或放棄,1,國立勤益科技大學工業工程與管理系(通過)
CAND_1661,113,ncut_iem,國立勤益科技大學,工業工程與管理系(商管群),國立勤益科技大學 工業工程與管理系(商管群),56090315,饒*宇,備取,—,—,未分發或放棄,4,國立勤益科技大學工業工程與管理系(通過); 致理科技大學企業管理系(通過); 銘傳大學國際企業學系(台北校區)(通過); 實踐大學資訊科技與管理學系(臺北校區)(通過)
CAND_1662,113,ncut_iem,國立勤益科技大學,工業工程與管理系(商管群),國立勤益科技大學 工業工程與管理系(商管群),56090417,*甄,備取,國立臺中科技大學,國立臺中科技大學資訊工程系,其他學校錄取,5,"國立勤益科技大學工業工程與管理系(通過); 國立臺中科技大學資訊工程系(備取,分發); 朝陽科技大學資訊管理系數位多媒體組(通過); 致理科技大學行銷與流通管理系(通過); 台北海洋科技大學電競數位遊戲與動畫設計系(淡水校區)(通過)"
CAND_1663,113,ncut_iem,國立勤益科技大學,工業工程與管理系(商管群),國立勤益科技大學 工業工程與管理系(商管群),56090452,張*婉,備取,國立高雄科技大學,國立高雄科技大學運籌管理系,其他學校錄取,2,"國立勤益科技大學工業工程與管理系(通過); 國立高雄科技大學運籌管理系(備取,分發)"
CAND_1664,113,ncut_iem,國立勤益科技大學,工業工程與管理系(商管群),國立勤益科技大學 工業工程與管理系(商管群),56090500,徐*恩,備取,—,—,未分發或放棄,3,國立勤益科技大學工業工程與管理系(通過); 致理科技大學財務金融系(通過); 中原大學會計學系(備取)
CAND_1665,113,ncut_iem,國立勤益科技大學,工業工程與管理系(商管群),國立勤益科技大學 工業工程與管理系(商管群),57090294,鄞*伶,備取,—,—,未分發或放棄,1,國立勤益科技大學工業工程與管理系(通過)
CAND_1666,113,ncut_iem,國立勤益科技大學,工業工程與管理系(商管群),國立勤益科技大學 工業工程與管理系(商管群),57090370,李*永,備取,中原大學,中原大學資訊管理學系,其他學校錄取,4,"國立勤益科技大學工業工程與管理系(通過); 國立臺中科技大學財務金融系(通過); 中原大學國際經營與貿易學系(正取); 中原大學資訊管理學系(正取,分發)"
CAND_1667,113,ncut_iem,國立勤益科技大學,工業工程與管理系(商管群),國立勤益科技大學 工業工程與管理系(商管群),57090558,陳*宇,備取,國立臺北商業大學,國立臺北商業大學數位多媒體設計系(桃園校區),其他學校錄取,3,"國立勤益科技大學工業工程與管理系(通過); 國立臺中科技大學流通管理系(備取); 國立臺北商業大學數位多媒體設計系(桃園校區)(備取,分發)"
CAND_1668,113,ncut_iem,國立勤益科技大學,工業工程與管理系(商管群),國立勤益科技大學 工業工程與管理系(商管群),57090618,*翎,備取,—,—,未分發或放棄,3,國立勤益科技大學工業工程與管理系(通過); 國立虎尾科技大學工業管理系(通過); 國立臺中科技大學國際貿易與經營系(通過)
CAND_1669,113,ncut_iem,國立勤益科技大學,工業工程與管理系(商管群),國立勤益科技大學 工業工程與管理系(商管群),57090933,*榕,備取,國立高雄科技大學,國立高雄科技大學工業工程與管理系,其他學校錄取,3,"國立勤益科技大學工業工程與管理系(通過); 國立高雄科技大學工業工程與管理系(正取,分發); 國立高雄科技大學行銷與流通管理系(備取)"
CAND_1670,113,ncut_iem,國立勤益科技大學,工業工程與管理系(商管群),國立勤益科技大學 工業工程與管理系(商管群),57090938,陳*勛,備取,—,—,未分發或放棄,1,國立勤益科技大學工業工程與管理系(通過)
CAND_1671,113,ncut_iem,國立勤益科技大學,工業工程與管理系(商管群),國立勤益科技大學 工業工程與管理系(商管群),57090963,*么,備取,—,—,未分發或放棄,2,國立勤益科技大學工業工程與管理系(通過); 國立虎尾科技大學工業管理系(通過)
CAND_1672,113,ncut_iem,國立勤益科技大學,工業工程與管理系(商管群),國立勤益科技大學 工業工程與管理系(商管群),58090056,—,備取,國立高雄科技大學,國立高雄科技大學運籌管理系,其他學校錄取,4,"國立勤益科技大學工業工程與管理系(通過); 國立高雄科技大學運籌管理系(備取,分發); 國立虎尾科技大學工業管理系(通過); 國立臺中科技大學財政稅務系(備取)"
CAND_1673,113,ncut_iem,國立勤益科技大學,工業工程與管理系(商管群),國立勤益科技大學 工業工程與管理系(商管群),58090405,孫*婷,備取,—,—,未分發或放棄,2,國立勤益科技大學工業工程與管理系(通過); 國立高雄餐旅大學餐旅暨會展行銷管理系(通過)
CAND_1674,113,ncut_iem,國立勤益科技大學,工業工程與管理系(商管群),國立勤益科技大學 工業工程與管理系(商管群),59099903,黄*珍,備取,—,—,未分發或放棄,1,國立勤益科技大學工業工程與管理系(通過)
CAND_1675,113,ncut_iem,國立勤益科技大學,工業工程與管理系(商管群),國立勤益科技大學 工業工程與管理系(商管群),60090089,謝*淳,備取,—,—,未分發或放棄,1,國立勤益科技大學工業工程與管理系(通過)
CAND_1676,113,ncut_iem,國立勤益科技大學,工業工程與管理系(商管群),國立勤益科技大學 工業工程與管理系(商管群),61090274,張*瑄,備取,—,—,未分發或放棄,4,國立勤益科技大學工業工程與管理系(通過); 國立高雄科技大學資訊管理系(通過); 國立虎尾科技大學資訊管理系(通過); 國立臺中科技大學保險金融管理系(通過)
CAND_1677,113,ncut_iem,國立勤益科技大學,工業工程與管理系(商管群),國立勤益科技大學 工業工程與管理系(商管群),61090280,葵*,備取,朝陽科技大學,朝陽科技大學行銷與流通管理系,其他學校錄取,3,"國立勤益科技大學工業工程與管理系(通過); 國立高雄科技大學漁業科技與管理系(通過); 朝陽科技大學行銷與流通管理系(備取,分發)"
CAND_1678,113,ncut_iem,國立勤益科技大學,工業工程與管理系(商管群),國立勤益科技大學 工業工程與管理系(商管群),61090359,蘇*口,備取,—,—,未分發或放棄,3,國立勤益科技大學工業工程與管理系(通過); 國立臺中科技大學財政稅務系(通過); 靜宜大學財務金融學系(通過)
CAND_1679,113,ncut_iem,國立勤益科技大學,工業工程與管理系(商管群),國立勤益科技大學 工業工程與管理系(商管群),61090370,—,備取,—,—,未分發或放棄,3,國立勤益科技大學工業工程與管理系(通過); 國立虎尾科技大學資訊管理系(通過); 國立臺中科技大學保險金融管理系(備取)
CAND_1680,113,ncut_iem,國立勤益科技大學,工業工程與管理系(商管群),國立勤益科技大學 工業工程與管理系(商管群),61090488,*永,備取,—,—,未分發或放棄,2,國立勤益科技大學工業工程與管理系(通過); 國立臺中科技大學流通管理系(通過)
CAND_1681,113,ncut_iem,國立勤益科技大學,工業工程與管理系(商管群),國立勤益科技大學 工業工程與管理系(商管群),61090753,吳*盲,備取,—,—,未分發或放棄,5,國立勤益科技大學工業工程與管理系(通過); 國立高雄科技大學企業管理系(通過); 國立高雄科技大學風險管理與保險系(通過); 國立虎尾科技大學企業管理系(通過); 國立臺中科技大學企業管理系(通過)
CAND_1682,113,ncut_iem,國立勤益科技大學,工業工程與管理系(商管群),國立勤益科技大學 工業工程與管理系(商管群),61090821,吳*,備取,國立臺中科技大學,國立臺中科技大學保險金融管理系,其他學校錄取,6,"國立勤益科技大學工業工程與管理系(通過); 國立臺中科技大學保險金融管理系(正取,分發); 朝陽科技大學保險金融管理系(正取); 僑光科技大學財務金融系(通過); 僑光科技大學行銷與流通管理系(通過); 僑光科技大學財經法律系(通過)"
CAND_1683,113,ncut_iem,國立勤益科技大學,工業工程與管理系(商管群),國立勤益科技大學 工業工程與管理系(商管群),61090999,維*欣,備取,國立臺中科技大學,國立臺中科技大學財政稅務系,其他學校錄取,4,"國立勤益科技大學工業工程與管理系(通過); 國立虎尾科技大學工業管理系(通過); 國立虎尾科技大學財務金融系(通過); 國立臺中科技大學財政稅務系(備取,分發)"
CAND_1684,113,ncut_iem,國立勤益科技大學,工業工程與管理系(商管群),國立勤益科技大學 工業工程與管理系(商管群),61091106,吳*,備取,國立臺中科技大學,國立臺中科技大學會計資訊系,其他學校錄取,3,"國立勤益科技大學工業工程與管理系(通過); 國立高雄科技大學會計資訊系(通過); 國立臺中科技大學會計資訊系(正取,分發)"
CAND_1685,113,ncut_iem,國立勤益科技大學,工業工程與管理系(商管群),國立勤益科技大學 工業工程與管理系(商管群),61091151,梁*木,備取,—,—,未分發或放棄,2,國立勤益科技大學工業工程與管理系(通過); 國立臺北護理健康大學健康事業管理系(備取)
CAND_1686,113,ncut_iem,國立勤益科技大學,工業工程與管理系(商管群),國立勤益科技大學 工業工程與管理系(商管群),61091347,許*閔,備取,—,—,未分發或放棄,4,國立勤益科技大學工業工程與管理系(通過); 國立雲林科技大學工業工程與管理系(通過); 國立臺中科技大學財務金融系(通過); 朝陽科技大學財務金融系(通過)
CAND_1687,113,ncut_iem,國立勤益科技大學,工業工程與管理系(商管群),國立勤益科技大學 工業工程與管理系(商管群),61091490,—,備取,—,—,未分發或放棄,4,國立勤益科技大學工業工程與管理系(通過); 國立雲林科技大學工業工程與管理系(通過); 國立高雄科技大學工業工程與管理系(備取); 國立高雄科技大學智慧商務系(通過)
CAND_1688,113,ncut_iem,國立勤益科技大學,工業工程與管理系(商管群),國立勤益科技大學 工業工程與管理系(商管群),61091569,*哈,備取,—,—,未分發或放棄,1,國立勤益科技大學工業工程與管理系(通過)
CAND_1689,113,ncut_iem,國立勤益科技大學,工業工程與管理系(商管群),國立勤益科技大學 工業工程與管理系(商管群),61091777,游*溶,備取,—,—,未分發或放棄,2,國立勤益科技大學工業工程與管理系(通過); 國立臺中科技大學保險金融管理系(通過)
CAND_1690,113,ncut_iem,國立勤益科技大學,工業工程與管理系(商管群),國立勤益科技大學 工業工程與管理系(商管群),63090323,吳*君,備取,—,—,未分發或放棄,1,國立勤益科技大學工業工程與管理系(通過)
CAND_1691,113,ncut_iem,國立勤益科技大學,工業工程與管理系(商管群),國立勤益科技大學 工業工程與管理系(商管群),63090349,簡*,備取,國立臺中科技大學,國立臺中科技大學應用統計系,其他學校錄取,4,"國立勤益科技大學工業工程與管理系(通過); 國立高雄科技大學風險管理與保險系(通過); 國立虎尾科技大學工業管理系(通過); 國立臺中科技大學應用統計系(正取,分發)"
CAND_1692,113,ncut_iem,國立勤益科技大學,工業工程與管理系(商管群),國立勤益科技大學 工業工程與管理系(商管群),63090375,—,備取,國立臺中科技大學,國立臺中科技大學保險金融管理系,其他學校錄取,5,"國立勤益科技大學工業工程與管理系(通過); 國立臺中科技大學保險金融管理系(正取,分發); 朝陽科技大學會計系(通過); 嶺東科技大學財務金融系(通過); 嶺東科技大學會計資訊系(通過)"
CAND_1693,113,ncut_iem,國立勤益科技大學,工業工程與管理系(商管群),國立勤益科技大學 工業工程與管理系(商管群),63090389,陳*諺,備取,—,—,未分發或放棄,3,國立勤益科技大學工業工程與管理系(通過); 國立高雄科技大學應用英語系(通過); 國立屏東大學資訊管理學系(通過)
CAND_1694,113,ncut_iem,國立勤益科技大學,工業工程與管理系(商管群),國立勤益科技大學 工業工程與管理系(商管群),64090063,*雅,備取,中華大學觀光學院,中華大學觀光學院,其他學校錄取,3,"國立勤益科技大學工業工程與管理系(通過); 朝陽科技大學企業管理系(通過); 中華大學觀光學院(正取,分發)"
CAND_1695,113,ncut_iem,國立勤益科技大學,工業工程與管理系(商管群),國立勤益科技大學 工業工程與管理系(商管群),64090088,葵*琦,備取,國立高雄科技大學,國立高雄科技大學觀光管理系,其他學校錄取,4,"國立勤益科技大學工業工程與管理系(通過); 國立高雄科技大學觀光管理系(正取,分發); 國立高雄科技大學商務資訊應用系(通過); 逢甲大學工業工程與系統管理學系(備取)"
CAND_1696,113,ncut_iem,國立勤益科技大學,工業工程與管理系(商管群),國立勤益科技大學 工業工程與管理系(商管群),64090316,陳*璇,備取,—,—,未分發或放棄,1,國立勤益科技大學工業工程與管理系(通過)
CAND_1697,113,ncut_iem,國立勤益科技大學,工業工程與管理系(商管群),國立勤益科技大學 工業工程與管理系(商管群),64090347,黄*,備取,—,—,未分發或放棄,3,國立勤益科技大學工業工程與管理系(通過); 國立臺中科技大學資訊工程系(通過); 文藻外語大學西班牙語文系(備取)
CAND_1698,113,ncut_iem,國立勤益科技大學,工業工程與管理系(商管群),國立勤益科技大學 工業工程與管理系(商管群),64090538,—,備取,—,—,未分發或放棄,3,國立勤益科技大學工業工程與管理系(通過); 國立高雄科技大學智慧商務系(通過); 國立臺中科技大學資訊管理系(通過)
CAND_1699,113,ncut_iem,國立勤益科技大學,工業工程與管理系(商管群),國立勤益科技大學 工業工程與管理系(商管群),64090606,鄭*軒,備取,—,—,未分發或放棄,2,國立勤益科技大學工業工程與管理系(通過); 國立臺灣體育運動大學運動事業管理學系(通過)
CAND_1700,113,ncut_iem,國立勤益科技大學,工業工程與管理系(商管群),國立勤益科技大學 工業工程與管理系(商管群),65090021,*璋,備取,—,—,未分發或放棄,3,國立勤益科技大學工業工程與管理系(通過); 國立虎尾科技大學工業管理系(通過); 朝陽科技大學財務金融系(通過)
CAND_1701,113,ncut_iem,國立勤益科技大學,工業工程與管理系(商管群),國立勤益科技大學 工業工程與管理系(商管群),65090035,陳*妤,備取,—,—,未分發或放棄,3,國立勤益科技大學工業工程與管理系(通過); 國立屏東科技大學工業管理系(通過); 國立屏東大學不動產經營學系(通過)
CAND_1702,113,ncut_iem,國立勤益科技大學,工業工程與管理系(商管群),國立勤益科技大學 工業工程與管理系(商管群),65090096,黄*墉,備取,國立臺中科技大學,國立臺中科技大學會計資訊系,其他學校錄取,4,"國立勤益科技大學工業工程與管理系(通過); 國立虎尾科技大學資訊工程系(通過); 國立虎尾科技大學工業管理系(通過); 國立臺中科技大學會計資訊系(備取,分發)"
CAND_1703,113,ncut_iem,國立勤益科技大學,工業工程與管理系(商管群),國立勤益科技大學 工業工程與管理系(商管群),65090097,*婷,備取,朝陽科技大學,朝陽科技大學會計系,其他學校錄取,3,"國立勤益科技大學工業工程與管理系(通過); 國立臺中科技大學流通管理系(備取); 朝陽科技大學會計系(正取,分發)"
CAND_1704,113,ncut_iem,國立勤益科技大學,工業工程與管理系(商管群),國立勤益科技大學 工業工程與管理系(商管群),65090109,*廷,備取,國立臺中科技大學,國立臺中科技大學會計資訊系,其他學校錄取,2,"國立勤益科技大學工業工程與管理系(通過); 國立臺中科技大學會計資訊系(備取,分發)"
CAND_1705,113,ncut_iem,國立勤益科技大學,工業工程與管理系(商管群),國立勤益科技大學 工業工程與管理系(商管群),65090201,*芳,備取,—,—,未分發或放棄,2,國立勤益科技大學工業工程與管理系(通過); 國立臺中科技大學會計資訊系(通過)
CAND_1706,113,ncut_iem,國立勤益科技大學,工業工程與管理系(商管群),國立勤益科技大學 工業工程與管理系(商管群),67090339,張*偉,備取,國立屏東科技大學,國立屏東科技大學植物醫學系,其他學校錄取,4,"國立勤益科技大學工業工程與管理系(通過); 國立屏東科技大學植物醫學系(正取,分發); 國立屏東科技大學農企業管理系(通過); 國立屏東大學資訊管理學系(正取)"
CAND_1707,113,ncut_iem,國立勤益科技大學,工業工程與管理系(商管群),國立勤益科技大學 工業工程與管理系(商管群),67090391,李*瑄,備取,—,—,未分發或放棄,2,國立勤益科技大學工業工程與管理系(通過); 國立屏東大學財務金融學系(通過)
CAND_1708,113,ncut_iem,國立勤益科技大學,工業工程與管理系(商管群),國立勤益科技大學 工業工程與管理系(商管群),69090007,—,備取,—,—,未分發或放棄,1,國立勤益科技大學工業工程與管理系(通過)
CAND_1709,113,ncut_iem,國立勤益科技大學,工業工程與管理系(商管群),國立勤益科技大學 工業工程與管理系(商管群),69090090,謝*倢,備取,—,—,未分發或放棄,3,國立勤益科技大學工業工程與管理系(通過); 國立屏東科技大學工業管理系(通過); 國立虎尾科技大學工業管理系(通過)
CAND_1710,113,ncut_iem,國立勤益科技大學,工業工程與管理系(商管群),國立勤益科技大學 工業工程與管理系(商管群),70090369,—,備取,—,—,未分發或放棄,2,國立勤益科技大學工業工程與管理系(通過); 國立臺中科技大學應用統計系(通過)
CAND_1711,113,ncut_iem,國立勤益科技大學,工業工程與管理系(商管群),國立勤益科技大學 工業工程與管理系(商管群),70091100,巴*甯,備取,國立臺北科技大學,國立臺北科技大學工業工程與管理系,其他學校錄取,5,"國立勤益科技大學工業工程與管理系(通過); 國立雲林科技大學工業工程與管理系(通過); 國立臺北科技大學工業工程與管理系(正取,分發); 國立高雄科技大學航運管理系(通過); 國立臺北商業大學商業設計管理系(桃園校區)(正取)"
CAND_1712,113,ncut_iem,國立勤益科技大學,工業工程與管理系(商管群),國立勤益科技大學 工業工程與管理系(商管群),70091143,鄒*女,備取,國立屏東科技大學,國立屏東科技大學工業管理系,其他學校錄取,2,"國立勤益科技大學工業工程與管理系(通過); 國立屏東科技大學工業管理系(正取,分發)"
CAND_1713,113,ncut_iem,國立勤益科技大學,工業工程與管理系(商管群),國立勤益科技大學 工業工程與管理系(商管群),71090114,*軒,備取,—,—,未分發或放棄,2,國立勤益科技大學工業工程與管理系(通過); 國立虎尾科技大學工業管理系(通過)
CAND_1714,113,ncut_iem,國立勤益科技大學,工業工程與管理系(商管群),國立勤益科技大學 工業工程與管理系(商管群),71090127,徐*琦,備取,國立雲林科技大學,國立雲林科技大學工業工程與管理系,其他學校錄取,6,"國立勤益科技大學工業工程與管理系(通過); 國立雲林科技大學工業工程與管理系(正取,分發); 國立屏東科技大學工業管理系(通過); 國立臺北科技大學工業工程與管理系(通過); 國立高雄科技大學工業工程與管理系(正取); 國立虎尾科技大學工業管理系(通過)"
CAND_1715,113,ncut_iem,國立勤益科技大學,工業工程與管理系(商管群),國立勤益科技大學 工業工程與管理系(商管群),71090262,簡*棋,備取,—,—,未分發或放棄,4,國立勤益科技大學工業工程與管理系(通過); 國立屏東科技大學工業管理系(通過); 國立屏東科技大學企業管理系(通過); 國立高雄科技大學風險管理與保險系(通過)
CAND_1716,114,ncut_iem,國立勤益科技大學,工業工程與管理系(機械群),國立勤益科技大學 工業工程與管理系(機械群),54010167,張*綾,正取,—,—,未分發或放棄,3,國立勤益科技大學工業工程與管理系(正取); 國立虎尾科技大學自動化工程系(通過); 國立虎尾科技大學工業管理系(通過)
CAND_1717,114,ncut_iem,國立勤益科技大學,工業工程與管理系(機械群),國立勤益科技大學 工業工程與管理系(機械群),61010426,林*宏,正取,國立雲林科技大學,國立雲林科技大學環境與安全衛生工程系,其他學校錄取,6,"國立勤益科技大學工業工程與管理系(正取); 國立雲林科技大學環境與安全衛生工程系(正取,分發); 國立高雄科技大學工業工程與管理系(通過); 國立虎尾科技大學材料科學與工程系(備取); 國立虎尾科技大學工業管理系(正取); 逢甲大學工業工程與系統管理學系(通過)"
CAND_1718,114,ncut_iem,國立勤益科技大學,工業工程與管理系(機械群),國立勤益科技大學 工業工程與管理系(機械群),70010119,張*豪,正取,國立虎尾科技大學,國立虎尾科技大學工業管理系,其他學校錄取,4,"國立勤益科技大學工業工程與管理系(正取); 國立雲林科技大學環境與安全衛生工程系(通過); 國立高雄科技大學工業工程與管理系(通過); 國立虎尾科技大學工業管理系(正取,分發)"
CAND_1719,114,ncut_iem,國立勤益科技大學,工業工程與管理系(機械群),國立勤益科技大學 工業工程與管理系(機械群),61010192,吳*,正取,國立勤益科技大學,國立勤益科技大學工業工程與管理系,原校系/本校留任,4,"國立勤益科技大學工業工程與管理系(正取,分發); 國立虎尾科技大學工業管理系(通過); 國立彰化師範大學電機與機械科技學系(正取); 逢甲大學工業工程與系統管理學系(通過)"
CAND_1720,114,ncut_iem,國立勤益科技大學,工業工程與管理系(機械群),國立勤益科技大學 工業工程與管理系(機械群),61010370,李*,正取,國立勤益科技大學,國立勤益科技大學工業工程與管理系,原校系/本校留任,2,"國立勤益科技大學工業工程與管理系(正取,分發); 國立虎尾科技大學工業管理系(通過)"
CAND_1721,114,ncut_iem,國立勤益科技大學,工業工程與管理系(機械群),國立勤益科技大學 工業工程與管理系(機械群),58010205,*遠,正取,國立虎尾科技大學,國立虎尾科技大學機械與電腦輔助工程系,其他學校錄取,5,"國立勤益科技大學工業工程與管理系(正取); 國立虎尾科技大學機械與電腦輔助工程系(正取,分發); 國立虎尾科技大學工業管理系(正取); 明新科技大學工業工程與管理系(通過); 國立聯合大學機械工程學系(通過)"
CAND_1722,114,ncut_iem,國立勤益科技大學,工業工程與管理系(機械群),國立勤益科技大學 工業工程與管理系(機械群),54010163,葵*庭,正取,國立勤益科技大學,國立勤益科技大學工業工程與管理系,原校系/本校留任,1,"國立勤益科技大學工業工程與管理系(正取,分發)"
CAND_1723,114,ncut_iem,國立勤益科技大學,工業工程與管理系(機械群),國立勤益科技大學 工業工程與管理系(機械群),64010396,陳*科,正取,國立屏東科技大學,國立屏東科技大學生物機電工程系,其他學校錄取,3,"國立勤益科技大學工業工程與管理系(正取); 國立屏東科技大學生物機電工程系(正取,分發); 國立臺北護理健康大學運動保健系(通過)"
CAND_1724,114,ncut_iem,國立勤益科技大學,工業工程與管理系(機械群),國立勤益科技大學 工業工程與管理系(機械群),61010164,林*佑,正取,國立勤益科技大學,國立勤益科技大學工業工程與管理系,原校系/本校留任,5,"國立勤益科技大學工業工程與管理系(正取,分發); 國立屏東科技大學機械工程系(通過); 國立虎尾科技大學機械設計工程系(通過); 國立虎尾科技大學自動化工程系(通過); 逢甲大學機械與電腦輔助工程學系(通過)"
CAND_1725,114,ncut_iem,國立勤益科技大學,工業工程與管理系(機械群),國立勤益科技大學 工業工程與管理系(機械群),64010352,黄*動,正取,國立屏東科技大學,國立屏東科技大學機械工程系,其他學校錄取,3,"國立勤益科技大學工業工程與管理系(正取); 國立屏東科技大學機械工程系(備取,分發); 國立虎尾科技大學機械設計工程系(備取)"
CAND_1726,114,ncut_iem,國立勤益科技大學,工業工程與管理系(機械群),國立勤益科技大學 工業工程與管理系(機械群),61010488,許*,正取,—,—,未分發或放棄,3,國立勤益科技大學工業工程與管理系(正取); 國立高雄科技大學造船及海洋工程系(通過); 國立虎尾科技大學工業管理系(正取)
CAND_1727,114,ncut_iem,國立勤益科技大學,工業工程與管理系(機械群),國立勤益科技大學 工業工程與管理系(機械群),54010094,朱*佑,正取,國立勤益科技大學,國立勤益科技大學工業工程與管理系,原校系/本校留任,2,"國立勤益科技大學工業工程與管理系(正取,分發); 明志科技大學半導體材料與製程學士學位學程(通過)"
CAND_1728,114,ncut_iem,國立勤益科技大學,工業工程與管理系(機械群),國立勤益科技大學 工業工程與管理系(機械群),71010058,高*女,正取,—,—,未分發或放棄,1,國立勤益科技大學工業工程與管理系(正取)
CAND_1729,114,ncut_iem,國立勤益科技大學,工業工程與管理系(機械群),國立勤益科技大學 工業工程與管理系(機械群),56010056,李*澄,正取,國立虎尾科技大學,國立虎尾科技大學工業管理系,其他學校錄取,3,"國立勤益科技大學工業工程與管理系(正取); 國立高雄科技大學造船及海洋工程系(正取); 國立虎尾科技大學工業管理系(備取,分發)"
CAND_1730,114,ncut_iem,國立勤益科技大學,工業工程與管理系(機械群),國立勤益科技大學 工業工程與管理系(機械群),62010189,謝*洵,正取,國立虎尾科技大學,國立虎尾科技大學工業管理系,其他學校錄取,5,"國立勤益科技大學工業工程與管理系(正取); 國立高雄科技大學造船及海洋工程系(通過); 國立虎尾科技大學工業管理系(正取,分發); 國立聯合大學機械工程學系(通過); 逢甲大學機械與電腦輔助工程學系(通過)"
CAND_1731,114,ncut_iem,國立勤益科技大學,工業工程與管理系(機械群),國立勤益科技大學 工業工程與管理系(機械群),66010025,陳*德,正取,國立勤益科技大學,國立勤益科技大學工業工程與管理系,原校系/本校留任,1,"國立勤益科技大學工業工程與管理系(正取,分發)"
CAND_1732,114,ncut_iem,國立勤益科技大學,工業工程與管理系(機械群),國立勤益科技大學 工業工程與管理系(機械群),52010260,*呈,正取,國立虎尾科技大學,國立虎尾科技大學機械與電腦輔助工程系,其他學校錄取,3,"國立勤益科技大學工業工程與管理系(正取); 國立虎尾科技大學機械與電腦輔助工程系(正取,分發); 國立聯合大學機械工程學系(通過)"
CAND_1733,114,ncut_iem,國立勤益科技大學,工業工程與管理系(機械群),國立勤益科技大學 工業工程與管理系(機械群),61010414,黄*宇,正取,—,—,未分發或放棄,4,國立勤益科技大學工業工程與管理系(正取); 國立虎尾科技大學材料科學與工程系(通過); 國立虎尾科技大學機械設計工程系(通過); 逢甲大學機械與電腦輔助工程學系(通過)
CAND_1734,114,ncut_iem,國立勤益科技大學,工業工程與管理系(機械群),國立勤益科技大學 工業工程與管理系(機械群),64010139,楊*育,正取,國立勤益科技大學,國立勤益科技大學工業工程與管理系,原校系/本校留任,2,"國立勤益科技大學工業工程與管理系(正取,分發); 國立虎尾科技大學動力機械工程系(通過)"
CAND_1735,114,ncut_iem,國立勤益科技大學,工業工程與管理系(機械群),國立勤益科技大學 工業工程與管理系(機械群),61010127,林*佑,正取,國立勤益科技大學,國立勤益科技大學工業工程與管理系,原校系/本校留任,3,"國立勤益科技大學工業工程與管理系(正取,分發); 國立虎尾科技大學動力機械工程系(備取); 南臺科技大學機械工程系先進車輛組(通過)"
CAND_1736,114,ncut_iem,國立勤益科技大學,工業工程與管理系(機械群),國立勤益科技大學 工業工程與管理系(機械群),52010085,紀*議,正取,國立屏東大學,國立屏東大學智慧機器人學系,其他學校錄取,5,"國立勤益科技大學工業工程與管理系(正取); 國立屏東科技大學生物機電工程系(備取); 國立虎尾科技大學機械設計工程系(通過); 國立臺東專科學校動力機械科產業機械組(正取); 國立屏東大學智慧機器人學系(正取,分發)"
CAND_1737,114,ncut_iem,國立勤益科技大學,工業工程與管理系(機械群),國立勤益科技大學 工業工程與管理系(機械群),54010017,張*愷,正取,—,—,未分發或放棄,5,國立勤益科技大學工業工程與管理系(正取); 國立虎尾科技大學材料科學與工程系(備取); 國立虎尾科技大學自動化工程系(備取); 明志科技大學機械工程系光機電組(通過); 明志科技大學半導體材料與製程學士學位學程(通過)
CAND_1738,114,ncut_iem,國立勤益科技大學,工業工程與管理系(機械群),國立勤益科技大學 工業工程與管理系(機械群),63010082,陳*,正取,國立勤益科技大學,國立勤益科技大學工業工程與管理系,原校系/本校留任,6,"國立勤益科技大學工業工程與管理系(正取,分發); 朝陽科技大學工業工程與管理系(正取); 嶺東科技大學智慧製造科技系(正取); 嶺東科技大學智慧製造科技系(資安人才)(通過); 中臺科技大學環境與安全衛生工程系(通過); 僑光科技大學機械與電腦輔助工程系(通過)"
CAND_1739,114,ncut_iem,國立勤益科技大學,工業工程與管理系(機械群),國立勤益科技大學 工業工程與管理系(機械群),63010038,林*不,正取,國立勤益科技大學,國立勤益科技大學工業工程與管理系,原校系/本校留任,1,"國立勤益科技大學工業工程與管理系(正取,分發)"
CAND_1740,114,ncut_iem,國立勤益科技大學,工業工程與管理系(機械群),國立勤益科技大學 工業工程與管理系(機械群),61010060,葉*,正取,國立聯合大學,國立聯合大學機械工程學系,其他學校錄取,5,"國立勤益科技大學工業工程與管理系(正取); 國立屏東科技大學機械工程系(通過); 國立虎尾科技大學材料科學與工程系(正取); 國立聯合大學機械工程學系(正取,分發); 逢甲大學機械與電腦輔助工程學系(正取)"
CAND_1741,114,ncut_iem,國立勤益科技大學,工業工程與管理系(機械群),國立勤益科技大學 工業工程與管理系(機械群),61010365,林*廷,正取,國立高雄科技大學,國立高雄科技大學航運技術系,其他學校錄取,4,"國立勤益科技大學工業工程與管理系(正取); 國立高雄科技大學航運技術系(正取,分發); 國立高雄科技大學輪機工程系(正取); 國立虎尾科技大學工業管理系(備取)"
CAND_1742,114,ncut_iem,國立勤益科技大學,工業工程與管理系(機械群),國立勤益科技大學 工業工程與管理系(機械群),64010375,尤*閎,正取,國立勤益科技大學,國立勤益科技大學工業工程與管理系,原校系/本校留任,2,"國立勤益科技大學工業工程與管理系(正取,分發); 國立聯合大學機械工程學系(正取)"
CAND_1743,114,ncut_iem,國立勤益科技大學,工業工程與管理系(機械群),國立勤益科技大學 工業工程與管理系(機械群),61010790,郭*賓,正取,國立勤益科技大學,國立勤益科技大學工業工程與管理系,原校系/本校留任,2,"國立勤益科技大學工業工程與管理系(正取,分發); 國立聯合大學機械工程學系(備取)"
CAND_1744,114,ncut_iem,國立勤益科技大學,工業工程與管理系(機械群),國立勤益科技大學 工業工程與管理系(機械群),65010019,*偉,正取,國立勤益科技大學,國立勤益科技大學工業工程與管理系,原校系/本校留任,1,"國立勤益科技大學工業工程與管理系(正取,分發)"
CAND_1745,114,ncut_iem,國立勤益科技大學,工業工程與管理系(機械群),國立勤益科技大學 工業工程與管理系(機械群),53010019,—,正取,國立勤益科技大學,國立勤益科技大學工業工程與管理系,原校系/本校留任,5,"國立勤益科技大學工業工程與管理系(正取,分發); 國立高雄科技大學造船及海洋工程系(備取); 國立高雄科技大學輪機工程系(備取); 國立虎尾科技大學飛機工程系機械組(1)(備取); 明志科技大學材料工程系(正取)"
CAND_1746,114,ncut_iem,國立勤益科技大學,工業工程與管理系(機械群),國立勤益科技大學 工業工程與管理系(機械群),53019901,蘇*,正取,國立虎尾科技大學,國立虎尾科技大學臥虎專班(願景計畫),其他學校錄取,4,"國立勤益科技大學工業工程與管理系(正取); 國立虎尾科技大學臥虎專班(願景計畫)(正取,分發); 明志科技大學工業工程與管理系(正取); 亞東科技大學工業管理系(正取)"
CAND_1747,114,ncut_iem,國立勤益科技大學,工業工程與管理系(機械群),國立勤益科技大學 工業工程與管理系(機械群),70010355,朱*翔,正取,國立勤益科技大學,國立勤益科技大學工業工程與管理系,原校系/本校留任,1,"國立勤益科技大學工業工程與管理系(正取,分發)"
CAND_1748,114,ncut_iem,國立勤益科技大學,工業工程與管理系(機械群),國立勤益科技大學 工業工程與管理系(機械群),62010150,林*伯,正取,國立虎尾科技大學,國立虎尾科技大學工業管理系,其他學校錄取,2,"國立勤益科技大學工業工程與管理系(正取); 國立虎尾科技大學工業管理系(備取,分發)"
CAND_1749,114,ncut_iem,國立勤益科技大學,工業工程與管理系(機械群),國立勤益科技大學 工業工程與管理系(機械群),71010122,李*錳,正取,國立勤益科技大學,國立勤益科技大學工業工程與管理系,原校系/本校留任,4,"國立勤益科技大學工業工程與管理系(正取,分發); 國立屏東科技大學機械工程系(通過); 國立高雄科技大學造船及海洋工程系(通過); 國立虎尾科技大學工業管理系(通過)"
CAND_1750,114,ncut_iem,國立勤益科技大學,工業工程與管理系(機械群),國立勤益科技大學 工業工程與管理系(機械群),60010058,林*廷,正取,國立勤益科技大學,國立勤益科技大學工業工程與管理系,原校系/本校留任,3,"國立勤益科技大學工業工程與管理系(正取,分發); 國立虎尾科技大學機械與電腦輔助工程系(通過); 國立虎尾科技大學工業管理系(備取)"
CAND_1751,114,ncut_iem,國立勤益科技大學,工業工程與管理系(機械群),國立勤益科技大學 工業工程與管理系(機械群),62010142,陳*女,正取,國立虎尾科技大學,國立虎尾科技大學機械與電腦輔助工程系,其他學校錄取,3,"國立勤益科技大學工業工程與管理系(正取); 國立高雄科技大學造船及海洋工程系(通過); 國立虎尾科技大學機械與電腦輔助工程系(正取,分發)"
CAND_1752,114,ncut_iem,國立勤益科技大學,工業工程與管理系(機械群),國立勤益科技大學 工業工程與管理系(機械群),61010510,盧*駱,正取,國立勤益科技大學,國立勤益科技大學工業工程與管理系,原校系/本校留任,6,"國立勤益科技大學工業工程與管理系(正取,分發); 朝陽科技大學工業工程與管理系(正取); 弘光科技大學醫療器材發展與應用系(通過); 中臺科技大學醫學影像暨放射科學系(正取); 亞洲大學生物資訊與醫學工程學系(通過); 亞洲大學創意商品設計學系(正取)"
CAND_1753,114,ncut_iem,國立勤益科技大學,工業工程與管理系(機械群),國立勤益科技大學 工業工程與管理系(機械群),61010687,林*家,正取,國立勤益科技大學,國立勤益科技大學工業工程與管理系,原校系/本校留任,4,"國立勤益科技大學工業工程與管理系(正取,分發); 國立屏東科技大學生物機電工程系(通過); 國立高雄科技大學輪機工程系(備取); 朝陽科技大學航空機械系(備取)"
CAND_1754,114,ncut_iem,國立勤益科技大學,工業工程與管理系(機械群),國立勤益科技大學 工業工程與管理系(機械群),62010126,鄭*恩,正取,國立勤益科技大學,國立勤益科技大學工業工程與管理系,原校系/本校留任,3,"國立勤益科技大學工業工程與管理系(正取,分發); 國立虎尾科技大學動力機械工程系(備取); 逢甲大學機械與電腦輔助工程學系(通過)"
CAND_1755,114,ncut_iem,國立勤益科技大學,工業工程與管理系(機械群),國立勤益科技大學 工業工程與管理系(機械群),69010028,—,正取,—,—,未分發或放棄,2,國立勤益科技大學工業工程與管理系(正取); 崑山科技大學機械工程系(通過)
CAND_1756,114,ncut_iem,國立勤益科技大學,工業工程與管理系(機械群),國立勤益科技大學 工業工程與管理系(機械群),64010237,李*么,正取,國立勤益科技大學,國立勤益科技大學工業工程與管理系,原校系/本校留任,1,"國立勤益科技大學工業工程與管理系(正取,分發)"
CAND_1757,114,ncut_iem,國立勤益科技大學,工業工程與管理系(機械群),國立勤益科技大學 工業工程與管理系(機械群),56010021,—,正取,國立勤益科技大學,國立勤益科技大學工業工程與管理系,原校系/本校留任,1,"國立勤益科技大學工業工程與管理系(正取,分發)"
CAND_1758,114,ncut_iem,國立勤益科技大學,工業工程與管理系(機械群),國立勤益科技大學 工業工程與管理系(機械群),64010145,黄*茂,正取,國立勤益科技大學,國立勤益科技大學工業工程與管理系,原校系/本校留任,6,"國立勤益科技大學工業工程與管理系(正取,分發); 國立高雄科技大學模具工程系精微模具組(通過); 國立高雄科技大學航運技術系(通過); 國立高雄科技大學高瞻科技不分系學士學位學程(通過); 國立虎尾科技大學材料科學與工程系(通過); 國立虎尾科技大學動力機械工程系(通過)"
CAND_1759,114,ncut_iem,國立勤益科技大學,工業工程與管理系(機械群),國立勤益科技大學 工業工程與管理系(機械群),64010345,楊*,正取,國立虎尾科技大學,國立虎尾科技大學機械與電腦輔助工程系,其他學校錄取,3,"國立勤益科技大學工業工程與管理系(正取); 國立虎尾科技大學機械與電腦輔助工程系(備取,分發); 南臺科技大學機械工程系自動化控制組(正取)"
CAND_1760,114,ncut_iem,國立勤益科技大學,工業工程與管理系(機械群),國立勤益科技大學 工業工程與管理系(機械群),63010066,賴*諺,備取,國立勤益科技大學,國立勤益科技大學工業工程與管理系,原校系/本校留任,2,"國立勤益科技大學工業工程與管理系(備取,分發); 朝陽科技大學環境工程與管理系(正取)"
CAND_1761,114,ncut_iem,國立勤益科技大學,工業工程與管理系(機械群),國立勤益科技大學 工業工程與管理系(機械群),52010480,陳*女,備取,國立虎尾科技大學,國立虎尾科技大學機械與電腦輔助工程系,其他學校錄取,2,"國立勤益科技大學工業工程與管理系(備取); 國立虎尾科技大學機械與電腦輔助工程系(備取,分發)"
CAND_1762,114,ncut_iem,國立勤益科技大學,工業工程與管理系(機械群),國立勤益科技大學 工業工程與管理系(機械群),68010208,趙*翔,備取,國立虎尾科技大學,國立虎尾科技大學工業管理系,其他學校錄取,3,"國立勤益科技大學工業工程與管理系(備取); 國立虎尾科技大學工業管理系(正取,分發); 南臺科技大學機械工程系自動化控制組(通過)"
CAND_1763,114,ncut_iem,國立勤益科技大學,工業工程與管理系(機械群),國立勤益科技大學 工業工程與管理系(機械群),54010035,林*紘,備取,國立勤益科技大學,國立勤益科技大學工業工程與管理系,原校系/本校留任,2,"國立勤益科技大學工業工程與管理系(備取,分發); 明志科技大學機械工程系精密機械組(備取)"
CAND_1764,114,ncut_iem,國立勤益科技大學,工業工程與管理系(機械群),國立勤益科技大學 工業工程與管理系(機械群),65010139,徐*毅,備取,國立勤益科技大學,國立勤益科技大學工業工程與管理系,原校系/本校留任,2,"國立勤益科技大學工業工程與管理系(備取,分發); 國立聯合大學機械工程學系(備取)"
CAND_1765,114,ncut_iem,國立勤益科技大學,工業工程與管理系(機械群),國立勤益科技大學 工業工程與管理系(機械群),61010124,謝*佑,備取,國立勤益科技大學,國立勤益科技大學工業工程與管理系,原校系/本校留任,2,"國立勤益科技大學工業工程與管理系(備取,分發); 國立虎尾科技大學工業管理系(正取)"
CAND_1766,114,ncut_iem,國立勤益科技大學,工業工程與管理系(機械群),國立勤益科技大學 工業工程與管理系(機械群),58010254,—,備取,國立勤益科技大學,國立勤益科技大學工業工程與管理系,原校系/本校留任,1,"國立勤益科技大學工業工程與管理系(備取,分發)"
CAND_1767,114,ncut_iem,國立勤益科技大學,工業工程與管理系(機械群),國立勤益科技大學 工業工程與管理系(機械群),61010648,吳*聞,備取,國立勤益科技大學,國立勤益科技大學工業工程與管理系,原校系/本校留任,2,"國立勤益科技大學工業工程與管理系(備取,分發); 國立聯合大學機械工程學系(通過)"
CAND_1768,114,ncut_iem,國立勤益科技大學,工業工程與管理系(機械群),國立勤益科技大學 工業工程與管理系(機械群),52010264,董*綺,備取,明志科技大學,明志科技大學工業設計系,其他學校錄取,3,"國立勤益科技大學工業工程與管理系(備取); 明志科技大學工業工程與管理系(通過); 明志科技大學工業設計系(正取,分發)"
CAND_1769,114,ncut_iem,國立勤益科技大學,工業工程與管理系(機械群),國立勤益科技大學 工業工程與管理系(機械群),64010432,陳*,備取,國立勤益科技大學,國立勤益科技大學工業工程與管理系,原校系/本校留任,1,"國立勤益科技大學工業工程與管理系(備取,分發)"
CAND_1770,114,ncut_iem,國立勤益科技大學,工業工程與管理系(機械群),國立勤益科技大學 工業工程與管理系(機械群),73010004,陳*,備取,國立勤益科技大學,國立勤益科技大學工業工程與管理系,原校系/本校留任,3,"國立勤益科技大學工業工程與管理系(備取,分發); 朝陽科技大學營建工程系(通過); 中臺科技大學環境與安全衛生工程系(通過)"
CAND_1771,114,ncut_iem,國立勤益科技大學,工業工程與管理系(機械群),國立勤益科技大學 工業工程與管理系(機械群),54010026,—,備取,國立勤益科技大學,國立勤益科技大學工業工程與管理系,原校系/本校留任,3,"國立勤益科技大學工業工程與管理系(備取,分發); 國立虎尾科技大學材料科學與工程系(備取); 國立虎尾科技大學動力機械工程系(通過)"
CAND_1772,114,ncut_iem,國立勤益科技大學,工業工程與管理系(機械群),國立勤益科技大學 工業工程與管理系(機械群),53010037,賴*,備取,—,—,未分發或放棄,3,國立勤益科技大學工業工程與管理系(備取); 明志科技大學機械工程系精密機械組(通過); 明志科技大學機械工程系光機電組(通過)
CAND_1773,114,ncut_iem,國立勤益科技大學,工業工程與管理系(機械群),國立勤益科技大學 工業工程與管理系(機械群),65010078,張*綸,備取,南臺科技大學,南臺科技大學工業管理與資訊系工業管理組,其他學校錄取,3,"國立勤益科技大學工業工程與管理系(備取); 南臺科技大學工業管理與資訊系工業管理組(正取,分發); 敏實科技大學智慧車輛與能源系(通過)"
CAND_1774,114,ncut_iem,國立勤益科技大學,工業工程與管理系(機械群),國立勤益科技大學 工業工程與管理系(機械群),61010718,—,備取,國立勤益科技大學,國立勤益科技大學工業工程與管理系,原校系/本校留任,2,"國立勤益科技大學工業工程與管理系(備取,分發); 國立虎尾科技大學機械設計工程系(備取)"
CAND_1775,114,ncut_iem,國立勤益科技大學,工業工程與管理系(機械群),國立勤益科技大學 工業工程與管理系(機械群),64010397,吳*恩,備取,國立勤益科技大學,國立勤益科技大學工業工程與管理系,原校系/本校留任,2,"國立勤益科技大學工業工程與管理系(備取,分發); 朝陽科技大學環境工程與管理系(通過)"
CAND_1776,114,ncut_iem,國立勤益科技大學,工業工程與管理系(機械群),國立勤益科技大學 工業工程與管理系(機械群),61010148,邱*鈞,備取,國立聯合大學,國立聯合大學機械工程學系,其他學校錄取,4,"國立勤益科技大學工業工程與管理系(備取); 朝陽科技大學工業工程與管理系(正取); 國立聯合大學機械工程學系(備取,分發); 亞洲大學生物資訊與醫學工程學系(通過)"
CAND_1777,114,ncut_iem,國立勤益科技大學,工業工程與管理系(機械群),國立勤益科技大學 工業工程與管理系(機械群),62010185,*羚,備取,國立勤益科技大學,國立勤益科技大學工業工程與管理系,原校系/本校留任,2,"國立勤益科技大學工業工程與管理系(備取,分發); 國立聯合大學環境與安全衛生工程學系(通過)"
CAND_1778,114,ncut_iem,國立勤益科技大學,工業工程與管理系(機械群),國立勤益科技大學 工業工程與管理系(機械群),52010193,黄*叡,備取,國立虎尾科技大學,國立虎尾科技大學動力機械工程系,其他學校錄取,4,"國立勤益科技大學工業工程與管理系(備取); 國立屏東科技大學智慧機電學士學位學程(通過); 國立虎尾科技大學動力機械工程系(備取,分發); 朝陽科技大學工業設計系(通過)"
CAND_1779,114,ncut_iem,國立勤益科技大學,工業工程與管理系(機械群),國立勤益科技大學 工業工程與管理系(機械群),54010327,尤*欣,備取,國立勤益科技大學,國立勤益科技大學工業工程與管理系,原校系/本校留任,3,"國立勤益科技大學工業工程與管理系(備取,分發); 國立虎尾科技大學機械設計工程系(備取); 明志科技大學工業人工智慧學士學位學程(通過)"
CAND_1780,114,ncut_iem,國立勤益科技大學,工業工程與管理系(機械群),國立勤益科技大學 工業工程與管理系(機械群),68010226,—,備取,—,—,未分發或放棄,1,國立勤益科技大學工業工程與管理系(備取)
CAND_1781,114,ncut_iem,國立勤益科技大學,工業工程與管理系(機械群),國立勤益科技大學 工業工程與管理系(機械群),66010174,*淳,備取,國立勤益科技大學,國立勤益科技大學工業工程與管理系,原校系/本校留任,3,"國立勤益科技大學工業工程與管理系(備取,分發); 國立屏東科技大學生物機電工程系(通過); 國立聯合大學機械工程學系(備取)"
CAND_1782,114,ncut_iem,國立勤益科技大學,工業工程與管理系(機械群),國立勤益科技大學 工業工程與管理系(機械群),61010211,范*証,備取,中臺科技大學,中臺科技大學醫學影像暨放射科學系,其他學校錄取,4,"國立勤益科技大學工業工程與管理系(備取); 嶺東科技大學智慧製造科技系(正取); 中臺科技大學醫學影像暨放射科學系(備取,分發); 國立聯合大學機械工程學系(備取)"
CAND_1783,114,ncut_iem,國立勤益科技大學,工業工程與管理系(機械群),國立勤益科技大學 工業工程與管理系(機械群),64010284,張*廷,備取,國立勤益科技大學,國立勤益科技大學工業工程與管理系,原校系/本校留任,1,"國立勤益科技大學工業工程與管理系(備取,分發)"
CAND_1784,114,ncut_iem,國立勤益科技大學,工業工程與管理系(機械群),國立勤益科技大學 工業工程與管理系(機械群),61010470,李*錡,備取,國立勤益科技大學,國立勤益科技大學工業工程與管理系,原校系/本校留任,1,"國立勤益科技大學工業工程與管理系(備取,分發)"
CAND_1785,114,ncut_iem,國立勤益科技大學,工業工程與管理系(機械群),國立勤益科技大學 工業工程與管理系(機械群),61010600,朱*,備取,國立勤益科技大學,國立勤益科技大學工業工程與管理系,原校系/本校留任,1,"國立勤益科技大學工業工程與管理系(備取,分發)"
CAND_1786,114,ncut_iem,國立勤益科技大學,工業工程與管理系(機械群),國立勤益科技大學 工業工程與管理系(機械群),71010074,周*降,備取,國立勤益科技大學,國立勤益科技大學工業工程與管理系,原校系/本校留任,2,"國立勤益科技大學工業工程與管理系(備取,分發); 國立聯合大學機械工程學系(備取)"
CAND_1787,114,ncut_iem,國立勤益科技大學,工業工程與管理系(機械群),國立勤益科技大學 工業工程與管理系(機械群),63010074,*晨,備取,亞洲大學,亞洲大學生物資訊與醫學工程學系,其他學校錄取,5,"國立勤益科技大學工業工程與管理系(備取); 朝陽科技大學資訊工程系人工智慧組(通過); 弘光科技大學醫療器材發展與應用系(通過); 中臺科技大學醫學影像暨放射科學系(備取); 亞洲大學生物資訊與醫學工程學系(正取,分發)"
CAND_1788,114,ncut_iem,國立勤益科技大學,工業工程與管理系(機械群),國立勤益科技大學 工業工程與管理系(機械群),56010365,周*鈞,備取,國立勤益科技大學,國立勤益科技大學工業工程與管理系,原校系/本校留任,2,"國立勤益科技大學工業工程與管理系(備取,分發); 明志科技大學機械工程系精密機械組(通過)"
CAND_1789,114,ncut_iem,國立勤益科技大學,工業工程與管理系(機械群),國立勤益科技大學 工業工程與管理系(機械群),67010083,陳*驣,備取,—,—,未分發或放棄,1,國立勤益科技大學工業工程與管理系(備取)
CAND_1790,114,ncut_iem,國立勤益科技大學,工業工程與管理系(機械群),國立勤益科技大學 工業工程與管理系(機械群),57010150,陳*,備取,國立勤益科技大學,國立勤益科技大學工業工程與管理系,原校系/本校留任,1,"國立勤益科技大學工業工程與管理系(備取,分發)"
CAND_1791,114,ncut_iem,國立勤益科技大學,工業工程與管理系(機械群),國立勤益科技大學 工業工程與管理系(機械群),59010015,*毅,備取,明志科技大學,明志科技大學環境與安全衛生工程系,其他學校錄取,3,"國立勤益科技大學工業工程與管理系(備取); 朝陽科技大學環境工程與管理系(正取); 明志科技大學環境與安全衛生工程系(正取,分發)"
CAND_1792,114,ncut_iem,國立勤益科技大學,工業工程與管理系(機械群),國立勤益科技大學 工業工程與管理系(機械群),66010066,蕭*穀,備取,—,—,未分發或放棄,3,國立勤益科技大學工業工程與管理系(備取); 南臺科技大學機械工程系自動化控制組(正取); 南臺科技大學機械工程系智慧製造組(正取)
CAND_1793,114,ncut_iem,國立勤益科技大學,工業工程與管理系(機械群),國立勤益科技大學 工業工程與管理系(機械群),70010297,*哲,備取,—,—,未分發或放棄,1,國立勤益科技大學工業工程與管理系(備取)
CAND_1794,114,ncut_iem,國立勤益科技大學,工業工程與管理系(機械群),國立勤益科技大學 工業工程與管理系(機械群),58010047,張*,備取,—,—,未分發或放棄,2,國立勤益科技大學工業工程與管理系(備取); 國立聯合大學環境與安全衛生工程學系(通過)
CAND_1795,114,ncut_iem,國立勤益科技大學,工業工程與管理系(機械群),國立勤益科技大學 工業工程與管理系(機械群),61010100,顏*,備取,—,—,未分發或放棄,1,國立勤益科技大學工業工程與管理系(備取)
CAND_1796,114,ncut_iem,國立勤益科技大學,工業工程與管理系(機械群),國立勤益科技大學 工業工程與管理系(機械群),64010405,葵*恩,備取,嶺東科技大學,嶺東科技大學創意產品設計系,其他學校錄取,6,"國立勤益科技大學工業工程與管理系(備取); 朝陽科技大學環境工程與管理系(正取); 建國科技大學商品與遊戲設計系(通過); 嶺東科技大學資訊科技系網路管理與雲端應用組(通過); 嶺東科技大學智慧製造科技系(通過); 嶺東科技大學創意產品設計系(備取,分發)"
CAND_1797,114,ncut_iem,國立勤益科技大學,工業工程與管理系(機械群),國立勤益科技大學 工業工程與管理系(機械群),60010055,江*皓,備取,—,—,未分發或放棄,3,國立勤益科技大學工業工程與管理系(備取); 朝陽科技大學工業設計系(通過); 明志科技大學材料工程系(通過)
CAND_1798,114,ncut_iem,國立勤益科技大學,工業工程與管理系(機械群),國立勤益科技大學 工業工程與管理系(機械群),62010001,陳*佑,備取,國立聯合大學,國立聯合大學環境與安全衛生工程學系,其他學校錄取,2,"國立勤益科技大學工業工程與管理系(備取); 國立聯合大學環境與安全衛生工程學系(正取,分發)"
CAND_1799,114,ncut_iem,國立勤益科技大學,工業工程與管理系(機械群),國立勤益科技大學 工業工程與管理系(機械群),56010058,—,備取,朝陽科技大學,朝陽科技大學工業工程與管理系,其他學校錄取,2,"國立勤益科技大學工業工程與管理系(備取); 朝陽科技大學工業工程與管理系(備取,分發)"
CAND_1800,114,ncut_iem,國立勤益科技大學,工業工程與管理系(機械群),國立勤益科技大學 工業工程與管理系(機械群),54010108,維*宏,備取,國立虎尾科技大學,國立虎尾科技大學工業管理系,其他學校錄取,3,"國立勤益科技大學工業工程與管理系(備取); 國立虎尾科技大學工業管理系(備取,分發); 國立臺東專科學校動力機械科車輛組(通過)"
CAND_1801,114,ncut_iem,國立勤益科技大學,工業工程與管理系(機械群),國立勤益科技大學 工業工程與管理系(機械群),56010109,吳*,備取,國立聯合大學,國立聯合大學機械工程學系,其他學校錄取,2,"國立勤益科技大學工業工程與管理系(備取); 國立聯合大學機械工程學系(備取,分發)"
CAND_1802,114,ncut_iem,國立勤益科技大學,工業工程與管理系(機械群),國立勤益科技大學 工業工程與管理系(機械群),64010421,陳*,備取,朝陽科技大學,朝陽科技大學工業設計系,其他學校錄取,3,"國立勤益科技大學工業工程與管理系(備取); 朝陽科技大學工業設計系(正取,分發); 南臺科技大學機械工程系智慧製造組(正取)"
CAND_1803,114,ncut_iem,國立勤益科技大學,工業工程與管理系(機械群),國立勤益科技大學 工業工程與管理系(機械群),56010329,鄭*翔,備取,—,—,未分發或放棄,3,國立勤益科技大學工業工程與管理系(備取); 朝陽科技大學航空機械系(通過); 明志科技大學機械工程系精密機械組(通過)
CAND_1804,114,ncut_iem,國立勤益科技大學,工業工程與管理系(機械群),國立勤益科技大學 工業工程與管理系(機械群),56010073,林*,備取,國立虎尾科技大學,國立虎尾科技大學機械與電腦輔助工程系,其他學校錄取,4,"國立勤益科技大學工業工程與管理系(備取); 國立虎尾科技大學機械與電腦輔助工程系(備取,分發); 明志科技大學半導體材料與製程學士學位學程(正取); 國立聯合大學機械工程學系(通過)"
CAND_1805,114,ncut_iem,國立勤益科技大學,工業工程與管理系(機械群),國立勤益科技大學 工業工程與管理系(機械群),57010125,*勛,備取,—,—,未分發或放棄,1,國立勤益科技大學工業工程與管理系(備取)
CAND_1806,114,ncut_iem,國立勤益科技大學,工業工程與管理系(機械群),國立勤益科技大學 工業工程與管理系(機械群),61010229,啓*凱,備取,—,—,未分發或放棄,1,國立勤益科技大學工業工程與管理系(備取)
CAND_1807,114,ncut_iem,國立勤益科技大學,工業工程與管理系(機械群),國立勤益科技大學 工業工程與管理系(機械群),56010149,郭*倫,備取,國立屏東科技大學,國立屏東科技大學智慧機電學士學位學程,其他學校錄取,3,"國立勤益科技大學工業工程與管理系(備取); 國立屏東科技大學機械工程系(備取); 國立屏東科技大學智慧機電學士學位學程(正取,分發)"
CAND_1808,114,ncut_iem,國立勤益科技大學,工業工程與管理系(機械群),國立勤益科技大學 工業工程與管理系(機械群),52010314,張*翔,備取,—,—,未分發或放棄,1,國立勤益科技大學工業工程與管理系(備取)
CAND_1809,114,ncut_iem,國立勤益科技大學,工業工程與管理系(機械群),國立勤益科技大學 工業工程與管理系(機械群),56010075,*翔,備取,國立聯合大學,國立聯合大學機械工程學系,其他學校錄取,3,"國立勤益科技大學工業工程與管理系(備取); 國立臺東專科學校動力機械科產業機械組(正取); 國立聯合大學機械工程學系(備取,分發)"
CAND_1810,114,ncut_iem,國立勤益科技大學,工業工程與管理系(機械群),國立勤益科技大學 工業工程與管理系(機械群),56010012,潘*賓,備取,—,—,未分發或放棄,1,國立勤益科技大學工業工程與管理系(備取)
CAND_1811,114,ncut_iem,國立勤益科技大學,工業工程與管理系(機械群),國立勤益科技大學 工業工程與管理系(機械群),61010167,張*皓,備取,朝陽科技大學,朝陽科技大學營建工程系,其他學校錄取,3,"國立勤益科技大學工業工程與管理系(備取); 朝陽科技大學營建工程系(正取,分發); 弘光科技大學環境與安全衛生工程系職業安全衛生組(正取)"
CAND_1812,114,ncut_iem,國立勤益科技大學,工業工程與管理系(機械群),國立勤益科技大學 工業工程與管理系(機械群),56010269,朱*豪,備取,—,—,未分發或放棄,2,國立勤益科技大學工業工程與管理系(備取); 國立臺東專科學校動力機械科產業機械組(通過)
CAND_1813,114,ncut_iem,國立勤益科技大學,工業工程與管理系(機械群),國立勤益科技大學 工業工程與管理系(機械群),51010019,—,備取,—,—,未分發或放棄,1,國立勤益科技大學工業工程與管理系(通過)
CAND_1814,114,ncut_iem,國立勤益科技大學,工業工程與管理系(機械群),國立勤益科技大學 工業工程與管理系(機械群),52010065,張*丞,備取,—,—,未分發或放棄,2,國立勤益科技大學工業工程與管理系(通過); 明志科技大學半導體材料與製程學士學位學程(通過)
CAND_1815,114,ncut_iem,國立勤益科技大學,工業工程與管理系(機械群),國立勤益科技大學 工業工程與管理系(機械群),52010101,周*,備取,—,—,未分發或放棄,1,國立勤益科技大學工業工程與管理系(通過)
CAND_1816,114,ncut_iem,國立勤益科技大學,工業工程與管理系(機械群),國立勤益科技大學 工業工程與管理系(機械群),52010266,陳*橋,備取,國立高雄科技大學,國立高雄科技大學高瞻科技不分系學士學位學程,其他學校錄取,3,"國立勤益科技大學工業工程與管理系(通過); 國立高雄科技大學航運技術系(通過); 國立高雄科技大學高瞻科技不分系學士學位學程(正取,分發)"
CAND_1817,114,ncut_iem,國立勤益科技大學,工業工程與管理系(機械群),國立勤益科技大學 工業工程與管理系(機械群),52010302,葵*佑,備取,國立臺北護理健康大學,國立臺北護理健康大學運動保健系,其他學校錄取,2,"國立勤益科技大學工業工程與管理系(通過); 國立臺北護理健康大學運動保健系(正取,分發)"
CAND_1818,114,ncut_iem,國立勤益科技大學,工業工程與管理系(機械群),國立勤益科技大學 工業工程與管理系(機械群),52010319,林*,備取,—,—,未分發或放棄,2,國立勤益科技大學工業工程與管理系(通過); 國立虎尾科技大學機械與電腦輔助工程系(備取)
CAND_1819,114,ncut_iem,國立勤益科技大學,工業工程與管理系(機械群),國立勤益科技大學 工業工程與管理系(機械群),52010346,*恩,備取,臺北城市科技大學,臺北城市科技大學機械工程系,其他學校錄取,2,"國立勤益科技大學工業工程與管理系(通過); 臺北城市科技大學機械工程系(正取,分發)"
CAND_1820,114,ncut_iem,國立勤益科技大學,工業工程與管理系(機械群),國立勤益科技大學 工業工程與管理系(機械群),52010348,張*堯,備取,國立臺北護理健康大學,國立臺北護理健康大學運動保健系,其他學校錄取,2,"國立勤益科技大學工業工程與管理系(通過); 國立臺北護理健康大學運動保健系(備取,分發)"
CAND_1821,114,ncut_iem,國立勤益科技大學,工業工程與管理系(機械群),國立勤益科技大學 工業工程與管理系(機械群),52010369,徐*洺,備取,—,—,未分發或放棄,1,國立勤益科技大學工業工程與管理系(通過)
CAND_1822,114,ncut_iem,國立勤益科技大學,工業工程與管理系(機械群),國立勤益科技大學 工業工程與管理系(機械群),54010013,阮*穎,備取,國立臺北護理健康大學,國立臺北護理健康大學運動保健系,其他學校錄取,2,"國立勤益科技大學工業工程與管理系(通過); 國立臺北護理健康大學運動保健系(正取,分發)"
CAND_1823,114,ncut_iem,國立勤益科技大學,工業工程與管理系(機械群),國立勤益科技大學 工業工程與管理系(機械群),54010155,*靜,備取,明志科技大學,明志科技大學半導體材料與製程學士學位學程,其他學校錄取,4,"國立勤益科技大學工業工程與管理系(通過); 明志科技大學工業人工智慧學士學位學程(通過); 明志科技大學材料工程系(通過); 明志科技大學半導體材料與製程學士學位學程(正取,分發)"
CAND_1824,114,ncut_iem,國立勤益科技大學,工業工程與管理系(機械群),國立勤益科技大學 工業工程與管理系(機械群),54010166,魏*佑,備取,國立高雄科技大學,國立高雄科技大學模具工程系光電模具組,其他學校錄取,5,"國立勤益科技大學工業工程與管理系(通過); 國立高雄科技大學模具工程系光電模具組(備取,分發); 國立高雄科技大學模具工程系精微模具組(通過); 國立虎尾科技大學機械與電腦輔助工程系(備取); 國立虎尾科技大學工業管理系(正取)"
CAND_1825,114,ncut_iem,國立勤益科技大學,工業工程與管理系(機械群),國立勤益科技大學 工業工程與管理系(機械群),54010315,陳*豪,備取,—,—,未分發或放棄,3,國立勤益科技大學工業工程與管理系(通過); 明志科技大學環境與安全衛生工程系(通過); 國立聯合大學環境與安全衛生工程學系(通過)
CAND_1826,114,ncut_iem,國立勤益科技大學,工業工程與管理系(機械群),國立勤益科技大學 工業工程與管理系(機械群),55010039,葉*廷,備取,國立虎尾科技大學,國立虎尾科技大學機械與電腦輔助工程系,其他學校錄取,2,"國立勤益科技大學工業工程與管理系(通過); 國立虎尾科技大學機械與電腦輔助工程系(備取,分發)"
CAND_1827,114,ncut_iem,國立勤益科技大學,工業工程與管理系(機械群),國立勤益科技大學 工業工程與管理系(機械群),55010097,張*瑞,備取,國立聯合大學,國立聯合大學機械工程學系,其他學校錄取,4,"國立勤益科技大學工業工程與管理系(通過); 明志科技大學環境與安全衛生工程系(通過); 明志科技大學材料工程系(通過); 國立聯合大學機械工程學系(備取,分發)"
CAND_1828,114,ncut_iem,國立勤益科技大學,工業工程與管理系(機械群),國立勤益科技大學 工業工程與管理系(機械群),55010098,黄*融,備取,—,—,未分發或放棄,1,國立勤益科技大學工業工程與管理系(通過)
CAND_1829,114,ncut_iem,國立勤益科技大學,工業工程與管理系(機械群),國立勤益科技大學 工業工程與管理系(機械群),56010131,許*棋,備取,—,—,未分發或放棄,1,國立勤益科技大學工業工程與管理系(通過)
CAND_1830,114,ncut_iem,國立勤益科技大學,工業工程與管理系(機械群),國立勤益科技大學 工業工程與管理系(機械群),56010217,周*,備取,國立虎尾科技大學,國立虎尾科技大學材料科學與工程系,其他學校錄取,3,"國立勤益科技大學工業工程與管理系(通過); 國立虎尾科技大學材料科學與工程系(備取,分發); 國立虎尾科技大學機械設計工程系(備取)"
CAND_1831,114,ncut_iem,國立勤益科技大學,工業工程與管理系(機械群),國立勤益科技大學 工業工程與管理系(機械群),56010277,梁*楷,備取,—,—,未分發或放棄,4,國立勤益科技大學工業工程與管理系(通過); 國立虎尾科技大學機械設計工程系(通過); 明志科技大學機械工程系精密機械組(通過); 明志科技大學機械工程系光機電組(通過)
CAND_1832,114,ncut_iem,國立勤益科技大學,工業工程與管理系(機械群),國立勤益科技大學 工業工程與管理系(機械群),56010367,邱*翔,備取,國立高雄科技大學,國立高雄科技大學造船及海洋工程系,其他學校錄取,4,"國立勤益科技大學工業工程與管理系(通過); 國立屏東科技大學機械工程系(備取); 國立高雄科技大學造船及海洋工程系(正取,分發); 國立虎尾科技大學工業管理系(正取)"
CAND_1833,114,ncut_iem,國立勤益科技大學,工業工程與管理系(機械群),國立勤益科技大學 工業工程與管理系(機械群),60010129,*振,備取,—,—,未分發或放棄,4,國立勤益科技大學工業工程與管理系(通過); 朝陽科技大學工業工程與管理系(通過); 南臺科技大學機械工程系智慧製造組(通過); 嘉南藥理大學職業安全衛生系(通過)
CAND_1834,114,ncut_iem,國立勤益科技大學,工業工程與管理系(機械群),國立勤益科技大學 工業工程與管理系(機械群),61010151,紀*,備取,嶺東科技大學,嶺東科技大學智慧製造科技系,其他學校錄取,4,"國立勤益科技大學工業工程與管理系(通過); 朝陽科技大學工業工程與管理系(通過); 嶺東科技大學智慧製造科技系(正取,分發); 嶺東科技大學智慧製造科技系(資安人才)(通過)"
CAND_1835,114,ncut_iem,國立勤益科技大學,工業工程與管理系(機械群),國立勤益科技大學 工業工程與管理系(機械群),61010595,陳*愷,備取,國立虎尾科技大學,國立虎尾科技大學工業管理系,其他學校錄取,2,"國立勤益科技大學工業工程與管理系(通過); 國立虎尾科技大學工業管理系(正取,分發)"
CAND_1836,114,ncut_iem,國立勤益科技大學,工業工程與管理系(機械群),國立勤益科技大學 工業工程與管理系(機械群),61010633,徐*潔,備取,—,—,未分發或放棄,5,國立勤益科技大學工業工程與管理系(通過); 國立高雄科技大學工業工程與管理系(通過); 國立高雄科技大學機電工程系精密機械組(通過); 國立虎尾科技大學自動化工程系(通過); 國立虎尾科技大學工業管理系(通過)
CAND_1837,114,ncut_iem,國立勤益科技大學,工業工程與管理系(機械群),國立勤益科技大學 工業工程與管理系(機械群),61010636,邱*恩,備取,—,—,未分發或放棄,2,國立勤益科技大學工業工程與管理系(通過); 中臺科技大學醫學影像暨放射科學系(通過)
CAND_1838,114,ncut_iem,國立勤益科技大學,工業工程與管理系(機械群),國立勤益科技大學 工業工程與管理系(機械群),64010119,黄*,備取,—,—,未分發或放棄,1,國立勤益科技大學工業工程與管理系(通過)
CAND_1839,114,ncut_iem,國立勤益科技大學,工業工程與管理系(機械群),國立勤益科技大學 工業工程與管理系(機械群),64010140,—,備取,—,—,未分發或放棄,3,國立勤益科技大學工業工程與管理系(通過); 國立虎尾科技大學工業管理系(通過); 國立臺北護理健康大學運動保健系(通過)
CAND_1840,114,ncut_iem,國立勤益科技大學,工業工程與管理系(機械群),國立勤益科技大學 工業工程與管理系(機械群),64010255,張*竣,備取,—,—,未分發或放棄,2,國立勤益科技大學工業工程與管理系(通過); 國立聯合大學機械工程學系(通過)
CAND_1841,114,ncut_iem,國立勤益科技大學,工業工程與管理系(機械群),國立勤益科技大學 工業工程與管理系(機械群),64010301,侯*木,備取,—,—,未分發或放棄,2,國立勤益科技大學工業工程與管理系(通過); 國立高雄科技大學造船及海洋工程系(通過)
CAND_1842,114,ncut_iem,國立勤益科技大學,工業工程與管理系(機械群),國立勤益科技大學 工業工程與管理系(機械群),64010317,簡*彤,備取,—,—,未分發或放棄,2,國立勤益科技大學工業工程與管理系(通過); 國立虎尾科技大學機械設計工程系(正取)
CAND_1843,114,ncut_iem,國立勤益科技大學,工業工程與管理系(機械群),國立勤益科技大學 工業工程與管理系(機械群),64010334,謝*,備取,國立虎尾科技大學,國立虎尾科技大學飛機工程系機械組,其他學校錄取,4,"國立勤益科技大學工業工程與管理系(通過); 國立雲林科技大學機械工程系(通過); 國立虎尾科技大學飛機工程系機械組(正取,分發); 朝陽科技大學航空機械系(通過)"
CAND_1844,114,ncut_iem,國立勤益科技大學,工業工程與管理系(機械群),國立勤益科技大學 工業工程與管理系(機械群),64010351,陳*騰,備取,國立虎尾科技大學,國立虎尾科技大學機械與電腦輔助工程系,其他學校錄取,4,"國立勤益科技大學工業工程與管理系(通過); 國立高雄科技大學造船及海洋工程系(通過); 國立虎尾科技大學機械與電腦輔助工程系(正取,分發); 朝陽科技大學工業工程與管理系(通過)"
CAND_1845,114,ncut_iem,國立勤益科技大學,工業工程與管理系(機械群),國立勤益科技大學 工業工程與管理系(機械群),66010074,—,備取,國立虎尾科技大學,國立虎尾科技大學飛機工程系機械組,其他學校錄取,5,"國立勤益科技大學工業工程與管理系(通過); 國立高雄科技大學模具工程系光電模具組(備取); 國立高雄科技大學航運技術系(通過); 國立虎尾科技大學材料科學與工程系(備取); 國立虎尾科技大學飛機工程系機械組(正取,分發)"
CAND_1846,114,ncut_iem,國立勤益科技大學,工業工程與管理系(機械群),國立勤益科技大學 工業工程與管理系(機械群),66010090,蕭*,備取,國立高雄科技大學,國立高雄科技大學造船及海洋工程系,其他學校錄取,4,"國立勤益科技大學工業工程與管理系(通過); 國立雲林科技大學工業工程與管理系(通過); 國立高雄科技大學造船及海洋工程系(正取,分發); 國立虎尾科技大學工業管理系(通過)"
CAND_1847,114,ncut_iem,國立勤益科技大學,工業工程與管理系(機械群),國立勤益科技大學 工業工程與管理系(機械群),66010182,陳*稜,備取,—,—,未分發或放棄,1,國立勤益科技大學工業工程與管理系(通過)
CAND_1848,114,ncut_iem,國立勤益科技大學,工業工程與管理系(機械群),國立勤益科技大學 工業工程與管理系(機械群),67010082,葵*,備取,—,—,未分發或放棄,2,國立勤益科技大學工業工程與管理系(通過); 國立虎尾科技大學動力機械工程系(通過)
CAND_1849,114,ncut_iem,國立勤益科技大學,工業工程與管理系(機械群),國立勤益科技大學 工業工程與管理系(機械群),68010088,何*邦,備取,國立虎尾科技大學,國立虎尾科技大學工業管理系,其他學校錄取,2,"國立勤益科技大學工業工程與管理系(通過); 國立虎尾科技大學工業管理系(備取,分發)"
CAND_1850,114,ncut_iem,國立勤益科技大學,工業工程與管理系(機械群),國立勤益科技大學 工業工程與管理系(機械群),68010286,陳*日,備取,—,—,未分發或放棄,3,國立勤益科技大學工業工程與管理系(通過); 南臺科技大學工業管理與資訊系工業管理組(正取); 南臺科技大學創新產品設計系(通過)
CAND_1851,114,ncut_iem,國立勤益科技大學,工業工程與管理系(機械群),國立勤益科技大學 工業工程與管理系(機械群),70010084,吳*豪,備取,國立屏東科技大學,國立屏東科技大學機械工程系,其他學校錄取,3,"國立勤益科技大學工業工程與管理系(通過); 國立屏東科技大學機械工程系(備取,分發); 國立虎尾科技大學工業管理系(正取)"
CAND_1852,114,ncut_iem,國立勤益科技大學,工業工程與管理系(機械群),國立勤益科技大學 工業工程與管理系(機械群),70010307,何*,備取,國立虎尾科技大學,國立虎尾科技大學飛機工程系機械組,其他學校錄取,3,"國立勤益科技大學工業工程與管理系(通過); 國立雲林科技大學機械工程系(通過); 國立虎尾科技大學飛機工程系機械組(正取,分發)"
CAND_1853,114,ncut_iem,國立勤益科技大學,工業工程與管理系(機械群),國立勤益科技大學 工業工程與管理系(機械群),70010330,陳*,備取,—,—,未分發或放棄,4,國立勤益科技大學工業工程與管理系(通過); 國立高雄科技大學造船及海洋工程系(備取); 國立高雄科技大學高瞻科技不分系學士學位學程(通過); 逢甲大學機械與電腦輔助工程學系(通過)
CAND_1854,114,ncut_iem,國立勤益科技大學,工業工程與管理系(機械群),國立勤益科技大學 工業工程與管理系(機械群),77010001,方*書,備取,國立虎尾科技大學,國立虎尾科技大學機械與電腦輔助工程系,其他學校錄取,3,"國立勤益科技大學工業工程與管理系(通過); 國立虎尾科技大學機械與電腦輔助工程系(正取,分發); 國立金門大學運動與休閒學系(正取)"
CAND_1855,114,ncut_iem,國立勤益科技大學,工業工程與管理系(資電類),國立勤益科技大學 工業工程與管理系(資電類),54040114,張*翔,正取,國立虎尾科技大學,國立虎尾科技大學光電工程系,其他學校錄取,4,"國立勤益科技大學工業工程與管理系(正取); 國立虎尾科技大學光電工程系(正取,分發); 明志科技大學電子工程系(正取); 明志科技大學環境與安全衛生工程系(正取)"
CAND_1856,114,ncut_iem,國立勤益科技大學,工業工程與管理系(資電類),國立勤益科技大學 工業工程與管理系(資電類),61040663,*喆,正取,國立虎尾科技大學,國立虎尾科技大學飛機工程系航空電子組,其他學校錄取,3,"國立勤益科技大學工業工程與管理系(正取); 國立虎尾科技大學飛機工程系航空電子組(正取,分發); 國立虎尾科技大學光電工程系(正取)"
CAND_1857,114,ncut_iem,國立勤益科技大學,工業工程與管理系(資電類),國立勤益科技大學 工業工程與管理系(資電類),52040566,*良,正取,國立勤益科技大學,國立勤益科技大學工業工程與管理系,原校系/本校留任,1,"國立勤益科技大學工業工程與管理系(正取,分發)"
CAND_1858,114,ncut_iem,國立勤益科技大學,工業工程與管理系(資電類),國立勤益科技大學 工業工程與管理系(資電類),73040008,温*銘,正取,國立勤益科技大學,國立勤益科技大學工業工程與管理系,原校系/本校留任,3,"國立勤益科技大學工業工程與管理系(正取,分發); 國立高雄科技大學智慧商務系(通過); 國立屏東大學電腦與通訊學系(正取)"
CAND_1859,114,ncut_iem,國立勤益科技大學,工業工程與管理系(資電類),國立勤益科技大學 工業工程與管理系(資電類),56040082,鄭*皓,正取,國立臺中科技大學,國立臺中科技大學智慧生產工程系,其他學校錄取,3,"國立勤益科技大學工業工程與管理系(正取); 國立臺中科技大學智慧生產工程系(正取,分發); 國立臺北商業大學創意科技與產品設計系(桃園校區)(通過)"
CAND_1860,114,ncut_iem,國立勤益科技大學,工業工程與管理系(資電類),國立勤益科技大學 工業工程與管理系(資電類),73040060,李*閔,正取,明志科技大學,明志科技大學工業工程與管理系,其他學校錄取,2,"國立勤益科技大學工業工程與管理系(正取); 明志科技大學工業工程與管理系(正取,分發)"
CAND_1861,114,ncut_iem,國立勤益科技大學,工業工程與管理系(資電類),國立勤益科技大學 工業工程與管理系(資電類),57040106,黄*鈞,正取,國立勤益科技大學,國立勤益科技大學工業工程與管理系,原校系/本校留任,1,"國立勤益科技大學工業工程與管理系(正取,分發)"
CAND_1862,114,ncut_iem,國立勤益科技大學,工業工程與管理系(資電類),國立勤益科技大學 工業工程與管理系(資電類),61040451,吳*,正取,國立臺中科技大學,國立臺中科技大學智慧生產工程系,其他學校錄取,3,"國立勤益科技大學工業工程與管理系(正取); 國立虎尾科技大學材料科學與工程系(備取); 國立臺中科技大學智慧生產工程系(正取,分發)"
CAND_1863,114,ncut_iem,國立勤益科技大學,工業工程與管理系(資電類),國立勤益科技大學 工業工程與管理系(資電類),70040118,—,正取,—,—,未分發或放棄,2,國立勤益科技大學工業工程與管理系(正取); 國立臺中科技大學人工智慧應用工程學士學位學程(通過)
CAND_1864,114,ncut_iem,國立勤益科技大學,工業工程與管理系(資電類),國立勤益科技大學 工業工程與管理系(資電類),61040898,江*鞍,正取,國立勤益科技大學,國立勤益科技大學工業工程與管理系,原校系/本校留任,4,"國立勤益科技大學工業工程與管理系(正取,分發); 國立臺中科技大學多媒體設計系(備取); 朝陽科技大學資訊工程系資電工程組(正取); 嶺東科技大學資訊管理系資訊管理應用組(通過)"
CAND_1865,114,ncut_iem,國立勤益科技大學,工業工程與管理系(資電類),國立勤益科技大學 工業工程與管理系(資電類),61040495,簡*鈞,正取,國立屏東科技大學,國立屏東科技大學資訊管理系,其他學校錄取,4,"國立勤益科技大學工業工程與管理系(正取); 國立屏東科技大學資訊管理系(正取,分發); 國立臺中科技大學智慧生產工程系(正取); 國立屏東大學電腦與通訊學系(備取)"
CAND_1866,114,ncut_iem,國立勤益科技大學,工業工程與管理系(資電類),國立勤益科技大學 工業工程與管理系(資電類),73040020,*哲,正取,國立勤益科技大學,國立勤益科技大學工業工程與管理系,原校系/本校留任,1,"國立勤益科技大學工業工程與管理系(正取,分發)"
CAND_1867,114,ncut_iem,國立勤益科技大學,工業工程與管理系(資電類),國立勤益科技大學 工業工程與管理系(資電類),57040286,黄*翔,正取,國立勤益科技大學,國立勤益科技大學工業工程與管理系,原校系/本校留任,2,"國立勤益科技大學工業工程與管理系(正取,分發); 國立高雄科技大學海事資訊科技系(通過)"
CAND_1868,114,ncut_iem,國立勤益科技大學,工業工程與管理系(資電類),國立勤益科技大學 工業工程與管理系(資電類),61510208,*佑,正取,國立勤益科技大學,國立勤益科技大學工業工程與管理系,原校系/本校留任,1,"國立勤益科技大學工業工程與管理系(正取,分發)"
CAND_1869,114,ncut_iem,國立勤益科技大學,工業工程與管理系(資電類),國立勤益科技大學 工業工程與管理系(資電類),51040053,吳*,正取,國立勤益科技大學,國立勤益科技大學工業工程與管理系,原校系/本校留任,5,"國立勤益科技大學工業工程與管理系(正取,分發); 龍華科技大學電子工程系(通過); 明志科技大學電子工程系(通過); 明志科技大學工業工程與管理系(通過); 亞東科技大學電子工程系(通過)"
CAND_1870,114,ncut_iem,國立勤益科技大學,工業工程與管理系(資電類),國立勤益科技大學 工業工程與管理系(資電類),52040606,高*軒,正取,國立臺中科技大學,國立臺中科技大學智慧生產工程系,其他學校錄取,3,"國立勤益科技大學工業工程與管理系(正取); 國立臺中科技大學智慧生產工程系(備取,分發); 明志科技大學電子工程系(正取)"
CAND_1871,114,ncut_iem,國立勤益科技大學,工業工程與管理系(資電類),國立勤益科技大學 工業工程與管理系(資電類),71040040,吳*澄,正取,國立勤益科技大學,國立勤益科技大學工業工程與管理系,原校系/本校留任,1,"國立勤益科技大學工業工程與管理系(正取,分發)"
CAND_1872,114,ncut_iem,國立勤益科技大學,工業工程與管理系(資電類),國立勤益科技大學 工業工程與管理系(資電類),61040686,李*,正取,國立勤益科技大學,國立勤益科技大學工業工程與管理系,原校系/本校留任,2,"國立勤益科技大學工業工程與管理系(正取,分發); 國立臺北商業大學創意科技與產品設計系(桃園校區)(通過)"
CAND_1873,114,ncut_iem,國立勤益科技大學,工業工程與管理系(資電類),國立勤益科技大學 工業工程與管理系(資電類),51040041,吳*龍,正取,國立勤益科技大學,國立勤益科技大學工業工程與管理系,原校系/本校留任,3,"國立勤益科技大學工業工程與管理系(正取,分發); 國立虎尾科技大學電子工程科(二專部)(通過); 明志科技大學工業工程與管理系(通過)"
CAND_1874,114,ncut_iem,國立勤益科技大學,工業工程與管理系(資電類),國立勤益科技大學 工業工程與管理系(資電類),61040386,江*,正取,國立臺中科技大學,國立臺中科技大學智慧生產工程系,其他學校錄取,2,"國立勤益科技大學工業工程與管理系(正取); 國立臺中科技大學智慧生產工程系(正取,分發)"
CAND_1875,114,ncut_iem,國立勤益科技大學,工業工程與管理系(資電類),國立勤益科技大學 工業工程與管理系(資電類),60040033,張*宇,正取,國立勤益科技大學,國立勤益科技大學工業工程與管理系,原校系/本校留任,1,"國立勤益科技大學工業工程與管理系(正取,分發)"
CAND_1876,114,ncut_iem,國立勤益科技大學,工業工程與管理系(資電類),國立勤益科技大學 工業工程與管理系(資電類),52040623,陳*霆,備取,國立屏東大學,國立屏東大學電腦與通訊學系,其他學校錄取,4,"國立勤益科技大學工業工程與管理系(備取); 朝陽科技大學資訊管理系資訊管理組(通過); 明志科技大學工業工程與管理系(通過); 國立屏東大學電腦與通訊學系(備取,分發)"
CAND_1877,114,ncut_iem,國立勤益科技大學,工業工程與管理系(資電類),國立勤益科技大學 工業工程與管理系(資電類),61040833,陳*鈞,備取,國立勤益科技大學,國立勤益科技大學工業工程與管理系,原校系/本校留任,1,"國立勤益科技大學工業工程與管理系(備取,分發)"
CAND_1878,114,ncut_iem,國立勤益科技大學,工業工程與管理系(資電類),國立勤益科技大學 工業工程與管理系(資電類),61040755,陳*,備取,國立勤益科技大學,國立勤益科技大學工業工程與管理系,原校系/本校留任,2,"國立勤益科技大學工業工程與管理系(備取,分發); 國立臺中科技大學智慧生產工程系(備取)"
CAND_1879,114,ncut_iem,國立勤益科技大學,工業工程與管理系(資電類),國立勤益科技大學 工業工程與管理系(資電類),57040026,陳*庭,備取,國立虎尾科技大學,國立虎尾科技大學材料科學與工程系,其他學校錄取,2,"國立勤益科技大學工業工程與管理系(備取); 國立虎尾科技大學材料科學與工程系(備取,分發)"
CAND_1880,114,ncut_iem,國立勤益科技大學,工業工程與管理系(資電類),國立勤益科技大學 工業工程與管理系(資電類),61040503,維*劭,備取,國立勤益科技大學,國立勤益科技大學工業工程與管理系,原校系/本校留任,1,"國立勤益科技大學工業工程與管理系(備取,分發)"
CAND_1881,114,ncut_iem,國立勤益科技大學,工業工程與管理系(資電類),國立勤益科技大學 工業工程與管理系(資電類),58040061,張*翔,備取,國立勤益科技大學,國立勤益科技大學工業工程與管理系,原校系/本校留任,3,"國立勤益科技大學工業工程與管理系(備取,分發); 明志科技大學工業工程與管理系(通過); 僑光科技大學資訊科技系(正取)"
CAND_1882,114,ncut_iem,國立勤益科技大學,工業工程與管理系(資電類),國立勤益科技大學 工業工程與管理系(資電類),61040811,張*,備取,國立勤益科技大學,國立勤益科技大學工業工程與管理系,原校系/本校留任,3,"國立勤益科技大學工業工程與管理系(備取,分發); 國立臺中科技大學智慧生產工程系(備取); 明志科技大學電子工程系(備取)"
CAND_1883,114,ncut_iem,國立勤益科技大學,工業工程與管理系(資電類),國立勤益科技大學 工業工程與管理系(資電類),70040070,沈*賢,備取,國立勤益科技大學,國立勤益科技大學工業工程與管理系,原校系/本校留任,1,"國立勤益科技大學工業工程與管理系(備取,分發)"
CAND_1884,114,ncut_iem,國立勤益科技大學,工業工程與管理系(資電類),國立勤益科技大學 工業工程與管理系(資電類),61040803,楊*大,備取,—,—,未分發或放棄,3,國立勤益科技大學工業工程與管理系(備取); 明志科技大學電子工程系(通過); 靜宜大學資訊工程學系(通過)
CAND_1885,114,ncut_iem,國立勤益科技大學,工業工程與管理系(資電類),國立勤益科技大學 工業工程與管理系(資電類),59040128,陳*廷,備取,國立勤益科技大學,國立勤益科技大學工業工程與管理系,原校系/本校留任,2,"國立勤益科技大學工業工程與管理系(備取,分發); 國立臺中科技大學智慧生產工程系(備取)"
CAND_1886,114,ncut_iem,國立勤益科技大學,工業工程與管理系(資電類),國立勤益科技大學 工業工程與管理系(資電類),70040134,孫*驍,備取,國立勤益科技大學,國立勤益科技大學工業工程與管理系,原校系/本校留任,4,"國立勤益科技大學工業工程與管理系(備取,分發); 國立屏東科技大學資訊管理系(正取); 國立虎尾科技大學電子工程科(二專部)(通過); 國立臺中科技大學智慧生產工程系(備取)"
CAND_1887,114,ncut_iem,國立勤益科技大學,工業工程與管理系(資電類),國立勤益科技大學 工業工程與管理系(資電類),70040290,翁*,備取,國立屏東大學,國立屏東大學電腦與通訊學系,其他學校錄取,2,"國立勤益科技大學工業工程與管理系(備取); 國立屏東大學電腦與通訊學系(備取,分發)"
CAND_1888,114,ncut_iem,國立勤益科技大學,工業工程與管理系(資電類),國立勤益科技大學 工業工程與管理系(資電類),73040039,黄*程,備取,國立虎尾科技大學,國立虎尾科技大學臥虎專班(願景計畫),其他學校錄取,4,"國立勤益科技大學工業工程與管理系(備取); 國立虎尾科技大學臥虎專班(願景計畫)(正取,分發); 國立臺東專科學校電機工程科(正取); 國立屏東大學電腦與通訊學系(備取)"
CAND_1889,114,ncut_iem,國立勤益科技大學,工業工程與管理系(資電類),國立勤益科技大學 工業工程與管理系(資電類),59040184,吳*,備取,國立勤益科技大學,國立勤益科技大學工業工程與管理系,原校系/本校留任,1,"國立勤益科技大學工業工程與管理系(備取,分發)"
CAND_1890,114,ncut_iem,國立勤益科技大學,工業工程與管理系(資電類),國立勤益科技大學 工業工程與管理系(資電類),53040038,鄭*,備取,明志科技大學,明志科技大學電子工程系,其他學校錄取,3,"國立勤益科技大學工業工程與管理系(備取); 明志科技大學電機工程系(備取); 明志科技大學電子工程系(正取,分發)"
CAND_1891,114,ncut_iem,國立勤益科技大學,工業工程與管理系(資電類),國立勤益科技大學 工業工程與管理系(資電類),56040248,—,備取,明志科技大學,明志科技大學工業工程與管理系,其他學校錄取,6,"國立勤益科技大學工業工程與管理系(備取); 南臺科技大學電子工程系(正取); 南臺科技大學資訊管理系(正取); 健行科技大學資訊工程系(正取); 明志科技大學工業工程與管理系(正取,分發); 亞東科技大學電子工程系(備取)"
CAND_1892,114,ncut_iem,國立勤益科技大學,工業工程與管理系(資電類),國立勤益科技大學 工業工程與管理系(資電類),51040037,張*鈞,備取,—,—,未分發或放棄,2,國立勤益科技大學工業工程與管理系(備取); 國立虎尾科技大學電子工程科(二專部)(通過)
CAND_1893,114,ncut_iem,國立勤益科技大學,工業工程與管理系(資電類),國立勤益科技大學 工業工程與管理系(資電類),59040044,邱*朋,備取,明志科技大學,明志科技大學工業工程與管理系,其他學校錄取,4,"國立勤益科技大學工業工程與管理系(備取); 國立臺中科技大學智慧生產工程系(備取); 明新科技大學資訊工程系(通過); 明志科技大學工業工程與管理系(備取,分發)"
CAND_1894,114,ncut_iem,國立勤益科技大學,工業工程與管理系(資電類),國立勤益科技大學 工業工程與管理系(資電類),56040252,F*𡊰,備取,國立虎尾科技大學,國立虎尾科技大學電子工程科(二專部),其他學校錄取,5,"國立勤益科技大學工業工程與管理系(備取); 國立虎尾科技大學電子工程科(二專部)(備取,分發); 國立澎湖科技大學電機工程系(正取); 龍華科技大學半導體工程系(通過); 明新科技大學電子工程系(通過)"
CAND_1895,114,ncut_iem,國立勤益科技大學,工業工程與管理系(資電類),國立勤益科技大學 工業工程與管理系(資電類),59040038,*德,備取,國立臺中科技大學,國立臺中科技大學智慧生產工程系,其他學校錄取,4,"國立勤益科技大學工業工程與管理系(備取); 國立臺中科技大學智慧生產工程系(備取,分發); 國立臺北商業大學創意科技與產品設計系(桃園校區)(通過); 朝陽科技大學資訊工程系資電工程組(通過)"
CAND_1896,114,ncut_iem,國立勤益科技大學,工業工程與管理系(資電類),國立勤益科技大學 工業工程與管理系(資電類),61040689,賴*任,備取,—,—,未分發或放棄,2,國立勤益科技大學工業工程與管理系(備取); 朝陽科技大學資訊工程系資電工程組(通過)
CAND_1897,114,ncut_iem,國立勤益科技大學,工業工程與管理系(資電類),國立勤益科技大學 工業工程與管理系(資電類),61040559,葵*,備取,明志科技大學,明志科技大學工業工程與管理系,其他學校錄取,4,"國立勤益科技大學工業工程與管理系(備取); 弘光科技大學醫療器材發展與應用系(正取); 明志科技大學工業工程與管理系(正取,分發); 靜宜大學資訊工程學系(備取)"
CAND_1898,114,ncut_iem,國立勤益科技大學,工業工程與管理系(資電類),國立勤益科技大學 工業工程與管理系(資電類),59040286,林*,備取,—,—,未分發或放棄,1,國立勤益科技大學工業工程與管理系(備取)
CAND_1899,114,ncut_iem,國立勤益科技大學,工業工程與管理系(資電類),國立勤益科技大學 工業工程與管理系(資電類),61040729,許*晴,備取,弘光科技大學,弘光科技大學智慧科技應用系,其他學校錄取,3,"國立勤益科技大學工業工程與管理系(備取); 弘光科技大學智慧科技應用系(正取,分發); 亞洲大學資訊工程學系(通過)"
CAND_1900,114,ncut_iem,國立勤益科技大學,工業工程與管理系(資電類),國立勤益科技大學 工業工程與管理系(資電類),51040035,黄*翔,備取,—,—,未分發或放棄,3,國立勤益科技大學工業工程與管理系(通過); 龍華科技大學電子工程系(通過); 亞東科技大學通訊工程系(備取)
CAND_1901,114,ncut_iem,國立勤益科技大學,工業工程與管理系(資電類),國立勤益科技大學 工業工程與管理系(資電類),52040433,李*,備取,—,—,未分發或放棄,5,國立勤益科技大學工業工程與管理系(通過); 國立臺中科技大學智慧生產工程系(通過); 國立臺北商業大學創意科技與產品設計系(桃園校區)(通過); 元培醫事科技大學醫務管理系醫療產業管理組(通過); 致理科技大學資訊管理系(通過)
CAND_1902,114,ncut_iem,國立勤益科技大學,工業工程與管理系(資電類),國立勤益科技大學 工業工程與管理系(資電類),52040615,賀*鈞,備取,—,—,未分發或放棄,3,國立勤益科技大學工業工程與管理系(通過); 國立澎湖科技大學資訊工程系(通過); 國立澎湖科技大學電機工程系(通過)
CAND_1903,114,ncut_iem,國立勤益科技大學,工業工程與管理系(資電類),國立勤益科技大學 工業工程與管理系(資電類),56040041,*沂,備取,—,—,未分發或放棄,1,國立勤益科技大學工業工程與管理系(通過)
CAND_1904,114,ncut_iem,國立勤益科技大學,工業工程與管理系(資電類),國立勤益科技大學 工業工程與管理系(資電類),56040053,江*康,備取,—,—,未分發或放棄,3,國立勤益科技大學工業工程與管理系(通過); 明新科技大學工業工程與管理系(通過); 明新科技大學財務金融系智慧理財組(通過)
CAND_1905,114,ncut_iem,國立勤益科技大學,工業工程與管理系(資電類),國立勤益科技大學 工業工程與管理系(資電類),56040270,黄*凱,備取,明志科技大學,明志科技大學電子工程系,其他學校錄取,6,"國立勤益科技大學工業工程與管理系(通過); 國立虎尾科技大學光電工程系(通過); 國立臺中科技大學人工智慧應用工程學士學位學程(通過); 明志科技大學電機工程系(通過); 明志科技大學電子工程系(正取,分發); 明志科技大學半導體材料與製程學士學位學程(通過)"
CAND_1906,114,ncut_iem,國立勤益科技大學,工業工程與管理系(資電類),國立勤益科技大學 工業工程與管理系(資電類),56040276,林*洋,備取,國立聯合大學,國立聯合大學光電工程學系,其他學校錄取,5,"國立勤益科技大學工業工程與管理系(通過); 南臺科技大學電子工程系(通過); 明志科技大學電機工程系(備取); 明志科技大學電子工程系(備取); 國立聯合大學光電工程學系(正取,分發)"
CAND_1907,114,ncut_iem,國立勤益科技大學,工業工程與管理系(資電類),國立勤益科技大學 工業工程與管理系(資電類),56040280,翁*明,備取,明志科技大學,明志科技大學電子工程系,其他學校錄取,5,"國立勤益科技大學工業工程與管理系(通過); 龍華科技大學半導體工程系(正取); 健行科技大學電子工程系(通過); 明志科技大學電子工程系(正取,分發); 國立聯合大學光電工程學系(通過)"
CAND_1908,114,ncut_iem,國立勤益科技大學,工業工程與管理系(資電類),國立勤益科技大學 工業工程與管理系(資電類),57040184,林*有,備取,—,—,未分發或放棄,6,國立勤益科技大學工業工程與管理系(通過); 朝陽科技大學資訊工程系資電工程組(通過); 明新科技大學電機工程系(通過); 明新科技大學資訊工程系(通過); 健行科技大學電機工程系(通過); 致理科技大學資訊管理系(通過)
CAND_1909,114,ncut_iem,國立勤益科技大學,工業工程與管理系(資電類),國立勤益科技大學 工業工程與管理系(資電類),57040271,張*木,備取,—,—,未分發或放棄,1,國立勤益科技大學工業工程與管理系(通過)
CAND_1910,114,ncut_iem,國立勤益科技大學,工業工程與管理系(資電類),國立勤益科技大學 工業工程與管理系(資電類),58040009,張*彦,備取,—,—,未分發或放棄,4,國立勤益科技大學工業工程與管理系(通過); 朝陽科技大學資訊工程系資電工程組(通過); 國立聯合大學光電工程學系(通過); 靜宜大學資訊工程學系(通過)
CAND_1911,114,ncut_iem,國立勤益科技大學,工業工程與管理系(資電類),國立勤益科技大學 工業工程與管理系(資電類),61040347,*佑,備取,—,—,未分發或放棄,3,國立勤益科技大學工業工程與管理系(通過); 國立虎尾科技大學電子工程科(二專部)(通過); 國立臺中科技大學智慧生產工程系(通過)
CAND_1912,114,ncut_iem,國立勤益科技大學,工業工程與管理系(資電類),國立勤益科技大學 工業工程與管理系(資電類),61040504,郭*陞,備取,—,—,未分發或放棄,1,國立勤益科技大學工業工程與管理系(通過)
CAND_1913,114,ncut_iem,國立勤益科技大學,工業工程與管理系(資電類),國立勤益科技大學 工業工程與管理系(資電類),61040618,李*,備取,—,—,未分發或放棄,3,國立勤益科技大學工業工程與管理系(通過); 國立高雄科技大學海事資訊科技系(備取); 國立臺北商業大學創意科技與產品設計系(桃園校區)(通過)
CAND_1914,114,ncut_iem,國立勤益科技大學,工業工程與管理系(資電類),國立勤益科技大學 工業工程與管理系(資電類),65040043,林*宇,備取,國立高雄科技大學,國立高雄科技大學電腦與通訊工程系,其他學校錄取,2,"國立勤益科技大學工業工程與管理系(通過); 國立高雄科技大學電腦與通訊工程系(備取,分發)"
CAND_1915,114,ncut_iem,國立勤益科技大學,工業工程與管理系(資電類),國立勤益科技大學 工業工程與管理系(資電類),68040354,林*軒,備取,國立臺中科技大學,國立臺中科技大學智慧生產工程系,其他學校錄取,6,"國立勤益科技大學工業工程與管理系(通過); 國立屏東科技大學資訊管理系(備取); 國立臺中科技大學智慧生產工程系(正取,分發); 國立臺北商業大學創意科技與產品設計系(桃園校區)(通過); 南臺科技大學資訊工程系(通過); 南臺科技大學資訊管理系(通過)"
CAND_1916,114,ncut_iem,國立勤益科技大學,工業工程與管理系(資電類),國立勤益科技大學 工業工程與管理系(資電類),70040223,陳*宇,備取,國立高雄科技大學,國立高雄科技大學電子工程系資訊與數位IC設計組(建工校區),其他學校錄取,6,"國立勤益科技大學工業工程與管理系(通過); 國立高雄科技大學電子工程系資訊與數位IC設計組(建工校區)(備取,分發); 國立高雄科技大學電腦與通訊工程系(正取); 國立高雄科技大學半導體工程系(通過); 國立虎尾科技大學電子工程系(通過); 國立臺中科技大學資訊工程系(通過)"
CAND_1917,114,ncut_iem,國立勤益科技大學,工業工程與管理系(資電類),國立勤益科技大學 工業工程與管理系(資電類),72040050,張*,備取,國立高雄科技大學,國立高雄科技大學智慧商務系,其他學校錄取,4,"國立勤益科技大學工業工程與管理系(通過); 國立高雄科技大學智慧商務系(備取,分發); 國立虎尾科技大學資訊管理系(正取); 國立臺中科技大學智慧生產工程系(正取)"
CAND_1918,114,ncut_iem,國立勤益科技大學,工業工程與管理系(資電類),國立勤益科技大學 工業工程與管理系(資電類),74040003,林*,備取,南臺科技大學,南臺科技大學電子工程系,其他學校錄取,4,"國立勤益科技大學工業工程與管理系(通過); 朝陽科技大學資訊工程系人工智慧組(通過); 南臺科技大學電子工程系(正取,分發); 南臺科技大學資訊工程系(正取)"
CAND_1919,114,ncut_iem,國立勤益科技大學,工業工程與管理系(商管群),國立勤益科技大學 工業工程與管理系(商管群),55090096,葉*豪,正取,—,—,未分發或放棄,2,國立勤益科技大學工業工程與管理系(正取); 國立高雄科技大學會計資訊系(通過)
CAND_1920,114,ncut_iem,國立勤益科技大學,工業工程與管理系(商管群),國立勤益科技大學 工業工程與管理系(商管群),56090192,葉*婷,正取,國立勤益科技大學,國立勤益科技大學工業工程與管理系,原校系/本校留任,1,"國立勤益科技大學工業工程與管理系(正取,分發)"
CAND_1921,114,ncut_iem,國立勤益科技大學,工業工程與管理系(商管群),國立勤益科技大學 工業工程與管理系(商管群),61091080,楊*臻,正取,國立臺中科技大學,國立臺中科技大學企業管理系,其他學校錄取,6,"國立勤益科技大學工業工程與管理系(正取); 國立屏東科技大學資訊管理系(通過); 國立虎尾科技大學資訊管理系(通過); 國立虎尾科技大學企業管理系(正取); 國立臺中科技大學企業管理系(正取,分發); 朝陽科技大學企業管理系(通過)"
CAND_1922,114,ncut_iem,國立勤益科技大學,工業工程與管理系(商管群),國立勤益科技大學 工業工程與管理系(商管群),56090272,張*,正取,國立臺中科技大學,國立臺中科技大學應用統計系,其他學校錄取,2,"國立勤益科技大學工業工程與管理系(正取); 國立臺中科技大學應用統計系(正取,分發)"
CAND_1923,114,ncut_iem,國立勤益科技大學,工業工程與管理系(商管群),國立勤益科技大學 工業工程與管理系(商管群),55090194,簡*妤,正取,國立勤益科技大學,國立勤益科技大學工業工程與管理系,原校系/本校留任,3,"國立勤益科技大學工業工程與管理系(正取,分發); 中原大學國際經營與貿易學系(備取); 實踐大學財務金融學系(臺北校區)(通過)"
CAND_1924,114,ncut_iem,國立勤益科技大學,工業工程與管理系(商管群),國立勤益科技大學 工業工程與管理系(商管群),64090318,陳*鈞,正取,國立勤益科技大學,國立勤益科技大學工業工程與管理系,原校系/本校留任,3,"國立勤益科技大學工業工程與管理系(正取,分發); 國立高雄科技大學運籌管理系(通過); 國立高雄科技大學航運管理系(備取)"
CAND_1925,114,ncut_iem,國立勤益科技大學,工業工程與管理系(商管群),國立勤益科技大學 工業工程與管理系(商管群),61091492,張*菁,正取,—,—,未分發或放棄,3,國立勤益科技大學工業工程與管理系(正取); 國立臺中科技大學應用統計系(通過); 朝陽科技大學資訊管理系數位多媒體組(通過)
CAND_1926,114,ncut_iem,國立勤益科技大學,工業工程與管理系(商管群),國立勤益科技大學 工業工程與管理系(商管群),65090059,徐*靜,正取,國立臺中科技大學,國立臺中科技大學應用統計系,其他學校錄取,2,"國立勤益科技大學工業工程與管理系(正取); 國立臺中科技大學應用統計系(正取,分發)"
CAND_1927,114,ncut_iem,國立勤益科技大學,工業工程與管理系(商管群),國立勤益科技大學 工業工程與管理系(商管群),61090876,謝*欣,正取,國立勤益科技大學,國立勤益科技大學工業工程與管理系,原校系/本校留任,1,"國立勤益科技大學工業工程與管理系(正取,分發)"
CAND_1928,114,ncut_iem,國立勤益科技大學,工業工程與管理系(商管群),國立勤益科技大學 工業工程與管理系(商管群),66090288,程*,正取,國立勤益科技大學,國立勤益科技大學工業工程與管理系,原校系/本校留任,4,"國立勤益科技大學工業工程與管理系(正取,分發); 國立屏東科技大學工業管理系(正取); 國立屏東科技大學企業管理系(正取); 國立臺中科技大學流通管理系(正取)"
CAND_1929,114,ncut_iem,國立勤益科技大學,工業工程與管理系(商管群),國立勤益科技大學 工業工程與管理系(商管群),59090172,徐*廷,正取,國立勤益科技大學,國立勤益科技大學工業工程與管理系,原校系/本校留任,2,"國立勤益科技大學工業工程與管理系(正取,分發); 國立虎尾科技大學工業管理系(正取)"
CAND_1930,114,ncut_iem,國立勤益科技大學,工業工程與管理系(商管群),國立勤益科技大學 工業工程與管理系(商管群),58090337,彭*,正取,國立勤益科技大學,國立勤益科技大學工業工程與管理系,原校系/本校留任,3,"國立勤益科技大學工業工程與管理系(正取,分發); 國立虎尾科技大學工業管理系(正取); 國立臺中科技大學財政稅務系(備取)"
CAND_1931,114,ncut_iem,國立勤益科技大學,工業工程與管理系(商管群),國立勤益科技大學 工業工程與管理系(商管群),61091598,鄭*婷,正取,國立勤益科技大學,國立勤益科技大學工業工程與管理系,原校系/本校留任,3,"國立勤益科技大學工業工程與管理系(正取,分發); 靜宜大學國際企業學系(正取); 靜宜大學財務金融學系(通過)"
CAND_1932,114,ncut_iem,國立勤益科技大學,工業工程與管理系(商管群),國立勤益科技大學 工業工程與管理系(商管群),61091231,張*,正取,國立臺中科技大學,國立臺中科技大學財政稅務系,其他學校錄取,3,"國立勤益科技大學工業工程與管理系(正取); 國立虎尾科技大學工業管理系(通過); 國立臺中科技大學財政稅務系(備取,分發)"
CAND_1933,114,ncut_iem,國立勤益科技大學,工業工程與管理系(商管群),國立勤益科技大學 工業工程與管理系(商管群),64090482,陳*伶,正取,國立勤益科技大學,國立勤益科技大學工業工程與管理系,原校系/本校留任,2,"國立勤益科技大學工業工程與管理系(正取,分發); 國立臺中科技大學保險金融管理系(正取)"
CAND_1934,114,ncut_iem,國立勤益科技大學,工業工程與管理系(商管群),國立勤益科技大學 工業工程與管理系(商管群),59530003,翁*么,正取,國立雲林科技大學,國立雲林科技大學工業工程與管理系,其他學校錄取,6,"國立勤益科技大學工業工程與管理系(正取); 國立雲林科技大學工業工程與管理系(備取,分發); 朝陽科技大學航空運務系(通過); 明新科技大學工業工程與管理系(正取); 明新科技大學行銷與流通管理系(通過); 弘光科技大學物理治療系(通過)"
CAND_1935,114,ncut_iem,國立勤益科技大學,工業工程與管理系(商管群),國立勤益科技大學 工業工程與管理系(商管群),68090567,*駿,正取,國立勤益科技大學,國立勤益科技大學工業工程與管理系,原校系/本校留任,3,"國立勤益科技大學工業工程與管理系(正取,分發); 國立虎尾科技大學工業管理系(正取); 國立臺中科技大學保險金融管理系(備取)"
CAND_1936,114,ncut_iem,國立勤益科技大學,工業工程與管理系(商管群),國立勤益科技大學 工業工程與管理系(商管群),71090197,陳*女,正取,國立勤益科技大學,國立勤益科技大學工業工程與管理系,原校系/本校留任,1,"國立勤益科技大學工業工程與管理系(正取,分發)"
CAND_1937,114,ncut_iem,國立勤益科技大學,工業工程與管理系(商管群),國立勤益科技大學 工業工程與管理系(商管群),65090173,*永,正取,國立高雄科技大學,國立高雄科技大學運籌管理系,其他學校錄取,3,"國立勤益科技大學工業工程與管理系(正取); 國立高雄科技大學運籌管理系(備取,分發); 國立虎尾科技大學工業管理系(通過)"
CAND_1938,114,ncut_iem,國立勤益科技大學,工業工程與管理系(商管群),國立勤益科技大學 工業工程與管理系(商管群),66090039,張*騰,正取,國立勤益科技大學,國立勤益科技大學工業工程與管理系,原校系/本校留任,1,"國立勤益科技大學工業工程與管理系(正取,分發)"
CAND_1939,114,ncut_iem,國立勤益科技大學,工業工程與管理系(商管群),國立勤益科技大學 工業工程與管理系(商管群),61090324,吳*臻,正取,國立勤益科技大學,國立勤益科技大學工業工程與管理系,原校系/本校留任,3,"國立勤益科技大學工業工程與管理系(正取,分發); 弘光科技大學智慧科技應用系(正取); 靜宜大學資訊管理學系(通過)"
CAND_1940,114,ncut_iem,國立勤益科技大學,工業工程與管理系(商管群),國立勤益科技大學 工業工程與管理系(商管群),68090358,*妤,正取,國立虎尾科技大學,國立虎尾科技大學工業管理系,其他學校錄取,2,"國立勤益科技大學工業工程與管理系(正取); 國立虎尾科技大學工業管理系(正取,分發)"
CAND_1941,114,ncut_iem,國立勤益科技大學,工業工程與管理系(商管群),國立勤益科技大學 工業工程與管理系(商管群),61090230,林*冠,正取,國立勤益科技大學,國立勤益科技大學工業工程與管理系,原校系/本校留任,3,"國立勤益科技大學工業工程與管理系(正取,分發); 國立虎尾科技大學企業管理系(通過); 國立臺中科技大學保險金融管理系(備取)"
CAND_1942,114,ncut_iem,國立勤益科技大學,工業工程與管理系(商管群),國立勤益科技大學 工業工程與管理系(商管群),64090518,何*瑜,正取,國立勤益科技大學,國立勤益科技大學工業工程與管理系,原校系/本校留任,2,"國立勤益科技大學工業工程與管理系(正取,分發); 國立屏東大學會計學系(通過)"
CAND_1943,114,ncut_iem,國立勤益科技大學,工業工程與管理系(商管群),國立勤益科技大學 工業工程與管理系(商管群),53090053,黄*,正取,國立勤益科技大學,國立勤益科技大學工業工程與管理系,原校系/本校留任,2,"國立勤益科技大學工業工程與管理系(正取,分發); 國立虎尾科技大學企業管理系(備取)"
CAND_1944,114,ncut_iem,國立勤益科技大學,工業工程與管理系(商管群),國立勤益科技大學 工業工程與管理系(商管群),61090832,陸*𨫋,正取,國立勤益科技大學,國立勤益科技大學工業工程與管理系,原校系/本校留任,2,"國立勤益科技大學工業工程與管理系(正取,分發); 國立虎尾科技大學工業管理系(通過)"
CAND_1945,114,ncut_iem,國立勤益科技大學,工業工程與管理系(商管群),國立勤益科技大學 工業工程與管理系(商管群),57090440,楊*翔,正取,國立勤益科技大學,國立勤益科技大學工業工程與管理系,原校系/本校留任,3,"國立勤益科技大學工業工程與管理系(正取,分發); 國立虎尾科技大學工業管理系(正取); 國立臺中科技大學企業管理系(備取)"
CAND_1946,114,ncut_iem,國立勤益科技大學,工業工程與管理系(商管群),國立勤益科技大學 工業工程與管理系(商管群),56090434,陳*淳,正取,國立勤益科技大學,國立勤益科技大學工業工程與管理系,原校系/本校留任,3,"國立勤益科技大學工業工程與管理系(正取,分發); 明志科技大學工業工程與管理系(通過); 銘傳大學會計學系(台北校區)(通過)"
CAND_1947,114,ncut_iem,國立勤益科技大學,工業工程與管理系(商管群),國立勤益科技大學 工業工程與管理系(商管群),60090195,陳*珊,正取,國立勤益科技大學,國立勤益科技大學工業工程與管理系,原校系/本校留任,4,"國立勤益科技大學工業工程與管理系(正取,分發); 國立虎尾科技大學工業管理系(備取); 朝陽科技大學保險金融管理系(通過); 致理科技大學財務金融系(通過)"
CAND_1948,114,ncut_iem,國立勤益科技大學,工業工程與管理系(商管群),國立勤益科技大學 工業工程與管理系(商管群),57090412,楊*語,正取,國立勤益科技大學,國立勤益科技大學工業工程與管理系,原校系/本校留任,2,"國立勤益科技大學工業工程與管理系(正取,分發); 國立虎尾科技大學工業管理系(通過)"
CAND_1949,114,ncut_iem,國立勤益科技大學,工業工程與管理系(商管群),國立勤益科技大學 工業工程與管理系(商管群),55090060,張*瑜,正取,國立勤益科技大學,國立勤益科技大學工業工程與管理系,原校系/本校留任,3,"國立勤益科技大學工業工程與管理系(正取,分發); 朝陽科技大學財務金融系(正取); 致理科技大學企業管理系(通過)"
CAND_1950,114,ncut_iem,國立勤益科技大學,工業工程與管理系(商管群),國立勤益科技大學 工業工程與管理系(商管群),60090149,蘇*,正取,國立勤益科技大學,國立勤益科技大學工業工程與管理系,原校系/本校留任,1,"國立勤益科技大學工業工程與管理系(正取,分發)"
CAND_1951,114,ncut_iem,國立勤益科技大學,工業工程與管理系(商管群),國立勤益科技大學 工業工程與管理系(商管群),61091325,梁*,正取,—,—,未分發或放棄,4,國立勤益科技大學工業工程與管理系(正取); 國立高雄科技大學運籌管理系(通過); 國立高雄科技大學行銷與流通管理系(通過); 國立臺中科技大學應用統計系(備取)
CAND_1952,114,ncut_iem,國立勤益科技大學,工業工程與管理系(商管群),國立勤益科技大學 工業工程與管理系(商管群),68090350,陳*女,正取,國立虎尾科技大學,國立虎尾科技大學工業管理系,其他學校錄取,3,"國立勤益科技大學工業工程與管理系(正取); 國立虎尾科技大學工業管理系(備取,分發); 國立虎尾科技大學企業管理系(備取)"
CAND_1953,114,ncut_iem,國立勤益科技大學,工業工程與管理系(商管群),國立勤益科技大學 工業工程與管理系(商管群),56090281,陳*,正取,國立勤益科技大學,國立勤益科技大學工業工程與管理系,原校系/本校留任,1,"國立勤益科技大學工業工程與管理系(正取,分發)"
CAND_1954,114,ncut_iem,國立勤益科技大學,工業工程與管理系(商管群),國立勤益科技大學 工業工程與管理系(商管群),70090540,林*勛,正取,國立勤益科技大學,國立勤益科技大學工業工程與管理系,原校系/本校留任,2,"國立勤益科技大學工業工程與管理系(正取,分發); 國立屏東大學資訊管理學系(備取)"
CAND_1955,114,ncut_iem,國立勤益科技大學,工業工程與管理系(商管群),國立勤益科技大學 工業工程與管理系(商管群),57090653,李*永,正取,國立高雄科技大學,國立高雄科技大學風險管理與保險系,其他學校錄取,3,"國立勤益科技大學工業工程與管理系(正取); 國立高雄科技大學風險管理與保險系(備取,分發); 世新大學資訊管理學系資訊管理組(通過)"
CAND_1956,114,ncut_iem,國立勤益科技大學,工業工程與管理系(商管群),國立勤益科技大學 工業工程與管理系(商管群),56090438,許*欽,正取,國立勤益科技大學,國立勤益科技大學工業工程與管理系,原校系/本校留任,4,"國立勤益科技大學工業工程與管理系(正取,分發); 國立屏東科技大學企業管理系(正取); 國立臺中科技大學保險金融管理系(備取); 國立屏東大學資訊管理學系(備取)"
CAND_1957,114,ncut_iem,國立勤益科技大學,工業工程與管理系(商管群),國立勤益科技大學 工業工程與管理系(商管群),69090022,陳*晴,正取,國立勤益科技大學,國立勤益科技大學工業工程與管理系,原校系/本校留任,2,"國立勤益科技大學工業工程與管理系(正取,分發); 朝陽科技大學財務金融系(正取)"
CAND_1958,114,ncut_iem,國立勤益科技大學,工業工程與管理系(商管群),國立勤益科技大學 工業工程與管理系(商管群),61090968,吳*笛,正取,國立勤益科技大學,國立勤益科技大學工業工程與管理系,原校系/本校留任,5,"國立勤益科技大學工業工程與管理系(正取,分發); 國立臺中科技大學人工智慧應用工程學士學位學程(備取); 朝陽科技大學資訊管理系資訊管理組(備取); 弘光科技大學智慧科技應用系(通過); 國立屏東大學資訊管理學系(通過)"
CAND_1959,114,ncut_iem,國立勤益科技大學,工業工程與管理系(商管群),國立勤益科技大學 工業工程與管理系(商管群),65090068,*絜,正取,國立勤益科技大學,國立勤益科技大學工業工程與管理系,原校系/本校留任,2,"國立勤益科技大學工業工程與管理系(正取,分發); 國立屏東大學商業大數據學系(備取)"
CAND_1960,114,ncut_iem,國立勤益科技大學,工業工程與管理系(商管群),國立勤益科技大學 工業工程與管理系(商管群),60090185,林*,正取,國立勤益科技大學,國立勤益科技大學工業工程與管理系,原校系/本校留任,2,"國立勤益科技大學工業工程與管理系(正取,分發); 國立虎尾科技大學工業管理系(正取)"
CAND_1961,114,ncut_iem,國立勤益科技大學,工業工程與管理系(商管群),國立勤益科技大學 工業工程與管理系(商管群),67090321,黄*,正取,國立勤益科技大學,國立勤益科技大學工業工程與管理系,原校系/本校留任,5,"國立勤益科技大學工業工程與管理系(正取,分發); 國立臺中科技大學多媒體設計系(備取); 朝陽科技大學工業工程與管理系(正取); 靜宜大學資訊管理學系(通過); 亞洲大學人工智慧學系(正取)"
CAND_1962,114,ncut_iem,國立勤益科技大學,工業工程與管理系(商管群),國立勤益科技大學 工業工程與管理系(商管群),61090735,*琳,正取,國立勤益科技大學,國立勤益科技大學工業工程與管理系,原校系/本校留任,4,"國立勤益科技大學工業工程與管理系(正取,分發); 朝陽科技大學財務金融系(正取); 弘光科技大學健康事業管理系(通過); 靜宜大學財務金融學系(備取)"
CAND_1963,114,ncut_iem,國立勤益科技大學,工業工程與管理系(商管群),國立勤益科技大學 工業工程與管理系(商管群),60090091,蘇*慈,正取,國立臺中科技大學,國立臺中科技大學資訊工程系,其他學校錄取,2,"國立勤益科技大學工業工程與管理系(正取); 國立臺中科技大學資訊工程系(正取,分發)"
CAND_1964,114,ncut_iem,國立勤益科技大學,工業工程與管理系(商管群),國立勤益科技大學 工業工程與管理系(商管群),59090382,葉*,備取,國立高雄科技大學,國立高雄科技大學商務資訊應用系(資安人才),其他學校錄取,4,"國立勤益科技大學工業工程與管理系(備取); 國立高雄科技大學商務資訊應用系(資安人才)(正取,分發); 國立臺中科技大學資訊管理系(備取); 朝陽科技大學工業工程與管理系(正取)"
CAND_1965,114,ncut_iem,國立勤益科技大學,工業工程與管理系(商管群),國立勤益科技大學 工業工程與管理系(商管群),58090101,陳*,備取,國立勤益科技大學,國立勤益科技大學工業工程與管理系,原校系/本校留任,3,"國立勤益科技大學工業工程與管理系(備取,分發); 國立高雄科技大學智慧商務系(通過); 國立虎尾科技大學企業管理系(正取)"
CAND_1966,114,ncut_iem,國立勤益科技大學,工業工程與管理系(商管群),國立勤益科技大學 工業工程與管理系(商管群),64090338,游*,備取,國立勤益科技大學,國立勤益科技大學工業工程與管理系,原校系/本校留任,2,"國立勤益科技大學工業工程與管理系(備取,分發); 國立高雄科技大學風險管理與保險系(備取)"
CAND_1967,114,ncut_iem,國立勤益科技大學,工業工程與管理系(商管群),國立勤益科技大學 工業工程與管理系(商管群),64090266,楊*葳,備取,國立高雄科技大學,國立高雄科技大學風險管理與保險系,其他學校錄取,3,"國立勤益科技大學工業工程與管理系(備取); 國立高雄科技大學風險管理與保險系(正取,分發); 國立臺中科技大學保險金融管理系(備取)"
CAND_1968,114,ncut_iem,國立勤益科技大學,工業工程與管理系(商管群),國立勤益科技大學 工業工程與管理系(商管群),67090124,陳*芳,備取,國立勤益科技大學,國立勤益科技大學工業工程與管理系,原校系/本校留任,1,"國立勤益科技大學工業工程與管理系(備取,分發)"
CAND_1969,114,ncut_iem,國立勤益科技大學,工業工程與管理系(商管群),國立勤益科技大學 工業工程與管理系(商管群),64090378,許*恩,備取,國立勤益科技大學,國立勤益科技大學工業工程與管理系,原校系/本校留任,5,"國立勤益科技大學工業工程與管理系(備取,分發); 國立高雄科技大學運籌管理系(備取); 國立高雄科技大學行銷與流通管理系(備取); 國立虎尾科技大學工業管理系(通過); 國立臺中科技大學保險金融管理系(備取)"
CAND_1970,114,ncut_iem,國立勤益科技大學,工業工程與管理系(商管群),國立勤益科技大學 工業工程與管理系(商管群),64090360,黄*,備取,國立高雄科技大學,國立高雄科技大學漁業科技與管理系,其他學校錄取,3,"國立勤益科技大學工業工程與管理系(備取); 國立高雄科技大學漁業科技與管理系(正取,分發); 國立臺中科技大學保險金融管理系(備取)"
CAND_1971,114,ncut_iem,國立勤益科技大學,工業工程與管理系(商管群),國立勤益科技大學 工業工程與管理系(商管群),58090034,*豪,備取,國立勤益科技大學,國立勤益科技大學工業工程與管理系,原校系/本校留任,1,"國立勤益科技大學工業工程與管理系(備取,分發)"
CAND_1972,114,ncut_iem,國立勤益科技大學,工業工程與管理系(商管群),國立勤益科技大學 工業工程與管理系(商管群),59090288,彭*浩,備取,國立勤益科技大學,國立勤益科技大學工業工程與管理系,原校系/本校留任,1,"國立勤益科技大學工業工程與管理系(備取,分發)"
CAND_1973,114,ncut_iem,國立勤益科技大學,工業工程與管理系(商管群),國立勤益科技大學 工業工程與管理系(商管群),61091507,蕭*,備取,國立勤益科技大學,國立勤益科技大學工業工程與管理系,原校系/本校留任,1,"國立勤益科技大學工業工程與管理系(備取,分發)"
CAND_1974,114,ncut_iem,國立勤益科技大學,工業工程與管理系(商管群),國立勤益科技大學 工業工程與管理系(商管群),56090450,*真,備取,國立勤益科技大學,國立勤益科技大學工業工程與管理系,原校系/本校留任,3,"國立勤益科技大學工業工程與管理系(備取,分發); 明志科技大學工業工程與管理系(通過); 致理科技大學財務金融系(通過)"
CAND_1975,114,ncut_iem,國立勤益科技大學,工業工程與管理系(商管群),國立勤益科技大學 工業工程與管理系(商管群),61090941,F*,備取,國立勤益科技大學,國立勤益科技大學工業工程與管理系,原校系/本校留任,1,"國立勤益科技大學工業工程與管理系(備取,分發)"
CAND_1976,114,ncut_iem,國立勤益科技大學,工業工程與管理系(商管群),國立勤益科技大學 工業工程與管理系(商管群),68090206,盧*臻,備取,國立勤益科技大學,國立勤益科技大學工業工程與管理系,原校系/本校留任,2,"國立勤益科技大學工業工程與管理系(備取,分發); 國立臺北護理健康大學健康事業管理系(通過)"
CAND_1977,114,ncut_iem,國立勤益科技大學,工業工程與管理系(商管群),國立勤益科技大學 工業工程與管理系(商管群),68090578,林*,備取,國立勤益科技大學,國立勤益科技大學工業工程與管理系,原校系/本校留任,3,"國立勤益科技大學工業工程與管理系(備取,分發); 國立屏東科技大學工業管理系(正取); 國立屏東大學企業管理學系(正取)"
CAND_1978,114,ncut_iem,國立勤益科技大學,工業工程與管理系(商管群),國立勤益科技大學 工業工程與管理系(商管群),61090839,張*姍,備取,國立勤益科技大學,國立勤益科技大學工業工程與管理系,原校系/本校留任,3,"國立勤益科技大學工業工程與管理系(備取,分發); 逢甲大學合作經濟暨社會事業經營學系(備取); 靜宜大學財務金融學系(備取)"
CAND_1979,114,ncut_iem,國立勤益科技大學,工業工程與管理系(商管群),國立勤益科技大學 工業工程與管理系(商管群),58090041,鄭*紘,備取,—,—,未分發或放棄,1,國立勤益科技大學工業工程與管理系(備取)
CAND_1980,114,ncut_iem,國立勤益科技大學,工業工程與管理系(商管群),國立勤益科技大學 工業工程與管理系(商管群),61091329,邱*評,備取,—,—,未分發或放棄,1,國立勤益科技大學工業工程與管理系(備取)
CAND_1981,114,ncut_iem,國立勤益科技大學,工業工程與管理系(商管群),國立勤益科技大學 工業工程與管理系(商管群),70090494,楊*璇,備取,國立高雄科技大學,國立高雄科技大學運籌管理系,其他學校錄取,4,"國立勤益科技大學工業工程與管理系(備取); 國立高雄科技大學運籌管理系(備取,分發); 國立高雄科技大學行銷與流通管理系(備取); 國立屏東大學行銷與流通管理學系(正取)"
CAND_1982,114,ncut_iem,國立勤益科技大學,工業工程與管理系(商管群),國立勤益科技大學 工業工程與管理系(商管群),52090275,陳*融,備取,國立虎尾科技大學,國立虎尾科技大學工業管理系,其他學校錄取,2,"國立勤益科技大學工業工程與管理系(備取); 國立虎尾科技大學工業管理系(備取,分發)"
CAND_1983,114,ncut_iem,國立勤益科技大學,工業工程與管理系(商管群),國立勤益科技大學 工業工程與管理系(商管群),61090477,顏*住,備取,朝陽科技大學,朝陽科技大學工業工程與管理系,其他學校錄取,3,"國立勤益科技大學工業工程與管理系(備取); 國立虎尾科技大學工業管理系(備取); 朝陽科技大學工業工程與管理系(正取,分發)"
CAND_1984,114,ncut_iem,國立勤益科技大學,工業工程與管理系(商管群),國立勤益科技大學 工業工程與管理系(商管群),52090850,陳*楷,備取,—,—,未分發或放棄,1,國立勤益科技大學工業工程與管理系(備取)
CAND_1985,114,ncut_iem,國立勤益科技大學,工業工程與管理系(商管群),國立勤益科技大學 工業工程與管理系(商管群),64090370,黄*婕,備取,國立臺中科技大學,國立臺中科技大學應用統計系,其他學校錄取,3,"國立勤益科技大學工業工程與管理系(備取); 國立屏東科技大學工業管理系(通過); 國立臺中科技大學應用統計系(備取,分發)"
CAND_1986,114,ncut_iem,國立勤益科技大學,工業工程與管理系(商管群),國立勤益科技大學 工業工程與管理系(商管群),57090003,*琪,備取,—,—,未分發或放棄,1,國立勤益科技大學工業工程與管理系(備取)
CAND_1987,114,ncut_iem,國立勤益科技大學,工業工程與管理系(商管群),國立勤益科技大學 工業工程與管理系(商管群),65090337,楊*慈,備取,國立虎尾科技大學,國立虎尾科技大學工業管理系,其他學校錄取,2,"國立勤益科技大學工業工程與管理系(備取); 國立虎尾科技大學工業管理系(正取,分發)"
CAND_1988,114,ncut_iem,國立勤益科技大學,工業工程與管理系(商管群),國立勤益科技大學 工業工程與管理系(商管群),61091317,張*𢡟,備取,—,—,未分發或放棄,2,國立勤益科技大學工業工程與管理系(備取); 國立臺中科技大學應用統計系(備取)
CAND_1989,114,ncut_iem,國立勤益科技大學,工業工程與管理系(商管群),國立勤益科技大學 工業工程與管理系(商管群),64090330,陳*,備取,—,—,未分發或放棄,2,國立勤益科技大學工業工程與管理系(備取); 國立臺中科技大學保險金融管理系(備取)
CAND_1990,114,ncut_iem,國立勤益科技大學,工業工程與管理系(商管群),國立勤益科技大學 工業工程與管理系(商管群),61090609,簡*,備取,—,—,未分發或放棄,1,國立勤益科技大學工業工程與管理系(備取)
CAND_1991,114,ncut_iem,國立勤益科技大學,工業工程與管理系(商管群),國立勤益科技大學 工業工程與管理系(商管群),61091675,—,備取,—,—,未分發或放棄,2,國立勤益科技大學工業工程與管理系(備取); 朝陽科技大學財務金融系(正取)
CAND_1992,114,ncut_iem,國立勤益科技大學,工業工程與管理系(商管群),國立勤益科技大學 工業工程與管理系(商管群),65090297,邱*承,備取,國立虎尾科技大學,國立虎尾科技大學工業管理系,其他學校錄取,2,"國立勤益科技大學工業工程與管理系(備取); 國立虎尾科技大學工業管理系(備取,分發)"
CAND_1993,114,ncut_iem,國立勤益科技大學,工業工程與管理系(商管群),國立勤益科技大學 工業工程與管理系(商管群),61090781,張*閎,備取,—,—,未分發或放棄,2,國立勤益科技大學工業工程與管理系(備取); 國立高雄科技大學漁業科技與管理系(備取)
CAND_1994,114,ncut_iem,國立勤益科技大學,工業工程與管理系(商管群),國立勤益科技大學 工業工程與管理系(商管群),52090577,張*紘,備取,—,—,未分發或放棄,2,國立勤益科技大學工業工程與管理系(備取); 國立高雄科技大學人力資源發展系(通過)
CAND_1995,114,ncut_iem,國立勤益科技大學,工業工程與管理系(商管群),國立勤益科技大學 工業工程與管理系(商管群),57090014,邱*,備取,—,—,未分發或放棄,3,國立勤益科技大學工業工程與管理系(備取); 國立臺中科技大學應用統計系(備取); 世新大學資訊管理學系資訊管理組(通過)
CAND_1996,114,ncut_iem,國立勤益科技大學,工業工程與管理系(商管群),國立勤益科技大學 工業工程與管理系(商管群),59090385,楊*姍,備取,—,—,未分發或放棄,1,國立勤益科技大學工業工程與管理系(備取)
CAND_1997,114,ncut_iem,國立勤益科技大學,工業工程與管理系(商管群),國立勤益科技大學 工業工程與管理系(商管群),61091221,葵*依,備取,—,—,未分發或放棄,2,國立勤益科技大學工業工程與管理系(備取); 國立臺中科技大學應用統計系(備取)
CAND_1998,114,ncut_iem,國立勤益科技大學,工業工程與管理系(商管群),國立勤益科技大學 工業工程與管理系(商管群),61090671,宋*稦,備取,國立臺中科技大學,國立臺中科技大學休閒事業經營系,其他學校錄取,4,"國立勤益科技大學工業工程與管理系(備取); 國立虎尾科技大學應用外語系(通過); 國立臺中科技大學休閒事業經營系(正取,分發); 朝陽科技大學資訊工程系人工智慧組(通過)"
CAND_1999,114,ncut_iem,國立勤益科技大學,工業工程與管理系(商管群),國立勤益科技大學 工業工程與管理系(商管群),55090097,吳*廷,備取,國立屏東科技大學,國立屏東科技大學工業管理系,其他學校錄取,2,"國立勤益科技大學工業工程與管理系(備取); 國立屏東科技大學工業管理系(正取,分發)"
CAND_2000,114,ncut_iem,國立勤益科技大學,工業工程與管理系(商管群),國立勤益科技大學 工業工程與管理系(商管群),61091065,F*葳,備取,—,—,未分發或放棄,1,國立勤益科技大學工業工程與管理系(備取)
CAND_2001,114,ncut_iem,國立勤益科技大學,工業工程與管理系(商管群),國立勤益科技大學 工業工程與管理系(商管群),58090221,*永,備取,—,—,未分發或放棄,3,國立勤益科技大學工業工程與管理系(備取); 國立高雄科技大學航運技術系(正取); 國立臺北護理健康大學高齡健康照護系(通過)
CAND_2002,114,ncut_iem,國立勤益科技大學,工業工程與管理系(商管群),國立勤益科技大學 工業工程與管理系(商管群),52090478,翁*呈,備取,—,—,未分發或放棄,3,國立勤益科技大學工業工程與管理系(備取); 國立臺東專科學校資訊管理科(通過); 國立屏東大學資訊管理學系(通過)
CAND_2003,114,ncut_iem,國立勤益科技大學,工業工程與管理系(商管群),國立勤益科技大學 工業工程與管理系(商管群),61091147,藍*均,備取,—,—,未分發或放棄,1,國立勤益科技大學工業工程與管理系(備取)
CAND_2004,114,ncut_iem,國立勤益科技大學,工業工程與管理系(商管群),國立勤益科技大學 工業工程與管理系(商管群),64090232,黄*,備取,—,—,未分發或放棄,3,國立勤益科技大學工業工程與管理系(備取); 國立高雄科技大學商務資訊應用系(資安人才)(通過); 南臺科技大學資訊傳播系(通過)
CAND_2005,114,ncut_iem,國立勤益科技大學,工業工程與管理系(商管群),國立勤益科技大學 工業工程與管理系(商管群),60090315,黄*,備取,—,—,未分發或放棄,2,國立勤益科技大學工業工程與管理系(備取); 國立屏東大學不動產經營學系(通過)
CAND_2006,114,ncut_iem,國立勤益科技大學,工業工程與管理系(商管群),國立勤益科技大學 工業工程與管理系(商管群),61090470,蘇*銓,備取,—,—,未分發或放棄,5,國立勤益科技大學工業工程與管理系(備取); 國立屏東科技大學企業管理系(通過); 文藻外語大學國際企業管理系(通過); 文藻外語大學數位內容應用與管理系(通過); 國立屏東大學商業大數據學系(通過)
CAND_2007,114,ncut_iem,國立勤益科技大學,工業工程與管理系(商管群),國立勤益科技大學 工業工程與管理系(商管群),70091012,金*昀,備取,—,—,未分發或放棄,3,國立勤益科技大學工業工程與管理系(備取); 國立虎尾科技大學工業管理系(通過); 國立臺中科技大學保險金融管理系(備取)
CAND_2008,114,ncut_iem,國立勤益科技大學,工業工程與管理系(商管群),國立勤益科技大學 工業工程與管理系(商管群),56090342,—,備取,國立臺中科技大學,國立臺中科技大學應用統計系,其他學校錄取,3,"國立勤益科技大學工業工程與管理系(備取); 國立臺中科技大學應用統計系(正取,分發); 國立屏東大學商業大數據學系(通過)"
CAND_2009,114,ncut_iem,國立勤益科技大學,工業工程與管理系(商管群),國立勤益科技大學 工業工程與管理系(商管群),52090082,張*智,備取,國立勤益科技大學,國立勤益科技大學工業工程與管理系,原校系/本校留任,4,"國立勤益科技大學工業工程與管理系(備取,分發); 國立屏東科技大學工業管理系(通過); 國立屏東科技大學企業管理系(通過); 國立臺中科技大學應用統計系(備取)"
CAND_2010,114,ncut_iem,國立勤益科技大學,工業工程與管理系(商管群),國立勤益科技大學 工業工程與管理系(商管群),61090452,李*,備取,國立臺東,國立臺東專科學校資訊管理科,其他學校錄取,2,"國立勤益科技大學工業工程與管理系(備取); 國立臺東專科學校資訊管理科(正取,分發)"
CAND_2011,114,ncut_iem,國立勤益科技大學,工業工程與管理系(商管群),國立勤益科技大學 工業工程與管理系(商管群),70090594,郭*郁,備取,國立屏東大學,國立屏東大學不動產經營學系,其他學校錄取,3,"國立勤益科技大學工業工程與管理系(備取); 國立高雄科技大學運籌管理系(備取); 國立屏東大學不動產經營學系(正取,分發)"
CAND_2012,114,ncut_iem,國立勤益科技大學,工業工程與管理系(商管群),國立勤益科技大學 工業工程與管理系(商管群),56090070,*鉲,備取,—,—,未分發或放棄,2,國立勤益科技大學工業工程與管理系(備取); 明新科技大學工業工程與管理系(通過)
CAND_2013,114,ncut_iem,國立勤益科技大學,工業工程與管理系(商管群),國立勤益科技大學 工業工程與管理系(商管群),51090016,黄*恩,備取,國立臺中科技大學,國立臺中科技大學財務金融系,其他學校錄取,4,"國立勤益科技大學工業工程與管理系(通過); 國立高雄科技大學風險管理與保險系(正取); 國立臺中科技大學財務金融系(備取,分發); 中原大學國際經營與貿易學系(通過)"
CAND_2014,114,ncut_iem,國立勤益科技大學,工業工程與管理系(商管群),國立勤益科技大學 工業工程與管理系(商管群),52090078,周*,備取,—,—,未分發或放棄,1,國立勤益科技大學工業工程與管理系(通過)
CAND_2015,114,ncut_iem,國立勤益科技大學,工業工程與管理系(商管群),國立勤益科技大學 工業工程與管理系(商管群),54090369,蕭*,備取,國立宜蘭大學,國立宜蘭大學應用經濟與管理學系,其他學校錄取,3,"國立勤益科技大學工業工程與管理系(通過); 國立臺中科技大學財務金融系(備取); 國立宜蘭大學應用經濟與管理學系(正取,分發)"
CAND_2016,114,ncut_iem,國立勤益科技大學,工業工程與管理系(商管群),國立勤益科技大學 工業工程與管理系(商管群),55090230,簡*芳,備取,國立臺中科技大學,國立臺中科技大學應用統計系,其他學校錄取,3,"國立勤益科技大學工業工程與管理系(通過); 國立虎尾科技大學工業管理系(正取); 國立臺中科技大學應用統計系(正取,分發)"
CAND_2017,114,ncut_iem,國立勤益科技大學,工業工程與管理系(商管群),國立勤益科技大學 工業工程與管理系(商管群),55090277,陳*謙,備取,—,—,未分發或放棄,4,國立勤益科技大學工業工程與管理系(通過); 國立臺中科技大學財政稅務系(備取); 中原大學會計學系(備取); 銘傳大學會計學系(台北校區)(備取)
CAND_2018,114,ncut_iem,國立勤益科技大學,工業工程與管理系(商管群),國立勤益科技大學 工業工程與管理系(商管群),56090274,—,備取,—,—,未分發或放棄,1,國立勤益科技大學工業工程與管理系(通過)
CAND_2019,114,ncut_iem,國立勤益科技大學,工業工程與管理系(商管群),國立勤益科技大學 工業工程與管理系(商管群),56090408,葉*洋,備取,—,—,未分發或放棄,3,國立勤益科技大學工業工程與管理系(通過); 國立臺北護理健康大學健康事業管理系(通過); 國立臺中科技大學流通管理系(通過)
CAND_2020,114,ncut_iem,國立勤益科技大學,工業工程與管理系(商管群),國立勤益科技大學 工業工程與管理系(商管群),57090333,*德,備取,中原大學,中原大學國際經營與貿易學系,其他學校錄取,3,"國立勤益科技大學工業工程與管理系(通過); 國立臺中科技大學會計資訊系(通過); 中原大學國際經營與貿易學系(正取,分發)"
CAND_2021,114,ncut_iem,國立勤益科技大學,工業工程與管理系(商管群),國立勤益科技大學 工業工程與管理系(商管群),57090416,黄*永,備取,國立高雄科技大學,國立高雄科技大學工業工程與管理系,其他學校錄取,5,"國立勤益科技大學工業工程與管理系(通過); 國立高雄科技大學工業工程與管理系(正取,分發); 國立高雄科技大學金融資訊系(通過); 國立虎尾科技大學工業管理系(正取); 國立臺中科技大學企業管理系(備取)"
CAND_2022,114,ncut_iem,國立勤益科技大學,工業工程與管理系(商管群),國立勤益科技大學 工業工程與管理系(商管群),57090889,徐*翔,備取,國立高雄科技大學,國立高雄科技大學海事資訊科技系,其他學校錄取,6,"國立勤益科技大學工業工程與管理系(通過); 國立雲林科技大學文化資產維護系(通過); 國立屏東科技大學資訊管理系(通過); 國立屏東科技大學工業管理系(通過); 國立高雄科技大學海事資訊科技系(正取,分發); 國立臺中科技大學應用中文系(通過)"
CAND_2023,114,ncut_iem,國立勤益科技大學,工業工程與管理系(商管群),國立勤益科技大學 工業工程與管理系(商管群),57090981,*盛,備取,—,—,未分發或放棄,5,國立勤益科技大學工業工程與管理系(通過); 國立高雄科技大學工業工程與管理系(通過); 國立高雄科技大學資訊管理系(通過); 國立高雄科技大學金融系(通過); 國立臺中科技大學資訊管理系(通過)
CAND_2024,114,ncut_iem,國立勤益科技大學,工業工程與管理系(商管群),國立勤益科技大學 工業工程與管理系(商管群),58090100,林*希,備取,國立雲林科技大學,國立雲林科技大學工業工程與管理系,其他學校錄取,5,"國立勤益科技大學工業工程與管理系(通過); 國立雲林科技大學工業工程與管理系(備取,分發); 國立高雄科技大學工業工程與管理系(正取); 國立虎尾科技大學資訊管理系(通過); 國立臺中科技大學資訊管理系(正取)"
CAND_2025,114,ncut_iem,國立勤益科技大學,工業工程與管理系(商管群),國立勤益科技大學 工業工程與管理系(商管群),58090120,維*如,備取,國立高雄科技大學,國立高雄科技大學供應鏈管理系,其他學校錄取,5,"國立勤益科技大學工業工程與管理系(通過); 國立高雄科技大學運籌管理系(備取); 國立高雄科技大學人力資源發展系(備取); 國立高雄科技大學供應鏈管理系(備取,分發); 國立臺中科技大學保險金融管理系(通過)"
CAND_2026,114,ncut_iem,國立勤益科技大學,工業工程與管理系(商管群),國立勤益科技大學 工業工程與管理系(商管群),58090129,張*,備取,—,—,未分發或放棄,4,國立勤益科技大學工業工程與管理系(通過); 國立虎尾科技大學工業管理系(通過); 國立虎尾科技大學資訊管理系(通過); 朝陽科技大學資訊管理系資訊管理組(通過)
CAND_2027,114,ncut_iem,國立勤益科技大學,工業工程與管理系(商管群),國立勤益科技大學 工業工程與管理系(商管群),58090163,黄*哲,備取,—,—,未分發或放棄,4,國立勤益科技大學工業工程與管理系(通過); 國立虎尾科技大學資訊工程系(通過); 國立虎尾科技大學工業管理系(通過); 國立臺中科技大學資訊工程系(通過)
CAND_2028,114,ncut_iem,國立勤益科技大學,工業工程與管理系(商管群),國立勤益科技大學 工業工程與管理系(商管群),58090317,陳*岑,備取,—,—,未分發或放棄,3,國立勤益科技大學工業工程與管理系(通過); 國立臺中科技大學資訊管理系(通過); 國立臺北商業大學國際商務系(臺北校區)(備取)
CAND_2029,114,ncut_iem,國立勤益科技大學,工業工程與管理系(商管群),國立勤益科技大學 工業工程與管理系(商管群),58090361,吳*恩,備取,—,—,未分發或放棄,1,國立勤益科技大學工業工程與管理系(通過)
CAND_2030,114,ncut_iem,國立勤益科技大學,工業工程與管理系(商管群),國立勤益科技大學 工業工程與管理系(商管群),59090060,林*,備取,國立臺中科技大學,國立臺中科技大學企業管理系,其他學校錄取,2,"國立勤益科技大學工業工程與管理系(通過); 國立臺中科技大學企業管理系(備取,分發)"
CAND_2031,114,ncut_iem,國立勤益科技大學,工業工程與管理系(商管群),國立勤益科技大學 工業工程與管理系(商管群),59090150,翁*婷,備取,國立虎尾科技大學,國立虎尾科技大學資訊管理系,其他學校錄取,3,"國立勤益科技大學工業工程與管理系(通過); 國立高雄科技大學工業工程與管理系(備取); 國立虎尾科技大學資訊管理系(正取,分發)"
CAND_2032,114,ncut_iem,國立勤益科技大學,工業工程與管理系(商管群),國立勤益科技大學 工業工程與管理系(商管群),59090394,彭*慈,備取,—,—,未分發或放棄,1,國立勤益科技大學工業工程與管理系(通過)
CAND_2033,114,ncut_iem,國立勤益科技大學,工業工程與管理系(商管群),國立勤益科技大學 工業工程與管理系(商管群),59090436,陳*,備取,國立高雄科技大學,國立高雄科技大學智慧商務系,其他學校錄取,3,"國立勤益科技大學工業工程與管理系(通過); 國立高雄科技大學智慧商務系(備取,分發); 朝陽科技大學財務金融系(正取)"
CAND_2034,114,ncut_iem,國立勤益科技大學,工業工程與管理系(商管群),國立勤益科技大學 工業工程與管理系(商管群),60090065,邱*,備取,國立臺中科技大學,國立臺中科技大學財務金融系,其他學校錄取,2,"國立勤益科技大學工業工程與管理系(通過); 國立臺中科技大學財務金融系(正取,分發)"
CAND_2035,114,ncut_iem,國立勤益科技大學,工業工程與管理系(商管群),國立勤益科技大學 工業工程與管理系(商管群),61090437,張*閎,備取,國立臺中科技大學,國立臺中科技大學應用統計系,其他學校錄取,2,"國立勤益科技大學工業工程與管理系(通過); 國立臺中科技大學應用統計系(正取,分發)"
CAND_2036,114,ncut_iem,國立勤益科技大學,工業工程與管理系(商管群),國立勤益科技大學 工業工程與管理系(商管群),61090449,李*盲,備取,朝陽科技大學,朝陽科技大學保險金融管理系,其他學校錄取,2,"國立勤益科技大學工業工程與管理系(通過); 朝陽科技大學保險金融管理系(正取,分發)"
CAND_2037,114,ncut_iem,國立勤益科技大學,工業工程與管理系(商管群),國立勤益科技大學 工業工程與管理系(商管群),61090451,謝*祐,備取,—,—,未分發或放棄,3,國立勤益科技大學工業工程與管理系(通過); 朝陽科技大學會計系(通過); 靜宜大學會計學系(通過)
CAND_2038,114,ncut_iem,國立勤益科技大學,工業工程與管理系(商管群),國立勤益科技大學 工業工程與管理系(商管群),61090705,吳*,備取,國立臺中科技大學,國立臺中科技大學國際貿易與經營系,其他學校錄取,4,"國立勤益科技大學工業工程與管理系(通過); 國立高雄科技大學企業管理系(正取); 國立高雄科技大學行銷與流通管理系(通過); 國立臺中科技大學國際貿易與經營系(正取,分發)"
CAND_2039,114,ncut_iem,國立勤益科技大學,工業工程與管理系(商管群),國立勤益科技大學 工業工程與管理系(商管群),61090715,蕭*翔,備取,國立高雄科技大學,國立高雄科技大學智慧商務系,其他學校錄取,6,"國立勤益科技大學工業工程與管理系(通過); 國立高雄科技大學工業工程與管理系(通過); 國立高雄科技大學風險管理與保險系(通過); 國立高雄科技大學智慧商務系(備取,分發); 國立虎尾科技大學工業管理系(通過); 國立臺中科技大學流通管理系(通過)"
CAND_2040,114,ncut_iem,國立勤益科技大學,工業工程與管理系(商管群),國立勤益科技大學 工業工程與管理系(商管群),61090886,袁*喻,備取,國立臺中科技大學,國立臺中科技大學會計資訊系,其他學校錄取,2,"國立勤益科技大學工業工程與管理系(通過); 國立臺中科技大學會計資訊系(正取,分發)"
CAND_2041,114,ncut_iem,國立勤益科技大學,工業工程與管理系(商管群),國立勤益科技大學 工業工程與管理系(商管群),61091072,林*潔,備取,—,—,未分發或放棄,6,國立勤益科技大學工業工程與管理系(通過); 國立高雄科技大學海事資訊科技系(通過); 國立澎湖科技大學資訊管理系(通過); 朝陽科技大學環境工程與管理系(通過); 弘光科技大學護理系(通過); 僑光科技大學多媒體與遊戲設計系(通過)
CAND_2042,114,ncut_iem,國立勤益科技大學,工業工程與管理系(商管群),國立勤益科技大學 工業工程與管理系(商管群),61091179,李*靚,備取,—,—,未分發或放棄,3,國立勤益科技大學工業工程與管理系(通過); 國立雲林科技大學會計系(備取); 國立臺中科技大學財務金融系(通過)
CAND_2043,114,ncut_iem,國立勤益科技大學,工業工程與管理系(商管群),國立勤益科技大學 工業工程與管理系(商管群),61091263,何*,備取,—,—,未分發或放棄,3,國立勤益科技大學工業工程與管理系(通過); 國立臺中科技大學財政稅務系(備取); 朝陽科技大學休閒事業管理系(通過)
CAND_2044,114,ncut_iem,國立勤益科技大學,工業工程與管理系(商管群),國立勤益科技大學 工業工程與管理系(商管群),61091391,葵*喬,備取,國立高雄科技大學,國立高雄科技大學運籌管理系,其他學校錄取,5,"國立勤益科技大學工業工程與管理系(通過); 國立高雄科技大學運籌管理系(備取,分發); 國立高雄科技大學航運管理系(備取); 國立高雄科技大學供應鏈管理系(正取); 國立臺中科技大學應用統計系(正取)"
CAND_2045,114,ncut_iem,國立勤益科技大學,工業工程與管理系(商管群),國立勤益科技大學 工業工程與管理系(商管群),61091527,賴*女,備取,國立高雄科技大學,國立高雄科技大學智慧商務系,其他學校錄取,2,"國立勤益科技大學工業工程與管理系(通過); 國立高雄科技大學智慧商務系(備取,分發)"
CAND_2046,114,ncut_iem,國立勤益科技大學,工業工程與管理系(商管群),國立勤益科技大學 工業工程與管理系(商管群),61091717,游*茜,備取,—,—,未分發或放棄,4,國立勤益科技大學工業工程與管理系(通過); 國立雲林科技大學工業工程與管理系(通過); 國立高雄科技大學資訊管理系(通過); 國立臺中科技大學流通管理系(通過)
CAND_2047,114,ncut_iem,國立勤益科技大學,工業工程與管理系(商管群),國立勤益科技大學 工業工程與管理系(商管群),63090062,林*凱,備取,—,—,未分發或放棄,1,國立勤益科技大學工業工程與管理系(通過)
CAND_2048,114,ncut_iem,國立勤益科技大學,工業工程與管理系(商管群),國立勤益科技大學 工業工程與管理系(商管群),64090211,周*煜,備取,國立高雄科技大學,國立高雄科技大學運籌管理系,其他學校錄取,4,"國立勤益科技大學工業工程與管理系(通過); 國立高雄科技大學運籌管理系(正取,分發); 國立虎尾科技大學工業管理系(備取); 朝陽科技大學資訊工程系人工智慧組(正取)"
CAND_2049,114,ncut_iem,國立勤益科技大學,工業工程與管理系(商管群),國立勤益科技大學 工業工程與管理系(商管群),64090334,*穎,備取,—,—,未分發或放棄,2,國立勤益科技大學工業工程與管理系(通過); 國立臺中科技大學保險金融管理系(備取)
CAND_2050,114,ncut_iem,國立勤益科技大學,工業工程與管理系(商管群),國立勤益科技大學 工業工程與管理系(商管群),64090365,陳*,備取,國立臺中科技大學,國立臺中科技大學會計資訊系,其他學校錄取,4,"國立勤益科技大學工業工程與管理系(通過); 國立高雄科技大學會計資訊系(備取); 國立虎尾科技大學工業管理系(正取); 國立臺中科技大學會計資訊系(備取,分發)"
CAND_2051,114,ncut_iem,國立勤益科技大學,工業工程與管理系(商管群),國立勤益科技大學 工業工程與管理系(商管群),65090067,陳*豪,備取,—,—,未分發或放棄,2,國立勤益科技大學工業工程與管理系(通過); 國立虎尾科技大學工業管理系(通過)
CAND_2052,114,ncut_iem,國立勤益科技大學,工業工程與管理系(商管群),國立勤益科技大學 工業工程與管理系(商管群),65090073,賴*呈,備取,—,—,未分發或放棄,2,國立勤益科技大學工業工程與管理系(通過); 國立屏東科技大學工業管理系(通過)
CAND_2053,114,ncut_iem,國立勤益科技大學,工業工程與管理系(商管群),國立勤益科技大學 工業工程與管理系(商管群),65090121,*恩,備取,國立臺中科技大學,國立臺中科技大學保險金融管理系,其他學校錄取,3,"國立勤益科技大學工業工程與管理系(通過); 國立虎尾科技大學工業管理系(通過); 國立臺中科技大學保險金融管理系(正取,分發)"
CAND_2054,114,ncut_iem,國立勤益科技大學,工業工程與管理系(商管群),國立勤益科技大學 工業工程與管理系(商管群),66090160,林*竹,備取,國立虎尾科技大學,國立虎尾科技大學工業管理系,其他學校錄取,4,"國立勤益科技大學工業工程與管理系(通過); 國立屏東科技大學工業管理系(通過); 國立虎尾科技大學工業管理系(正取,分發); 朝陽科技大學工業工程與管理系(通過)"
CAND_2055,114,ncut_iem,國立勤益科技大學,工業工程與管理系(商管群),國立勤益科技大學 工業工程與管理系(商管群),66090429,李*藇,備取,國立臺中科技大學,國立臺中科技大學國際貿易與經營系,其他學校錄取,3,"國立勤益科技大學工業工程與管理系(通過); 國立高雄科技大學行銷與流通管理系(正取); 國立臺中科技大學國際貿易與經營系(備取,分發)"
CAND_2056,114,ncut_iem,國立勤益科技大學,工業工程與管理系(商管群),國立勤益科技大學 工業工程與管理系(商管群),67090036,陳*女,備取,—,—,未分發或放棄,2,國立勤益科技大學工業工程與管理系(通過); 國立屏東大學不動產經營學系(通過)
CAND_2057,114,ncut_iem,國立勤益科技大學,工業工程與管理系(商管群),國立勤益科技大學 工業工程與管理系(商管群),67090216,—,備取,—,—,未分發或放棄,1,國立勤益科技大學工業工程與管理系(通過)
CAND_2058,114,ncut_iem,國立勤益科技大學,工業工程與管理系(商管群),國立勤益科技大學 工業工程與管理系(商管群),67090295,陳*佑,備取,—,—,未分發或放棄,2,國立勤益科技大學工業工程與管理系(通過); 國立臺中科技大學企業管理系(備取)
CAND_2059,114,ncut_iem,國立勤益科技大學,工業工程與管理系(商管群),國立勤益科技大學 工業工程與管理系(商管群),67090362,魏*閎,備取,—,—,未分發或放棄,3,國立勤益科技大學工業工程與管理系(通過); 國立高雄科技大學風險管理與保險系(正取); 國立臺中科技大學保險金融管理系(備取)
CAND_2060,114,ncut_iem,國立勤益科技大學,工業工程與管理系(商管群),國立勤益科技大學 工業工程與管理系(商管群),68090046,郭*愷,備取,國立屏東科技大學,國立屏東科技大學工業管理系,其他學校錄取,4,"國立勤益科技大學工業工程與管理系(通過); 國立屏東科技大學資訊管理系(通過); 國立屏東科技大學工業管理系(正取,分發); 國立高雄科技大學商務資訊應用系(資安人才)(正取)"
CAND_2061,114,ncut_iem,國立勤益科技大學,工業工程與管理系(商管群),國立勤益科技大學 工業工程與管理系(商管群),68090062,李*妗,備取,國立臺中科技大學,國立臺中科技大學國際貿易與經營系,其他學校錄取,3,"國立勤益科技大學工業工程與管理系(通過); 國立高雄科技大學航運管理系(備取); 國立臺中科技大學國際貿易與經營系(備取,分發)"
CAND_2062,114,ncut_iem,國立勤益科技大學,工業工程與管理系(商管群),國立勤益科技大學 工業工程與管理系(商管群),68090369,周*葳,備取,國立虎尾科技大學,國立虎尾科技大學工業管理系,其他學校錄取,2,"國立勤益科技大學工業工程與管理系(通過); 國立虎尾科技大學工業管理系(正取,分發)"
CAND_2063,114,ncut_iem,國立勤益科技大學,工業工程與管理系(商管群),國立勤益科技大學 工業工程與管理系(商管群),68530027,*玹,備取,國立高雄科技大學,國立高雄科技大學風險管理與保險系,其他學校錄取,5,"國立勤益科技大學工業工程與管理系(通過); 國立高雄科技大學風險管理與保險系(正取,分發); 國立虎尾科技大學工業管理系(正取); 國立臺中科技大學保險金融管理系(備取); 國立屏東大學行銷與流通管理學系(通過)"
CAND_2064,114,ncut_iem,國立勤益科技大學,工業工程與管理系(商管群),國立勤益科技大學 工業工程與管理系(商管群),70090617,*綺,備取,—,—,未分發或放棄,2,國立勤益科技大學工業工程與管理系(通過); 國立臺中科技大學財政稅務系(通過)
CAND_2065,115,ncut_iem,國立勤益科技大學,工業工程與管理系(機械群),國立勤益科技大學 工業工程與管理系(機械群),62010106,*菲,正取,逢甲大學,逢甲大學機械與電腦輔助工程學系,其他學校錄取,5,"國立勤益科技大學工業工程與管理系(正取); 國立虎尾科技大學機械與電腦輔助工程系(正取); 國立虎尾科技大學工業管理系(正取); 朝陽科技大學航空機械系(通過); 逢甲大學機械與電腦輔助工程學系(正取,分發)"
CAND_2066,115,ncut_iem,國立勤益科技大學,工業工程與管理系(機械群),國立勤益科技大學 工業工程與管理系(機械群),62010165,吳*,正取,國立虎尾科技大學,國立虎尾科技大學機械設計工程系,其他學校錄取,5,"國立勤益科技大學工業工程與管理系(正取); 國立高雄科技大學模具工程系精微模具組(正取); 國立高雄科技大學造船及海洋工程系(正取); 國立虎尾科技大學機械與電腦輔助工程系(備取); 國立虎尾科技大學機械設計工程系(正取,分發)"
CAND_2067,115,ncut_iem,國立勤益科技大學,工業工程與管理系(機械群),國立勤益科技大學 工業工程與管理系(機械群),62010040,翁*,正取,國立彰化師範大學,國立彰化師範大學電機與機械科技學系,其他學校錄取,4,"國立勤益科技大學工業工程與管理系(正取); 國立高雄科技大學航運技術系(通過); 國立虎尾科技大學材料科學與工程系(正取); 國立彰化師範大學電機與機械科技學系(正取,分發)"
CAND_2068,115,ncut_iem,國立勤益科技大學,工業工程與管理系(機械群),國立勤益科技大學 工業工程與管理系(機械群),70010076,陳*群,正取,國立勤益科技大學,國立勤益科技大學工業工程與管理系,原校系/本校留任,2,"國立勤益科技大學工業工程與管理系(正取,分發); 國立虎尾科技大學機械設計工程系(正取)"
CAND_2069,115,ncut_iem,國立勤益科技大學,工業工程與管理系(機械群),國立勤益科技大學 工業工程與管理系(機械群),70010029,*宇,正取,國立高雄科技大學,國立高雄科技大學工業設計系,其他學校錄取,4,"國立勤益科技大學工業工程與管理系(正取); 國立高雄科技大學工業設計系(正取,分發); 國立高雄科技大學航運技術系(正取); 國立高雄科技大學高瞻科技不分系學士學位學程(正取)"
CAND_2070,115,ncut_iem,國立勤益科技大學,工業工程與管理系(機械群),國立勤益科技大學 工業工程與管理系(機械群),61010714,—,正取,國立勤益科技大學,國立勤益科技大學工業工程與管理系,原校系/本校留任,2,"國立勤益科技大學工業工程與管理系(正取,分發); 國立虎尾科技大學動力機械工程系(備取)"
CAND_2071,115,ncut_iem,國立勤益科技大學,工業工程與管理系(機械群),國立勤益科技大學 工業工程與管理系(機械群),66010171,吳*賢,正取,國立虎尾科技大學,國立虎尾科技大學工業管理系,其他學校錄取,2,"國立勤益科技大學工業工程與管理系(正取); 國立虎尾科技大學工業管理系(正取,分發)"
CAND_2072,115,ncut_iem,國立勤益科技大學,工業工程與管理系(機械群),國立勤益科技大學 工業工程與管理系(機械群),56010298,陳*茹,正取,國立勤益科技大學,國立勤益科技大學工業工程與管理系,原校系/本校留任,2,"國立勤益科技大學工業工程與管理系(正取,分發); 逢甲大學機械與電腦輔助工程學系(通過)"
CAND_2073,115,ncut_iem,國立勤益科技大學,工業工程與管理系(機械群),國立勤益科技大學 工業工程與管理系(機械群),68010114,李*易,正取,國立虎尾科技大學,國立虎尾科技大學工業管理系,其他學校錄取,2,"國立勤益科技大學工業工程與管理系(正取); 國立虎尾科技大學工業管理系(正取,分發)"
CAND_2074,115,ncut_iem,國立勤益科技大學,工業工程與管理系(機械群),國立勤益科技大學 工業工程與管理系(機械群),68010174,黄*永,正取,國立勤益科技大學,國立勤益科技大學工業工程與管理系,原校系/本校留任,1,"國立勤益科技大學工業工程與管理系(正取,分發)"
CAND_2075,115,ncut_iem,國立勤益科技大學,工業工程與管理系(機械群),國立勤益科技大學 工業工程與管理系(機械群),64010255,陳*,正取,國立勤益科技大學,國立勤益科技大學工業工程與管理系,原校系/本校留任,4,"國立勤益科技大學工業工程與管理系(正取,分發); 國立高雄科技大學造船及海洋工程系(通過); 朝陽科技大學工業設計系(通過); 逢甲大學機械與電腦輔助工程學系(備取)"
CAND_2076,115,ncut_iem,國立勤益科技大學,工業工程與管理系(機械群),國立勤益科技大學 工業工程與管理系(機械群),52010192,黄*,正取,國立勤益科技大學,國立勤益科技大學工業工程與管理系,原校系/本校留任,3,"國立勤益科技大學工業工程與管理系(正取,分發); 明志科技大學機械工程系精密機械組(通過); 國立聯合大學機械工程學系(通過)"
CAND_2077,115,ncut_iem,國立勤益科技大學,工業工程與管理系(機械群),國立勤益科技大學 工業工程與管理系(機械群),68010393,郭*諺,正取,國立勤益科技大學,國立勤益科技大學工業工程與管理系,原校系/本校留任,2,"國立勤益科技大學工業工程與管理系(正取,分發); 南臺科技大學創新產品設計系(通過)"
CAND_2078,115,ncut_iem,國立勤益科技大學,工業工程與管理系(機械群),國立勤益科技大學 工業工程與管理系(機械群),56010158,張*,正取,國立屏東科技大學,國立屏東科技大學機械工程系,其他學校錄取,2,"國立勤益科技大學工業工程與管理系(正取); 國立屏東科技大學機械工程系(正取,分發)"
CAND_2079,115,ncut_iem,國立勤益科技大學,工業工程與管理系(機械群),國立勤益科技大學 工業工程與管理系(機械群),68010370,翁*凱,正取,國立高雄科技大學,國立高雄科技大學造船及海洋工程系,其他學校錄取,3,"國立勤益科技大學工業工程與管理系(正取); 國立高雄科技大學造船及海洋工程系(備取,分發); 國立虎尾科技大學機械與電腦輔助工程系(正取)"
CAND_2080,115,ncut_iem,國立勤益科技大學,工業工程與管理系(機械群),國立勤益科技大學 工業工程與管理系(機械群),54010050,余*霆,正取,國立勤益科技大學,國立勤益科技大學工業工程與管理系,原校系/本校留任,4,"國立勤益科技大學工業工程與管理系(正取,分發); 國立屏東科技大學機械工程系(正取); 國立虎尾科技大學機械與電腦輔助工程系(備取); 國立虎尾科技大學動力機械工程系(通過)"
CAND_2081,115,ncut_iem,國立勤益科技大學,工業工程與管理系(機械群),國立勤益科技大學 工業工程與管理系(機械群),52019905,余*翃,正取,國立勤益科技大學,國立勤益科技大學工業工程與管理系,原校系/本校留任,2,"國立勤益科技大學工業工程與管理系(正取,分發); 國立聯合大學機械工程學系(正取)"
CAND_2082,115,ncut_iem,國立勤益科技大學,工業工程與管理系(機械群),國立勤益科技大學 工業工程與管理系(機械群),54010266,沈*諺,正取,明志科技大學,明志科技大學半導體材料與製程學士學位學程,其他學校錄取,5,"國立勤益科技大學工業工程與管理系(正取); 國立虎尾科技大學機械設計工程系(備取); 明志科技大學機械工程系精密機械組(正取); 明志科技大學半導體材料與製程學士學位學程(備取,分發); 明志科技大學工業人工智慧學士學位學程(正取)"
CAND_2083,115,ncut_iem,國立勤益科技大學,工業工程與管理系(機械群),國立勤益科技大學 工業工程與管理系(機械群),61010087,*勛,正取,國立虎尾科技大學,國立虎尾科技大學機械設計工程系,其他學校錄取,3,"國立勤益科技大學工業工程與管理系(正取); 國立虎尾科技大學機械設計工程系(備取,分發); 朝陽科技大學資訊工程系人工智慧組(正取)"
CAND_2084,115,ncut_iem,國立勤益科技大學,工業工程與管理系(機械群),國立勤益科技大學 工業工程與管理系(機械群),57010152,彭*,正取,—,—,未分發或放棄,2,國立勤益科技大學工業工程與管理系(正取); 明新科技大學機械工程系(正取)
CAND_2085,115,ncut_iem,國立勤益科技大學,工業工程與管理系(機械群),國立勤益科技大學 工業工程與管理系(機械群),52010424,胡*翔,正取,明志科技大學,明志科技大學半導體材料與製程學士學位學程,其他學校錄取,3,"國立勤益科技大學工業工程與管理系(正取); 明志科技大學半導體材料與製程學士學位學程(正取,分發); 明志科技大學工業人工智慧學士學位學程(正取)"
CAND_2086,115,ncut_iem,國立勤益科技大學,工業工程與管理系(機械群),國立勤益科技大學 工業工程與管理系(機械群),61010143,*璇,正取,國立勤益科技大學,國立勤益科技大學工業工程與管理系,原校系/本校留任,1,"國立勤益科技大學工業工程與管理系(正取,分發)"
CAND_2087,115,ncut_iem,國立勤益科技大學,工業工程與管理系(機械群),國立勤益科技大學 工業工程與管理系(機械群),63010121,*勛,正取,國立勤益科技大學,國立勤益科技大學工業工程與管理系,原校系/本校留任,2,"國立勤益科技大學工業工程與管理系(正取,分發); 朝陽科技大學工業工程與管理系(正取)"
CAND_2088,115,ncut_iem,國立勤益科技大學,工業工程與管理系(機械群),國立勤益科技大學 工業工程與管理系(機械群),62010080,鄭*,正取,國立勤益科技大學,國立勤益科技大學工業工程與管理系,原校系/本校留任,3,"國立勤益科技大學工業工程與管理系(正取,分發); 國立虎尾科技大學材料科學與工程系(通過); 逢甲大學機械與電腦輔助工程學系(備取)"
CAND_2089,115,ncut_iem,國立勤益科技大學,工業工程與管理系(機械群),國立勤益科技大學 工業工程與管理系(機械群),63010070,張*倫,正取,國立勤益科技大學,國立勤益科技大學工業工程與管理系,原校系/本校留任,1,"國立勤益科技大學工業工程與管理系(正取,分發)"
CAND_2090,115,ncut_iem,國立勤益科技大學,工業工程與管理系(機械群),國立勤益科技大學 工業工程與管理系(機械群),67010041,葵*,正取,國立高雄科技大學,國立高雄科技大學高瞻科技不分系學士學位學程,其他學校錄取,4,"國立勤益科技大學工業工程與管理系(正取); 國立屏東科技大學智慧機電學士學位學程(通過); 國立高雄科技大學高瞻科技不分系學士學位學程(備取,分發); 國立臺灣體育運動大學體育學系(備取)"
CAND_2091,115,ncut_iem,國立勤益科技大學,工業工程與管理系(機械群),國立勤益科技大學 工業工程與管理系(機械群),64010239,—,正取,國立勤益科技大學,國立勤益科技大學工業工程與管理系,原校系/本校留任,2,"國立勤益科技大學工業工程與管理系(正取,分發); 國立聯合大學機械工程學系(備取)"
CAND_2092,115,ncut_iem,國立勤益科技大學,工業工程與管理系(機械群),國立勤益科技大學 工業工程與管理系(機械群),58010118,維*毅,正取,國立勤益科技大學,國立勤益科技大學工業工程與管理系,原校系/本校留任,2,"國立勤益科技大學工業工程與管理系(正取,分發); 明志科技大學工業設計系(通過)"
CAND_2093,115,ncut_iem,國立勤益科技大學,工業工程與管理系(機械群),國立勤益科技大學 工業工程與管理系(機械群),62010052,黄*桀,正取,國立勤益科技大學,國立勤益科技大學工業工程與管理系,原校系/本校留任,3,"國立勤益科技大學工業工程與管理系(正取,分發); 朝陽科技大學航空機械系(通過); 國立聯合大學機械工程學系(通過)"
CAND_2094,115,ncut_iem,國立勤益科技大學,工業工程與管理系(機械群),國立勤益科技大學 工業工程與管理系(機械群),61010205,潘*延,正取,國立屏東大學,國立屏東大學智慧機器人學系,其他學校錄取,2,"國立勤益科技大學工業工程與管理系(正取); 國立屏東大學智慧機器人學系(備取,分發)"
CAND_2095,115,ncut_iem,國立勤益科技大學,工業工程與管理系(機械群),國立勤益科技大學 工業工程與管理系(機械群),62010117,*承,正取,國立勤益科技大學,國立勤益科技大學工業工程與管理系,原校系/本校留任,4,"國立勤益科技大學工業工程與管理系(正取,分發); 國立高雄科技大學工業設計系(備取); 國立虎尾科技大學機械與電腦輔助工程系(備取); 朝陽科技大學資訊工程系人工智慧組(通過)"
CAND_2096,115,ncut_iem,國立勤益科技大學,工業工程與管理系(機械群),國立勤益科技大學 工業工程與管理系(機械群),56010278,—,正取,國立勤益科技大學,國立勤益科技大學工業工程與管理系,原校系/本校留任,1,"國立勤益科技大學工業工程與管理系(正取,分發)"
CAND_2097,115,ncut_iem,國立勤益科技大學,工業工程與管理系(機械群),國立勤益科技大學 工業工程與管理系(機械群),60010171,*語,正取,國立勤益科技大學,國立勤益科技大學工業工程與管理系,原校系/本校留任,1,"國立勤益科技大學工業工程與管理系(正取,分發)"
CAND_2098,115,ncut_iem,國立勤益科技大學,工業工程與管理系(機械群),國立勤益科技大學 工業工程與管理系(機械群),61010207,李*諒,正取,國立勤益科技大學,國立勤益科技大學工業工程與管理系,原校系/本校留任,1,"國立勤益科技大學工業工程與管理系(正取,分發)"
CAND_2099,115,ncut_iem,國立勤益科技大學,工業工程與管理系(機械群),國立勤益科技大學 工業工程與管理系(機械群),53010022,*么,正取,國立勤益科技大學,國立勤益科技大學工業工程與管理系,原校系/本校留任,4,"國立勤益科技大學工業工程與管理系(正取,分發); 明志科技大學工業工程與管理系(正取); 亞東科技大學機械工程系(備取); 亞東科技大學工業管理系(備取)"
CAND_2100,115,ncut_iem,國立勤益科技大學,工業工程與管理系(機械群),國立勤益科技大學 工業工程與管理系(機械群),61010187,*-,正取,國立勤益科技大學,國立勤益科技大學工業工程與管理系,原校系/本校留任,1,"國立勤益科技大學工業工程與管理系(正取,分發)"
CAND_2101,115,ncut_iem,國立勤益科技大學,工業工程與管理系(機械群),國立勤益科技大學 工業工程與管理系(機械群),52010232,李*呈,正取,國立虎尾科技大學,國立虎尾科技大學機械與電腦輔助工程系,其他學校錄取,5,"國立勤益科技大學工業工程與管理系(正取); 國立虎尾科技大學機械與電腦輔助工程系(備取,分發); 國立虎尾科技大學工業管理系(正取); 明志科技大學機械工程系精密機械組(正取); 明志科技大學機械工程系光機電組(正取)"
CAND_2102,115,ncut_iem,國立勤益科技大學,工業工程與管理系(機械群),國立勤益科技大學 工業工程與管理系(機械群),64010223,吳*佑,正取,國立勤益科技大學,國立勤益科技大學工業工程與管理系,原校系/本校留任,4,"國立勤益科技大學工業工程與管理系(正取,分發); 國立虎尾科技大學機械設計工程系(備取); 南臺科技大學機械工程系自動化控制組(備取); 國立聯合大學機械工程學系(備取)"
CAND_2103,115,ncut_iem,國立勤益科技大學,工業工程與管理系(機械群),國立勤益科技大學 工業工程與管理系(機械群),58010122,李*有,正取,國立勤益科技大學,國立勤益科技大學工業工程與管理系,原校系/本校留任,4,"國立勤益科技大學工業工程與管理系(正取,分發); 國立高雄科技大學造船及海洋工程系(備取); 國立虎尾科技大學材料科學與工程系(備取); 國立虎尾科技大學機械設計工程系(備取)"
CAND_2104,115,ncut_iem,國立勤益科技大學,工業工程與管理系(機械群),國立勤益科技大學 工業工程與管理系(機械群),68010102,黄*喆,正取,南臺科技大學,南臺科技大學半導體與光電工程系,其他學校錄取,2,"國立勤益科技大學工業工程與管理系(正取); 南臺科技大學半導體與光電工程系(正取,分發)"
CAND_2105,115,ncut_iem,國立勤益科技大學,工業工程與管理系(機械群),國立勤益科技大學 工業工程與管理系(機械群),61010098,—,正取,國立虎尾科技大學,國立虎尾科技大學臥虎專班(願景計畫),其他學校錄取,4,"國立勤益科技大學工業工程與管理系(正取); 國立高雄科技大學模具工程系光電模具組(備取); 國立虎尾科技大學機械設計工程系(備取); 國立虎尾科技大學臥虎專班(願景計畫)(正取,分發)"
CAND_2106,115,ncut_iem,國立勤益科技大學,工業工程與管理系(機械群),國立勤益科技大學 工業工程與管理系(機械群),56010125,陳*,正取,國立勤益科技大學,國立勤益科技大學工業工程與管理系,原校系/本校留任,5,"國立勤益科技大學工業工程與管理系(正取,分發); 國立屏東科技大學機械工程系(正取); 國立虎尾科技大學動力機械工程系(通過); 敏實科技大學智慧製造工程系(通過); 國立臺東專科學校動力機械科產業機械組(通過)"
CAND_2107,115,ncut_iem,國立勤益科技大學,工業工程與管理系(機械群),國立勤益科技大學 工業工程與管理系(機械群),64010231,涂*岑,備取,國立勤益科技大學,國立勤益科技大學工業工程與管理系,原校系/本校留任,4,"國立勤益科技大學工業工程與管理系(備取,分發); 朝陽科技大學工業設計系(備取); 明志科技大學工業設計系(正取); 亞洲大學創意商品設計學系(正取)"
CAND_2108,115,ncut_iem,國立勤益科技大學,工業工程與管理系(機械群),國立勤益科技大學 工業工程與管理系(機械群),52010196,—,備取,國立勤益科技大學,國立勤益科技大學工業工程與管理系,原校系/本校留任,3,"國立勤益科技大學工業工程與管理系(備取,分發); 朝陽科技大學營建工程系(通過); 國立聯合大學機械工程學系(備取)"
CAND_2109,115,ncut_iem,國立勤益科技大學,工業工程與管理系(機械群),國立勤益科技大學 工業工程與管理系(機械群),54010276,林*楷,備取,國立勤益科技大學,國立勤益科技大學工業工程與管理系,原校系/本校留任,1,"國立勤益科技大學工業工程與管理系(備取,分發)"
CAND_2110,115,ncut_iem,國立勤益科技大學,工業工程與管理系(機械群),國立勤益科技大學 工業工程與管理系(機械群),71010129,張*,備取,國立勤益科技大學,國立勤益科技大學工業工程與管理系,原校系/本校留任,1,"國立勤益科技大學工業工程與管理系(備取,分發)"
CAND_2111,115,ncut_iem,國立勤益科技大學,工業工程與管理系(機械群),國立勤益科技大學 工業工程與管理系(機械群),70010090,張*佑,備取,國立勤益科技大學,國立勤益科技大學工業工程與管理系,原校系/本校留任,2,"國立勤益科技大學工業工程與管理系(備取,分發); 國立臺東專科學校動力機械科產業機械組(通過)"
CAND_2112,115,ncut_iem,國立勤益科技大學,工業工程與管理系(機械群),國立勤益科技大學 工業工程與管理系(機械群),51010057,徐*哲,備取,國立勤益科技大學,國立勤益科技大學工業工程與管理系,原校系/本校留任,3,"國立勤益科技大學工業工程與管理系(備取,分發); 國立虎尾科技大學機械與電腦輔助工程系(備取); 國立聯合大學機械工程學系(通過)"
CAND_2113,115,ncut_iem,國立勤益科技大學,工業工程與管理系(機械群),國立勤益科技大學 工業工程與管理系(機械群),59010009,林*崇,備取,國立勤益科技大學,國立勤益科技大學工業工程與管理系,原校系/本校留任,1,"國立勤益科技大學工業工程與管理系(備取,分發)"
CAND_2114,115,ncut_iem,國立勤益科技大學,工業工程與管理系(機械群),國立勤益科技大學 工業工程與管理系(機械群),60010075,陳*臻,備取,國立聯合大學,國立聯合大學機械工程學系,其他學校錄取,3,"國立勤益科技大學工業工程與管理系(備取); 朝陽科技大學工業工程與管理系(通過); 國立聯合大學機械工程學系(正取,分發)"
CAND_2115,115,ncut_iem,國立勤益科技大學,工業工程與管理系(機械群),國立勤益科技大學 工業工程與管理系(機械群),60010141,張*庭,備取,國立勤益科技大學,國立勤益科技大學工業工程與管理系,原校系/本校留任,3,"國立勤益科技大學工業工程與管理系(備取,分發); 明志科技大學工業工程與管理系(通過); 國立聯合大學機械工程學系(備取)"
CAND_2116,115,ncut_iem,國立勤益科技大學,工業工程與管理系(機械群),國立勤益科技大學 工業工程與管理系(機械群),52010168,翁*哲,備取,國立高雄科技大學,國立高雄科技大學航運技術系,其他學校錄取,4,"國立勤益科技大學工業工程與管理系(備取); 國立高雄科技大學航運技術系(備取,分發); 國立高雄科技大學輪機工程系(備取); 國立虎尾科技大學機械設計工程系(備取)"
CAND_2117,115,ncut_iem,國立勤益科技大學,工業工程與管理系(機械群),國立勤益科技大學 工業工程與管理系(機械群),60010012,葵*,備取,—,—,未分發或放棄,2,國立勤益科技大學工業工程與管理系(備取); 國立屏東科技大學機械工程系(正取)
CAND_2118,115,ncut_iem,國立勤益科技大學,工業工程與管理系(機械群),國立勤益科技大學 工業工程與管理系(機械群),55010126,黄*永,備取,亞東科技大學,亞東科技大學機械工程系,其他學校錄取,2,"國立勤益科技大學工業工程與管理系(備取); 亞東科技大學機械工程系(正取,分發)"
CAND_2119,115,ncut_iem,國立勤益科技大學,工業工程與管理系(機械群),國立勤益科技大學 工業工程與管理系(機械群),68010399,楊*瑾,備取,國立屏東科技大學,國立屏東科技大學機械工程系,其他學校錄取,2,"國立勤益科技大學工業工程與管理系(備取); 國立屏東科技大學機械工程系(備取,分發)"
CAND_2120,115,ncut_iem,國立勤益科技大學,工業工程與管理系(機械群),國立勤益科技大學 工業工程與管理系(機械群),56010364,陳*,備取,國立勤益科技大學,國立勤益科技大學工業工程與管理系,原校系/本校留任,2,"國立勤益科技大學工業工程與管理系(備取,分發); 國立屏東科技大學生物機電工程系(通過)"
CAND_2121,115,ncut_iem,國立勤益科技大學,工業工程與管理系(機械群),國立勤益科技大學 工業工程與管理系(機械群),65010026,李*叡,備取,國立勤益科技大學,國立勤益科技大學工業工程與管理系,原校系/本校留任,2,"國立勤益科技大學工業工程與管理系(備取,分發); 國立臺東專科學校動力機械科產業機械組(正取)"
CAND_2122,115,ncut_iem,國立勤益科技大學,工業工程與管理系(機械群),國立勤益科技大學 工業工程與管理系(機械群),67010167,李*,備取,國立勤益科技大學,國立勤益科技大學工業工程與管理系,原校系/本校留任,3,"國立勤益科技大學工業工程與管理系(備取,分發); 國立屏東科技大學智慧機電學士學位學程(備取); 國立虎尾科技大學機械設計工程系(備取)"
CAND_2123,115,ncut_iem,國立勤益科技大學,工業工程與管理系(機械群),國立勤益科技大學 工業工程與管理系(機械群),64010454,林*展,備取,國立勤益科技大學,國立勤益科技大學工業工程與管理系,原校系/本校留任,1,"國立勤益科技大學工業工程與管理系(備取,分發)"
CAND_2124,115,ncut_iem,國立勤益科技大學,工業工程與管理系(機械群),國立勤益科技大學 工業工程與管理系(機械群),61010135,賴*穎,備取,國立勤益科技大學,國立勤益科技大學工業工程與管理系,原校系/本校留任,2,"國立勤益科技大學工業工程與管理系(備取,分發); 國立高雄科技大學造船及海洋工程系(備取)"
CAND_2125,115,ncut_iem,國立勤益科技大學,工業工程與管理系(機械群),國立勤益科技大學 工業工程與管理系(機械群),63010043,吳*宏,備取,國立勤益科技大學,國立勤益科技大學工業工程與管理系,原校系/本校留任,2,"國立勤益科技大學工業工程與管理系(備取,分發); 朝陽科技大學環境工程與管理系(正取)"
CAND_2126,115,ncut_iem,國立勤益科技大學,工業工程與管理系(機械群),國立勤益科技大學 工業工程與管理系(機械群),52010097,左*,備取,國立虎尾科技大學,國立虎尾科技大學機械設計工程系,其他學校錄取,2,"國立勤益科技大學工業工程與管理系(備取); 國立虎尾科技大學機械設計工程系(備取,分發)"
CAND_2127,115,ncut_iem,國立勤益科技大學,工業工程與管理系(機械群),國立勤益科技大學 工業工程與管理系(機械群),62010001,張*,備取,國立勤益科技大學,國立勤益科技大學工業工程與管理系,原校系/本校留任,2,"國立勤益科技大學工業工程與管理系(備取,分發); 國立高雄科技大學航運技術系(備取)"
CAND_2128,115,ncut_iem,國立勤益科技大學,工業工程與管理系(機械群),國立勤益科技大學 工業工程與管理系(機械群),52010556,連*,備取,明志科技大學,明志科技大學材料工程系,其他學校錄取,5,"國立勤益科技大學工業工程與管理系(備取); 朝陽科技大學環境工程與管理系(通過); 明志科技大學材料工程系(備取,分發); 明志科技大學工業工程與管理系(通過); 明志科技大學工業人工智慧學士學位學程(通過)"
CAND_2129,115,ncut_iem,國立勤益科技大學,工業工程與管理系(機械群),國立勤益科技大學 工業工程與管理系(機械群),68010508,邱*,備取,—,—,未分發或放棄,1,國立勤益科技大學工業工程與管理系(備取)
CAND_2130,115,ncut_iem,國立勤益科技大學,工業工程與管理系(機械群),國立勤益科技大學 工業工程與管理系(機械群),64010442,李*翔,備取,國立聯合大學,國立聯合大學環境與安全衛生工程學系,其他學校錄取,3,"國立勤益科技大學工業工程與管理系(備取); 國立屏東科技大學機械工程系(通過); 國立聯合大學環境與安全衛生工程學系(備取,分發)"
CAND_2131,115,ncut_iem,國立勤益科技大學,工業工程與管理系(機械群),國立勤益科技大學 工業工程與管理系(機械群),58010018,黄*淮,備取,朝陽科技大學,朝陽科技大學工業工程與管理系,其他學校錄取,2,"國立勤益科技大學工業工程與管理系(備取); 朝陽科技大學工業工程與管理系(正取,分發)"
CAND_2132,115,ncut_iem,國立勤益科技大學,工業工程與管理系(機械群),國立勤益科技大學 工業工程與管理系(機械群),64010420,*宏,備取,—,—,未分發或放棄,1,國立勤益科技大學工業工程與管理系(備取)
CAND_2133,115,ncut_iem,國立勤益科技大學,工業工程與管理系(機械群),國立勤益科技大學 工業工程與管理系(機械群),61010154,吳*毅,備取,—,—,未分發或放棄,1,國立勤益科技大學工業工程與管理系(備取)
CAND_2134,115,ncut_iem,國立勤益科技大學,工業工程與管理系(機械群),國立勤益科技大學 工業工程與管理系(機械群),64010326,蕭*,備取,國立虎尾科技大學,國立虎尾科技大學工業管理系,其他學校錄取,2,"國立勤益科技大學工業工程與管理系(備取); 國立虎尾科技大學工業管理系(備取,分發)"
CAND_2135,115,ncut_iem,國立勤益科技大學,工業工程與管理系(機械群),國立勤益科技大學 工業工程與管理系(機械群),67010005,—,備取,—,—,未分發或放棄,2,國立勤益科技大學工業工程與管理系(備取); 國立屏東科技大學智慧機電學士學位學程(通過)
CAND_2136,115,ncut_iem,國立勤益科技大學,工業工程與管理系(機械群),國立勤益科技大學 工業工程與管理系(機械群),57010061,袁*翔,備取,國立虎尾科技大學,國立虎尾科技大學機械與電腦輔助工程系,其他學校錄取,3,"國立勤益科技大學工業工程與管理系(備取); 國立虎尾科技大學機械與電腦輔助工程系(備取,分發); 國立聯合大學機械工程學系(備取)"
CAND_2137,115,ncut_iem,國立勤益科技大學,工業工程與管理系(機械群),國立勤益科技大學 工業工程與管理系(機械群),62010031,張*,備取,國立高雄科技大學,國立高雄科技大學造船及海洋工程系,其他學校錄取,2,"國立勤益科技大學工業工程與管理系(備取); 國立高雄科技大學造船及海洋工程系(備取,分發)"
CAND_2138,115,ncut_iem,國立勤益科技大學,工業工程與管理系(機械群),國立勤益科技大學 工業工程與管理系(機械群),68010366,葵*,備取,國立高雄科技大學,國立高雄科技大學造船及海洋工程系,其他學校錄取,5,"國立勤益科技大學工業工程與管理系(備取); 國立屏東科技大學機械工程系(正取); 國立高雄科技大學造船及海洋工程系(正取,分發); 國立虎尾科技大學材料科學與工程系(備取); 國立虎尾科技大學機械設計工程系(通過)"
CAND_2139,115,ncut_iem,國立勤益科技大學,工業工程與管理系(機械群),國立勤益科技大學 工業工程與管理系(機械群),68010362,葵*,備取,—,—,未分發或放棄,2,國立勤益科技大學工業工程與管理系(備取); 國立屏東科技大學機械工程系(通過)
CAND_2140,115,ncut_iem,國立勤益科技大學,工業工程與管理系(機械群),國立勤益科技大學 工業工程與管理系(機械群),58010006,鄭*,備取,國立聯合大學,國立聯合大學機械工程學系,其他學校錄取,4,"國立勤益科技大學工業工程與管理系(備取); 朝陽科技大學工業工程與管理系(正取); 明志科技大學半導體材料與製程學士學位學程(通過); 國立聯合大學機械工程學系(正取,分發)"
CAND_2141,115,ncut_iem,國立勤益科技大學,工業工程與管理系(機械群),國立勤益科技大學 工業工程與管理系(機械群),56010282,*政,備取,—,—,未分發或放棄,1,國立勤益科技大學工業工程與管理系(備取)
CAND_2142,115,ncut_iem,國立勤益科技大學,工業工程與管理系(機械群),國立勤益科技大學 工業工程與管理系(機械群),64010430,林*,備取,—,—,未分發或放棄,1,國立勤益科技大學工業工程與管理系(備取)
CAND_2143,115,ncut_iem,國立勤益科技大學,工業工程與管理系(機械群),國立勤益科技大學 工業工程與管理系(機械群),56010256,陳*泰,備取,明志科技大學,明志科技大學工業工程與管理系,其他學校錄取,5,"國立勤益科技大學工業工程與管理系(備取); 龍華科技大學機械工程系(通過); 龍華科技大學工業管理系(正取); 明新科技大學工業工程與管理系(通過); 明志科技大學工業工程與管理系(正取,分發)"
CAND_2144,115,ncut_iem,國立勤益科技大學,工業工程與管理系(機械群),國立勤益科技大學 工業工程與管理系(機械群),56010051,江*齊,備取,—,—,未分發或放棄,2,國立勤益科技大學工業工程與管理系(備取); 國立屏東科技大學機械工程系(通過)
CAND_2145,115,ncut_iem,國立勤益科技大學,工業工程與管理系(機械群),國立勤益科技大學 工業工程與管理系(機械群),58010094,李*,備取,—,—,未分發或放棄,2,國立勤益科技大學工業工程與管理系(備取); 朝陽科技大學環境工程與管理系(通過)
CAND_2146,115,ncut_iem,國立勤益科技大學,工業工程與管理系(機械群),國立勤益科技大學 工業工程與管理系(機械群),57010154,賴*,備取,國立屏東科技大學,國立屏東科技大學智慧機電學士學位學程,其他學校錄取,3,"國立勤益科技大學工業工程與管理系(備取); 國立屏東科技大學智慧機電學士學位學程(正取,分發); 國立聯合大學機械工程學系(正取)"
CAND_2147,115,ncut_iem,國立勤益科技大學,工業工程與管理系(機械群),國立勤益科技大學 工業工程與管理系(機械群),61010301,周*劭,備取,—,—,未分發或放棄,3,國立勤益科技大學工業工程與管理系(備取); 朝陽科技大學工業設計系(通過); 國立聯合大學機械工程學系(通過)
CAND_2148,115,ncut_iem,國立勤益科技大學,工業工程與管理系(機械群),國立勤益科技大學 工業工程與管理系(機械群),58010070,賴*碩,備取,—,—,未分發或放棄,5,國立勤益科技大學工業工程與管理系(備取); 國立虎尾科技大學工業管理系(備取); 龍華科技大學半導體工程系(通過); 明志科技大學機械工程系光機電組(通過); 明志科技大學半導體材料與製程學士學位學程(通過)
CAND_2149,115,ncut_iem,國立勤益科技大學,工業工程與管理系(機械群),國立勤益科技大學 工業工程與管理系(機械群),61010524,李*樸,備取,國立虎尾科技大學,國立虎尾科技大學自動化工程系,其他學校錄取,4,"國立勤益科技大學工業工程與管理系(備取); 國立屏東科技大學生物機電工程系(通過); 國立虎尾科技大學自動化工程系(備取,分發); 國立聯合大學機械工程學系(通過)"
CAND_2150,115,ncut_iem,國立勤益科技大學,工業工程與管理系(機械群),國立勤益科技大學 工業工程與管理系(機械群),64010222,許*澄,備取,—,—,未分發或放棄,2,國立勤益科技大學工業工程與管理系(備取); 明志科技大學工業人工智慧學士學位學程(通過)
CAND_2151,115,ncut_iem,國立勤益科技大學,工業工程與管理系(機械群),國立勤益科技大學 工業工程與管理系(機械群),61010723,*謙,備取,—,—,未分發或放棄,1,國立勤益科技大學工業工程與管理系(備取)
CAND_2152,115,ncut_iem,國立勤益科技大學,工業工程與管理系(機械群),國立勤益科技大學 工業工程與管理系(機械群),64010404,蘇*丞,備取,—,—,未分發或放棄,1,國立勤益科技大學工業工程與管理系(備取)
CAND_2153,115,ncut_iem,國立勤益科技大學,工業工程與管理系(機械群),國立勤益科技大學 工業工程與管理系(機械群),64010316,張*,備取,—,—,未分發或放棄,1,國立勤益科技大學工業工程與管理系(備取)
CAND_2154,115,ncut_iem,國立勤益科技大學,工業工程與管理系(機械群),國立勤益科技大學 工業工程與管理系(機械群),54010305,周*,備取,國立勤益科技大學,國立勤益科技大學工業工程與管理系,原校系/本校留任,2,"國立勤益科技大學工業工程與管理系(備取,分發); 龍華科技大學半導體工程系(正取)"
CAND_2155,115,ncut_iem,國立勤益科技大學,工業工程與管理系(機械群),國立勤益科技大學 工業工程與管理系(機械群),52010055,何*,備取,—,—,未分發或放棄,2,國立勤益科技大學工業工程與管理系(通過); 國立臺北商業大學創意科技與產品設計系(桃園校區)(通過)
CAND_2156,115,ncut_iem,國立勤益科技大學,工業工程與管理系(機械群),國立勤益科技大學 工業工程與管理系(機械群),52010088,許*宇,備取,國立高雄科技大學,國立高雄科技大學造船及海洋工程系,其他學校錄取,4,"國立勤益科技大學工業工程與管理系(通過); 國立高雄科技大學車輛工程系(正取); 國立高雄科技大學造船及海洋工程系(備取,分發); 國立虎尾科技大學動力機械工程系(通過)"
CAND_2157,115,ncut_iem,國立勤益科技大學,工業工程與管理系(機械群),國立勤益科技大學 工業工程與管理系(機械群),52010303,駱*吴,備取,—,—,未分發或放棄,1,國立勤益科技大學工業工程與管理系(通過)
CAND_2158,115,ncut_iem,國立勤益科技大學,工業工程與管理系(機械群),國立勤益科技大學 工業工程與管理系(機械群),52010331,李*杏,備取,—,—,未分發或放棄,4,國立勤益科技大學工業工程與管理系(通過); 龍華科技大學工業管理系(通過); 明志科技大學材料工程系(通過); 明志科技大學工業工程與管理系(通過)
CAND_2159,115,ncut_iem,國立勤益科技大學,工業工程與管理系(機械群),國立勤益科技大學 工業工程與管理系(機械群),52010380,*鈞,備取,—,—,未分發或放棄,1,國立勤益科技大學工業工程與管理系(通過)
CAND_2160,115,ncut_iem,國立勤益科技大學,工業工程與管理系(機械群),國立勤益科技大學 工業工程與管理系(機械群),52010391,林*鈞,備取,國立虎尾科技大學,國立虎尾科技大學自動化工程系,其他學校錄取,2,"國立勤益科技大學工業工程與管理系(通過); 國立虎尾科技大學自動化工程系(備取,分發)"
CAND_2161,115,ncut_iem,國立勤益科技大學,工業工程與管理系(機械群),國立勤益科技大學 工業工程與管理系(機械群),52010404,*右,備取,—,—,未分發或放棄,1,國立勤益科技大學工業工程與管理系(通過)
CAND_2162,115,ncut_iem,國立勤益科技大學,工業工程與管理系(機械群),國立勤益科技大學 工業工程與管理系(機械群),54010279,陳*,備取,亞東科技大學,亞東科技大學工業管理系,其他學校錄取,3,"國立勤益科技大學工業工程與管理系(通過); 亞東科技大學機械工程系(通過); 亞東科技大學工業管理系(正取,分發)"
CAND_2163,115,ncut_iem,國立勤益科技大學,工業工程與管理系(機械群),國立勤益科技大學 工業工程與管理系(機械群),54010293,游*閎,備取,亞東科技大學,亞東科技大學機械工程系,其他學校錄取,5,"國立勤益科技大學工業工程與管理系(通過); 明志科技大學機械工程系精密機械組(通過); 明志科技大學機械工程系光機電組(通過); 亞東科技大學機械工程系(正取,分發); 亞東科技大學工業管理系(正取)"
CAND_2164,115,ncut_iem,國立勤益科技大學,工業工程與管理系(機械群),國立勤益科技大學 工業工程與管理系(機械群),54010300,F*諺,備取,國立虎尾科技大學,國立虎尾科技大學自動化工程系,其他學校錄取,4,"國立勤益科技大學工業工程與管理系(通過); 國立雲林科技大學機械工程系(備取); 國立虎尾科技大學自動化工程系(正取,分發); 明志科技大學工業工程與管理系(通過)"
CAND_2165,115,ncut_iem,國立勤益科技大學,工業工程與管理系(機械群),國立勤益科技大學 工業工程與管理系(機械群),55010039,潘*皇,備取,國立聯合大學,國立聯合大學機械工程學系,其他學校錄取,3,"國立勤益科技大學工業工程與管理系(通過); 臺北城市科技大學電機工程系(備取); 國立聯合大學機械工程學系(備取,分發)"
CAND_2166,115,ncut_iem,國立勤益科技大學,工業工程與管理系(機械群),國立勤益科技大學 工業工程與管理系(機械群),56010054,吳*威,備取,國立虎尾科技大學,國立虎尾科技大學機械設計工程系,其他學校錄取,3,"國立勤益科技大學工業工程與管理系(通過); 國立虎尾科技大學機械設計工程系(正取,分發); 國立虎尾科技大學工業管理系(備取)"
CAND_2167,115,ncut_iem,國立勤益科技大學,工業工程與管理系(機械群),國立勤益科技大學 工業工程與管理系(機械群),56010096,林*桓,備取,—,—,未分發或放棄,3,國立勤益科技大學工業工程與管理系(通過); 明志科技大學工業工程與管理系(通過); 國立屏東大學智慧機器人學系(通過)
CAND_2168,115,ncut_iem,國立勤益科技大學,工業工程與管理系(機械群),國立勤益科技大學 工業工程與管理系(機械群),56010252,馮*恩,備取,—,—,未分發或放棄,3,國立勤益科技大學工業工程與管理系(通過); 國立虎尾科技大學臥虎專班(願景計畫)(通過); 明志科技大學工業工程與管理系(通過)
CAND_2169,115,ncut_iem,國立勤益科技大學,工業工程與管理系(機械群),國立勤益科技大學 工業工程與管理系(機械群),57010188,陳*女,備取,—,—,未分發或放棄,2,國立勤益科技大學工業工程與管理系(通過); 國立屏東科技大學機械工程系(通過)
CAND_2170,115,ncut_iem,國立勤益科技大學,工業工程與管理系(機械群),國立勤益科技大學 工業工程與管理系(機械群),58010080,徐*浚,備取,—,—,未分發或放棄,3,國立勤益科技大學工業工程與管理系(通過); 國立高雄科技大學跨域互動設計學士學位學程(通過); 朝陽科技大學航空機械系(備取)
CAND_2171,115,ncut_iem,國立勤益科技大學,工業工程與管理系(機械群),國立勤益科技大學 工業工程與管理系(機械群),58010169,彭*庭,備取,國立雲林科技大學,國立雲林科技大學環境與安全衛生工程系,其他學校錄取,4,"國立勤益科技大學工業工程與管理系(通過); 國立雲林科技大學環境與安全衛生工程系(正取,分發); 國立高雄科技大學模具工程系光電模具組(通過); 國立虎尾科技大學機械設計工程系(通過)"
CAND_2172,115,ncut_iem,國立勤益科技大學,工業工程與管理系(機械群),國立勤益科技大學 工業工程與管理系(機械群),60010051,許*,備取,—,—,未分發或放棄,3,國立勤益科技大學工業工程與管理系(通過); 明新科技大學半導體與光電科技系(備取); 明新科技大學機械工程系(備取)
CAND_2173,115,ncut_iem,國立勤益科技大學,工業工程與管理系(機械群),國立勤益科技大學 工業工程與管理系(機械群),61010147,張*洋,備取,—,—,未分發或放棄,2,國立勤益科技大學工業工程與管理系(通過); 朝陽科技大學航空機械系(通過)
CAND_2174,115,ncut_iem,國立勤益科技大學,工業工程與管理系(機械群),國立勤益科技大學 工業工程與管理系(機械群),61010161,黄*,備取,—,—,未分發或放棄,4,國立勤益科技大學工業工程與管理系(通過); 弘光科技大學智慧科技應用系(通過); 嶺東科技大學智慧製造科技系(通過); 僑光科技大學機械與電腦輔助工程系(通過)
CAND_2175,115,ncut_iem,國立勤益科技大學,工業工程與管理系(機械群),國立勤益科技大學 工業工程與管理系(機械群),61010177,盧*恩,備取,—,—,未分發或放棄,3,國立勤益科技大學工業工程與管理系(通過); 國立虎尾科技大學機械設計工程系(通過); 國立虎尾科技大學工業管理系(通過)
CAND_2176,115,ncut_iem,國立勤益科技大學,工業工程與管理系(機械群),國立勤益科技大學 工業工程與管理系(機械群),61010191,*席,備取,國立虎尾科技大學,國立虎尾科技大學機械設計工程系,其他學校錄取,3,"國立勤益科技大學工業工程與管理系(通過); 國立虎尾科技大學機械與電腦輔助工程系(正取); 國立虎尾科技大學機械設計工程系(正取,分發)"
CAND_2177,115,ncut_iem,國立勤益科技大學,工業工程與管理系(機械群),國立勤益科技大學 工業工程與管理系(機械群),61010193,李*軒,備取,—,—,未分發或放棄,3,國立勤益科技大學工業工程與管理系(通過); 國立虎尾科技大學機械與電腦輔助工程系(通過); 國立虎尾科技大學機械設計工程系(通過)
CAND_2178,115,ncut_iem,國立勤益科技大學,工業工程與管理系(機械群),國立勤益科技大學 工業工程與管理系(機械群),61010213,陳*女,備取,—,—,未分發或放棄,1,國立勤益科技大學工業工程與管理系(通過)
CAND_2179,115,ncut_iem,國立勤益科技大學,工業工程與管理系(機械群),國立勤益科技大學 工業工程與管理系(機械群),61010277,朱*煜,備取,—,—,未分發或放棄,1,國立勤益科技大學工業工程與管理系(通過)
CAND_2180,115,ncut_iem,國立勤益科技大學,工業工程與管理系(機械群),國立勤益科技大學 工業工程與管理系(機械群),61010503,涂*揚,備取,—,—,未分發或放棄,4,國立勤益科技大學工業工程與管理系(通過); 國立屏東科技大學機械工程系(通過); 國立屏東科技大學生物機電工程系(通過); 中臺科技大學牙體技術暨材料系(通過)
CAND_2181,115,ncut_iem,國立勤益科技大學,工業工程與管理系(機械群),國立勤益科技大學 工業工程與管理系(機械群),61010559,*呈,備取,朝陽科技大學,朝陽科技大學環境工程與管理系,其他學校錄取,3,"國立勤益科技大學工業工程與管理系(通過); 朝陽科技大學環境工程與管理系(正取,分發); 僑光科技大學機械與電腦輔助工程系(正取)"
CAND_2182,115,ncut_iem,國立勤益科技大學,工業工程與管理系(機械群),國立勤益科技大學 工業工程與管理系(機械群),61010741,朱*顥,備取,朝陽科技大學,朝陽科技大學航空機械系,其他學校錄取,2,"國立勤益科技大學工業工程與管理系(通過); 朝陽科技大學航空機械系(正取,分發)"
CAND_2183,115,ncut_iem,國立勤益科技大學,工業工程與管理系(機械群),國立勤益科技大學 工業工程與管理系(機械群),62010022,陳*,備取,—,—,未分發或放棄,2,國立勤益科技大學工業工程與管理系(通過); 國立虎尾科技大學機械設計工程系(通過)
CAND_2184,115,ncut_iem,國立勤益科技大學,工業工程與管理系(機械群),國立勤益科技大學 工業工程與管理系(機械群),62010045,謝*程,備取,嘉南藥理大學,嘉南藥理大學環境工程與科學系,其他學校錄取,3,"國立勤益科技大學工業工程與管理系(通過); 嘉南藥理大學職業安全衛生系(通過); 嘉南藥理大學環境工程與科學系(正取,分發)"
CAND_2185,115,ncut_iem,國立勤益科技大學,工業工程與管理系(機械群),國立勤益科技大學 工業工程與管理系(機械群),62010173,維*,備取,國立虎尾科技大學,國立虎尾科技大學工業管理系,其他學校錄取,4,"國立勤益科技大學工業工程與管理系(通過); 國立屏東科技大學智慧機電學士學位學程(通過); 國立虎尾科技大學機械與電腦輔助工程系(正取); 國立虎尾科技大學工業管理系(備取,分發)"
CAND_2186,115,ncut_iem,國立勤益科技大學,工業工程與管理系(機械群),國立勤益科技大學 工業工程與管理系(機械群),63010126,林*郁,備取,朝陽科技大學,朝陽科技大學環境工程與管理系,其他學校錄取,2,"國立勤益科技大學工業工程與管理系(通過); 朝陽科技大學環境工程與管理系(備取,分發)"
CAND_2187,115,ncut_iem,國立勤益科技大學,工業工程與管理系(機械群),國立勤益科技大學 工業工程與管理系(機械群),64010233,梁*,備取,—,—,未分發或放棄,4,國立勤益科技大學工業工程與管理系(通過); 朝陽科技大學環境工程與管理系(通過); 南臺科技大學機械工程系自動化控制組(通過); 南臺科技大學機械工程系智慧製造組(通過)
CAND_2188,115,ncut_iem,國立勤益科技大學,工業工程與管理系(機械群),國立勤益科技大學 工業工程與管理系(機械群),67010125,鄧*佑,備取,國立高雄科技大學,國立高雄科技大學造船及海洋工程系,其他學校錄取,3,"國立勤益科技大學工業工程與管理系(通過); 國立屏東科技大學機械工程系(正取); 國立高雄科技大學造船及海洋工程系(備取,分發)"
CAND_2189,115,ncut_iem,國立勤益科技大學,工業工程與管理系(機械群),國立勤益科技大學 工業工程與管理系(機械群),67010185,*呈,備取,—,—,未分發或放棄,2,國立勤益科技大學工業工程與管理系(通過); 國立虎尾科技大學工業管理系(通過)
CAND_2190,115,ncut_iem,國立勤益科技大學,工業工程與管理系(機械群),國立勤益科技大學 工業工程與管理系(機械群),67010188,胡*恩,備取,—,—,未分發或放棄,4,國立勤益科技大學工業工程與管理系(通過); 國立虎尾科技大學機械設計工程系(通過); 朝陽科技大學航空機械系(通過); 國立聯合大學機械工程學系(通過)
CAND_2191,115,ncut_iem,國立勤益科技大學,工業工程與管理系(機械群),國立勤益科技大學 工業工程與管理系(機械群),67010206,黄*琦,備取,—,—,未分發或放棄,1,國立勤益科技大學工業工程與管理系(通過)
CAND_2192,115,ncut_iem,國立勤益科技大學,工業工程與管理系(機械群),國立勤益科技大學 工業工程與管理系(機械群),68010138,*歆,備取,—,—,未分發或放棄,1,國立勤益科技大學工業工程與管理系(通過)
CAND_2193,115,ncut_iem,國立勤益科技大學,工業工程與管理系(機械群),國立勤益科技大學 工業工程與管理系(機械群),68010154,楊*女,備取,國立高雄科技大學,國立高雄科技大學工業工程與管理系,其他學校錄取,5,"國立勤益科技大學工業工程與管理系(通過); 國立屏東科技大學材料工程系(正取); 國立高雄科技大學工業工程與管理系(備取,分發); 國立虎尾科技大學機械與電腦輔助工程系(正取); 國立虎尾科技大學工業管理系(通過)"
CAND_2194,115,ncut_iem,國立勤益科技大學,工業工程與管理系(機械群),國立勤益科技大學 工業工程與管理系(機械群),68010264,—,備取,—,—,未分發或放棄,1,國立勤益科技大學工業工程與管理系(通過)
CAND_2195,115,ncut_iem,國立勤益科技大學,工業工程與管理系(機械群),國立勤益科技大學 工業工程與管理系(機械群),68010277,李*翔,備取,—,—,未分發或放棄,1,國立勤益科技大學工業工程與管理系(通過)
CAND_2196,115,ncut_iem,國立勤益科技大學,工業工程與管理系(機械群),國立勤益科技大學 工業工程與管理系(機械群),68010365,郭*穎,備取,—,—,未分發或放棄,5,國立勤益科技大學工業工程與管理系(通過); 國立高雄科技大學模具工程系光電模具組(備取); 國立高雄科技大學輪機工程系(通過); 國立虎尾科技大學材料科學與工程系(通過); 國立虎尾科技大學機械設計工程系(通過)
CAND_2197,115,ncut_iem,國立勤益科技大學,工業工程與管理系(機械群),國立勤益科技大學 工業工程與管理系(機械群),68010496,陳*廷,備取,南臺科技大學,南臺科技大學機械工程系自動化控制組,其他學校錄取,3,"國立勤益科技大學工業工程與管理系(通過); 國立高雄科技大學輪機工程系(正取); 南臺科技大學機械工程系自動化控制組(正取,分發)"
CAND_2198,115,ncut_iem,國立勤益科技大學,工業工程與管理系(機械群),國立勤益科技大學 工業工程與管理系(機械群),70010034,郭*,備取,嘉南藥理大學,嘉南藥理大學職業安全衛生系,其他學校錄取,3,"國立勤益科技大學工業工程與管理系(通過); 國立虎尾科技大學動力機械工程系(通過); 嘉南藥理大學職業安全衛生系(正取,分發)"
CAND_2199,115,ncut_iem,國立勤益科技大學,工業工程與管理系(機械群),國立勤益科技大學 工業工程與管理系(機械群),70010136,郭*恩,備取,國立屏東科技大學,國立屏東科技大學機械工程系,其他學校錄取,2,"國立勤益科技大學工業工程與管理系(通過); 國立屏東科技大學機械工程系(正取,分發)"
CAND_2200,115,ncut_iem,國立勤益科技大學,工業工程與管理系(機械群),國立勤益科技大學 工業工程與管理系(機械群),73010026,林*,備取,國立雲林科技大學,國立雲林科技大學工業工程與管理系,其他學校錄取,4,"國立勤益科技大學工業工程與管理系(通過); 國立雲林科技大學工業工程與管理系(正取,分發); 國立虎尾科技大學機械設計工程系(正取); 國立虎尾科技大學工業管理系(正取)"
CAND_2201,115,ncut_iem,國立勤益科技大學,工業工程與管理系(資電類),國立勤益科技大學 工業工程與管理系(資電類),51040047,許*樂,正取,國立勤益科技大學,國立勤益科技大學工業工程與管理系,原校系/本校留任,5,"國立勤益科技大學工業工程與管理系(正取,分發); 國立雲林科技大學資訊工程系(資安人才)(通過); 國立屏東科技大學資訊管理系(資安人才)(通過); 國立澎湖科技大學電信工程系(通過); 國立臺東專科學校資訊管理科(正取)"
CAND_2202,115,ncut_iem,國立勤益科技大學,工業工程與管理系(資電類),國立勤益科技大學 工業工程與管理系(資電類),52510244,張*諺,正取,國立虎尾科技大學,國立虎尾科技大學飛機工程系航空電子組,其他學校錄取,2,"國立勤益科技大學工業工程與管理系(正取); 國立虎尾科技大學飛機工程系航空電子組(備取,分發)"
CAND_2203,115,ncut_iem,國立勤益科技大學,工業工程與管理系(資電類),國立勤益科技大學 工業工程與管理系(資電類),57040016,高*鈞,正取,國立臺中科技大學,國立臺中科技大學智慧生產工程系,其他學校錄取,4,"國立勤益科技大學工業工程與管理系(正取); 國立虎尾科技大學自動化工程系(通過); 國立臺中科技大學智慧生產工程系(正取,分發); 東海大學資訊工程學系(通過)"
CAND_2204,115,ncut_iem,國立勤益科技大學,工業工程與管理系(資電類),國立勤益科技大學 工業工程與管理系(資電類),61040364,余*廷,正取,國立勤益科技大學,國立勤益科技大學工業工程與管理系,原校系/本校留任,3,"國立勤益科技大學工業工程與管理系(正取,分發); 國立虎尾科技大學光電工程系(備取); 國立臺中科技大學智慧生產工程系(正取)"
CAND_2205,115,ncut_iem,國立勤益科技大學,工業工程與管理系(資電類),國立勤益科技大學 工業工程與管理系(資電類),59040139,楊*,正取,國立勤益科技大學,國立勤益科技大學工業工程與管理系,原校系/本校留任,2,"國立勤益科技大學工業工程與管理系(正取,分發); 國立聯合大學光電工程學系(正取)"
CAND_2206,115,ncut_iem,國立勤益科技大學,工業工程與管理系(資電類),國立勤益科技大學 工業工程與管理系(資電類),59040150,陳*豪,正取,中臺科技大學,中臺科技大學資訊管理系,其他學校錄取,4,"國立勤益科技大學工業工程與管理系(正取); 南臺科技大學資訊管理系(正取); 中臺科技大學資訊管理系(通過,分發); 台南應用科技大學資訊管理系(正取)"
CAND_2207,115,ncut_iem,國立勤益科技大學,工業工程與管理系(資電類),國立勤益科技大學 工業工程與管理系(資電類),58040167,李*恩,正取,國立勤益科技大學,國立勤益科技大學工業工程與管理系,原校系/本校留任,4,"國立勤益科技大學工業工程與管理系(正取,分發); 南臺科技大學電子工程系(通過); 明志科技大學電子工程系(通過); 致理科技大學資訊管理系(通過)"
CAND_2208,115,ncut_iem,國立勤益科技大學,工業工程與管理系(資電類),國立勤益科技大學 工業工程與管理系(資電類),61040053,*柔,正取,國立勤益科技大學,國立勤益科技大學工業工程與管理系,原校系/本校留任,2,"國立勤益科技大學工業工程與管理系(正取,分發); 朝陽科技大學資訊與通訊系(正取)"
CAND_2209,115,ncut_iem,國立勤益科技大學,工業工程與管理系(資電類),國立勤益科技大學 工業工程與管理系(資電類),57040414,陳*恩,正取,國立勤益科技大學,國立勤益科技大學工業工程與管理系,原校系/本校留任,1,"國立勤益科技大學工業工程與管理系(正取,分發)"
CAND_2210,115,ncut_iem,國立勤益科技大學,工業工程與管理系(資電類),國立勤益科技大學 工業工程與管理系(資電類),61040029,張*樱,正取,國立勤益科技大學,國立勤益科技大學工業工程與管理系,原校系/本校留任,2,"國立勤益科技大學工業工程與管理系(正取,分發); 國立屏東大學電腦與通訊學系(備取)"
CAND_2211,115,ncut_iem,國立勤益科技大學,工業工程與管理系(資電類),國立勤益科技大學 工業工程與管理系(資電類),52510226,黄*翔,正取,—,—,未分發或放棄,3,國立勤益科技大學工業工程與管理系(正取); 國立臺中科技大學智慧生產工程系(通過); 國立聯合大學光電工程學系(正取)
CAND_2212,115,ncut_iem,國立勤益科技大學,工業工程與管理系(資電類),國立勤益科技大學 工業工程與管理系(資電類),56040067,林*佑,正取,國立虎尾科技大學,國立虎尾科技大學資訊管理系,其他學校錄取,2,"國立勤益科技大學工業工程與管理系(正取); 國立虎尾科技大學資訊管理系(備取,分發)"
CAND_2213,115,ncut_iem,國立勤益科技大學,工業工程與管理系(資電類),國立勤益科技大學 工業工程與管理系(資電類),52510222,*詒,正取,國立臺中科技大學,國立臺中科技大學智慧生產工程系,其他學校錄取,3,"國立勤益科技大學工業工程與管理系(正取); 國立臺中科技大學智慧生產工程系(備取,分發); 國立聯合大學光電工程學系(備取)"
CAND_2214,115,ncut_iem,國立勤益科技大學,工業工程與管理系(資電類),國立勤益科技大學 工業工程與管理系(資電類),70040069,*智,正取,國立勤益科技大學,國立勤益科技大學工業工程與管理系,原校系/本校留任,1,"國立勤益科技大學工業工程與管理系(正取,分發)"
CAND_2215,115,ncut_iem,國立勤益科技大學,工業工程與管理系(資電類),國立勤益科技大學 工業工程與管理系(資電類),61040335,李*毅,正取,朝陽科技大學,朝陽科技大學資訊與通訊系,其他學校錄取,2,"國立勤益科技大學工業工程與管理系(正取); 朝陽科技大學資訊與通訊系(正取,分發)"
CAND_2216,115,ncut_iem,國立勤益科技大學,工業工程與管理系(資電類),國立勤益科技大學 工業工程與管理系(資電類),52040227,陳*碩,正取,國立臺北商業大學,國立臺北商業大學創意科技與產品設計系(桃園校區),其他學校錄取,4,"國立勤益科技大學工業工程與管理系(正取); 國立高雄科技大學海事資訊科技系(正取); 國立臺中科技大學智慧生產工程系(正取); 國立臺北商業大學創意科技與產品設計系(桃園校區)(正取,分發)"
CAND_2217,115,ncut_iem,國立勤益科技大學,工業工程與管理系(資電類),國立勤益科技大學 工業工程與管理系(資電類),68510060,郭*恩,正取,國立勤益科技大學,國立勤益科技大學工業工程與管理系,原校系/本校留任,1,"國立勤益科技大學工業工程與管理系(正取,分發)"
CAND_2218,115,ncut_iem,國立勤益科技大學,工業工程與管理系(資電類),國立勤益科技大學 工業工程與管理系(資電類),61040773,葵*紘,正取,國立勤益科技大學,國立勤益科技大學工業工程與管理系,原校系/本校留任,1,"國立勤益科技大學工業工程與管理系(正取,分發)"
CAND_2219,115,ncut_iem,國立勤益科技大學,工業工程與管理系(資電類),國立勤益科技大學 工業工程與管理系(資電類),56040026,江*,正取,致理科技大學,致理科技大學商務科技應用系,其他學校錄取,3,"國立勤益科技大學工業工程與管理系(正取); 朝陽科技大學資訊工程系資電工程組(通過); 致理科技大學商務科技應用系(正取,分發)"
CAND_2220,115,ncut_iem,國立勤益科技大學,工業工程與管理系(資電類),國立勤益科技大學 工業工程與管理系(資電類),61040713,駱*津,正取,國立勤益科技大學,國立勤益科技大學工業工程與管理系,原校系/本校留任,5,"國立勤益科技大學工業工程與管理系(正取,分發); 國立臺中科技大學智慧生產工程系(備取); 朝陽科技大學資訊工程系資電工程組(資安人才)(正取); 南臺科技大學工業管理與資訊系(通過); 亞洲大學生物資訊與醫學工程學系(通過)"
CAND_2221,115,ncut_iem,國立勤益科技大學,工業工程與管理系(資電類),國立勤益科技大學 工業工程與管理系(資電類),52510255,F*-,正取,明志科技大學,明志科技大學電子工程系,其他學校錄取,4,"國立勤益科技大學工業工程與管理系(正取); 國立高雄科技大學海事資訊科技系(通過); 國立臺中科技大學智慧生產工程系(通過); 明志科技大學電子工程系(正取,分發)"
CAND_2222,115,ncut_iem,國立勤益科技大學,工業工程與管理系(資電類),國立勤益科技大學 工業工程與管理系(資電類),52040557,沈*軒,備取,國立勤益科技大學,國立勤益科技大學工業工程與管理系,原校系/本校留任,1,"國立勤益科技大學工業工程與管理系(備取,分發)"
CAND_2223,115,ncut_iem,國立勤益科技大學,工業工程與管理系(資電類),國立勤益科技大學 工業工程與管理系(資電類),52510236,彭*叡,備取,國立勤益科技大學,國立勤益科技大學工業工程與管理系,原校系/本校留任,3,"國立勤益科技大學工業工程與管理系(備取,分發); 國立聯合大學光電工程學系(備取); 國立屏東大學電腦與通訊學系(備取)"
CAND_2224,115,ncut_iem,國立勤益科技大學,工業工程與管理系(資電類),國立勤益科技大學 工業工程與管理系(資電類),61040565,林*信,備取,明志科技大學,明志科技大學電子工程系,其他學校錄取,4,"國立勤益科技大學工業工程與管理系(備取); 南臺科技大學電子工程系(正取); 明志科技大學電子工程系(正取,分發); 亞洲大學資訊工程學系(正取)"
CAND_2225,115,ncut_iem,國立勤益科技大學,工業工程與管理系(資電類),國立勤益科技大學 工業工程與管理系(資電類),66040001,林*鉲,備取,國立勤益科技大學,國立勤益科技大學工業工程與管理系,原校系/本校留任,1,"國立勤益科技大學工業工程與管理系(備取,分發)"
CAND_2226,115,ncut_iem,國立勤益科技大學,工業工程與管理系(資電類),國立勤益科技大學 工業工程與管理系(資電類),61040827,陳*,備取,國立勤益科技大學,國立勤益科技大學工業工程與管理系,原校系/本校留任,1,"國立勤益科技大學工業工程與管理系(備取,分發)"
CAND_2227,115,ncut_iem,國立勤益科技大學,工業工程與管理系(資電類),國立勤益科技大學 工業工程與管理系(資電類),61040165,宋*,備取,國立勤益科技大學,國立勤益科技大學工業工程與管理系,原校系/本校留任,3,"國立勤益科技大學工業工程與管理系(備取,分發); 朝陽科技大學資訊管理系資訊管理組(正取); 靜宜大學資訊工程學系(備取)"
CAND_2228,115,ncut_iem,國立勤益科技大學,工業工程與管理系(資電類),國立勤益科技大學 工業工程與管理系(資電類),65040047,陳*,備取,國立勤益科技大學,國立勤益科技大學工業工程與管理系,原校系/本校留任,3,"國立勤益科技大學工業工程與管理系(備取,分發); 朝陽科技大學資訊管理系資訊管理組(備取); 國立屏東大學電腦與通訊學系(備取)"
CAND_2229,115,ncut_iem,國立勤益科技大學,工業工程與管理系(資電類),國立勤益科技大學 工業工程與管理系(資電類),52040365,葉*姮,備取,銘傳大學,銘傳大學電機工程學系(桃園校區),其他學校錄取,2,"國立勤益科技大學工業工程與管理系(備取); 銘傳大學電機工程學系(桃園校區)(正取,分發)"
CAND_2230,115,ncut_iem,國立勤益科技大學,工業工程與管理系(資電類),國立勤益科技大學 工業工程與管理系(資電類),56040008,張*,備取,國立勤益科技大學,國立勤益科技大學工業工程與管理系,原校系/本校留任,2,"國立勤益科技大學工業工程與管理系(備取,分發); 健行科技大學財務金融系投資理財組(通過)"
CAND_2231,115,ncut_iem,國立勤益科技大學,工業工程與管理系(資電類),國立勤益科技大學 工業工程與管理系(資電類),61040013,*伯,備取,國立勤益科技大學,國立勤益科技大學工業工程與管理系,原校系/本校留任,2,"國立勤益科技大學工業工程與管理系(備取,分發); 國立屏東大學電腦與通訊學系(備取)"
CAND_2232,115,ncut_iem,國立勤益科技大學,工業工程與管理系(資電類),國立勤益科技大學 工業工程與管理系(資電類),66510020,張*淇,備取,國立勤益科技大學,國立勤益科技大學工業工程與管理系,原校系/本校留任,4,"國立勤益科技大學工業工程與管理系(備取,分發); 南臺科技大學半導體與光電工程系(正取); 國立臺東專科學校電機工程科(通過); 國立聯合大學光電工程學系(備取)"
CAND_2233,115,ncut_iem,國立勤益科技大學,工業工程與管理系(資電類),國立勤益科技大學 工業工程與管理系(資電類),63040001,*廷,備取,—,—,未分發或放棄,1,國立勤益科技大學工業工程與管理系(備取)
CAND_2234,115,ncut_iem,國立勤益科技大學,工業工程與管理系(資電類),國立勤益科技大學 工業工程與管理系(資電類),61040719,*揚,備取,—,—,未分發或放棄,2,國立勤益科技大學工業工程與管理系(備取); 國立臺中科技大學智慧生產工程系(備取)
CAND_2235,115,ncut_iem,國立勤益科技大學,工業工程與管理系(資電類),國立勤益科技大學 工業工程與管理系(資電類),56040178,葵*,備取,朝陽科技大學,朝陽科技大學資訊工程系人工智慧組,其他學校錄取,2,"國立勤益科技大學工業工程與管理系(備取); 朝陽科技大學資訊工程系人工智慧組(正取,分發)"
CAND_2236,115,ncut_iem,國立勤益科技大學,工業工程與管理系(資電類),國立勤益科技大學 工業工程與管理系(資電類),68040154,黄*鈞,備取,—,—,未分發或放棄,1,國立勤益科技大學工業工程與管理系(備取)
CAND_2237,115,ncut_iem,國立勤益科技大學,工業工程與管理系(資電類),國立勤益科技大學 工業工程與管理系(資電類),57040053,*奕,備取,靜宜大學,靜宜大學資訊工程學系,其他學校錄取,4,"國立勤益科技大學工業工程與管理系(備取); 朝陽科技大學資訊與通訊系(正取); 弘光科技大學智慧科技應用系(通過); 靜宜大學資訊工程學系(備取,分發)"
CAND_2238,115,ncut_iem,國立勤益科技大學,工業工程與管理系(資電類),國立勤益科技大學 工業工程與管理系(資電類),52510097,蘇*昀,備取,明志科技大學,明志科技大學工業工程與管理系,其他學校錄取,2,"國立勤益科技大學工業工程與管理系(備取); 明志科技大學工業工程與管理系(正取,分發)"
CAND_2239,115,ncut_iem,國立勤益科技大學,工業工程與管理系(資電類),國立勤益科技大學 工業工程與管理系(資電類),59040177,林*綸,備取,—,—,未分發或放棄,2,國立勤益科技大學工業工程與管理系(備取); 明志科技大學電子工程系(備取)
CAND_2240,115,ncut_iem,國立勤益科技大學,工業工程與管理系(資電類),國立勤益科技大學 工業工程與管理系(資電類),56040057,陳*宏,備取,國立臺東,國立臺東專科學校電機工程科,其他學校錄取,3,"國立勤益科技大學工業工程與管理系(備取); 國立虎尾科技大學電子工程科(二專部)(備取); 國立臺東專科學校電機工程科(正取,分發)"
CAND_2241,115,ncut_iem,國立勤益科技大學,工業工程與管理系(資電類),國立勤益科技大學 工業工程與管理系(資電類),52510212,郭*鈞,備取,明志科技大學,明志科技大學工業工程與管理系,其他學校錄取,2,"國立勤益科技大學工業工程與管理系(備取); 明志科技大學工業工程與管理系(正取,分發)"
CAND_2242,115,ncut_iem,國立勤益科技大學,工業工程與管理系(資電類),國立勤益科技大學 工業工程與管理系(資電類),68040072,潘*,備取,朝陽科技大學,朝陽科技大學資訊管理系資訊管理組,其他學校錄取,4,"國立勤益科技大學工業工程與管理系(備取); 朝陽科技大學資訊管理系資訊管理組(正取,分發); 南臺科技大學半導體與光電工程系(通過); 南臺科技大學資訊工程系(正取)"
CAND_2243,115,ncut_iem,國立勤益科技大學,工業工程與管理系(資電類),國立勤益科技大學 工業工程與管理系(資電類),52510254,吳*,備取,—,—,未分發或放棄,2,國立勤益科技大學工業工程與管理系(備取); 明志科技大學電子工程系(備取)
CAND_2244,115,ncut_iem,國立勤益科技大學,工業工程與管理系(資電類),國立勤益科技大學 工業工程與管理系(資電類),52040717,賴*恩,備取,國立澎湖科技大學,國立澎湖科技大學電機工程系,其他學校錄取,5,"國立勤益科技大學工業工程與管理系(通過); 國立澎湖科技大學電機工程系(正取,分發); 亞東科技大學電子工程系(備取); 亞東科技大學通訊工程系(正取); 國立金門大學電機工程學系(備取)"
CAND_2245,115,ncut_iem,國立勤益科技大學,工業工程與管理系(資電類),國立勤益科技大學 工業工程與管理系(資電類),52510002,葵*旋,備取,亞東科技大學,亞東科技大學電機工程系,其他學校錄取,3,"國立勤益科技大學工業工程與管理系(通過); 國立澎湖科技大學電機工程系(正取); 亞東科技大學電機工程系(正取,分發)"
CAND_2246,115,ncut_iem,國立勤益科技大學,工業工程與管理系(資電類),國立勤益科技大學 工業工程與管理系(資電類),52510214,林*女,備取,明志科技大學,明志科技大學電子工程系,其他學校錄取,4,"國立勤益科技大學工業工程與管理系(通過); 明志科技大學電子工程系(備取,分發); 明志科技大學材料工程系(通過); 明志科技大學工業工程與管理系(正取)"
CAND_2247,115,ncut_iem,國立勤益科技大學,工業工程與管理系(資電類),國立勤益科技大學 工業工程與管理系(資電類),52510257,沈*秀,備取,國立高雄科技大學,國立高雄科技大學高瞻科技不分系學士學位學程,其他學校錄取,3,"國立勤益科技大學工業工程與管理系(通過); 國立高雄科技大學高瞻科技不分系學士學位學程(正取,分發); 國立臺中科技大學智慧生產工程系(正取)"
CAND_2248,115,ncut_iem,國立勤益科技大學,工業工程與管理系(資電類),國立勤益科技大學 工業工程與管理系(資電類),56040025,*明,備取,國立虎尾科技大學,國立虎尾科技大學電子工程科(二專部),其他學校錄取,4,"國立勤益科技大學工業工程與管理系(通過); 國立虎尾科技大學電子工程科(二專部)(正取,分發); 國立臺東專科學校電機工程科(通過); 銘傳大學電機工程學系(桃園校區)(通過)"
CAND_2249,115,ncut_iem,國立勤益科技大學,工業工程與管理系(資電類),國立勤益科技大學 工業工程與管理系(資電類),56040061,沈*豪,備取,國立虎尾科技大學,國立虎尾科技大學電子工程科(二專部),其他學校錄取,4,"國立勤益科技大學工業工程與管理系(通過); 國立虎尾科技大學電子工程科(二專部)(備取,分發); 國立臺東專科學校電機工程科(通過); 銘傳大學資訊工程學系(桃園校區)(通過)"
CAND_2250,115,ncut_iem,國立勤益科技大學,工業工程與管理系(資電類),國立勤益科技大學 工業工程與管理系(資電類),56040118,范*,備取,國立臺中科技大學,國立臺中科技大學智慧生產工程系,其他學校錄取,4,"國立勤益科技大學工業工程與管理系(通過); 國立高雄科技大學電腦與通訊工程系(通過); 國立高雄科技大學海事資訊科技系(通過); 國立臺中科技大學智慧生產工程系(正取,分發)"
CAND_2251,115,ncut_iem,國立勤益科技大學,工業工程與管理系(資電類),國立勤益科技大學 工業工程與管理系(資電類),57040073,許*,備取,—,—,未分發或放棄,5,國立勤益科技大學工業工程與管理系(通過); 龍華科技大學資訊工程系(通過); 明新科技大學電機工程系(通過); 明新科技大學半導體工程與材料系(通過); 明新科技大學半導體與光電科技系(通過)
CAND_2252,115,ncut_iem,國立勤益科技大學,工業工程與管理系(資電類),國立勤益科技大學 工業工程與管理系(資電類),59040269,林*軒,備取,—,—,未分發或放棄,4,國立勤益科技大學工業工程與管理系(通過); 明新科技大學資訊工程系(通過); 明志科技大學電子工程系(通過); 敏實科技大學人工智慧應用工程學士學位學程(通過)
CAND_2253,115,ncut_iem,國立勤益科技大學,工業工程與管理系(資電類),國立勤益科技大學 工業工程與管理系(資電類),61040255,林*盛,備取,國立高雄科技大學,國立高雄科技大學工業工程與管理系,其他學校錄取,2,"國立勤益科技大學工業工程與管理系(通過); 國立高雄科技大學工業工程與管理系(正取,分發)"
CAND_2254,115,ncut_iem,國立勤益科技大學,工業工程與管理系(資電類),國立勤益科技大學 工業工程與管理系(資電類),61040448,何*,備取,—,—,未分發或放棄,6,國立勤益科技大學工業工程與管理系(通過); 南臺科技大學電機工程系控制與晶片組(資安人才)(通過); 南臺科技大學半導體與光電工程系(資安人才)(通過); 崑山科技大學智慧機器人工程系(通過); 輔英科技大學職業安全衛生系(通過); 弘光科技大學環境與安全衛生工程系職業安全衛生組(通過)
CAND_2255,115,ncut_iem,國立勤益科技大學,工業工程與管理系(資電類),國立勤益科技大學 工業工程與管理系(資電類),61040492,*褀,備取,—,—,未分發或放棄,6,國立勤益科技大學工業工程與管理系(通過); 南臺科技大學電機工程系控制與晶片組(資安人才)(通過); 南臺科技大學半導體與光電工程系(資安人才)(通過); 崑山科技大學智慧機器人工程系(通過); 輔英科技大學職業安全衛生系(通過); 弘光科技大學環境與安全衛生工程系職業安全衛生組(通過)
CAND_2256,115,ncut_iem,國立勤益科技大學,工業工程與管理系(資電類),國立勤益科技大學 工業工程與管理系(資電類),61040535,林*,備取,中臺科技大學,中臺科技大學醫學影像暨放射科學系,其他學校錄取,3,"國立勤益科技大學工業工程與管理系(通過); 中臺科技大學醫學影像暨放射科學系(通過,分發); 僑光科技大學資訊科技系(通過)"
CAND_2257,115,ncut_iem,國立勤益科技大學,工業工程與管理系(資電類),國立勤益科技大學 工業工程與管理系(資電類),61040551,趙*,備取,國立虎尾科技大學,國立虎尾科技大學光電工程系,其他學校錄取,4,"國立勤益科技大學工業工程與管理系(通過); 國立虎尾科技大學飛機工程系航空電子組(備取); 國立虎尾科技大學光電工程系(備取,分發); 國立臺中科技大學智慧生產工程系(通過)"
CAND_2258,115,ncut_iem,國立勤益科技大學,工業工程與管理系(資電類),國立勤益科技大學 工業工程與管理系(資電類),61040652,*元,備取,—,—,未分發或放棄,3,國立勤益科技大學工業工程與管理系(通過); 朝陽科技大學資訊與通訊系(備取); 中臺科技大學資訊管理系(通過)
CAND_2259,115,ncut_iem,國立勤益科技大學,工業工程與管理系(資電類),國立勤益科技大學 工業工程與管理系(資電類),62040074,陳*,備取,—,—,未分發或放棄,3,國立勤益科技大學工業工程與管理系(通過); 銘傳大學電機工程學系(桃園校區)(通過); 亞洲大學生物資訊與醫學工程學系(通過)
CAND_2260,115,ncut_iem,國立勤益科技大學,工業工程與管理系(資電類),國立勤益科技大學 工業工程與管理系(資電類),68040178,陳*俞,備取,國立臺東,國立臺東專科學校資訊管理科,其他學校錄取,2,"國立勤益科技大學工業工程與管理系(通過); 國立臺東專科學校資訊管理科(正取,分發)"
CAND_2261,115,ncut_iem,國立勤益科技大學,工業工程與管理系(資電類),國立勤益科技大學 工業工程與管理系(資電類),73040006,簡*承,備取,—,—,未分發或放棄,4,國立勤益科技大學工業工程與管理系(通過); 龍華科技大學電子工程系(通過); 明志科技大學電子工程系(通過); 亞東科技大學電子工程系(通過)
CAND_2262,115,ncut_iem,國立勤益科技大學,工業工程與管理系(商管群),國立勤益科技大學 工業工程與管理系(商管群),61090845,黄*慈,正取,國立勤益科技大學,國立勤益科技大學工業工程與管理系,原校系/本校留任,5,"國立勤益科技大學工業工程與管理系(正取,分發); 國立高雄科技大學工業工程與管理系(通過); 國立高雄科技大學智慧商務系(通過); 國立彰化師範大學財務金融技術學系(正取); 逢甲大學工業工程與系統管理學系(通過)"
CAND_2263,115,ncut_iem,國立勤益科技大學,工業工程與管理系(商管群),國立勤益科技大學 工業工程與管理系(商管群),70090067,*毅,正取,國立勤益科技大學,國立勤益科技大學工業工程與管理系,原校系/本校留任,3,"國立勤益科技大學工業工程與管理系(正取,分發); 朝陽科技大學工業工程與管理系(正取); 龍華科技大學工業管理系(通過)"
CAND_2264,115,ncut_iem,國立勤益科技大學,工業工程與管理系(商管群),國立勤益科技大學 工業工程與管理系(商管群),60090081,林*華,正取,國立勤益科技大學,國立勤益科技大學工業工程與管理系,原校系/本校留任,2,"國立勤益科技大學工業工程與管理系(正取,分發); 國立臺中科技大學應用統計系(通過)"
CAND_2265,115,ncut_iem,國立勤益科技大學,工業工程與管理系(商管群),國立勤益科技大學 工業工程與管理系(商管群),61090849,陳*女,正取,國立勤益科技大學,國立勤益科技大學工業工程與管理系,原校系/本校留任,1,"國立勤益科技大學工業工程與管理系(正取,分發)"
CAND_2266,115,ncut_iem,國立勤益科技大學,工業工程與管理系(商管群),國立勤益科技大學 工業工程與管理系(商管群),56090351,蘇*,正取,國立勤益科技大學,國立勤益科技大學工業工程與管理系,原校系/本校留任,4,"國立勤益科技大學工業工程與管理系(正取,分發); 國立高雄科技大學資訊管理系(正取); 國立高雄科技大學運籌管理系(正取); 國立臺中科技大學資訊管理系(正取)"
CAND_2267,115,ncut_iem,國立勤益科技大學,工業工程與管理系(商管群),國立勤益科技大學 工業工程與管理系(商管群),71090013,萬*,正取,國立臺中科技大學,國立臺中科技大學應用統計系,其他學校錄取,2,"國立勤益科技大學工業工程與管理系(正取); 國立臺中科技大學應用統計系(正取,分發)"
CAND_2268,115,ncut_iem,國立勤益科技大學,工業工程與管理系(商管群),國立勤益科技大學 工業工程與管理系(商管群),56090211,黄*葳,正取,國立勤益科技大學,國立勤益科技大學工業工程與管理系,原校系/本校留任,2,"國立勤益科技大學工業工程與管理系(正取,分發); 國立臺中科技大學流通管理系(正取)"
CAND_2269,115,ncut_iem,國立勤益科技大學,工業工程與管理系(商管群),國立勤益科技大學 工業工程與管理系(商管群),61090661,*瑄,正取,國立勤益科技大學,國立勤益科技大學工業工程與管理系,原校系/本校留任,1,"國立勤益科技大學工業工程與管理系(正取,分發)"
CAND_2270,115,ncut_iem,國立勤益科技大學,工業工程與管理系(商管群),國立勤益科技大學 工業工程與管理系(商管群),56090189,A*群,正取,國立勤益科技大學,國立勤益科技大學工業工程與管理系,原校系/本校留任,2,"國立勤益科技大學工業工程與管理系(正取,分發); 國立臺中科技大學保險金融管理系(備取)"
CAND_2271,115,ncut_iem,國立勤益科技大學,工業工程與管理系(商管群),國立勤益科技大學 工業工程與管理系(商管群),57090909,吳*緯,正取,國立勤益科技大學,國立勤益科技大學工業工程與管理系,原校系/本校留任,3,"國立勤益科技大學工業工程與管理系(正取,分發); 國立雲林科技大學文化資產維護系(通過); 國立高雄科技大學行銷與流通管理系(正取)"
CAND_2272,115,ncut_iem,國立勤益科技大學,工業工程與管理系(商管群),國立勤益科技大學 工業工程與管理系(商管群),63090415,林*吟,正取,國立高雄科技大學,國立高雄科技大學智慧商務系,其他學校錄取,3,"國立勤益科技大學工業工程與管理系(正取); 國立高雄科技大學會計資訊系(備取); 國立高雄科技大學智慧商務系(正取,分發)"
CAND_2273,115,ncut_iem,國立勤益科技大學,工業工程與管理系(商管群),國立勤益科技大學 工業工程與管理系(商管群),67090386,趙*女,正取,國立勤益科技大學,國立勤益科技大學工業工程與管理系,原校系/本校留任,3,"國立勤益科技大學工業工程與管理系(正取,分發); 國立虎尾科技大學工業管理系(備取); 國立屏東大學資訊管理學系(通過)"
CAND_2274,115,ncut_iem,國立勤益科技大學,工業工程與管理系(商管群),國立勤益科技大學 工業工程與管理系(商管群),73090066,林*璋,正取,國立臺中科技大學,國立臺中科技大學應用統計系,其他學校錄取,5,"國立勤益科技大學工業工程與管理系(正取); 國立屏東科技大學農企業管理系(通過); 國立屏東科技大學企業管理系(正取); 國立臺中科技大學應用統計系(正取,分發); 致理科技大學應用日語系(正取)"
CAND_2275,115,ncut_iem,國立勤益科技大學,工業工程與管理系(商管群),國立勤益科技大學 工業工程與管理系(商管群),56090501,簡*哲,正取,國立臺中科技大學,國立臺中科技大學資訊工程系,其他學校錄取,5,"國立勤益科技大學工業工程與管理系(正取); 國立屏東科技大學企業管理系(通過); 國立虎尾科技大學工業管理系(正取); 國立臺中科技大學資訊工程系(正取,分發); 國立屏東大學資訊管理學系(正取)"
CAND_2276,115,ncut_iem,國立勤益科技大學,工業工程與管理系(商管群),國立勤益科技大學 工業工程與管理系(商管群),52090433,盧*,正取,國立勤益科技大學,國立勤益科技大學工業工程與管理系,原校系/本校留任,4,"國立勤益科技大學工業工程與管理系(正取,分發); 國立虎尾科技大學工業管理系(備取); 國立臺中科技大學保險金融管理系(正取); 國立屏東大學商業大數據學系(正取)"
CAND_2277,115,ncut_iem,國立勤益科技大學,工業工程與管理系(商管群),國立勤益科技大學 工業工程與管理系(商管群),65090110,林*羚,正取,國立勤益科技大學,國立勤益科技大學工業工程與管理系,原校系/本校留任,3,"國立勤益科技大學工業工程與管理系(正取,分發); 國立虎尾科技大學工業管理系(正取); 國立臺中科技大學應用統計系(正取)"
CAND_2278,115,ncut_iem,國立勤益科技大學,工業工程與管理系(商管群),國立勤益科技大學 工業工程與管理系(商管群),59090175,*源,正取,國立勤益科技大學,國立勤益科技大學工業工程與管理系,原校系/本校留任,2,"國立勤益科技大學工業工程與管理系(正取,分發); 國立臺中科技大學流通管理系(通過)"
CAND_2279,115,ncut_iem,國立勤益科技大學,工業工程與管理系(商管群),國立勤益科技大學 工業工程與管理系(商管群),60090194,李*妤,正取,國立勤益科技大學,國立勤益科技大學工業工程與管理系,原校系/本校留任,2,"國立勤益科技大學工業工程與管理系(正取,分發); 國立虎尾科技大學工業管理系(通過)"
CAND_2280,115,ncut_iem,國立勤益科技大學,工業工程與管理系(商管群),國立勤益科技大學 工業工程與管理系(商管群),63090407,林*穎,正取,國立臺中科技大學,國立臺中科技大學資訊工程系,其他學校錄取,2,"國立勤益科技大學工業工程與管理系(正取); 國立臺中科技大學資訊工程系(正取,分發)"
CAND_2281,115,ncut_iem,國立勤益科技大學,工業工程與管理系(商管群),國立勤益科技大學 工業工程與管理系(商管群),67090222,邱*,正取,國立臺中科技大學,國立臺中科技大學保險金融管理系,其他學校錄取,2,"國立勤益科技大學工業工程與管理系(正取); 國立臺中科技大學保險金融管理系(正取,分發)"
CAND_2282,115,ncut_iem,國立勤益科技大學,工業工程與管理系(商管群),國立勤益科技大學 工業工程與管理系(商管群),66090247,張*宏,正取,國立勤益科技大學,國立勤益科技大學工業工程與管理系,原校系/本校留任,3,"國立勤益科技大學工業工程與管理系(正取,分發); 國立屏東科技大學工業管理系(通過); 國立虎尾科技大學工業管理系(正取)"
CAND_2283,115,ncut_iem,國立勤益科技大學,工業工程與管理系(商管群),國立勤益科技大學 工業工程與管理系(商管群),59090149,賴*彤,正取,國立高雄科技大學,國立高雄科技大學資訊管理系,其他學校錄取,3,"國立勤益科技大學工業工程與管理系(正取); 國立高雄科技大學資訊管理系(備取,分發); 國立高雄科技大學運籌管理系(正取)"
CAND_2284,115,ncut_iem,國立勤益科技大學,工業工程與管理系(商管群),國立勤益科技大學 工業工程與管理系(商管群),52090490,潘*臻,正取,國立高雄科技大學,國立高雄科技大學商務資訊應用系,其他學校錄取,3,"國立勤益科技大學工業工程與管理系(正取); 國立高雄科技大學商務資訊應用系(正取,分發); 國立臺中科技大學應用統計系(通過)"
CAND_2285,115,ncut_iem,國立勤益科技大學,工業工程與管理系(商管群),國立勤益科技大學 工業工程與管理系(商管群),52090689,黄*紜,正取,銘傳大學,銘傳大學國際企業學系(台北校區),其他學校錄取,5,"國立勤益科技大學工業工程與管理系(正取); 國立臺中科技大學應用中文系(正取); 銘傳大學企業管理學系(台北校區)(備取); 銘傳大學國際企業學系(台北校區)(備取,分發); 實踐大學財務金融學系(臺北校區)(備取)"
CAND_2286,115,ncut_iem,國立勤益科技大學,工業工程與管理系(商管群),國立勤益科技大學 工業工程與管理系(商管群),65090014,鄭*輝,正取,國立勤益科技大學,國立勤益科技大學工業工程與管理系,原校系/本校留任,3,"國立勤益科技大學工業工程與管理系(正取,分發); 國立虎尾科技大學工業管理系(通過); 朝陽科技大學工業工程與管理系(通過)"
CAND_2287,115,ncut_iem,國立勤益科技大學,工業工程與管理系(商管群),國立勤益科技大學 工業工程與管理系(商管群),73090110,楊*,正取,國立臺中科技大學,國立臺中科技大學國際貿易與經營系,其他學校錄取,4,"國立勤益科技大學工業工程與管理系(正取); 國立高雄科技大學人力資源發展系(正取); 國立虎尾科技大學企業管理系(通過); 國立臺中科技大學國際貿易與經營系(備取,分發)"
CAND_2288,115,ncut_iem,國立勤益科技大學,工業工程與管理系(商管群),國立勤益科技大學 工業工程與管理系(商管群),67090272,陳*芮,正取,—,—,未分發或放棄,2,國立勤益科技大學工業工程與管理系(正取); 國立屏東科技大學工業管理系(正取)
CAND_2289,115,ncut_iem,國立勤益科技大學,工業工程與管理系(商管群),國立勤益科技大學 工業工程與管理系(商管群),59090318,何*,正取,國立臺中科技大學,國立臺中科技大學財政稅務系,其他學校錄取,3,"國立勤益科技大學工業工程與管理系(正取); 國立臺中科技大學財政稅務系(正取,分發); 逢甲大學會計學系(備取)"
CAND_2290,115,ncut_iem,國立勤益科技大學,工業工程與管理系(商管群),國立勤益科技大學 工業工程與管理系(商管群),64090415,吳*柔,正取,國立雲林科技大學,國立雲林科技大學文化資產維護系,其他學校錄取,3,"國立勤益科技大學工業工程與管理系(正取); 國立雲林科技大學文化資產維護系(備取,分發); 國立高雄科技大學運籌管理系(備取)"
CAND_2291,115,ncut_iem,國立勤益科技大學,工業工程與管理系(商管群),國立勤益科技大學 工業工程與管理系(商管群),57090351,周*,正取,國立勤益科技大學,國立勤益科技大學工業工程與管理系,原校系/本校留任,3,"國立勤益科技大學工業工程與管理系(正取,分發); 國立虎尾科技大學企業管理系(正取); 國立虎尾科技大學應用外語系(正取)"
CAND_2292,115,ncut_iem,國立勤益科技大學,工業工程與管理系(商管群),國立勤益科技大學 工業工程與管理系(商管群),52090683,—,正取,實踐大學,實踐大學資訊科技與管理學系(臺北校區),其他學校錄取,3,"國立勤益科技大學工業工程與管理系(正取); 國立臺中科技大學保險金融管理系(通過); 實踐大學資訊科技與管理學系(臺北校區)(正取,分發)"
CAND_2293,115,ncut_iem,國立勤益科技大學,工業工程與管理系(商管群),國立勤益科技大學 工業工程與管理系(商管群),57090371,*誼,正取,國立勤益科技大學,國立勤益科技大學工業工程與管理系,原校系/本校留任,3,"國立勤益科技大學工業工程與管理系(正取,分發); 國立虎尾科技大學工業管理系(正取); 國立臺中科技大學保險金融管理系(正取)"
CAND_2294,115,ncut_iem,國立勤益科技大學,工業工程與管理系(商管群),國立勤益科技大學 工業工程與管理系(商管群),63090357,余*,正取,國立臺中科技大學,國立臺中科技大學會計資訊系,其他學校錄取,5,"國立勤益科技大學工業工程與管理系(正取); 國立虎尾科技大學工業管理系(通過); 國立虎尾科技大學財務金融系(通過); 國立臺中科技大學會計資訊系(正取,分發); 朝陽科技大學財務金融系(通過)"
CAND_2295,115,ncut_iem,國立勤益科技大學,工業工程與管理系(商管群),國立勤益科技大學 工業工程與管理系(商管群),56090167,陳*瑄,正取,國立勤益科技大學,國立勤益科技大學工業工程與管理系,原校系/本校留任,2,"國立勤益科技大學工業工程與管理系(正取,分發); 國立虎尾科技大學工業管理系(正取)"
CAND_2296,115,ncut_iem,國立勤益科技大學,工業工程與管理系(商管群),國立勤益科技大學 工業工程與管理系(商管群),61090540,李*,正取,逢甲大學,逢甲大學土地管理學系,其他學校錄取,4,"國立勤益科技大學工業工程與管理系(正取); 國立高雄科技大學供應鏈管理系(通過); 國立臺中科技大學應用統計系(通過); 逢甲大學土地管理學系(正取,分發)"
CAND_2297,115,ncut_iem,國立勤益科技大學,工業工程與管理系(商管群),國立勤益科技大學 工業工程與管理系(商管群),58090525,*婍,正取,國立勤益科技大學,國立勤益科技大學工業工程與管理系,原校系/本校留任,2,"國立勤益科技大學工業工程與管理系(正取,分發); 國立虎尾科技大學工業管理系(正取)"
CAND_2298,115,ncut_iem,國立勤益科技大學,工業工程與管理系(商管群),國立勤益科技大學 工業工程與管理系(商管群),57090843,方*皓,正取,國立臺中科技大學,國立臺中科技大學保險金融管理系,其他學校錄取,3,"國立勤益科技大學工業工程與管理系(正取); 國立臺中科技大學保險金融管理系(備取,分發); 逢甲大學合作經濟暨社會事業經營學系(正取)"
CAND_2299,115,ncut_iem,國立勤益科技大學,工業工程與管理系(商管群),國立勤益科技大學 工業工程與管理系(商管群),59090102,陳*璇,正取,國立臺中科技大學,國立臺中科技大學應用統計系,其他學校錄取,2,"國立勤益科技大學工業工程與管理系(正取); 國立臺中科技大學應用統計系(正取,分發)"
CAND_2300,115,ncut_iem,國立勤益科技大學,工業工程與管理系(商管群),國立勤益科技大學 工業工程與管理系(商管群),57090201,*祐,正取,國立高雄科技大學,國立高雄科技大學供應鏈管理系,其他學校錄取,4,"國立勤益科技大學工業工程與管理系(正取); 國立高雄科技大學供應鏈管理系(備取,分發); 國立臺中科技大學應用統計系(備取); 致理科技大學財務金融系(備取)"
CAND_2301,115,ncut_iem,國立勤益科技大學,工業工程與管理系(商管群),國立勤益科技大學 工業工程與管理系(商管群),59090417,*伶,正取,國立勤益科技大學,國立勤益科技大學工業工程與管理系,原校系/本校留任,2,"國立勤益科技大學工業工程與管理系(正取,分發); 朝陽科技大學財務金融系(通過)"
CAND_2302,115,ncut_iem,國立勤益科技大學,工業工程與管理系(商管群),國立勤益科技大學 工業工程與管理系(商管群),70090061,李*,正取,國立勤益科技大學,國立勤益科技大學工業工程與管理系,原校系/本校留任,2,"國立勤益科技大學工業工程與管理系(正取,分發); 國立高雄科技大學智慧商務系(通過)"
CAND_2303,115,ncut_iem,國立勤益科技大學,工業工程與管理系(商管群),國立勤益科技大學 工業工程與管理系(商管群),61090478,江*,正取,國立虎尾科技大學,國立虎尾科技大學財務金融系,其他學校錄取,4,"國立勤益科技大學工業工程與管理系(正取); 國立高雄科技大學會計資訊系(備取); 國立虎尾科技大學工業管理系(通過); 國立虎尾科技大學財務金融系(備取,分發)"
CAND_2304,115,ncut_iem,國立勤益科技大學,工業工程與管理系(商管群),國立勤益科技大學 工業工程與管理系(商管群),64090229,李*慈,正取,國立勤益科技大學,國立勤益科技大學工業工程與管理系,原校系/本校留任,1,"國立勤益科技大學工業工程與管理系(正取,分發)"
CAND_2305,115,ncut_iem,國立勤益科技大學,工業工程與管理系(商管群),國立勤益科技大學 工業工程與管理系(商管群),64090588,張*語,正取,國立虎尾科技大學,國立虎尾科技大學財務金融系,其他學校錄取,4,"國立勤益科技大學工業工程與管理系(正取); 國立高雄科技大學運籌管理系(備取); 國立虎尾科技大學工業管理系(正取); 國立虎尾科技大學財務金融系(正取,分發)"
CAND_2306,115,ncut_iem,國立勤益科技大學,工業工程與管理系(商管群),國立勤益科技大學 工業工程與管理系(商管群),61090002,池*靖,正取,國立勤益科技大學,國立勤益科技大學工業工程與管理系,原校系/本校留任,5,"國立勤益科技大學工業工程與管理系(正取,分發); 朝陽科技大學財務金融系(通過); 中臺科技大學視光系(通過); 中臺科技大學醫療暨健康產業管理系(通過); 亞洲大學社會工作學系(通過)"
CAND_2307,115,ncut_iem,國立勤益科技大學,工業工程與管理系(商管群),國立勤益科技大學 工業工程與管理系(商管群),61090542,陳*鉲,備取,國立勤益科技大學,國立勤益科技大學工業工程與管理系,原校系/本校留任,1,"國立勤益科技大學工業工程與管理系(備取,分發)"
CAND_2308,115,ncut_iem,國立勤益科技大學,工業工程與管理系(商管群),國立勤益科技大學 工業工程與管理系(商管群),61090326,許*禎,備取,國立虎尾科技大學,國立虎尾科技大學工業管理系,其他學校錄取,2,"國立勤益科技大學工業工程與管理系(備取); 國立虎尾科技大學工業管理系(備取,分發)"
CAND_2309,115,ncut_iem,國立勤益科技大學,工業工程與管理系(商管群),國立勤益科技大學 工業工程與管理系(商管群),59090328,連*妍,備取,國立勤益科技大學,國立勤益科技大學工業工程與管理系,原校系/本校留任,4,"國立勤益科技大學工業工程與管理系(備取,分發); 國立高雄科技大學商務資訊應用系(正取); 國立臺中科技大學流通管理系(備取); 世新大學資訊管理學系智慧商務暨數據傳播組(正取)"
CAND_2310,115,ncut_iem,國立勤益科技大學,工業工程與管理系(商管群),國立勤益科技大學 工業工程與管理系(商管群),78090002,陳*伶,備取,國立雲林科技大學,國立雲林科技大學企業管理系,其他學校錄取,5,"國立勤益科技大學工業工程與管理系(備取); 國立雲林科技大學企業管理系(備取,分發); 國立雲林科技大學文化資產維護系(正取); 國立臺中科技大學多媒體設計系(正取); 國立臺北商業大學資訊管理系(臺北校區)(備取)"
CAND_2311,115,ncut_iem,國立勤益科技大學,工業工程與管理系(商管群),國立勤益科技大學 工業工程與管理系(商管群),57090133,張*喬,備取,國立勤益科技大學,國立勤益科技大學工業工程與管理系,原校系/本校留任,3,"國立勤益科技大學工業工程與管理系(備取,分發); 國立高雄科技大學航運技術系(備取); 國立臺中科技大學應用統計系(備取)"
CAND_2312,115,ncut_iem,國立勤益科技大學,工業工程與管理系(商管群),國立勤益科技大學 工業工程與管理系(商管群),58090254,侯*妤,備取,國立勤益科技大學,國立勤益科技大學工業工程與管理系,原校系/本校留任,5,"國立勤益科技大學工業工程與管理系(備取,分發); 國立臺中科技大學保險金融管理系(通過); 朝陽科技大學財務金融系(正取); 南臺科技大學財務金融系(通過); 致理科技大學財務金融系(正取)"
CAND_2313,115,ncut_iem,國立勤益科技大學,工業工程與管理系(商管群),國立勤益科技大學 工業工程與管理系(商管群),64090559,*慈,備取,國立勤益科技大學,國立勤益科技大學工業工程與管理系,原校系/本校留任,1,"國立勤益科技大學工業工程與管理系(備取,分發)"
CAND_2314,115,ncut_iem,國立勤益科技大學,工業工程與管理系(商管群),國立勤益科技大學 工業工程與管理系(商管群),54090437,葵*瓴,備取,國立臺北護理健康大學,國立臺北護理健康大學健康事業管理系,其他學校錄取,4,"國立勤益科技大學工業工程與管理系(備取); 國立臺北護理健康大學健康事業管理系(正取,分發); 國立臺中科技大學應用統計系(正取); 明志科技大學經營管理系(通過)"
CAND_2315,115,ncut_iem,國立勤益科技大學,工業工程與管理系(商管群),國立勤益科技大學 工業工程與管理系(商管群),59090243,徐*,備取,國立高雄科技大學,國立高雄科技大學應用英語系,其他學校錄取,5,"國立勤益科技大學工業工程與管理系(備取); 國立高雄科技大學應用英語系(正取,分發); 國立虎尾科技大學企業管理系(備取); 國立虎尾科技大學應用外語系(正取); 國立臺中科技大學國際貿易與經營系(備取)"
CAND_2316,115,ncut_iem,國立勤益科技大學,工業工程與管理系(商管群),國立勤益科技大學 工業工程與管理系(商管群),61090147,—,備取,國立勤益科技大學,國立勤益科技大學工業工程與管理系,原校系/本校留任,2,"國立勤益科技大學工業工程與管理系(備取,分發); 朝陽科技大學工業工程與管理系(正取)"
CAND_2317,115,ncut_iem,國立勤益科技大學,工業工程與管理系(商管群),國立勤益科技大學 工業工程與管理系(商管群),70090724,—,備取,國立高雄科技大學,國立高雄科技大學運籌管理系,其他學校錄取,4,"國立勤益科技大學工業工程與管理系(備取); 國立高雄科技大學運籌管理系(備取,分發); 國立臺中科技大學財政稅務系(備取); 國立屏東大學資訊管理學系(正取)"
CAND_2318,115,ncut_iem,國立勤益科技大學,工業工程與管理系(商管群),國立勤益科技大學 工業工程與管理系(商管群),63090364,林*臻,備取,—,—,未分發或放棄,3,國立勤益科技大學工業工程與管理系(備取); 國立虎尾科技大學工業管理系(正取); 嶺東科技大學時尚經營系(通過)
CAND_2319,115,ncut_iem,國立勤益科技大學,工業工程與管理系(商管群),國立勤益科技大學 工業工程與管理系(商管群),59090051,*舫,備取,國立勤益科技大學,國立勤益科技大學工業工程與管理系,原校系/本校留任,3,"國立勤益科技大學工業工程與管理系(備取,分發); 國立虎尾科技大學工業管理系(正取); 國立臺中科技大學財政稅務系(備取)"
CAND_2320,115,ncut_iem,國立勤益科技大學,工業工程與管理系(商管群),國立勤益科技大學 工業工程與管理系(商管群),64090020,*妤,備取,國立臺中科技大學,國立臺中科技大學應用統計系,其他學校錄取,3,"國立勤益科技大學工業工程與管理系(備取); 國立高雄科技大學商務資訊應用系(通過); 國立臺中科技大學應用統計系(正取,分發)"
CAND_2321,115,ncut_iem,國立勤益科技大學,工業工程與管理系(商管群),國立勤益科技大學 工業工程與管理系(商管群),68090153,林*哈,備取,國立高雄科技大學,國立高雄科技大學會計資訊系,其他學校錄取,3,"國立勤益科技大學工業工程與管理系(備取); 國立高雄科技大學會計資訊系(備取,分發); 國立虎尾科技大學工業管理系(正取)"
CAND_2322,115,ncut_iem,國立勤益科技大學,工業工程與管理系(商管群),國立勤益科技大學 工業工程與管理系(商管群),65090006,梁*妮,備取,國立勤益科技大學,國立勤益科技大學工業工程與管理系,原校系/本校留任,1,"國立勤益科技大學工業工程與管理系(備取,分發)"
CAND_2323,115,ncut_iem,國立勤益科技大學,工業工程與管理系(商管群),國立勤益科技大學 工業工程與管理系(商管群),60090117,李*𤩅,備取,國立勤益科技大學,國立勤益科技大學工業工程與管理系,原校系/本校留任,3,"國立勤益科技大學工業工程與管理系(備取,分發); 國立臺中科技大學流通管理系(通過); 銘傳大學會計學系(台北校區)(通過)"
CAND_2324,115,ncut_iem,國立勤益科技大學,工業工程與管理系(商管群),國立勤益科技大學 工業工程與管理系(商管群),64090525,張*香,備取,國立勤益科技大學,國立勤益科技大學工業工程與管理系,原校系/本校留任,2,"國立勤益科技大學工業工程與管理系(備取,分發); 國立臺中科技大學應用中文系(備取)"
CAND_2325,115,ncut_iem,國立勤益科技大學,工業工程與管理系(商管群),國立勤益科技大學 工業工程與管理系(商管群),59090235,謝*宇,備取,國立勤益科技大學,國立勤益科技大學工業工程與管理系,原校系/本校留任,2,"國立勤益科技大學工業工程與管理系(備取,分發); 國立屏東科技大學工業管理系(通過)"
CAND_2326,115,ncut_iem,國立勤益科技大學,工業工程與管理系(商管群),國立勤益科技大學 工業工程與管理系(商管群),64090132,陳*穎,備取,國立勤益科技大學,國立勤益科技大學工業工程與管理系,原校系/本校留任,6,"國立勤益科技大學工業工程與管理系(備取,分發); 國立臺中科技大學保險金融管理系(備取); 朝陽科技大學財務金融系(正取); 嶺東科技大學企業管理系(通過); 僑光科技大學財務金融系(正取); 僑光科技大學企業管理系(通過)"
CAND_2327,115,ncut_iem,國立勤益科技大學,工業工程與管理系(商管群),國立勤益科技大學 工業工程與管理系(商管群),71090181,江*綺,備取,國立勤益科技大學,國立勤益科技大學工業工程與管理系,原校系/本校留任,3,"國立勤益科技大學工業工程與管理系(備取,分發); 國立虎尾科技大學工業管理系(正取); 國立屏東大學企業管理學系(通過)"
CAND_2328,115,ncut_iem,國立勤益科技大學,工業工程與管理系(商管群),國立勤益科技大學 工業工程與管理系(商管群),56090029,李*,備取,國立屏東大學,國立屏東大學會計學系,其他學校錄取,4,"國立勤益科技大學工業工程與管理系(備取); 國立屏東科技大學工業管理系(通過); 朝陽科技大學會計系(正取); 國立屏東大學會計學系(備取,分發)"
CAND_2329,115,ncut_iem,國立勤益科技大學,工業工程與管理系(商管群),國立勤益科技大學 工業工程與管理系(商管群),61090554,張*,備取,國立勤益科技大學,國立勤益科技大學工業工程與管理系,原校系/本校留任,2,"國立勤益科技大學工業工程與管理系(備取,分發); 國立臺中科技大學保險金融管理系(備取)"
CAND_2330,115,ncut_iem,國立勤益科技大學,工業工程與管理系(商管群),國立勤益科技大學 工業工程與管理系(商管群),70090341,陳*,備取,國立勤益科技大學,國立勤益科技大學工業工程與管理系,原校系/本校留任,3,"國立勤益科技大學工業工程與管理系(備取,分發); 國立虎尾科技大學工業管理系(通過); 國立臺中科技大學保險金融管理系(通過)"
CAND_2331,115,ncut_iem,國立勤益科技大學,工業工程與管理系(商管群),國立勤益科技大學 工業工程與管理系(商管群),52090021,林*緯,備取,國立勤益科技大學,國立勤益科技大學工業工程與管理系,原校系/本校留任,3,"國立勤益科技大學工業工程與管理系(備取,分發); 國立臺中科技大學保險金融管理系(備取); 銘傳大學會計學系(台北校區)(通過)"
CAND_2332,115,ncut_iem,國立勤益科技大學,工業工程與管理系(商管群),國立勤益科技大學 工業工程與管理系(商管群),57090205,李*,備取,國立勤益科技大學,國立勤益科技大學工業工程與管理系,原校系/本校留任,3,"國立勤益科技大學工業工程與管理系(備取,分發); 國立高雄科技大學漁業科技與管理系(備取); 國立臺中科技大學應用統計系(備取)"
CAND_2333,115,ncut_iem,國立勤益科技大學,工業工程與管理系(商管群),國立勤益科技大學 工業工程與管理系(商管群),61090550,楊*,備取,國立勤益科技大學,國立勤益科技大學工業工程與管理系,原校系/本校留任,4,"國立勤益科技大學工業工程與管理系(備取,分發); 國立臺中科技大學保險金融管理系(備取); 朝陽科技大學休閒事業管理系(通過); 亞洲大學會計與資訊學系(通過)"
CAND_2334,115,ncut_iem,國立勤益科技大學,工業工程與管理系(商管群),國立勤益科技大學 工業工程與管理系(商管群),64090311,周*如,備取,國立虎尾科技大學,國立虎尾科技大學工業管理系,其他學校錄取,3,"國立勤益科技大學工業工程與管理系(備取); 國立虎尾科技大學工業管理系(正取,分發); 銘傳大學會計學系(台北校區)(備取)"
CAND_2335,115,ncut_iem,國立勤益科技大學,工業工程與管理系(商管群),國立勤益科技大學 工業工程與管理系(商管群),58090384,陳*資,備取,國立高雄科技大學,國立高雄科技大學智慧商務系,其他學校錄取,3,"國立勤益科技大學工業工程與管理系(備取); 國立高雄科技大學智慧商務系(備取,分發); 國立臺中科技大學流通管理系(備取)"
CAND_2336,115,ncut_iem,國立勤益科技大學,工業工程與管理系(商管群),國立勤益科技大學 工業工程與管理系(商管群),51090166,—,備取,國立高雄科技大學,國立高雄科技大學航運技術系,其他學校錄取,4,"國立勤益科技大學工業工程與管理系(備取); 國立高雄科技大學航運技術系(正取,分發); 國立虎尾科技大學企業管理系(通過); 國立臺中科技大學資訊管理系(通過)"
CAND_2337,115,ncut_iem,國立勤益科技大學,工業工程與管理系(商管群),國立勤益科技大學 工業工程與管理系(商管群),59090259,孫*樓,備取,國立高雄科技大學,國立高雄科技大學智慧商務系,其他學校錄取,3,"國立勤益科技大學工業工程與管理系(備取); 國立高雄科技大學智慧商務系(備取,分發); 國立高雄科技大學商務資訊應用系(備取)"
CAND_2338,115,ncut_iem,國立勤益科技大學,工業工程與管理系(商管群),國立勤益科技大學 工業工程與管理系(商管群),57090741,*翔,備取,亞洲大學,亞洲大學財務金融學系,其他學校錄取,4,"國立勤益科技大學工業工程與管理系(備取); 致理科技大學行銷與流通管理系(通過); 亞洲大學經營管理學系(備取); 亞洲大學財務金融學系(正取,分發)"
CAND_2339,115,ncut_iem,國立勤益科技大學,工業工程與管理系(商管群),國立勤益科技大學 工業工程與管理系(商管群),56090490,黄*穎,備取,國立屏東科技大學,國立屏東科技大學資訊管理系,其他學校錄取,3,"國立勤益科技大學工業工程與管理系(備取); 國立屏東科技大學資訊管理系(正取,分發); 國立屏東科技大學企業管理系(通過)"
CAND_2340,115,ncut_iem,國立勤益科技大學,工業工程與管理系(商管群),國立勤益科技大學 工業工程與管理系(商管群),61090338,謝*,備取,國立勤益科技大學,國立勤益科技大學工業工程與管理系,原校系/本校留任,4,"國立勤益科技大學工業工程與管理系(備取,分發); 朝陽科技大學會計系(正取); 嶺東科技大學財務金融系會計資訊組(備取); 中臺科技大學視光系(通過)"
CAND_2341,115,ncut_iem,國立勤益科技大學,工業工程與管理系(商管群),國立勤益科技大學 工業工程與管理系(商管群),51090276,*瑄,備取,—,—,未分發或放棄,2,國立勤益科技大學工業工程與管理系(通過); 龍華科技大學企業管理系(通過)
CAND_2342,115,ncut_iem,國立勤益科技大學,工業工程與管理系(商管群),國立勤益科技大學 工業工程與管理系(商管群),52090225,趙*珍,備取,—,—,未分發或放棄,1,國立勤益科技大學工業工程與管理系(通過)
CAND_2343,115,ncut_iem,國立勤益科技大學,工業工程與管理系(商管群),國立勤益科技大學 工業工程與管理系(商管群),52090454,陳*諭,備取,—,—,未分發或放棄,4,國立勤益科技大學工業工程與管理系(通過); 國立臺北護理健康大學健康事業管理系(通過); 國立臺北護理健康大學生死與健康心理諮商系(通過); 逢甲大學國際經營與貿易學系(通過)
CAND_2344,115,ncut_iem,國立勤益科技大學,工業工程與管理系(商管群),國立勤益科技大學 工業工程與管理系(商管群),52090580,*綸,備取,國立屏東科技大學,國立屏東科技大學工業管理系,其他學校錄取,5,"國立勤益科技大學工業工程與管理系(通過); 國立屏東科技大學工業管理系(正取,分發); 國立高雄科技大學運籌管理系(正取); 國立虎尾科技大學工業管理系(正取); 國立澎湖科技大學航運管理系(正取)"
CAND_2345,115,ncut_iem,國立勤益科技大學,工業工程與管理系(商管群),國立勤益科技大學 工業工程與管理系(商管群),53090024,黄*,備取,銘傳大學,銘傳大學國際企業學系(台北校區),其他學校錄取,4,"國立勤益科技大學工業工程與管理系(通過); 國立虎尾科技大學財務金融系(通過); 國立臺中科技大學財務金融系(正取); 銘傳大學國際企業學系(台北校區)(備取,分發)"
CAND_2346,115,ncut_iem,國立勤益科技大學,工業工程與管理系(商管群),國立勤益科技大學 工業工程與管理系(商管群),54090352,顏*婕,備取,致理科技大學,致理科技大學財務金融系,其他學校錄取,4,"國立勤益科技大學工業工程與管理系(通過); 國立高雄科技大學會計資訊系(通過); 國立臺中科技大學財務金融系(通過); 致理科技大學財務金融系(正取,分發)"
CAND_2347,115,ncut_iem,國立勤益科技大學,工業工程與管理系(商管群),國立勤益科技大學 工業工程與管理系(商管群),55090346,—,備取,國立臺中科技大學,國立臺中科技大學保險金融管理系,其他學校錄取,3,"國立勤益科技大學工業工程與管理系(通過); 國立臺中科技大學保險金融管理系(正取,分發); 中原大學資訊管理學系(通過)"
CAND_2348,115,ncut_iem,國立勤益科技大學,工業工程與管理系(商管群),國立勤益科技大學 工業工程與管理系(商管群),56090027,鄭*陽,備取,—,—,未分發或放棄,3,國立勤益科技大學工業工程與管理系(通過); 明志科技大學經營管理系(通過); 致理科技大學財務金融系(通過)
CAND_2349,115,ncut_iem,國立勤益科技大學,工業工程與管理系(商管群),國立勤益科技大學 工業工程與管理系(商管群),56090054,林*,備取,—,—,未分發或放棄,3,國立勤益科技大學工業工程與管理系(通過); 國立高雄科技大學財務管理系(通過); 國立聯合大學經營管理學系(通過)
CAND_2350,115,ncut_iem,國立勤益科技大學,工業工程與管理系(商管群),國立勤益科技大學 工業工程與管理系(商管群),57090054,江*丞,備取,國立臺中科技大學,國立臺中科技大學應用統計系,其他學校錄取,4,"國立勤益科技大學工業工程與管理系(通過); 國立臺中科技大學應用統計系(正取,分發); 致理科技大學財務金融系(備取); 靜宜大學行銷與數位經營管理學系(備取)"
CAND_2351,115,ncut_iem,國立勤益科技大學,工業工程與管理系(商管群),國立勤益科技大學 工業工程與管理系(商管群),57090173,*昀,備取,國立臺中科技大學,國立臺中科技大學流通管理系,其他學校錄取,3,"國立勤益科技大學工業工程與管理系(通過); 國立臺北護理健康大學健康事業管理系(通過); 國立臺中科技大學流通管理系(正取,分發)"
CAND_2352,115,ncut_iem,國立勤益科技大學,工業工程與管理系(商管群),國立勤益科技大學 工業工程與管理系(商管群),57090361,*茗,備取,國立臺中科技大學,國立臺中科技大學應用統計系,其他學校錄取,4,"國立勤益科技大學工業工程與管理系(通過); 國立高雄科技大學運籌管理系(通過); 國立臺中科技大學應用統計系(備取,分發); 致理科技大學財務金融系(通過)"
CAND_2353,115,ncut_iem,國立勤益科技大學,工業工程與管理系(商管群),國立勤益科技大學 工業工程與管理系(商管群),57090445,*翔,備取,—,—,未分發或放棄,3,國立勤益科技大學工業工程與管理系(通過); 國立臺北護理健康大學健康事業管理系(通過); 國立臺中科技大學保險金融管理系(通過)
CAND_2354,115,ncut_iem,國立勤益科技大學,工業工程與管理系(商管群),國立勤益科技大學 工業工程與管理系(商管群),57090753,*翊,備取,—,—,未分發或放棄,3,國立勤益科技大學工業工程與管理系(通過); 國立虎尾科技大學工業管理系(通過); 國立臺中科技大學應用統計系(通過)
CAND_2355,115,ncut_iem,國立勤益科技大學,工業工程與管理系(商管群),國立勤益科技大學 工業工程與管理系(商管群),57090805,吳*羽,備取,—,—,未分發或放棄,3,國立勤益科技大學工業工程與管理系(通過); 國立臺北護理健康大學健康事業管理系(通過); 國立臺中科技大學應用統計系(通過)
CAND_2356,115,ncut_iem,國立勤益科技大學,工業工程與管理系(商管群),國立勤益科技大學 工業工程與管理系(商管群),57090855,黄*,備取,國立高雄科技大學,國立高雄科技大學航運管理系,其他學校錄取,4,"國立勤益科技大學工業工程與管理系(通過); 國立高雄科技大學運籌管理系(備取); 國立高雄科技大學航運管理系(正取,分發); 國立高雄餐旅大學航空暨運輸服務管理系(通過)"
CAND_2357,115,ncut_iem,國立勤益科技大學,工業工程與管理系(商管群),國立勤益科技大學 工業工程與管理系(商管群),57090930,程*凱,備取,逢甲大學,逢甲大學土地管理學系,其他學校錄取,4,"國立勤益科技大學工業工程與管理系(通過); 國立高雄科技大學行銷與流通管理系(通過); 國立臺中科技大學應用統計系(通過); 逢甲大學土地管理學系(備取,分發)"
CAND_2358,115,ncut_iem,國立勤益科技大學,工業工程與管理系(商管群),國立勤益科技大學 工業工程與管理系(商管群),57090933,范*廷,備取,—,—,未分發或放棄,2,國立勤益科技大學工業工程與管理系(通過); 國立屏東大學會計學系(通過)
CAND_2359,115,ncut_iem,國立勤益科技大學,工業工程與管理系(商管群),國立勤益科技大學 工業工程與管理系(商管群),57090935,徐*暘,備取,—,—,未分發或放棄,5,國立勤益科技大學工業工程與管理系(通過); 國立高雄科技大學行銷與流通管理系(通過); 國立高雄科技大學風險管理與保險系(通過); 國立虎尾科技大學工業管理系(通過); 國立臺中科技大學保險金融管理系(通過)
CAND_2360,115,ncut_iem,國立勤益科技大學,工業工程與管理系(商管群),國立勤益科技大學 工業工程與管理系(商管群),57090949,陳*宇,備取,國立體育大學,國立體育大學休閒產業經營學系,其他學校錄取,5,"國立勤益科技大學工業工程與管理系(通過); 國立高雄科技大學行銷與流通管理系(通過); 國立虎尾科技大學工業管理系(通過); 國立臺中科技大學保險金融管理系(通過); 國立體育大學休閒產業經營學系(正取,分發)"
CAND_2361,115,ncut_iem,國立勤益科技大學,工業工程與管理系(商管群),國立勤益科技大學 工業工程與管理系(商管群),57090992,李*,備取,國立臺北護理健康大學,國立臺北護理健康大學資訊管理系,其他學校錄取,5,"國立勤益科技大學工業工程與管理系(通過); 國立臺北護理健康大學資訊管理系(備取,分發); 國立臺中科技大學資訊管理系(通過); 中原大學資訊管理學系(備取); 世新大學資訊管理學系人工智慧暨科技傳播組(通過)"
CAND_2362,115,ncut_iem,國立勤益科技大學,工業工程與管理系(商管群),國立勤益科技大學 工業工程與管理系(商管群),58090152,彭*庭,備取,—,—,未分發或放棄,1,國立勤益科技大學工業工程與管理系(通過)
CAND_2363,115,ncut_iem,國立勤益科技大學,工業工程與管理系(商管群),國立勤益科技大學 工業工程與管理系(商管群),58090211,鄭*妤,備取,國立臺中科技大學,國立臺中科技大學國際貿易與經營系,其他學校錄取,4,"國立勤益科技大學工業工程與管理系(通過); 國立高雄科技大學運籌管理系(正取); 國立虎尾科技大學財務金融系(備取); 國立臺中科技大學國際貿易與經營系(正取,分發)"
CAND_2364,115,ncut_iem,國立勤益科技大學,工業工程與管理系(商管群),國立勤益科技大學 工業工程與管理系(商管群),58090533,吳*亭,備取,國立臺中科技大學,國立臺中科技大學會計資訊系,其他學校錄取,3,"國立勤益科技大學工業工程與管理系(通過); 國立高雄科技大學工業工程與管理系(通過); 國立臺中科技大學會計資訊系(備取,分發)"
CAND_2365,115,ncut_iem,國立勤益科技大學,工業工程與管理系(商管群),國立勤益科技大學 工業工程與管理系(商管群),59090013,方*,備取,國立高雄科技大學,國立高雄科技大學國際企業系,其他學校錄取,5,"國立勤益科技大學工業工程與管理系(通過); 國立高雄科技大學國際企業系(備取,分發); 國立高雄科技大學智慧商務系(備取); 國立高雄科技大學商務資訊應用系(正取); 國立臺中科技大學資訊管理系(通過)"
CAND_2366,115,ncut_iem,國立勤益科技大學,工業工程與管理系(商管群),國立勤益科技大學 工業工程與管理系(商管群),59090088,陳*,備取,—,—,未分發或放棄,3,國立勤益科技大學工業工程與管理系(通過); 國立高雄科技大學觀光管理系(通過); 國立臺中科技大學財務金融系(通過)
CAND_2367,115,ncut_iem,國立勤益科技大學,工業工程與管理系(商管群),國立勤益科技大學 工業工程與管理系(商管群),59090214,陳*甯,備取,逢甲大學,逢甲大學財稅學系,其他學校錄取,3,"國立勤益科技大學工業工程與管理系(通過); 國立雲林科技大學工業工程與管理系(備取); 逢甲大學財稅學系(備取,分發)"
CAND_2368,115,ncut_iem,國立勤益科技大學,工業工程與管理系(商管群),國立勤益科技大學 工業工程與管理系(商管群),59090325,張*人,備取,國立高雄科技大學,國立高雄科技大學資訊管理系,其他學校錄取,5,"國立勤益科技大學工業工程與管理系(通過); 國立高雄科技大學資訊管理系(備取,分發); 國立高雄科技大學運籌管理系(備取); 國立高雄科技大學行銷與流通管理系(通過); 國立臺中科技大學資訊工程系(通過)"
CAND_2369,115,ncut_iem,國立勤益科技大學,工業工程與管理系(商管群),國立勤益科技大學 工業工程與管理系(商管群),60090080,魏*淇,備取,—,—,未分發或放棄,1,國立勤益科技大學工業工程與管理系(通過)
CAND_2370,115,ncut_iem,國立勤益科技大學,工業工程與管理系(商管群),國立勤益科技大學 工業工程與管理系(商管群),60090132,余*穎,備取,—,—,未分發或放棄,1,國立勤益科技大學工業工程與管理系(通過)
CAND_2371,115,ncut_iem,國立勤益科技大學,工業工程與管理系(商管群),國立勤益科技大學 工業工程與管理系(商管群),61090042,葵*奇,備取,—,—,未分發或放棄,3,國立勤益科技大學工業工程與管理系(通過); 國立高雄科技大學行銷與流通管理系(通過); 國立高雄科技大學供應鏈管理系(備取)
CAND_2372,115,ncut_iem,國立勤益科技大學,工業工程與管理系(商管群),國立勤益科技大學 工業工程與管理系(商管群),61090546,黄*凱,備取,南亞技術學院,南亞技術學院資訊工程系智慧科技應用組,其他學校錄取,2,"國立勤益科技大學工業工程與管理系(通過); 南亞技術學院資訊工程系智慧科技應用組(正取,分發)"
CAND_2373,115,ncut_iem,國立勤益科技大學,工業工程與管理系(商管群),國立勤益科技大學 工業工程與管理系(商管群),61090826,沈*,備取,—,—,未分發或放棄,1,國立勤益科技大學工業工程與管理系(通過)
CAND_2374,115,ncut_iem,國立勤益科技大學,工業工程與管理系(商管群),國立勤益科技大學 工業工程與管理系(商管群),61090913,葵*,備取,—,—,未分發或放棄,3,國立勤益科技大學工業工程與管理系(通過); 國立高雄科技大學漁業科技與管理系(通過); 國立臺中科技大學流通管理系(通過)
CAND_2375,115,ncut_iem,國立勤益科技大學,工業工程與管理系(商管群),國立勤益科技大學 工業工程與管理系(商管群),61091051,—,備取,國立臺中科技大學,國立臺中科技大學資訊管理系,其他學校錄取,2,"國立勤益科技大學工業工程與管理系(通過); 國立臺中科技大學資訊管理系(備取,分發)"
CAND_2376,115,ncut_iem,國立勤益科技大學,工業工程與管理系(商管群),國立勤益科技大學 工業工程與管理系(商管群),61091133,謝*丞,備取,—,—,未分發或放棄,4,國立勤益科技大學工業工程與管理系(通過); 國立高雄科技大學工業工程與管理系(正取); 國立高雄科技大學航運管理系(通過); 國立虎尾科技大學工業管理系(通過)
CAND_2377,115,ncut_iem,國立勤益科技大學,工業工程與管理系(商管群),國立勤益科技大學 工業工程與管理系(商管群),61091382,吳*廷,備取,國立臺中科技大學,國立臺中科技大學流通管理系,其他學校錄取,6,"國立勤益科技大學工業工程與管理系(通過); 國立高雄科技大學金融資訊系(通過); 國立高雄科技大學智慧商務系(通過); 國立虎尾科技大學資訊管理系(正取); 國立虎尾科技大學企業管理系(正取); 國立臺中科技大學流通管理系(備取,分發)"
CAND_2378,115,ncut_iem,國立勤益科技大學,工業工程與管理系(商管群),國立勤益科技大學 工業工程與管理系(商管群),63090359,張*朋,備取,—,—,未分發或放棄,3,國立勤益科技大學工業工程與管理系(通過); 國立臺中科技大學會計資訊系(備取); 國立屏東大學會計學系(正取)
CAND_2379,115,ncut_iem,國立勤益科技大學,工業工程與管理系(商管群),國立勤益科技大學 工業工程與管理系(商管群),64090021,林*法,備取,—,—,未分發或放棄,2,國立勤益科技大學工業工程與管理系(通過); 朝陽科技大學資訊管理系資訊管理組(通過)
CAND_2380,115,ncut_iem,國立勤益科技大學,工業工程與管理系(商管群),國立勤益科技大學 工業工程與管理系(商管群),64090125,李*駿,備取,國立高雄科技大學,國立高雄科技大學行銷與流通管理系,其他學校錄取,3,"國立勤益科技大學工業工程與管理系(通過); 國立高雄科技大學行銷與流通管理系(備取,分發); 國立虎尾科技大學工業管理系(通過)"
CAND_2381,115,ncut_iem,國立勤益科技大學,工業工程與管理系(商管群),國立勤益科技大學 工業工程與管理系(商管群),64090355,涂*豪,備取,—,—,未分發或放棄,5,國立勤益科技大學工業工程與管理系(通過); 國立屏東科技大學休閒運動健康系(通過); 國立虎尾科技大學工業管理系(通過); 國立臺中科技大學應用統計系(備取); 國立屏東大學會計學系(通過)
CAND_2382,115,ncut_iem,國立勤益科技大學,工業工程與管理系(商管群),國立勤益科技大學 工業工程與管理系(商管群),64090478,林*,備取,國立臺中科技大學,國立臺中科技大學國際貿易與經營系,其他學校錄取,5,"國立勤益科技大學工業工程與管理系(通過); 國立臺中科技大學國際貿易與經營系(正取,分發); 逢甲大學財稅學系(通過); 靜宜大學國際企業學系(正取); 靜宜大學財務金融學系(通過)"
CAND_2383,115,ncut_iem,國立勤益科技大學,工業工程與管理系(商管群),國立勤益科技大學 工業工程與管理系(商管群),64090487,李*,備取,—,—,未分發或放棄,1,國立勤益科技大學工業工程與管理系(通過)
CAND_2384,115,ncut_iem,國立勤益科技大學,工業工程與管理系(商管群),國立勤益科技大學 工業工程與管理系(商管群),64090506,吳*陞,備取,—,—,未分發或放棄,4,國立勤益科技大學工業工程與管理系(通過); 國立高雄科技大學供應鏈管理系(通過); 國立臺中科技大學保險金融管理系(通過); 逢甲大學國際經營與貿易學系(通過)
CAND_2385,115,ncut_iem,國立勤益科技大學,工業工程與管理系(商管群),國立勤益科技大學 工業工程與管理系(商管群),64090520,*珊,備取,國立高雄科技大學,國立高雄科技大學運籌管理系,其他學校錄取,4,"國立勤益科技大學工業工程與管理系(通過); 國立高雄科技大學運籌管理系(正取,分發); 國立高雄科技大學行銷與流通管理系(正取); 國立虎尾科技大學工業管理系(通過)"
CAND_2386,115,ncut_iem,國立勤益科技大學,工業工程與管理系(商管群),國立勤益科技大學 工業工程與管理系(商管群),65090165,謝*閎,備取,—,—,未分發或放棄,2,國立勤益科技大學工業工程與管理系(通過); 南臺科技大學財務金融系(通過)
CAND_2387,115,ncut_iem,國立勤益科技大學,工業工程與管理系(商管群),國立勤益科技大學 工業工程與管理系(商管群),66090253,黄*恩,備取,國立虎尾科技大學,國立虎尾科技大學工業管理系,其他學校錄取,6,"國立勤益科技大學工業工程與管理系(通過); 國立屏東科技大學工業管理系(通過); 國立虎尾科技大學工業管理系(備取,分發); 朝陽科技大學工業工程與管理系(通過); 南臺科技大學資訊管理系(正取); 崑山科技大學資訊工程系(正取)"
CAND_2388,115,ncut_iem,國立勤益科技大學,工業工程與管理系(商管群),國立勤益科技大學 工業工程與管理系(商管群),67090005,*璇,備取,—,—,未分發或放棄,3,國立勤益科技大學工業工程與管理系(通過); 國立臺中科技大學保險金融管理系(通過); 國立屏東大學資訊管理學系(通過)
CAND_2389,115,ncut_iem,國立勤益科技大學,工業工程與管理系(商管群),國立勤益科技大學 工業工程與管理系(商管群),67090240,*慈,備取,—,—,未分發或放棄,2,國立勤益科技大學工業工程與管理系(通過); 國立臺中科技大學保險金融管理系(備取)
CAND_2390,115,ncut_iem,國立勤益科技大學,工業工程與管理系(商管群),國立勤益科技大學 工業工程與管理系(商管群),67090341,江*珍,備取,—,—,未分發或放棄,1,國立勤益科技大學工業工程與管理系(通過)
CAND_2391,115,ncut_iem,國立勤益科技大學,工業工程與管理系(商管群),國立勤益科技大學 工業工程與管理系(商管群),68090181,黄*鈞,備取,—,—,未分發或放棄,1,國立勤益科技大學工業工程與管理系(通過)
CAND_2392,115,ncut_iem,國立勤益科技大學,工業工程與管理系(商管群),國立勤益科技大學 工業工程與管理系(商管群),68090306,張*愷,備取,國立屏東科技大學,國立屏東科技大學工業管理系,其他學校錄取,3,"國立勤益科技大學工業工程與管理系(通過); 國立屏東科技大學工業管理系(正取,分發); 國立屏東大學資訊管理學系(通過)"
CAND_2393,115,ncut_iem,國立勤益科技大學,工業工程與管理系(商管群),國立勤益科技大學 工業工程與管理系(商管群),68530019,—,備取,—,—,未分發或放棄,4,國立勤益科技大學工業工程與管理系(通過); 國立高雄科技大學會計資訊系(通過); 國立虎尾科技大學工業管理系(通過); 國立臺中科技大學財務金融系(通過)
CAND_2394,115,ncut_iem,國立勤益科技大學,工業工程與管理系(商管群),國立勤益科技大學 工業工程與管理系(商管群),68530081,張*,備取,—,—,未分發或放棄,2,國立勤益科技大學工業工程與管理系(通過); 國立高雄科技大學人力資源發展系(通過)
CAND_2395,115,ncut_iem,國立勤益科技大學,工業工程與管理系(商管群),國立勤益科技大學 工業工程與管理系(商管群),69090013,林*,備取,—,—,未分發或放棄,2,國立勤益科技大學工業工程與管理系(通過); 國立臺中科技大學財務金融系(通過)
CAND_2396,115,ncut_iem,國立勤益科技大學,工業工程與管理系(商管群),國立勤益科技大學 工業工程與管理系(商管群),70090021,—,備取,—,—,未分發或放棄,3,國立勤益科技大學工業工程與管理系(通過); 國立高雄科技大學智慧商務系(通過); 國立臺中科技大學流通管理系(通過)
CAND_2397,115,ncut_iem,國立勤益科技大學,工業工程與管理系(商管群),國立勤益科技大學 工業工程與管理系(商管群),70090149,楊*永,備取,國立高雄科技大學,國立高雄科技大學運籌管理系,其他學校錄取,4,"國立勤益科技大學工業工程與管理系(通過); 國立高雄科技大學運籌管理系(備取,分發); 國立高雄科技大學供應鏈管理系(備取); 國立虎尾科技大學工業管理系(通過)"
CAND_2398,115,ncut_iem,國立勤益科技大學,工業工程與管理系(商管群),國立勤益科技大學 工業工程與管理系(商管群),70090197,*筑,備取,國立屏東大學,國立屏東大學商業大數據學系,其他學校錄取,4,"國立勤益科技大學工業工程與管理系(通過); 國立屏東科技大學工業管理系(正取); 國立高雄科技大學漁業科技與管理系(通過); 國立屏東大學商業大數據學系(備取,分發)"
CAND_2399,115,ncut_iem,國立勤益科技大學,工業工程與管理系(商管群),國立勤益科技大學 工業工程與管理系(商管群),70090331,熊*,備取,國立屏東科技大學,國立屏東科技大學應用外語系,其他學校錄取,5,"國立勤益科技大學工業工程與管理系(通過); 國立雲林科技大學文化資產維護系(備取); 國立屏東科技大學應用外語系(正取,分發); 文藻外語大學英國語文系(正取); 文藻外語大學應用華語文系(備取)"
CAND_2400,115,ncut_iem,國立勤益科技大學,工業工程與管理系(商管群),國立勤益科技大學 工業工程與管理系(商管群),70090427,郭*源,備取,國立高雄科技大學,國立高雄科技大學會計資訊系,其他學校錄取,5,"國立勤益科技大學工業工程與管理系(通過); 國立高雄科技大學會計資訊系(正取,分發); 國立虎尾科技大學工業管理系(正取); 國立臺中科技大學會計資訊系(備取); 國立屏東大學會計學系(正取)"
CAND_2401,115,ncut_iem,國立勤益科技大學,工業工程與管理系(商管群),國立勤益科技大學 工業工程與管理系(商管群),70090537,林*婷,備取,—,—,未分發或放棄,3,國立勤益科技大學工業工程與管理系(通過); 國立高雄科技大學供應鏈管理系(備取); 國立臺中科技大學保險金融管理系(通過)
CAND_2402,115,ncut_iem,國立勤益科技大學,工業工程與管理系(商管群),國立勤益科技大學 工業工程與管理系(商管群),70090886,維*,備取,國立高雄科技大學,國立高雄科技大學財政稅務系,其他學校錄取,6,"國立勤益科技大學工業工程與管理系(通過); 國立雲林科技大學企業管理系(正取); 國立高雄科技大學運籌管理系(通過); 國立高雄科技大學金融系(備取); 國立高雄科技大學財政稅務系(備取,分發); 國立臺中科技大學財政稅務系(正取)"
CAND_2403,115,ncut_iem,國立勤益科技大學,工業工程與管理系(商管群),國立勤益科技大學 工業工程與管理系(商管群),70090892,陳*廷,備取,—,—,未分發或放棄,2,國立勤益科技大學工業工程與管理系(通過); 國立屏東大學國際經營與貿易學系(通過)
CAND_2404,115,ncut_iem,國立勤益科技大學,工業工程與管理系(商管群),國立勤益科技大學 工業工程與管理系(商管群),71090304,黄*淨,備取,國立屏東大學,國立屏東大學會計學系,其他學校錄取,4,"國立勤益科技大學工業工程與管理系(通過); 國立虎尾科技大學工業管理系(通過); 國立屏東大學會計學系(備取,分發); 國立屏東大學行銷與流通管理學系(通過)"
CAND_2405,113,ncut_mkt,國立勤益科技大學,流通管理系(商管群),國立勤益科技大學 流通管理系(商管群),66090093,邱*恩,正取,國立臺中科技大學,國立臺中科技大學國際貿易與經營系,其他學校錄取,4,"國立勤益科技大學流通管理系(正取); 國立高雄科技大學國際企業系(正取); 國立高雄科技大學行銷與流通管理系(正取); 國立臺中科技大學國際貿易與經營系(正取,分發)"
CAND_2406,113,ncut_mkt,國立勤益科技大學,流通管理系(商管群),國立勤益科技大學 流通管理系(商管群),64090253,顏*筑,正取,—,—,未分發或放棄,2,國立勤益科技大學流通管理系(正取); 國立虎尾科技大學企業管理系(正取)
CAND_2407,113,ncut_mkt,國立勤益科技大學,流通管理系(商管群),國立勤益科技大學 流通管理系(商管群),54090297,*琦,正取,國立臺中科技大學,國立臺中科技大學流通管理系,其他學校錄取,4,"國立勤益科技大學流通管理系(正取); 國立高雄科技大學風險管理與保險系(通過); 國立虎尾科技大學企業管理系(正取); 國立臺中科技大學流通管理系(正取,分發)"
CAND_2408,113,ncut_mkt,國立勤益科技大學,流通管理系(商管群),國立勤益科技大學 流通管理系(商管群),61091287,楊*婷,正取,國立勤益科技大學,國立勤益科技大學流通管理系,原校系/本校留任,4,"國立勤益科技大學流通管理系(正取,分發); 朝陽科技大學飛行與民航人員技術系(通過); 中臺科技大學醫療暨健康產業管理系(通過); 僑光科技大學財經法律系(通過)"
CAND_2409,113,ncut_mkt,國立勤益科技大學,流通管理系(商管群),國立勤益科技大學 流通管理系(商管群),63090486,李*住,正取,國立高雄科技大學,國立高雄科技大學商務資訊應用系,其他學校錄取,3,"國立勤益科技大學流通管理系(正取); 國立高雄科技大學商務資訊應用系(正取,分發); 國立虎尾科技大學企業管理系(通過)"
CAND_2410,113,ncut_mkt,國立勤益科技大學,流通管理系(商管群),國立勤益科技大學 流通管理系(商管群),59090030,葵*諭,正取,靜宜大學,靜宜大學國際企業學系,其他學校錄取,2,"國立勤益科技大學流通管理系(正取); 靜宜大學國際企業學系(正取,分發)"
CAND_2411,113,ncut_mkt,國立勤益科技大學,流通管理系(商管群),國立勤益科技大學 流通管理系(商管群),56090291,—,正取,中原大學,中原大學會計學系,其他學校錄取,3,"國立勤益科技大學流通管理系(正取); 中原大學會計學系(正取,分發); 實踐大學財務金融學系(臺北校區)(通過)"
CAND_2412,113,ncut_mkt,國立勤益科技大學,流通管理系(商管群),國立勤益科技大學 流通管理系(商管群),64090196,周*有,正取,國立勤益科技大學,國立勤益科技大學流通管理系,原校系/本校留任,3,"國立勤益科技大學流通管理系(正取,分發); 國立高雄科技大學智慧商務系(通過); 國立高雄科技大學航運技術系(通過)"
CAND_2413,113,ncut_mkt,國立勤益科技大學,流通管理系(商管群),國立勤益科技大學 流通管理系(商管群),64090176,林*,正取,國立臺中科技大學,國立臺中科技大學流通管理系,其他學校錄取,3,"國立勤益科技大學流通管理系(正取); 國立高雄科技大學智慧商務系(通過); 國立臺中科技大學流通管理系(正取,分發)"
CAND_2414,113,ncut_mkt,國立勤益科技大學,流通管理系(商管群),國立勤益科技大學 流通管理系(商管群),58090097,張*慈,正取,國立高雄科技大學,國立高雄科技大學供應鏈管理系,其他學校錄取,3,"國立勤益科技大學流通管理系(正取); 國立高雄科技大學智慧商務系(正取); 國立高雄科技大學供應鏈管理系(備取,分發)"
CAND_2415,113,ncut_mkt,國立勤益科技大學,流通管理系(商管群),國立勤益科技大學 流通管理系(商管群),70090725,林*津,正取,國立臺中科技大學,國立臺中科技大學流通管理系,其他學校錄取,3,"國立勤益科技大學流通管理系(正取); 國立高雄科技大學人力資源發展系(通過); 國立臺中科技大學流通管理系(正取,分發)"
CAND_2416,113,ncut_mkt,國立勤益科技大學,流通管理系(商管群),國立勤益科技大學 流通管理系(商管群),73090026,張*芦,正取,國立臺北商業大學,國立臺北商業大學企業管理系(臺北校區),其他學校錄取,2,"國立勤益科技大學流通管理系(正取); 國立臺北商業大學企業管理系(臺北校區)(正取,分發)"
CAND_2417,113,ncut_mkt,國立勤益科技大學,流通管理系(商管群),國立勤益科技大學 流通管理系(商管群),60090063,維*妮,正取,國立臺中科技大學,國立臺中科技大學會計資訊系,其他學校錄取,2,"國立勤益科技大學流通管理系(正取); 國立臺中科技大學會計資訊系(備取,分發)"
CAND_2418,113,ncut_mkt,國立勤益科技大學,流通管理系(商管群),國立勤益科技大學 流通管理系(商管群),68090233,陳*璇,正取,國立屏東科技大學,國立屏東科技大學企業管理系,其他學校錄取,3,"國立勤益科技大學流通管理系(正取); 國立屏東科技大學企業管理系(正取,分發); 國立屏東大學應用英語學系(備取)"
CAND_2419,113,ncut_mkt,國立勤益科技大學,流通管理系(商管群),國立勤益科技大學 流通管理系(商管群),71090148,—,正取,國立勤益科技大學,國立勤益科技大學流通管理系,原校系/本校留任,5,"國立勤益科技大學流通管理系(正取,分發); 國立高雄科技大學行銷與流通管理系(正取); 朝陽科技大學行銷與流通管理系(通過); 南臺科技大學行銷與流通管理系(通過); 國立屏東大學行銷與流通管理學系(通過)"
CAND_2420,113,ncut_mkt,國立勤益科技大學,流通管理系(商管群),國立勤益科技大學 流通管理系(商管群),57090869,陳*,正取,國立勤益科技大學,國立勤益科技大學流通管理系,原校系/本校留任,4,"國立勤益科技大學流通管理系(正取,分發); 國立高雄科技大學商務資訊應用系(通過); 國立虎尾科技大學應用外語系(通過); 國立臺北護理健康大學健康事業管理系(備取)"
CAND_2421,113,ncut_mkt,國立勤益科技大學,流通管理系(商管群),國立勤益科技大學 流通管理系(商管群),58090329,夏*苓,正取,國立臺中科技大學,國立臺中科技大學流通管理系,其他學校錄取,3,"國立勤益科技大學流通管理系(正取); 國立臺中科技大學流通管理系(正取,分發); 國立臺北商業大學國際商務系(臺北校區)(備取)"
CAND_2422,113,ncut_mkt,國立勤益科技大學,流通管理系(商管群),國立勤益科技大學 流通管理系(商管群),61091517,李*甄,正取,國立臺中科技大學,國立臺中科技大學流通管理系,其他學校錄取,3,"國立勤益科技大學流通管理系(正取); 國立臺中科技大學流通管理系(正取,分發); 朝陽科技大學保險金融管理系(通過)"
CAND_2423,113,ncut_mkt,國立勤益科技大學,流通管理系(商管群),國立勤益科技大學 流通管理系(商管群),58090170,*珊,正取,—,—,未分發或放棄,4,國立勤益科技大學流通管理系(正取); 國立臺中科技大學休閒事業經營系(正取); 朝陽科技大學財務金融系(正取); 國立聯合大學資訊管理學系(備取)
CAND_2424,113,ncut_mkt,國立勤益科技大學,流通管理系(商管群),國立勤益科技大學 流通管理系(商管群),61091731,鄭*紋,正取,國立勤益科技大學,國立勤益科技大學流通管理系,原校系/本校留任,3,"國立勤益科技大學流通管理系(正取,分發); 國立高雄科技大學運籌管理系(正取); 國立虎尾科技大學工業管理系(正取)"
CAND_2425,113,ncut_mkt,國立勤益科技大學,流通管理系(商管群),國立勤益科技大學 流通管理系(商管群),61090308,F*頵,正取,國立勤益科技大學,國立勤益科技大學流通管理系,原校系/本校留任,5,"國立勤益科技大學流通管理系(正取,分發); 國立高雄科技大學行銷與流通管理系(備取); 國立高雄科技大學商務資訊應用系(正取); 國立高雄科技大學高瞻科技不分系學士學位學程(通過); 國立臺中科技大學老人服務事業管理系(正取)"
CAND_2426,113,ncut_mkt,國立勤益科技大學,流通管理系(商管群),國立勤益科技大學 流通管理系(商管群),56090419,李*恩,正取,國立勤益科技大學,國立勤益科技大學流通管理系,原校系/本校留任,4,"國立勤益科技大學流通管理系(正取,分發); 國立高雄科技大學行銷與流通管理系(備取); 朝陽科技大學企業管理系(正取); 致理科技大學企業管理系(通過)"
CAND_2427,113,ncut_mkt,國立勤益科技大學,流通管理系(商管群),國立勤益科技大學 流通管理系(商管群),61091774,陳*筠,正取,國立勤益科技大學,國立勤益科技大學流通管理系,原校系/本校留任,3,"國立勤益科技大學流通管理系(正取,分發); 國立臺中科技大學保險金融管理系(備取); 致理科技大學財務金融系(通過)"
CAND_2428,113,ncut_mkt,國立勤益科技大學,流通管理系(商管群),國立勤益科技大學 流通管理系(商管群),57090085,F*,正取,國立勤益科技大學,國立勤益科技大學流通管理系,原校系/本校留任,4,"國立勤益科技大學流通管理系(正取,分發); 國立屏東科技大學休閒運動健康系(通過); 國立高雄科技大學海洋休閒管理系(正取); 國立臺中科技大學休閒事業經營系(正取)"
CAND_2429,113,ncut_mkt,國立勤益科技大學,流通管理系(商管群),國立勤益科技大學 流通管理系(商管群),51090028,賴*軒,正取,國立臺北護理健康大學,國立臺北護理健康大學高齡健康照護系,其他學校錄取,3,"國立勤益科技大學流通管理系(正取); 國立臺北護理健康大學高齡健康照護系(正取,分發); 國立臺北護理健康大學健康事業管理系(正取)"
CAND_2430,113,ncut_mkt,國立勤益科技大學,流通管理系(商管群),國立勤益科技大學 流通管理系(商管群),61091155,黄*,正取,國立勤益科技大學,國立勤益科技大學流通管理系,原校系/本校留任,2,"國立勤益科技大學流通管理系(正取,分發); 國立屏東大學資訊管理學系(通過)"
CAND_2431,113,ncut_mkt,國立勤益科技大學,流通管理系(商管群),國立勤益科技大學 流通管理系(商管群),56090392,梁*晴,正取,國立臺中科技大學,國立臺中科技大學財政稅務系,其他學校錄取,2,"國立勤益科技大學流通管理系(正取); 國立臺中科技大學財政稅務系(正取,分發)"
CAND_2432,113,ncut_mkt,國立勤益科技大學,流通管理系(商管群),國立勤益科技大學 流通管理系(商管群),67090052,吳*瑄,正取,國立臺灣體育運動大學,國立臺灣體育運動大學運動事業管理學系,其他學校錄取,4,"國立勤益科技大學流通管理系(正取); 國立虎尾科技大學工業管理系(通過); 國立臺中科技大學休閒事業經營系(正取); 國立臺灣體育運動大學運動事業管理學系(正取,分發)"
CAND_2433,113,ncut_mkt,國立勤益科技大學,流通管理系(商管群),國立勤益科技大學 流通管理系(商管群),51090056,苗*綺,正取,國立臺灣海洋大學,國立臺灣海洋大學海洋經營管理學士學位學程,其他學校錄取,3,"國立勤益科技大學流通管理系(正取); 國立虎尾科技大學休閒遊憩系(通過); 國立臺灣海洋大學海洋經營管理學士學位學程(備取,分發)"
CAND_2434,113,ncut_mkt,國立勤益科技大學,流通管理系(商管群),國立勤益科技大學 流通管理系(商管群),61090887,*璇,正取,國立勤益科技大學,國立勤益科技大學流通管理系,原校系/本校留任,2,"國立勤益科技大學流通管理系(正取,分發); 國立臺中科技大學流通管理系(備取)"
CAND_2435,113,ncut_mkt,國立勤益科技大學,流通管理系(商管群),國立勤益科技大學 流通管理系(商管群),56090388,孫*淳,正取,國立勤益科技大學,國立勤益科技大學流通管理系,原校系/本校留任,5,"國立勤益科技大學流通管理系(正取,分發); 國立臺中科技大學休閒事業經營系(通過); 銘傳大學企業管理學系(台北校區)(備取); 銘傳大學國際企業學系(台北校區)(備取); 實踐大學企業管理學系(臺北校區)(通過)"
CAND_2436,113,ncut_mkt,國立勤益科技大學,流通管理系(商管群),國立勤益科技大學 流通管理系(商管群),51090060,張*茹,正取,國立臺北護理健康大學,國立臺北護理健康大學健康事業管理系,其他學校錄取,5,"國立勤益科技大學流通管理系(正取); 國立高雄科技大學人力資源發展系(通過); 國立臺北護理健康大學健康事業管理系(正取,分發); 國立體育大學休閒產業經營學系(正取); 銘傳大學企業管理學系(台北校區)(通過)"
CAND_2437,113,ncut_mkt,國立勤益科技大學,流通管理系(商管群),國立勤益科技大學 流通管理系(商管群),64090231,趙*媃,正取,國立勤益科技大學,國立勤益科技大學流通管理系,原校系/本校留任,4,"國立勤益科技大學流通管理系(正取,分發); 國立臺中科技大學流通管理系(備取); 朝陽科技大學行銷與流通管理系(通過); 致理科技大學國際貿易系(通過)"
CAND_2438,113,ncut_mkt,國立勤益科技大學,流通管理系(商管群),國立勤益科技大學 流通管理系(商管群),51090192,林*婕,正取,國立勤益科技大學,國立勤益科技大學流通管理系,原校系/本校留任,2,"國立勤益科技大學流通管理系(正取,分發); 國立屏東科技大學企業管理系(正取)"
CAND_2439,113,ncut_mkt,國立勤益科技大學,流通管理系(商管群),國立勤益科技大學 流通管理系(商管群),56090015,鄭*,正取,—,—,未分發或放棄,3,國立勤益科技大學流通管理系(正取); 國立高雄科技大學商務資訊應用系(正取); 國立虎尾科技大學應用外語系(通過)
CAND_2440,113,ncut_mkt,國立勤益科技大學,流通管理系(商管群),國立勤益科技大學 流通管理系(商管群),61091491,朱*恩,正取,國立勤益科技大學,國立勤益科技大學流通管理系,原校系/本校留任,4,"國立勤益科技大學流通管理系(正取,分發); 朝陽科技大學資訊管理系資訊管理組(正取); 文藻外語大學國際企業管理系(正取); 文藻外語大學數位內容應用與管理系(備取)"
CAND_2441,113,ncut_mkt,國立勤益科技大學,流通管理系(商管群),國立勤益科技大學 流通管理系(商管群),60090165,*竹,正取,—,—,未分發或放棄,3,國立勤益科技大學流通管理系(正取); 嶺東科技大學應用外語系應用日語組(正取); 致理科技大學應用日語系(通過)
CAND_2442,113,ncut_mkt,國立勤益科技大學,流通管理系(商管群),國立勤益科技大學 流通管理系(商管群),77090009,許*綺,正取,國立臺中科技大學,國立臺中科技大學企業管理系,其他學校錄取,4,"國立勤益科技大學流通管理系(正取); 國立臺中科技大學企業管理系(正取,分發); 德明財經科技大學財政稅務系(正取); 德明財經科技大學企業管理系(備取)"
CAND_2443,113,ncut_mkt,國立勤益科技大學,流通管理系(商管群),國立勤益科技大學 流通管理系(商管群),61091246,姚*勛,正取,國立臺中科技大學,國立臺中科技大學會計資訊系,其他學校錄取,3,"國立勤益科技大學流通管理系(正取); 國立高雄科技大學會計資訊系(通過); 國立臺中科技大學會計資訊系(正取,分發)"
CAND_2444,113,ncut_mkt,國立勤益科技大學,流通管理系(商管群),國立勤益科技大學 流通管理系(商管群),63090358,簡*,備取,國立勤益科技大學,國立勤益科技大學流通管理系,原校系/本校留任,1,"國立勤益科技大學流通管理系(備取,分發)"
CAND_2445,113,ncut_mkt,國立勤益科技大學,流通管理系(商管群),國立勤益科技大學 流通管理系(商管群),63090125,維*筑,備取,國立勤益科技大學,國立勤益科技大學流通管理系,原校系/本校留任,2,"國立勤益科技大學流通管理系(備取,分發); 國立虎尾科技大學企業管理系(通過)"
CAND_2446,113,ncut_mkt,國立勤益科技大學,流通管理系(商管群),國立勤益科技大學 流通管理系(商管群),63090373,葉*筠,備取,國立勤益科技大學,國立勤益科技大學流通管理系,原校系/本校留任,2,"國立勤益科技大學流通管理系(備取,分發); 國立虎尾科技大學企業管理系(通過)"
CAND_2447,113,ncut_mkt,國立勤益科技大學,流通管理系(商管群),國立勤益科技大學 流通管理系(商管群),74090233,林*璇,備取,逢甲大學,逢甲大學會計學系,其他學校錄取,4,"國立勤益科技大學流通管理系(備取); 中原大學會計學系(備取); 銘傳大學會計學系(台北校區)(備取); 逢甲大學會計學系(備取,分發)"
CAND_2448,113,ncut_mkt,國立勤益科技大學,流通管理系(商管群),國立勤益科技大學 流通管理系(商管群),66090029,黄*,備取,國立高雄科技大學,國立高雄科技大學觀光管理系,其他學校錄取,2,"國立勤益科技大學流通管理系(備取); 國立高雄科技大學觀光管理系(正取,分發)"
CAND_2449,113,ncut_mkt,國立勤益科技大學,流通管理系(商管群),國立勤益科技大學 流通管理系(商管群),52090682,黄*,備取,世新大學,世新大學資訊管理學系資訊管理組,其他學校錄取,5,"國立勤益科技大學流通管理系(備取); 國立臺中科技大學流通管理系(備取); 世新大學資訊管理學系資訊管理組(正取,分發); 銘傳大學企業管理學系(台北校區)(備取); 實踐大學資訊科技與管理學系(臺北校區)(通過)"
CAND_2450,113,ncut_mkt,國立勤益科技大學,流通管理系(商管群),國立勤益科技大學 流通管理系(商管群),61530118,陳*伶,備取,國立高雄科技大學,國立高雄科技大學人力資源發展系,其他學校錄取,6,"國立勤益科技大學流通管理系(備取); 國立高雄科技大學人力資源發展系(正取,分發); 國立高雄科技大學商務資訊應用系(備取); 國立臺中科技大學資訊管理系(備取); 國立聯合大學資訊管理學系(正取); 國立屏東大學商業大數據學系(正取)"
CAND_2451,113,ncut_mkt,國立勤益科技大學,流通管理系(商管群),國立勤益科技大學 流通管理系(商管群),64090112,高*鈞,備取,國立勤益科技大學,國立勤益科技大學流通管理系,原校系/本校留任,3,"國立勤益科技大學流通管理系(備取,分發); 國立高雄科技大學人力資源發展系(正取); 國立高雄科技大學觀光管理系(通過)"
CAND_2452,113,ncut_mkt,國立勤益科技大學,流通管理系(商管群),國立勤益科技大學 流通管理系(商管群),66090161,—,備取,國立臺中科技大學,國立臺中科技大學休閒事業經營系,其他學校錄取,6,"國立勤益科技大學流通管理系(備取); 國立高雄科技大學商務資訊應用系(備取); 國立臺中科技大學休閒事業經營系(備取,分發); 靜宜大學企業管理學系(正取); 靜宜大學國際企業學系(備取); 靜宜大學觀光事業學系(正取)"
CAND_2453,113,ncut_mkt,國立勤益科技大學,流通管理系(商管群),國立勤益科技大學 流通管理系(商管群),61091727,賴*,備取,國立勤益科技大學,國立勤益科技大學流通管理系,原校系/本校留任,3,"國立勤益科技大學流通管理系(備取,分發); 國立高雄科技大學人力資源發展系(備取); 朝陽科技大學行銷與流通管理系(備取)"
CAND_2454,113,ncut_mkt,國立勤益科技大學,流通管理系(商管群),國立勤益科技大學 流通管理系(商管群),67090275,林*琳,備取,國立勤益科技大學,國立勤益科技大學流通管理系,原校系/本校留任,2,"國立勤益科技大學流通管理系(備取,分發); 國立臺中科技大學流通管理系(備取)"
CAND_2455,113,ncut_mkt,國立勤益科技大學,流通管理系(商管群),國立勤益科技大學 流通管理系(商管群),68090573,修*雅,備取,國立勤益科技大學,國立勤益科技大學流通管理系,原校系/本校留任,3,"國立勤益科技大學流通管理系(備取,分發); 國立屏東科技大學企業管理系(正取); 國立高雄科技大學人力資源發展系(備取)"
CAND_2456,113,ncut_mkt,國立勤益科技大學,流通管理系(商管群),國立勤益科技大學 流通管理系(商管群),61091313,許*御,備取,國立勤益科技大學,國立勤益科技大學流通管理系,原校系/本校留任,3,"國立勤益科技大學流通管理系(備取,分發); 朝陽科技大學行銷與流通管理系(通過); 逢甲大學合作經濟暨社會事業經營學系(備取)"
CAND_2457,113,ncut_mkt,國立勤益科技大學,流通管理系(商管群),國立勤益科技大學 流通管理系(商管群),66090254,林*宏,備取,國立臺中科技大學,國立臺中科技大學保險金融管理系,其他學校錄取,4,"國立勤益科技大學流通管理系(備取); 國立高雄科技大學商務資訊應用系(備取); 國立臺中科技大學保險金融管理系(正取,分發); 國立屏東大學企業管理學系(正取)"
CAND_2458,113,ncut_mkt,國立勤益科技大學,流通管理系(商管群),國立勤益科技大學 流通管理系(商管群),60090158,吳*,備取,國立勤益科技大學,國立勤益科技大學流通管理系,原校系/本校留任,2,"國立勤益科技大學流通管理系(備取,分發); 朝陽科技大學財務金融系(通過)"
CAND_2459,113,ncut_mkt,國立勤益科技大學,流通管理系(商管群),國立勤益科技大學 流通管理系(商管群),67090434,*喬,備取,國立高雄科技大學,國立高雄科技大學商務資訊應用系,其他學校錄取,4,"國立勤益科技大學流通管理系(備取); 國立高雄科技大學商務資訊應用系(備取,分發); 國立高雄科技大學供應鏈管理系(備取); 朝陽科技大學休閒事業管理系(通過)"
CAND_2460,113,ncut_mkt,國立勤益科技大學,流通管理系(商管群),國立勤益科技大學 流通管理系(商管群),56090308,張*彤,備取,國立高雄科技大學,國立高雄科技大學供應鏈管理系,其他學校錄取,3,"國立勤益科技大學流通管理系(備取); 國立高雄科技大學商務資訊應用系(備取); 國立高雄科技大學供應鏈管理系(備取,分發)"
CAND_2461,113,ncut_mkt,國立勤益科技大學,流通管理系(商管群),國立勤益科技大學 流通管理系(商管群),56090268,林*,備取,國立勤益科技大學,國立勤益科技大學流通管理系,原校系/本校留任,2,"國立勤益科技大學流通管理系(備取,分發); 致理科技大學財務金融系(通過)"
CAND_2462,113,ncut_mkt,國立勤益科技大學,流通管理系(商管群),國立勤益科技大學 流通管理系(商管群),59090182,魏*,備取,國立高雄科技大學,國立高雄科技大學人力資源發展系,其他學校錄取,3,"國立勤益科技大學流通管理系(備取); 國立高雄科技大學人力資源發展系(正取,分發); 國立高雄科技大學商務資訊應用系(備取)"
CAND_2463,113,ncut_mkt,國立勤益科技大學,流通管理系(商管群),國立勤益科技大學 流通管理系(商管群),55090225,吳*如,備取,國立勤益科技大學,國立勤益科技大學流通管理系,原校系/本校留任,3,"國立勤益科技大學流通管理系(備取,分發); 國立高雄科技大學風險管理與保險系(通過); 國立臺中科技大學流通管理系(備取)"
CAND_2464,113,ncut_mkt,國立勤益科技大學,流通管理系(商管群),國立勤益科技大學 流通管理系(商管群),64090607,閻*,備取,國立勤益科技大學,國立勤益科技大學流通管理系,原校系/本校留任,1,"國立勤益科技大學流通管理系(備取,分發)"
CAND_2465,113,ncut_mkt,國立勤益科技大學,流通管理系(商管群),國立勤益科技大學 流通管理系(商管群),67090127,陳*女,備取,國立勤益科技大學,國立勤益科技大學流通管理系,原校系/本校留任,2,"國立勤益科技大學流通管理系(備取,分發); 朝陽科技大學企業管理系(備取)"
CAND_2466,113,ncut_mkt,國立勤益科技大學,流通管理系(商管群),國立勤益科技大學 流通管理系(商管群),67090043,謝*,備取,國立勤益科技大學,國立勤益科技大學流通管理系,原校系/本校留任,2,"國立勤益科技大學流通管理系(備取,分發); 國立臺中科技大學流通管理系(備取)"
CAND_2467,113,ncut_mkt,國立勤益科技大學,流通管理系(商管群),國立勤益科技大學 流通管理系(商管群),61090100,陳*聿,備取,國立勤益科技大學,國立勤益科技大學流通管理系,原校系/本校留任,5,"國立勤益科技大學流通管理系(備取,分發); 國立高雄科技大學航運管理系(備取); 國立臺中科技大學國際貿易與經營系(備取); 朝陽科技大學行銷與流通管理系(備取); 台南應用科技大學資訊管理系(正取)"
CAND_2468,113,ncut_mkt,國立勤益科技大學,流通管理系(商管群),國立勤益科技大學 流通管理系(商管群),61091545,林*紘,備取,國立勤益科技大學,國立勤益科技大學流通管理系,原校系/本校留任,1,"國立勤益科技大學流通管理系(備取,分發)"
CAND_2469,113,ncut_mkt,國立勤益科技大學,流通管理系(商管群),國立勤益科技大學 流通管理系(商管群),65090083,葵*翔,備取,國立勤益科技大學,國立勤益科技大學流通管理系,原校系/本校留任,5,"國立勤益科技大學流通管理系(備取,分發); 國立高雄科技大學運籌管理系(通過); 國立高雄科技大學商務資訊應用系(通過); 國立虎尾科技大學企業管理系(正取); 國立臺中科技大學保險金融管理系(備取)"
CAND_2470,113,ncut_mkt,國立勤益科技大學,流通管理系(商管群),國立勤益科技大學 流通管理系(商管群),61091585,林*琪,備取,國立高雄科技大學,國立高雄科技大學運籌管理系,其他學校錄取,4,"國立勤益科技大學流通管理系(備取); 國立高雄科技大學運籌管理系(備取,分發); 國立虎尾科技大學企業管理系(通過); 國立臺中科技大學保險金融管理系(備取)"
CAND_2471,113,ncut_mkt,國立勤益科技大學,流通管理系(商管群),國立勤益科技大學 流通管理系(商管群),61091001,陳*渝,備取,國立虎尾科技大學,國立虎尾科技大學工業管理系,其他學校錄取,3,"國立勤益科技大學流通管理系(備取); 國立高雄科技大學運籌管理系(備取); 國立虎尾科技大學工業管理系(正取,分發)"
CAND_2472,113,ncut_mkt,國立勤益科技大學,流通管理系(商管群),國立勤益科技大學 流通管理系(商管群),52090418,李*宇,備取,—,—,未分發或放棄,2,國立勤益科技大學流通管理系(通過); 國立臺中科技大學流通管理系(通過)
CAND_2473,113,ncut_mkt,國立勤益科技大學,流通管理系(商管群),國立勤益科技大學 流通管理系(商管群),53090070,郭*,備取,致理科技大學,致理科技大學國際貿易系,其他學校錄取,4,"國立勤益科技大學流通管理系(通過); 明志科技大學經營管理系(通過); 致理科技大學國際貿易系(正取,分發); 實踐大學國際經營與貿易學系(臺北校區)(備取)"
CAND_2474,113,ncut_mkt,國立勤益科技大學,流通管理系(商管群),國立勤益科技大學 流通管理系(商管群),55090185,薛*喆,備取,—,—,未分發或放棄,1,國立勤益科技大學流通管理系(通過)
CAND_2475,113,ncut_mkt,國立勤益科技大學,流通管理系(商管群),國立勤益科技大學 流通管理系(商管群),55090189,賴*日,備取,國立高雄科技大學,國立高雄科技大學風險管理與保險系,其他學校錄取,3,"國立勤益科技大學流通管理系(通過); 國立高雄科技大學風險管理與保險系(備取,分發); 國立高雄科技大學人力資源發展系(備取)"
CAND_2476,113,ncut_mkt,國立勤益科技大學,流通管理系(商管群),國立勤益科技大學 流通管理系(商管群),56090046,鄭*永,備取,國立臺中科技大學,國立臺中科技大學國際貿易與經營系,其他學校錄取,5,"國立勤益科技大學流通管理系(通過); 國立高雄科技大學國際企業系(備取); 國立高雄科技大學行銷與流通管理系(正取); 國立臺中科技大學國際貿易與經營系(備取,分發); 中原大學國際經營與貿易學系(備取)"
CAND_2477,113,ncut_mkt,國立勤益科技大學,流通管理系(商管群),國立勤益科技大學 流通管理系(商管群),56090348,葵*妤,備取,致理科技大學,致理科技大學財務金融系,其他學校錄取,2,"國立勤益科技大學流通管理系(通過); 致理科技大學財務金融系(正取,分發)"
CAND_2478,113,ncut_mkt,國立勤益科技大學,流通管理系(商管群),國立勤益科技大學 流通管理系(商管群),56090526,*軒,備取,國立高雄科技大學,國立高雄科技大學風險管理與保險系,其他學校錄取,5,"國立勤益科技大學流通管理系(通過); 國立高雄科技大學行銷與流通管理系(通過); 國立高雄科技大學風險管理與保險系(正取,分發); 國立虎尾科技大學財務金融系(正取); 國立臺中科技大學保險金融管理系(備取)"
CAND_2479,113,ncut_mkt,國立勤益科技大學,流通管理系(商管群),國立勤益科技大學 流通管理系(商管群),56530036,張*永,備取,—,—,未分發或放棄,3,國立勤益科技大學流通管理系(通過); 國立高雄科技大學航運管理系(通過); 國立虎尾科技大學企業管理系(正取)
CAND_2480,113,ncut_mkt,國立勤益科技大學,流通管理系(商管群),國立勤益科技大學 流通管理系(商管群),57090005,許*羽,備取,國立高雄科技大學,國立高雄科技大學商務資訊應用系,其他學校錄取,2,"國立勤益科技大學流通管理系(通過); 國立高雄科技大學商務資訊應用系(備取,分發)"
CAND_2481,113,ncut_mkt,國立勤益科技大學,流通管理系(商管群),國立勤益科技大學 流通管理系(商管群),57090378,徐*賢,備取,國立臺中科技大學,國立臺中科技大學保險金融管理系,其他學校錄取,3,"國立勤益科技大學流通管理系(通過); 國立臺北護理健康大學健康事業管理系(備取); 國立臺中科技大學保險金融管理系(備取,分發)"
CAND_2482,113,ncut_mkt,國立勤益科技大學,流通管理系(商管群),國立勤益科技大學 流通管理系(商管群),57090409,葵*瑄,備取,—,—,未分發或放棄,2,國立勤益科技大學流通管理系(通過); 國立高雄科技大學智慧商務系(通過)
CAND_2483,113,ncut_mkt,國立勤益科技大學,流通管理系(商管群),國立勤益科技大學 流通管理系(商管群),57090826,*絜,備取,國立臺中科技大學,國立臺中科技大學休閒事業經營系,其他學校錄取,3,"國立勤益科技大學流通管理系(通過); 國立臺中科技大學休閒事業經營系(備取,分發); 致理科技大學休閒遊憩管理系(通過)"
CAND_2484,113,ncut_mkt,國立勤益科技大學,流通管理系(商管群),國立勤益科技大學 流通管理系(商管群),57530002,朱*華,備取,—,—,未分發或放棄,1,國立勤益科技大學流通管理系(通過)
CAND_2485,113,ncut_mkt,國立勤益科技大學,流通管理系(商管群),國立勤益科技大學 流通管理系(商管群),58090313,胡*銓,備取,國立臺中科技大學,國立臺中科技大學國際貿易與經營系,其他學校錄取,4,"國立勤益科技大學流通管理系(通過); 國立虎尾科技大學工業管理系(通過); 國立虎尾科技大學財務金融系(備取); 國立臺中科技大學國際貿易與經營系(備取,分發)"
CAND_2486,113,ncut_mkt,國立勤益科技大學,流通管理系(商管群),國立勤益科技大學 流通管理系(商管群),60090135,歐*,備取,—,—,未分發或放棄,2,國立勤益科技大學流通管理系(通過); 明志科技大學經營管理系(通過)
CAND_2487,113,ncut_mkt,國立勤益科技大學,流通管理系(商管群),國立勤益科技大學 流通管理系(商管群),61090038,林*臻,備取,國立臺中科技大學,國立臺中科技大學財政稅務系,其他學校錄取,4,"國立勤益科技大學流通管理系(通過); 國立高雄科技大學運籌管理系(正取); 國立高雄科技大學行銷與流通管理系(備取); 國立臺中科技大學財政稅務系(正取,分發)"
CAND_2488,113,ncut_mkt,國立勤益科技大學,流通管理系(商管群),國立勤益科技大學 流通管理系(商管群),61090078,何*,備取,—,—,未分發或放棄,1,國立勤益科技大學流通管理系(通過)
CAND_2489,113,ncut_mkt,國立勤益科技大學,流通管理系(商管群),國立勤益科技大學 流通管理系(商管群),61090468,盧*,備取,—,—,未分發或放棄,3,國立勤益科技大學流通管理系(通過); 朝陽科技大學行銷與流通管理系(通過); 靜宜大學國際企業學系(通過)
CAND_2490,113,ncut_mkt,國立勤益科技大學,流通管理系(商管群),國立勤益科技大學 流通管理系(商管群),61091035,房*木,備取,國立虎尾科技大學,國立虎尾科技大學工業管理系,其他學校錄取,2,"國立勤益科技大學流通管理系(通過); 國立虎尾科技大學工業管理系(正取,分發)"
CAND_2491,113,ncut_mkt,國立勤益科技大學,流通管理系(商管群),國立勤益科技大學 流通管理系(商管群),61091329,陳*,備取,國立高雄科技大學,國立高雄科技大學人力資源發展系,其他學校錄取,3,"國立勤益科技大學流通管理系(通過); 國立高雄科技大學人力資源發展系(正取,分發); 國立高雄科技大學航運管理系(備取)"
CAND_2492,113,ncut_mkt,國立勤益科技大學,流通管理系(商管群),國立勤益科技大學 流通管理系(商管群),61091367,楊*,備取,—,—,未分發或放棄,2,國立勤益科技大學流通管理系(通過); 朝陽科技大學財務金融系(通過)
CAND_2493,113,ncut_mkt,國立勤益科技大學,流通管理系(商管群),國立勤益科技大學 流通管理系(商管群),61091498,張*瑞,備取,—,—,未分發或放棄,1,國立勤益科技大學流通管理系(通過)
CAND_2494,113,ncut_mkt,國立勤益科技大學,流通管理系(商管群),國立勤益科技大學 流通管理系(商管群),61091721,陳*,備取,—,—,未分發或放棄,5,國立勤益科技大學流通管理系(通過); 國立雲林科技大學國際管理學士學位學程(通過); 國立高雄科技大學行銷與流通管理系(通過); 國立高雄科技大學航運管理系(通過); 國立臺中科技大學國際貿易與經營系(通過)
CAND_2495,113,ncut_mkt,國立勤益科技大學,流通管理系(商管群),國立勤益科技大學 流通管理系(商管群),62090054,—,備取,國立臺中科技大學,國立臺中科技大學流通管理系,其他學校錄取,2,"國立勤益科技大學流通管理系(通過); 國立臺中科技大學流通管理系(正取,分發)"
CAND_2496,113,ncut_mkt,國立勤益科技大學,流通管理系(商管群),國立勤益科技大學 流通管理系(商管群),63090061,李*儀,備取,國立臺中科技大學,國立臺中科技大學財政稅務系,其他學校錄取,4,"國立勤益科技大學流通管理系(通過); 國立臺中科技大學財政稅務系(正取,分發); 朝陽科技大學財務金融系(通過); 亞洲大學經營管理學系(通過)"
CAND_2497,113,ncut_mkt,國立勤益科技大學,流通管理系(商管群),國立勤益科技大學 流通管理系(商管群),63090277,林*諭,備取,—,—,未分發或放棄,3,國立勤益科技大學流通管理系(通過); 國立聯合大學經營管理學系(通過); 銘傳大學國際企業學系(台北校區)(通過)
CAND_2498,113,ncut_mkt,國立勤益科技大學,流通管理系(商管群),國立勤益科技大學 流通管理系(商管群),64090079,黄*禛,備取,朝陽科技大學,朝陽科技大學行銷與流通管理系,其他學校錄取,3,"國立勤益科技大學流通管理系(通過); 國立臺中科技大學流通管理系(通過); 朝陽科技大學行銷與流通管理系(正取,分發)"
CAND_2499,113,ncut_mkt,國立勤益科技大學,流通管理系(商管群),國立勤益科技大學 流通管理系(商管群),64090087,葵*,備取,國立臺中科技大學,國立臺中科技大學保險金融管理系,其他學校錄取,6,"國立勤益科技大學流通管理系(通過); 國立高雄科技大學行銷與流通管理系(備取); 國立高雄科技大學風險管理與保險系(備取); 國立高雄科技大學人力資源發展系(通過); 國立虎尾科技大學財務金融系(通過); 國立臺中科技大學保險金融管理系(正取,分發)"
CAND_2500,113,ncut_mkt,國立勤益科技大學,流通管理系(商管群),國立勤益科技大學 流通管理系(商管群),64090518,楊*𡤃,備取,國立高雄科技大學,國立高雄科技大學行銷與流通管理系,其他學校錄取,3,"國立勤益科技大學流通管理系(通過); 國立高雄科技大學行銷與流通管理系(正取,分發); 國立高雄科技大學人力資源發展系(通過)"
CAND_2501,113,ncut_mkt,國立勤益科技大學,流通管理系(商管群),國立勤益科技大學 流通管理系(商管群),64090618,*心,備取,—,—,未分發或放棄,2,國立勤益科技大學流通管理系(通過); 國立臺中科技大學保險金融管理系(備取)
CAND_2502,113,ncut_mkt,國立勤益科技大學,流通管理系(商管群),國立勤益科技大學 流通管理系(商管群),65090049,楊*婷,備取,—,—,未分發或放棄,5,國立勤益科技大學流通管理系(通過); 國立高雄科技大學人力資源發展系(通過); 國立臺北護理健康大學健康事業管理系(通過); 國立臺中科技大學休閒事業經營系(通過); 弘光科技大學健康事業管理系(通過)
CAND_2503,113,ncut_mkt,國立勤益科技大學,流通管理系(商管群),國立勤益科技大學 流通管理系(商管群),65090060,周*禎,備取,國立臺中科技大學,國立臺中科技大學財務金融系,其他學校錄取,4,"國立勤益科技大學流通管理系(通過); 國立高雄科技大學資訊管理系(通過); 國立高雄科技大學金融資訊系(正取); 國立臺中科技大學財務金融系(備取,分發)"
CAND_2504,113,ncut_mkt,國立勤益科技大學,流通管理系(商管群),國立勤益科技大學 流通管理系(商管群),65090245,江*甄,備取,國立臺中科技大學,國立臺中科技大學老人服務事業管理系,其他學校錄取,2,"國立勤益科技大學流通管理系(通過); 國立臺中科技大學老人服務事業管理系(正取,分發)"
CAND_2505,113,ncut_mkt,國立勤益科技大學,流通管理系(商管群),國立勤益科技大學 流通管理系(商管群),65090425,蕭*,備取,國立臺中科技大學,國立臺中科技大學國際貿易與經營系,其他學校錄取,6,"國立勤益科技大學流通管理系(通過); 國立高雄科技大學行銷與流通管理系(正取); 國立高雄科技大學航運管理系(正取); 國立高雄科技大學供應鏈管理系(通過); 國立虎尾科技大學企業管理系(通過); 國立臺中科技大學國際貿易與經營系(正取,分發)"
CAND_2506,113,ncut_mkt,國立勤益科技大學,流通管理系(商管群),國立勤益科技大學 流通管理系(商管群),65090429,陳*妤,備取,國立臺中科技大學,國立臺中科技大學國際貿易與經營系,其他學校錄取,4,"國立勤益科技大學流通管理系(通過); 國立高雄科技大學供應鏈管理系(通過); 國立臺北護理健康大學健康事業管理系(通過); 國立臺中科技大學國際貿易與經營系(正取,分發)"
CAND_2507,113,ncut_mkt,國立勤益科技大學,流通管理系(商管群),國立勤益科技大學 流通管理系(商管群),66090045,吳*琳,備取,—,—,未分發或放棄,2,國立勤益科技大學流通管理系(通過); 國立虎尾科技大學工業管理系(通過)
CAND_2508,113,ncut_mkt,國立勤益科技大學,流通管理系(商管群),國立勤益科技大學 流通管理系(商管群),66090189,吳*褕,備取,國立高雄科技大學,國立高雄科技大學運籌管理系,其他學校錄取,5,"國立勤益科技大學流通管理系(通過); 國立高雄科技大學國際企業系(通過); 國立高雄科技大學運籌管理系(備取,分發); 國立高雄科技大學行銷與流通管理系(通過); 國立臺北護理健康大學休閒產業與健康促進系(通過)"
CAND_2509,113,ncut_mkt,國立勤益科技大學,流通管理系(商管群),國立勤益科技大學 流通管理系(商管群),66090249,許*綾,備取,國立高雄科技大學,國立高雄科技大學行銷與流通管理系,其他學校錄取,3,"國立勤益科技大學流通管理系(通過); 國立高雄科技大學行銷與流通管理系(正取,分發); 國立臺中科技大學國際貿易與經營系(正取)"
CAND_2510,113,ncut_mkt,國立勤益科技大學,流通管理系(商管群),國立勤益科技大學 流通管理系(商管群),67090386,*紘,備取,—,—,未分發或放棄,2,國立勤益科技大學流通管理系(通過); 國立高雄科技大學風險管理與保險系(通過)
CAND_2511,113,ncut_mkt,國立勤益科技大學,流通管理系(商管群),國立勤益科技大學 流通管理系(商管群),68090239,朱*,備取,—,—,未分發或放棄,3,國立勤益科技大學流通管理系(通過); 國立屏東科技大學工業管理系(通過); 國立高雄科技大學人力資源發展系(備取)
CAND_2512,113,ncut_mkt,國立勤益科技大學,流通管理系(商管群),國立勤益科技大學 流通管理系(商管群),68090290,陳*伶,備取,國立高雄科技大學,國立高雄科技大學運籌管理系,其他學校錄取,4,"國立勤益科技大學流通管理系(通過); 國立高雄科技大學運籌管理系(備取,分發); 國立高雄科技大學人力資源發展系(通過); 國立臺中科技大學保險金融管理系(備取)"
CAND_2513,113,ncut_mkt,國立勤益科技大學,流通管理系(商管群),國立勤益科技大學 流通管理系(商管群),68090553,林*,備取,—,—,未分發或放棄,1,國立勤益科技大學流通管理系(通過)
CAND_2514,113,ncut_mkt,國立勤益科技大學,流通管理系(商管群),國立勤益科技大學 流通管理系(商管群),68090677,*綺,備取,—,—,未分發或放棄,2,國立勤益科技大學流通管理系(通過); 國立臺中科技大學保險金融管理系(通過)
CAND_2515,113,ncut_mkt,國立勤益科技大學,流通管理系(商管群),國立勤益科技大學 流通管理系(商管群),68530030,—,備取,國立高雄科技大學,國立高雄科技大學行銷與流通管理系,其他學校錄取,4,"國立勤益科技大學流通管理系(通過); 國立高雄科技大學企業管理系(通過); 國立高雄科技大學行銷與流通管理系(正取,分發); 國立高雄科技大學人力資源發展系(通過)"
CAND_2516,113,ncut_mkt,國立勤益科技大學,流通管理系(商管群),國立勤益科技大學 流通管理系(商管群),6006069,趙*惠,備取,—,—,未分發或放棄,2,國立勤益科技大學流通管理系(通過); 國立高雄科技大學風險管理與保險系(通過)
CAND_2517,113,ncut_mkt,國立勤益科技大學,流通管理系(商管群),國立勤益科技大學 流通管理系(商管群),70090182,柯*,備取,國立臺中科技大學,國立臺中科技大學流通管理系,其他學校錄取,3,"國立勤益科技大學流通管理系(通過); 國立高雄科技大學風險管理與保險系(正取); 國立臺中科技大學流通管理系(備取,分發)"
CAND_2518,113,ncut_mkt,國立勤益科技大學,流通管理系(商管群),國立勤益科技大學 流通管理系(商管群),70090445,*愷,備取,—,—,未分發或放棄,2,國立勤益科技大學流通管理系(通過); 國立虎尾科技大學工業管理系(通過)
CAND_2519,113,ncut_mkt,國立勤益科技大學,流通管理系(商管群),國立勤益科技大學 流通管理系(商管群),70090597,吳*,備取,國立高雄科技大學,國立高雄科技大學行銷與流通管理系,其他學校錄取,5,"國立勤益科技大學流通管理系(通過); 國立高雄科技大學國際企業系(備取); 國立高雄科技大學行銷與流通管理系(備取,分發); 國立高雄科技大學應用英語系(備取); 國立臺中科技大學流通管理系(正取)"
CAND_2520,113,ncut_mkt,國立勤益科技大學,流通管理系(商管群),國立勤益科技大學 流通管理系(商管群),70090713,楊*恩,備取,國立高雄科技大學,國立高雄科技大學行銷與流通管理系,其他學校錄取,5,"國立勤益科技大學流通管理系(通過); 國立高雄科技大學行銷與流通管理系(備取,分發); 國立高雄科技大學人力資源發展系(通過); 國立高雄科技大學應用德語系(通過); 國立虎尾科技大學企業管理系(通過)"
CAND_2521,113,ncut_mkt,國立勤益科技大學,流通管理系(商管群),國立勤益科技大學 流通管理系(商管群),75090138,邱*偉,備取,南臺科技大學,南臺科技大學國際企業系,其他學校錄取,4,"國立勤益科技大學流通管理系(通過); 南臺科技大學國際企業系(正取,分發); 南臺科技大學財務金融系(正取); 致理科技大學國際貿易系(通過)"
CAND_2522,113,ncut_mkt,國立勤益科技大學,流通管理系(商管群),國立勤益科技大學 流通管理系(商管群),77090003,楊*茜,備取,—,—,未分發或放棄,4,國立勤益科技大學流通管理系(通過); 國立臺中科技大學休閒事業經營系(通過); 國立金門大學企業管理學系(正取); 國立金門大學觀光管理學系(正取)
CAND_2523,113,ncut_mkt,國立勤益科技大學,流通管理系(商管群),國立勤益科技大學 流通管理系(商管群),77090012,林*芬,備取,國立雲林科技大學,國立雲林科技大學財務金融系,其他學校錄取,6,"國立勤益科技大學流通管理系(通過); 國立雲林科技大學財務金融系(正取,分發); 國立屏東科技大學休閒運動健康系(通過); 國立臺中科技大學休閒事業經營系(通過); 國立金門大學企業管理學系(通過); 國立金門大學觀光管理學系(通過)"
CAND_2524,113,ncut_mkt,國立勤益科技大學,流通管理系(英語類),國立勤益科技大學 流通管理系(英語類),56090331,黄*俞,正取,國立勤益科技大學,國立勤益科技大學流通管理系,原校系/本校留任,5,"國立勤益科技大學流通管理系(正取,分發); 明新科技大學企業管理系(通過); 致理科技大學企業管理系(通過); 靜宜大學企業管理學系(正取); 世新大學資訊管理學系資訊管理組(正取)"
CAND_2525,113,ncut_mkt,國立勤益科技大學,流通管理系(英語類),國立勤益科技大學 流通管理系(英語類),71090235,—,正取,國立高雄科技大學,國立高雄科技大學風險管理與保險系,其他學校錄取,2,"國立勤益科技大學流通管理系(正取); 國立高雄科技大學風險管理與保險系(正取,分發)"
CAND_2526,113,ncut_mkt,國立勤益科技大學,流通管理系(英語類),國立勤益科技大學 流通管理系(英語類),57090324,陳*,正取,國立勤益科技大學,國立勤益科技大學流通管理系,原校系/本校留任,2,"國立勤益科技大學流通管理系(正取,分發); 致理科技大學財務金融系(通過)"
CAND_2527,113,ncut_mkt,國立勤益科技大學,流通管理系(英語類),國立勤益科技大學 流通管理系(英語類),73090319,楊*甯,正取,明志科技大學,明志科技大學工業工程與管理系,其他學校錄取,4,"國立勤益科技大學流通管理系(正取); 明志科技大學工業工程與管理系(正取,分發); 明志科技大學經營管理系(正取); 致理科技大學國際貿易系(通過)"
CAND_2528,113,ncut_mkt,國立勤益科技大學,流通管理系(英語類),國立勤益科技大學 流通管理系(英語類),57090296,*永,正取,國立聯合大學,國立聯合大學資訊管理學系,其他學校錄取,3,"國立勤益科技大學流通管理系(正取); 致理科技大學資訊管理系(通過); 國立聯合大學資訊管理學系(正取,分發)"
CAND_2529,113,ncut_mkt,國立勤益科技大學,流通管理系(英語類),國立勤益科技大學 流通管理系(英語類),68090068,*瑜,正取,—,—,未分發或放棄,3,國立勤益科技大學流通管理系(正取); 國立屏東大學商業大數據學系(正取); 國立屏東大學不動產經營學系(正取)
CAND_2530,113,ncut_mkt,國立勤益科技大學,流通管理系(英語類),國立勤益科技大學 流通管理系(英語類),57090139,*婷,正取,國立臺北護理健康大學,國立臺北護理健康大學生死與健康心理諮商系,其他學校錄取,4,"國立勤益科技大學流通管理系(正取); 國立高雄科技大學金融資訊系(備取); 國立虎尾科技大學企業管理系(通過); 國立臺北護理健康大學生死與健康心理諮商系(正取,分發)"
CAND_2531,113,ncut_mkt,國立勤益科技大學,流通管理系(英語類),國立勤益科技大學 流通管理系(英語類),60090081,鄧*筑,正取,國立勤益科技大學,國立勤益科技大學流通管理系,原校系/本校留任,3,"國立勤益科技大學流通管理系(正取,分發); 國立臺中科技大學保險金融管理系(備取); 朝陽科技大學財務金融系(正取)"
CAND_2532,113,ncut_mkt,國立勤益科技大學,流通管理系(英語類),國立勤益科技大學 流通管理系(英語類),57090304,*晴,正取,國立勤益科技大學,國立勤益科技大學流通管理系,原校系/本校留任,4,"國立勤益科技大學流通管理系(正取,分發); 朝陽科技大學企業管理系(通過); 致理科技大學國際貿易系(正取); 國立聯合大學資訊管理學系(通過)"
CAND_2533,113,ncut_mkt,國立勤益科技大學,流通管理系(英語類),國立勤益科技大學 流通管理系(英語類),57090236,李*璇,正取,國立勤益科技大學,國立勤益科技大學流通管理系,原校系/本校留任,5,"國立勤益科技大學流通管理系(正取,分發); 朝陽科技大學資訊管理系數位多媒體組(正取); 國立聯合大學資訊管理學系(通過); 靜宜大學國際企業學系(備取); 世新大學資訊管理學系資訊管理組(通過)"
CAND_2534,113,ncut_mkt,國立勤益科技大學,流通管理系(英語類),國立勤益科技大學 流通管理系(英語類),52090726,姜*妤,正取,國立勤益科技大學,國立勤益科技大學流通管理系,原校系/本校留任,2,"國立勤益科技大學流通管理系(正取,分發); 致理科技大學企業管理系(通過)"
CAND_2535,113,ncut_mkt,國立勤益科技大學,流通管理系(英語類),國立勤益科技大學 流通管理系(英語類),61091264,黄*瑄,正取,國立高雄科技大學,國立高雄科技大學智慧商務系,其他學校錄取,5,"國立勤益科技大學流通管理系(正取); 國立高雄科技大學風險管理與保險系(通過); 國立高雄科技大學智慧商務系(備取,分發); 國立臺中科技大學應用中文系(正取); 致理科技大學財務金融系(通過)"
CAND_2536,113,ncut_mkt,國立勤益科技大學,流通管理系(英語類),國立勤益科技大學 流通管理系(英語類),61090235,賴*軒,正取,國立勤益科技大學,國立勤益科技大學流通管理系,原校系/本校留任,4,"國立勤益科技大學流通管理系(正取,分發); 國立高雄科技大學商務資訊應用系(資安人才)(通過); 朝陽科技大學資訊管理系資訊管理組(備取); 亞洲大學行動商務與多媒體應用學系(備取)"
CAND_2537,113,ncut_mkt,國立勤益科技大學,流通管理系(英語類),國立勤益科技大學 流通管理系(英語類),58090177,維*,正取,國立勤益科技大學,國立勤益科技大學流通管理系,原校系/本校留任,1,"國立勤益科技大學流通管理系(正取,分發)"
CAND_2538,113,ncut_mkt,國立勤益科技大學,流通管理系(英語類),國立勤益科技大學 流通管理系(英語類),52090185,張*瑜,正取,銘傳大學,銘傳大學企業管理學系(台北校區),其他學校錄取,3,"國立勤益科技大學流通管理系(正取); 國立虎尾科技大學休閒遊憩系(通過); 銘傳大學企業管理學系(台北校區)(正取,分發)"
CAND_2539,113,ncut_mkt,國立勤益科技大學,流通管理系(英語類),國立勤益科技大學 流通管理系(英語類),66090014,—,正取,國立勤益科技大學,國立勤益科技大學流通管理系,原校系/本校留任,3,"國立勤益科技大學流通管理系(正取,分發); 朝陽科技大學行銷與流通管理系(備取); 南臺科技大學行銷與流通管理系(通過)"
CAND_2540,113,ncut_mkt,國立勤益科技大學,流通管理系(英語類),國立勤益科技大學 流通管理系(英語類),56090512,邱*汝,正取,國立臺中科技大學,國立臺中科技大學應用統計系,其他學校錄取,4,"國立勤益科技大學流通管理系(正取); 國立臺中科技大學應用統計系(備取,分發); 朝陽科技大學資訊管理系資訊管理組(通過); 國立聯合大學資訊管理學系(正取)"
CAND_2541,113,ncut_mkt,國立勤益科技大學,流通管理系(英語類),國立勤益科技大學 流通管理系(英語類),61090904,鄭*汝,正取,國立臺中科技大學,國立臺中科技大學應用統計系,其他學校錄取,3,"國立勤益科技大學流通管理系(正取); 國立高雄科技大學運籌管理系(備取); 國立臺中科技大學應用統計系(正取,分發)"
CAND_2542,113,ncut_mkt,國立勤益科技大學,流通管理系(英語類),國立勤益科技大學 流通管理系(英語類),64090291,*林,正取,國立勤益科技大學,國立勤益科技大學流通管理系,原校系/本校留任,1,"國立勤益科技大學流通管理系(正取,分發)"
CAND_2543,113,ncut_mkt,國立勤益科技大學,流通管理系(英語類),國立勤益科技大學 流通管理系(英語類),59090380,顏*,正取,國立聯合大學,國立聯合大學資訊管理學系,其他學校錄取,4,"國立勤益科技大學流通管理系(正取); 國立高雄科技大學應用德語系(備取); 國立虎尾科技大學應用外語系(備取); 國立聯合大學資訊管理學系(正取,分發)"
CAND_2544,113,ncut_mkt,國立勤益科技大學,流通管理系(英語類),國立勤益科技大學 流通管理系(英語類),69090129,葉*芳,正取,國立勤益科技大學,國立勤益科技大學流通管理系,原校系/本校留任,1,"國立勤益科技大學流通管理系(正取,分發)"
CAND_2545,113,ncut_mkt,國立勤益科技大學,流通管理系(英語類),國立勤益科技大學 流通管理系(英語類),56090205,吳*永,正取,國立臺中科技大學,國立臺中科技大學國際貿易與經營系,其他學校錄取,4,"國立勤益科技大學流通管理系(正取); 國立臺中科技大學國際貿易與經營系(備取,分發); 中原大學國際經營與貿易學系(備取); 銘傳大學國際企業學系(台北校區)(備取)"
CAND_2546,113,ncut_mkt,國立勤益科技大學,流通管理系(英語類),國立勤益科技大學 流通管理系(英語類),57090710,*濰,正取,國立勤益科技大學,國立勤益科技大學流通管理系,原校系/本校留任,2,"國立勤益科技大學流通管理系(正取,分發); 致理科技大學應用英語系(通過)"
CAND_2547,113,ncut_mkt,國立勤益科技大學,流通管理系(英語類),國立勤益科技大學 流通管理系(英語類),57090143,陳*妤,備取,國立勤益科技大學,國立勤益科技大學流通管理系,原校系/本校留任,2,"國立勤益科技大學流通管理系(備取,分發); 國立虎尾科技大學應用外語系(通過)"
CAND_2548,113,ncut_mkt,國立勤益科技大學,流通管理系(英語類),國立勤益科技大學 流通管理系(英語類),61090224,黄*均,備取,國立勤益科技大學,國立勤益科技大學流通管理系,原校系/本校留任,3,"國立勤益科技大學流通管理系(備取,分發); 朝陽科技大學行銷與流通管理系(正取); 亞洲大學行動商務與多媒體應用學系(正取)"
CAND_2549,113,ncut_mkt,國立勤益科技大學,流通管理系(英語類),國立勤益科技大學 流通管理系(英語類),61090264,許*,備取,國立勤益科技大學,國立勤益科技大學流通管理系,原校系/本校留任,3,"國立勤益科技大學流通管理系(備取,分發); 國立虎尾科技大學應用外語系(通過); 朝陽科技大學財務金融系(備取)"
CAND_2550,113,ncut_mkt,國立勤益科技大學,流通管理系(英語類),國立勤益科技大學 流通管理系(英語類),57090079,鄧*心,備取,國立勤益科技大學,國立勤益科技大學流通管理系,原校系/本校留任,5,"國立勤益科技大學流通管理系(備取,分發); 朝陽科技大學行銷與流通管理系(正取); 明新科技大學行銷與流通管理系(正取); 明新科技大學企業管理系(正取); 致理科技大學行銷與流通管理系(通過)"
CAND_2551,113,ncut_mkt,國立勤益科技大學,流通管理系(英語類),國立勤益科技大學 流通管理系(英語類),61090412,李*庭,備取,國立勤益科技大學,國立勤益科技大學流通管理系,原校系/本校留任,3,"國立勤益科技大學流通管理系(備取,分發); 朝陽科技大學財務金融系(正取); 靜宜大學企業管理學系(通過)"
CAND_2552,113,ncut_mkt,國立勤益科技大學,流通管理系(英語類),國立勤益科技大學 流通管理系(英語類),61090208,張*柴,備取,國立勤益科技大學,國立勤益科技大學流通管理系,原校系/本校留任,3,"國立勤益科技大學流通管理系(備取,分發); 國立臺中科技大學資訊工程系(通過); 朝陽科技大學行銷與流通管理系(通過)"
CAND_2553,113,ncut_mkt,國立勤益科技大學,流通管理系(英語類),國立勤益科技大學 流通管理系(英語類),61090248,*雅,備取,長庚科技大學,長庚科技大學護理系(林口校區),其他學校錄取,5,"國立勤益科技大學流通管理系(備取); 朝陽科技大學銀髮產業管理系(通過); 弘光科技大學護理系(備取); 弘光科技大學健康事業管理系(通過); 長庚科技大學護理系(林口校區)(正取,分發)"
CAND_2554,113,ncut_mkt,國立勤益科技大學,流通管理系(英語類),國立勤益科技大學 流通管理系(英語類),57090241,梁*珊,備取,國立勤益科技大學,國立勤益科技大學流通管理系,原校系/本校留任,1,"國立勤益科技大學流通管理系(備取,分發)"
CAND_2555,113,ncut_mkt,國立勤益科技大學,流通管理系(英語類),國立勤益科技大學 流通管理系(英語類),61090704,陳*蓉,備取,國立勤益科技大學,國立勤益科技大學流通管理系,原校系/本校留任,3,"國立勤益科技大學流通管理系(備取,分發); 朝陽科技大學工業工程與管理系(通過); 明志科技大學工業工程與管理系(通過)"
CAND_2556,113,ncut_mkt,國立勤益科技大學,流通管理系(英語類),國立勤益科技大學 流通管理系(英語類),60090075,郭*婕,備取,靜宜大學,靜宜大學財務金融學系,其他學校錄取,3,"國立勤益科技大學流通管理系(備取); 朝陽科技大學財務金融系(正取); 靜宜大學財務金融學系(正取,分發)"
CAND_2557,113,ncut_mkt,國立勤益科技大學,流通管理系(英語類),國立勤益科技大學 流通管理系(英語類),59090092,姜*慈,備取,國立勤益科技大學,國立勤益科技大學流通管理系,原校系/本校留任,4,"國立勤益科技大學流通管理系(備取,分發); 國立高雄科技大學智慧商務系(備取); 國立高雄科技大學商務資訊應用系(資安人才)(備取); 國立臺中科技大學資訊管理系(資安人才)(通過)"
CAND_2558,113,ncut_mkt,國立勤益科技大學,流通管理系(英語類),國立勤益科技大學 流通管理系(英語類),70090698,吳*永,備取,國立高雄科技大學,國立高雄科技大學商務資訊應用系,其他學校錄取,3,"國立勤益科技大學流通管理系(備取); 國立高雄科技大學商務資訊應用系(備取,分發); 長庚科技大學護理系(林口校區)(正取)"
CAND_2559,113,ncut_mkt,國立勤益科技大學,流通管理系(英語類),國立勤益科技大學 流通管理系(英語類),57090257,孫*筠,備取,國立勤益科技大學,國立勤益科技大學流通管理系,原校系/本校留任,3,"國立勤益科技大學流通管理系(備取,分發); 國立臺中科技大學保險金融管理系(備取); 逢甲大學合作經濟暨社會事業經營學系(備取)"
CAND_2560,113,ncut_mkt,國立勤益科技大學,流通管理系(英語類),國立勤益科技大學 流通管理系(英語類),74090230,*住,備取,國立高雄科技大學,國立高雄科技大學風險管理與保險系,其他學校錄取,4,"國立勤益科技大學流通管理系(備取); 國立高雄科技大學風險管理與保險系(正取,分發); 國立高雄科技大學智慧商務系(備取); 致理科技大學財務金融系(通過)"
CAND_2561,113,ncut_mkt,國立勤益科技大學,流通管理系(英語類),國立勤益科技大學 流通管理系(英語類),61530117,林*,備取,國立勤益科技大學,國立勤益科技大學流通管理系,原校系/本校留任,1,"國立勤益科技大學流通管理系(備取,分發)"
CAND_2562,113,ncut_mkt,國立勤益科技大學,流通管理系(英語類),國立勤益科技大學 流通管理系(英語類),63090512,林*蓉,備取,朝陽科技大學,朝陽科技大學財務金融系,其他學校錄取,3,"國立勤益科技大學流通管理系(備取); 朝陽科技大學財務金融系(正取,分發); 亞洲大學經營管理學系(正取)"
CAND_2563,113,ncut_mkt,國立勤益科技大學,流通管理系(英語類),國立勤益科技大學 流通管理系(英語類),61530070,徐*,備取,朝陽科技大學,朝陽科技大學航空運務系,其他學校錄取,4,"國立勤益科技大學流通管理系(備取); 國立高雄科技大學海洋休閒管理系(正取); 國立高雄科技大學海洋休閒管理系(正取); 朝陽科技大學航空運務系(正取,分發)"
CAND_2564,113,ncut_mkt,國立勤益科技大學,流通管理系(英語類),國立勤益科技大學 流通管理系(英語類),61090883,黄*,備取,國立屏東大學,國立屏東大學行銷與流通管理學系,其他學校錄取,2,"國立勤益科技大學流通管理系(備取); 國立屏東大學行銷與流通管理學系(備取,分發)"
CAND_2565,113,ncut_mkt,國立勤益科技大學,流通管理系(英語類),國立勤益科技大學 流通管理系(英語類),70090437,黄*,備取,國立屏東大學,國立屏東大學資訊管理學系,其他學校錄取,3,"國立勤益科技大學流通管理系(備取); 國立屏東大學會計學系(備取); 國立屏東大學資訊管理學系(備取,分發)"
CAND_2566,113,ncut_mkt,國立勤益科技大學,流通管理系(英語類),國立勤益科技大學 流通管理系(英語類),57090837,李*恩,備取,—,—,未分發或放棄,1,國立勤益科技大學流通管理系(備取)
CAND_2567,113,ncut_mkt,國立勤益科技大學,流通管理系(英語類),國立勤益科技大學 流通管理系(英語類),64090142,黄*婷,備取,—,—,未分發或放棄,2,國立勤益科技大學流通管理系(備取); 靜宜大學企業管理學系(通過)
CAND_2568,113,ncut_mkt,國立勤益科技大學,流通管理系(英語類),國立勤益科技大學 流通管理系(英語類),56090149,吳*潔,備取,亞洲大學,亞洲大學行動商務與多媒體應用學系,其他學校錄取,4,"國立勤益科技大學流通管理系(備取); 朝陽科技大學財務金融系(通過); 國立聯合大學資訊管理學系(備取); 亞洲大學行動商務與多媒體應用學系(正取,分發)"
CAND_2569,113,ncut_mkt,國立勤益科技大學,流通管理系(英語類),國立勤益科技大學 流通管理系(英語類),57090505,温*,備取,—,—,未分發或放棄,3,國立勤益科技大學流通管理系(備取); 南臺科技大學工業管理與資訊系電子商務組(通過); 致理科技大學行銷與流通管理系(通過)
CAND_2570,113,ncut_mkt,國立勤益科技大學,流通管理系(英語類),國立勤益科技大學 流通管理系(英語類),70090733,吳*錡,備取,明志科技大學,明志科技大學經營管理系,其他學校錄取,5,"國立勤益科技大學流通管理系(備取); 朝陽科技大學行銷與流通管理系(正取); 明志科技大學經營管理系(正取,分發); 致理科技大學商務科技管理系(通過); 國立屏東大學商業大數據學系(正取)"
CAND_2571,113,ncut_mkt,國立勤益科技大學,流通管理系(英語類),國立勤益科技大學 流通管理系(英語類),70090406,*軒,備取,—,—,未分發或放棄,3,國立勤益科技大學流通管理系(備取); 國立屏東大學國際經營與貿易學系(通過); 國立屏東大學應用英語學系(通過)
CAND_2572,113,ncut_mkt,國立勤益科技大學,流通管理系(英語類),國立勤益科技大學 流通管理系(英語類),63090417,—,備取,朝陽科技大學,朝陽科技大學財務金融系,其他學校錄取,3,"國立勤益科技大學流通管理系(備取); 朝陽科技大學財務金融系(正取,分發); 亞洲大學經營管理學系(通過)"
CAND_2573,113,ncut_mkt,國立勤益科技大學,流通管理系(英語類),國立勤益科技大學 流通管理系(英語類),51090108,謝*琳,備取,—,—,未分發或放棄,1,國立勤益科技大學流通管理系(通過)
CAND_2574,113,ncut_mkt,國立勤益科技大學,流通管理系(英語類),國立勤益科技大學 流通管理系(英語類),51530030,梁*翔,備取,—,—,未分發或放棄,1,國立勤益科技大學流通管理系(通過)
CAND_2575,113,ncut_mkt,國立勤益科技大學,流通管理系(英語類),國立勤益科技大學 流通管理系(英語類),52090124,黄*甄,備取,—,—,未分發或放棄,4,國立勤益科技大學流通管理系(通過); 朝陽科技大學財務金融系(通過); 致理科技大學財務金融系(通過); 靜宜大學會計學系(通過)
CAND_2576,113,ncut_mkt,國立勤益科技大學,流通管理系(英語類),國立勤益科技大學 流通管理系(英語類),52090874,鄭*,備取,—,—,未分發或放棄,2,國立勤益科技大學流通管理系(通過); 致理科技大學行銷與流通管理系(通過)
CAND_2577,113,ncut_mkt,國立勤益科技大學,流通管理系(英語類),國立勤益科技大學 流通管理系(英語類),55090031,賴*如,備取,朝陽科技大學,朝陽科技大學資訊管理系資訊管理組,其他學校錄取,4,"國立勤益科技大學流通管理系(通過); 朝陽科技大學資訊管理系資訊管理組(備取,分發); 致理科技大學資訊管理系(正取); 國立聯合大學資訊管理學系(備取)"
CAND_2578,113,ncut_mkt,國立勤益科技大學,流通管理系(英語類),國立勤益科技大學 流通管理系(英語類),57090292,邱*,備取,致理科技大學,致理科技大學國際貿易系,其他學校錄取,6,"國立勤益科技大學流通管理系(通過); 國立臺中科技大學資訊工程系(備取); 朝陽科技大學財務金融系(通過); 致理科技大學國際貿易系(正取,分發); 國立聯合大學資訊管理學系(備取); 世新大學資訊管理學系資訊管理組(通過)"
CAND_2579,113,ncut_mkt,國立勤益科技大學,流通管理系(英語類),國立勤益科技大學 流通管理系(英語類),57090300,*皓,備取,致理科技大學,致理科技大學資訊管理系,其他學校錄取,2,"國立勤益科技大學流通管理系(通過); 致理科技大學資訊管理系(正取,分發)"
CAND_2580,113,ncut_mkt,國立勤益科技大學,流通管理系(英語類),國立勤益科技大學 流通管理系(英語類),57090352,林*龍,備取,靜宜大學,靜宜大學財務金融學系,其他學校錄取,4,"國立勤益科技大學流通管理系(通過); 明新科技大學財務金融系智慧理財組(通過); 致理科技大學財務金融系(正取); 靜宜大學財務金融學系(正取,分發)"
CAND_2581,113,ncut_mkt,國立勤益科技大學,流通管理系(英語類),國立勤益科技大學 流通管理系(英語類),57090504,賴*庭,備取,明新科技大學,明新科技大學行銷與流通管理系,其他學校錄取,5,"國立勤益科技大學流通管理系(通過); 明新科技大學行銷與流通管理系(正取,分發); 萬能科技大學企業管理系(備取); 明志科技大學經營管理系(備取); 致理科技大學企業管理系(備取)"
CAND_2582,113,ncut_mkt,國立勤益科技大學,流通管理系(英語類),國立勤益科技大學 流通管理系(英語類),57091019,謝*呈,備取,—,—,未分發或放棄,2,國立勤益科技大學流通管理系(通過); 國立高雄科技大學風險管理與保險系(備取)
CAND_2583,113,ncut_mkt,國立勤益科技大學,流通管理系(英語類),國立勤益科技大學 流通管理系(英語類),57091071,李*庭,備取,朝陽科技大學,朝陽科技大學會計系,其他學校錄取,4,"國立勤益科技大學流通管理系(通過); 朝陽科技大學會計系(正取,分發); 致理科技大學會計資訊系(通過); 靜宜大學會計學系(通過)"
CAND_2584,113,ncut_mkt,國立勤益科技大學,流通管理系(英語類),國立勤益科技大學 流通管理系(英語類),64090467,*倫,備取,國立高雄科技大學,國立高雄科技大學國際企業系,其他學校錄取,5,"國立勤益科技大學流通管理系(通過); 國立高雄科技大學國際企業系(備取,分發); 國立高雄科技大學運籌管理系(備取); 國立高雄科技大學航運管理系(備取); 國立臺中科技大學國際貿易與經營系(通過)"
CAND_2585,113,ncut_mkt,國立勤益科技大學,流通管理系(英語類),國立勤益科技大學 流通管理系(英語類),65090029,*皓,備取,—,—,未分發或放棄,3,國立勤益科技大學流通管理系(通過); 朝陽科技大學休閒事業管理系(通過); 僑光科技大學行銷與流通管理系(通過)
CAND_2586,113,ncut_mkt,國立勤益科技大學,流通管理系(英語類),國立勤益科技大學 流通管理系(英語類),65090301,張*,備取,—,—,未分發或放棄,1,國立勤益科技大學流通管理系(通過)
CAND_2587,113,ncut_mkt,國立勤益科技大學,流通管理系(英語類),國立勤益科技大學 流通管理系(英語類),68090016,周*衡,備取,—,—,未分發或放棄,2,國立勤益科技大學流通管理系(通過); 國立高雄科技大學智慧商務系(通過)
CAND_2588,113,ncut_mkt,國立勤益科技大學,流通管理系(英語類),國立勤益科技大學 流通管理系(英語類),68090078,吳*靜,備取,—,—,未分發或放棄,1,國立勤益科技大學流通管理系(通過)
CAND_2589,113,ncut_mkt,國立勤益科技大學,流通管理系(英語類),國立勤益科技大學 流通管理系(英語類),68530072,林*,備取,—,—,未分發或放棄,3,國立勤益科技大學流通管理系(通過); 國立虎尾科技大學企業管理系(通過); 國立臺中科技大學保險金融管理系(通過)
CAND_2590,113,ncut_mkt,國立勤益科技大學,流通管理系(英語類),國立勤益科技大學 流通管理系(英語類),70090642,*妤,備取,國立屏東大學,國立屏東大學企業管理學系,其他學校錄取,3,"國立勤益科技大學流通管理系(通過); 國立屏東科技大學企業管理系(通過); 國立屏東大學企業管理學系(正取,分發)"
CAND_2591,113,ncut_mkt,國立勤益科技大學,流通管理系(英語類),國立勤益科技大學 流通管理系(英語類),73090173,林*葰,備取,—,—,未分發或放棄,4,國立勤益科技大學流通管理系(通過); 嶺東科技大學財務金融系(通過); 德明財經科技大學財務金融系(通過); 致理科技大學企業管理系(通過)
CAND_2592,113,ncut_mkt,國立勤益科技大學,流通管理系(英語類),國立勤益科技大學 流通管理系(英語類),73090181,黄*,備取,—,—,未分發或放棄,4,國立勤益科技大學流通管理系(通過); 致理科技大學財務金融系(通過); 銘傳大學國際企業學系(台北校區)(通過); 實踐大學財務金融學系(臺北校區)(通過)
CAND_2593,114,ncut_mkt,國立勤益科技大學,行銷與流通管理系(商管群),國立勤益科技大學 行銷與流通管理系(商管群),61091100,賴*妤,正取,國立雲林科技大學,國立雲林科技大學工業工程與管理系,其他學校錄取,4,"國立勤益科技大學行銷與流通管理系(正取); 國立雲林科技大學工業工程與管理系(正取,分發); 國立高雄科技大學運籌管理系(正取); 國立虎尾科技大學資訊管理系(正取)"
CAND_2594,114,ncut_mkt,國立勤益科技大學,行銷與流通管理系(商管群),國立勤益科技大學 行銷與流通管理系(商管群),61090519,賴*臻,正取,國立臺中科技大學,國立臺中科技大學應用統計系,其他學校錄取,6,"國立勤益科技大學行銷與流通管理系(正取); 國立雲林科技大學文化資產維護系(正取); 國立虎尾科技大學工業管理系(通過); 國立臺中科技大學應用統計系(正取,分發); 朝陽科技大學行銷與流通管理系(通過); 國立聯合大學經營管理學系(正取)"
CAND_2595,114,ncut_mkt,國立勤益科技大學,行銷與流通管理系(商管群),國立勤益科技大學 行銷與流通管理系(商管群),64090158,*琳,正取,國立臺中科技大學,國立臺中科技大學國際貿易與經營系,其他學校錄取,4,"國立勤益科技大學行銷與流通管理系(正取); 國立高雄科技大學行銷與流通管理系(正取); 國立高雄科技大學航運管理系(備取); 國立臺中科技大學國際貿易與經營系(正取,分發)"
CAND_2596,114,ncut_mkt,國立勤益科技大學,行銷與流通管理系(商管群),國立勤益科技大學 行銷與流通管理系(商管群),61090760,*儀,正取,國立勤益科技大學,國立勤益科技大學行銷與流通管理系,原校系/本校留任,3,"國立勤益科技大學行銷與流通管理系(正取,分發); 國立虎尾科技大學企業管理系(通過); 逢甲大學土地管理學系(備取)"
CAND_2597,114,ncut_mkt,國立勤益科技大學,行銷與流通管理系(商管群),國立勤益科技大學 行銷與流通管理系(商管群),61090424,黄*閎,正取,國立勤益科技大學,國立勤益科技大學行銷與流通管理系,原校系/本校留任,4,"國立勤益科技大學行銷與流通管理系(正取,分發); 國立高雄科技大學風險管理與保險系(通過); 國立臺中科技大學保險金融管理系(備取); 逢甲大學合作經濟暨社會事業經營學系(通過)"
CAND_2598,114,ncut_mkt,國立勤益科技大學,行銷與流通管理系(商管群),國立勤益科技大學 行銷與流通管理系(商管群),67090003,*女,正取,國立屏東大學,國立屏東大學財務金融學系,其他學校錄取,3,"國立勤益科技大學行銷與流通管理系(正取); 國立高雄科技大學風險管理與保險系(正取); 國立屏東大學財務金融學系(正取,分發)"
CAND_2599,114,ncut_mkt,國立勤益科技大學,行銷與流通管理系(商管群),國立勤益科技大學 行銷與流通管理系(商管群),58090072,張*,正取,國立臺中科技大學,國立臺中科技大學國際貿易與經營系,其他學校錄取,5,"國立勤益科技大學行銷與流通管理系(正取); 國立高雄科技大學運籌管理系(通過); 國立高雄科技大學行銷與流通管理系(備取); 國立高雄科技大學供應鏈管理系(通過); 國立臺中科技大學國際貿易與經營系(備取,分發)"
CAND_2600,114,ncut_mkt,國立勤益科技大學,行銷與流通管理系(商管群),國立勤益科技大學 行銷與流通管理系(商管群),67090346,吳*,正取,國立高雄科技大學,國立高雄科技大學航運管理系,其他學校錄取,4,"國立勤益科技大學行銷與流通管理系(正取); 國立高雄科技大學行銷與流通管理系(通過); 國立高雄科技大學航運管理系(正取,分發); 國立臺中科技大學財政稅務系(通過)"
CAND_2601,114,ncut_mkt,國立勤益科技大學,行銷與流通管理系(商管群),國立勤益科技大學 行銷與流通管理系(商管群),63090080,柯*妤,正取,國立聯合大學,國立聯合大學資訊管理學系,其他學校錄取,4,"國立勤益科技大學行銷與流通管理系(正取); 國立高雄科技大學漁業科技與管理系(通過); 國立高雄科技大學海事資訊科技系(正取); 國立聯合大學資訊管理學系(備取,分發)"
CAND_2602,114,ncut_mkt,國立勤益科技大學,行銷與流通管理系(商管群),國立勤益科技大學 行銷與流通管理系(商管群),59090157,*淩,正取,國立勤益科技大學,國立勤益科技大學行銷與流通管理系,原校系/本校留任,1,"國立勤益科技大學行銷與流通管理系(正取,分發)"
CAND_2603,114,ncut_mkt,國立勤益科技大學,行銷與流通管理系(商管群),國立勤益科技大學 行銷與流通管理系(商管群),67090208,楊*律,正取,國立勤益科技大學,國立勤益科技大學行銷與流通管理系,原校系/本校留任,1,"國立勤益科技大學行銷與流通管理系(正取,分發)"
CAND_2604,114,ncut_mkt,國立勤益科技大學,行銷與流通管理系(商管群),國立勤益科技大學 行銷與流通管理系(商管群),61090632,江*筑,正取,國立勤益科技大學,國立勤益科技大學行銷與流通管理系,原校系/本校留任,3,"國立勤益科技大學行銷與流通管理系(正取,分發); 嶺東科技大學行銷與流通管理系(通過); 靜宜大學行銷與數位經營管理學系(正取)"
CAND_2605,114,ncut_mkt,國立勤益科技大學,行銷與流通管理系(商管群),國立勤益科技大學 行銷與流通管理系(商管群),57090473,葵*姍,正取,國立勤益科技大學,國立勤益科技大學行銷與流通管理系,原校系/本校留任,1,"國立勤益科技大學行銷與流通管理系(正取,分發)"
CAND_2606,114,ncut_mkt,國立勤益科技大學,行銷與流通管理系(商管群),國立勤益科技大學 行銷與流通管理系(商管群),71090021,黄*淳,正取,國立高雄科技大學,國立高雄科技大學行銷與流通管理系,其他學校錄取,3,"國立勤益科技大學行銷與流通管理系(正取); 國立高雄科技大學行銷與流通管理系(備取,分發); 國立屏東大學行銷與流通管理學系(正取)"
CAND_2607,114,ncut_mkt,國立勤益科技大學,行銷與流通管理系(商管群),國立勤益科技大學 行銷與流通管理系(商管群),61091567,林*日,正取,國立臺中科技大學,國立臺中科技大學保險金融管理系,其他學校錄取,4,"國立勤益科技大學行銷與流通管理系(正取); 國立虎尾科技大學應用外語系(通過); 國立臺中科技大學保險金融管理系(備取,分發); 逢甲大學合作經濟暨社會事業經營學系(備取)"
CAND_2608,114,ncut_mkt,國立勤益科技大學,行銷與流通管理系(商管群),國立勤益科技大學 行銷與流通管理系(商管群),57090993,張*,正取,國立勤益科技大學,國立勤益科技大學行銷與流通管理系,原校系/本校留任,1,"國立勤益科技大學行銷與流通管理系(正取,分發)"
CAND_2609,114,ncut_mkt,國立勤益科技大學,行銷與流通管理系(商管群),國立勤益科技大學 行銷與流通管理系(商管群),57090690,周*誼,正取,國立勤益科技大學,國立勤益科技大學行銷與流通管理系,原校系/本校留任,2,"國立勤益科技大學行銷與流通管理系(正取,分發); 國立虎尾科技大學應用外語系(備取)"
CAND_2610,114,ncut_mkt,國立勤益科技大學,行銷與流通管理系(商管群),國立勤益科技大學 行銷與流通管理系(商管群),56530024,陳*帆,正取,國立勤益科技大學,國立勤益科技大學行銷與流通管理系,原校系/本校留任,2,"國立勤益科技大學行銷與流通管理系(正取,分發); 致理科技大學行銷與流通管理系(正取)"
CAND_2611,114,ncut_mkt,國立勤益科技大學,行銷與流通管理系(商管群),國立勤益科技大學 行銷與流通管理系(商管群),61091347,陳*,正取,國立高雄科技大學,國立高雄科技大學海洋休閒管理系,其他學校錄取,6,"國立勤益科技大學行銷與流通管理系(正取); 國立高雄科技大學運籌管理系(通過); 國立高雄科技大學觀光管理系(通過); 國立高雄科技大學海洋休閒管理系(正取,分發); 國立虎尾科技大學休閒遊憩系(備取); 國立高雄餐旅大學餐旅暨會展行銷管理系(通過)"
CAND_2612,114,ncut_mkt,國立勤益科技大學,行銷與流通管理系(商管群),國立勤益科技大學 行銷與流通管理系(商管群),57090721,梁*璇,正取,國立高雄科技大學,國立高雄科技大學運籌管理系,其他學校錄取,5,"國立勤益科技大學行銷與流通管理系(正取); 國立高雄科技大學運籌管理系(備取,分發); 國立高雄科技大學應用德語系(備取); 國立臺中科技大學財政稅務系(備取); 中原大學會計學系(通過)"
CAND_2613,114,ncut_mkt,國立勤益科技大學,行銷與流通管理系(商管群),國立勤益科技大學 行銷與流通管理系(商管群),59090074,蕭*箴,正取,中華醫事科技大學,中華醫事科技大學語言治療系,其他學校錄取,4,"國立勤益科技大學行銷與流通管理系(正取); 國立虎尾科技大學企業管理系(備取); 國立虎尾科技大學應用外語系(通過); 中華醫事科技大學語言治療系(通過,分發)"
CAND_2614,114,ncut_mkt,國立勤益科技大學,行銷與流通管理系(商管群),國立勤益科技大學 行銷與流通管理系(商管群),63090290,張*,正取,國立高雄科技大學,國立高雄科技大學行銷與流通管理系,其他學校錄取,3,"國立勤益科技大學行銷與流通管理系(正取); 國立高雄科技大學行銷與流通管理系(備取,分發); 國立高雄科技大學風險管理與保險系(備取)"
CAND_2615,114,ncut_mkt,國立勤益科技大學,行銷與流通管理系(商管群),國立勤益科技大學 行銷與流通管理系(商管群),56090336,林*妤,正取,國立臺中科技大學,國立臺中科技大學流通管理系,其他學校錄取,3,"國立勤益科技大學行銷與流通管理系(正取); 國立虎尾科技大學應用外語系(通過); 國立臺中科技大學流通管理系(備取,分發)"
CAND_2616,114,ncut_mkt,國立勤益科技大學,行銷與流通管理系(商管群),國立勤益科技大學 行銷與流通管理系(商管群),57090785,楊*歆,正取,國立臺中科技大學,國立臺中科技大學國際貿易與經營系,其他學校錄取,2,"國立勤益科技大學行銷與流通管理系(正取); 國立臺中科技大學國際貿易與經營系(備取,分發)"
CAND_2617,114,ncut_mkt,國立勤益科技大學,行銷與流通管理系(商管群),國立勤益科技大學 行銷與流通管理系(商管群),67090192,陳*伶,正取,國立勤益科技大學,國立勤益科技大學行銷與流通管理系,原校系/本校留任,3,"國立勤益科技大學行銷與流通管理系(正取,分發); 朝陽科技大學行銷與流通管理系(備取); 南臺科技大學行銷與流通管理系(通過)"
CAND_2618,114,ncut_mkt,國立勤益科技大學,行銷與流通管理系(商管群),國立勤益科技大學 行銷與流通管理系(商管群),61090188,*姍,正取,靜宜大學,靜宜大學行銷與數位經營管理學系,其他學校錄取,3,"國立勤益科技大學行銷與流通管理系(正取); 靜宜大學行銷與數位經營管理學系(備取,分發); 靜宜大學國際企業學系(通過)"
CAND_2619,114,ncut_mkt,國立勤益科技大學,行銷與流通管理系(商管群),國立勤益科技大學 行銷與流通管理系(商管群),61091051,陳*毓,正取,國立勤益科技大學,國立勤益科技大學行銷與流通管理系,原校系/本校留任,1,"國立勤益科技大學行銷與流通管理系(正取,分發)"
CAND_2620,114,ncut_mkt,國立勤益科技大學,行銷與流通管理系(商管群),國立勤益科技大學 行銷與流通管理系(商管群),67090024,林*宏,正取,國立高雄科技大學,國立高雄科技大學商務資訊應用系(資安人才),其他學校錄取,5,"國立勤益科技大學行銷與流通管理系(正取); 國立高雄科技大學商務資訊應用系(資安人才)(正取,分發); 國立高雄科技大學海事資訊科技系(通過); 國立屏東大學國際經營與貿易學系(通過); 國立屏東大學企業管理學系(通過)"
CAND_2621,114,ncut_mkt,國立勤益科技大學,行銷與流通管理系(商管群),國立勤益科技大學 行銷與流通管理系(商管群),61091257,黄*靜,正取,國立勤益科技大學,國立勤益科技大學行銷與流通管理系,原校系/本校留任,3,"國立勤益科技大學行銷與流通管理系(正取,分發); 國立臺中科技大學保險金融管理系(備取); 國立聯合大學經營管理學系(通過)"
CAND_2622,114,ncut_mkt,國立勤益科技大學,行銷與流通管理系(商管群),國立勤益科技大學 行銷與流通管理系(商管群),61091343,鄭*恩,正取,國立臺中科技大學,國立臺中科技大學流通管理系,其他學校錄取,3,"國立勤益科技大學行銷與流通管理系(正取); 國立臺中科技大學流通管理系(正取,分發); 逢甲大學國際經營與貿易學系(通過)"
CAND_2623,114,ncut_mkt,國立勤益科技大學,行銷與流通管理系(商管群),國立勤益科技大學 行銷與流通管理系(商管群),56530028,趙*,正取,國立臺中科技大學,國立臺中科技大學流通管理系,其他學校錄取,4,"國立勤益科技大學行銷與流通管理系(正取); 國立高雄科技大學供應鏈管理系(備取); 國立臺中科技大學流通管理系(備取,分發); 國立屏東大學商業大數據學系(正取)"
CAND_2624,114,ncut_mkt,國立勤益科技大學,行銷與流通管理系(商管群),國立勤益科技大學 行銷與流通管理系(商管群),61091095,李*,正取,國立高雄科技大學,國立高雄科技大學行銷與流通管理系,其他學校錄取,2,"國立勤益科技大學行銷與流通管理系(正取); 國立高雄科技大學行銷與流通管理系(備取,分發)"
CAND_2625,114,ncut_mkt,國立勤益科技大學,行銷與流通管理系(商管群),國立勤益科技大學 行銷與流通管理系(商管群),70090850,葵*庭,正取,國立勤益科技大學,國立勤益科技大學行銷與流通管理系,原校系/本校留任,1,"國立勤益科技大學行銷與流通管理系(正取,分發)"
CAND_2626,114,ncut_mkt,國立勤益科技大學,行銷與流通管理系(商管群),國立勤益科技大學 行銷與流通管理系(商管群),61090697,余*,正取,逢甲大學,逢甲大學合作經濟暨社會事業經營學系,其他學校錄取,2,"國立勤益科技大學行銷與流通管理系(正取); 逢甲大學合作經濟暨社會事業經營學系(正取,分發)"
CAND_2627,114,ncut_mkt,國立勤益科技大學,行銷與流通管理系(商管群),國立勤益科技大學 行銷與流通管理系(商管群),67090071,黄*晴,正取,國立勤益科技大學,國立勤益科技大學行銷與流通管理系,原校系/本校留任,3,"國立勤益科技大學行銷與流通管理系(正取,分發); 國立高雄科技大學觀光管理系(通過); 朝陽科技大學傳播藝術系(正取)"
CAND_2628,114,ncut_mkt,國立勤益科技大學,行銷與流通管理系(商管群),國立勤益科技大學 行銷與流通管理系(商管群),60090225,林*欣,正取,國立勤益科技大學,國立勤益科技大學行銷與流通管理系,原校系/本校留任,2,"國立勤益科技大學行銷與流通管理系(正取,分發); 朝陽科技大學行銷與流通管理系(正取)"
CAND_2629,114,ncut_mkt,國立勤益科技大學,行銷與流通管理系(商管群),國立勤益科技大學 行銷與流通管理系(商管群),61091715,登*頷,正取,朝陽科技大學,朝陽科技大學保險金融管理系,其他學校錄取,2,"國立勤益科技大學行銷與流通管理系(正取); 朝陽科技大學保險金融管理系(正取,分發)"
CAND_2630,114,ncut_mkt,國立勤益科技大學,行銷與流通管理系(商管群),國立勤益科技大學 行銷與流通管理系(商管群),61091381,初*綺,正取,國立高雄科技大學,國立高雄科技大學海洋休閒管理系,其他學校錄取,2,"國立勤益科技大學行銷與流通管理系(正取); 國立高雄科技大學海洋休閒管理系(正取,分發)"
CAND_2631,114,ncut_mkt,國立勤益科技大學,行銷與流通管理系(商管群),國立勤益科技大學 行銷與流通管理系(商管群),61090773,宋*媛,備取,國立勤益科技大學,國立勤益科技大學行銷與流通管理系,原校系/本校留任,3,"國立勤益科技大學行銷與流通管理系(備取,分發); 國立高雄科技大學運籌管理系(通過); 國立臺中科技大學財政稅務系(備取)"
CAND_2632,114,ncut_mkt,國立勤益科技大學,行銷與流通管理系(商管群),國立勤益科技大學 行銷與流通管理系(商管群),60090297,陳*,備取,國立勤益科技大學,國立勤益科技大學行銷與流通管理系,原校系/本校留任,6,"國立勤益科技大學行銷與流通管理系(備取,分發); 國立高雄科技大學人力資源發展系(通過); 國立虎尾科技大學企業管理系(備取); 國立臺中科技大學國際貿易與經營系(備取); 明新科技大學行銷與流通管理系(正取); 明新科技大學企業管理系(通過)"
CAND_2633,114,ncut_mkt,國立勤益科技大學,行銷與流通管理系(商管群),國立勤益科技大學 行銷與流通管理系(商管群),61091353,魏*璇,備取,國立勤益科技大學,國立勤益科技大學行銷與流通管理系,原校系/本校留任,1,"國立勤益科技大學行銷與流通管理系(備取,分發)"
CAND_2634,114,ncut_mkt,國立勤益科技大學,行銷與流通管理系(商管群),國立勤益科技大學 行銷與流通管理系(商管群),65090322,賴*錡,備取,國立勤益科技大學,國立勤益科技大學行銷與流通管理系,原校系/本校留任,1,"國立勤益科技大學行銷與流通管理系(備取,分發)"
CAND_2635,114,ncut_mkt,國立勤益科技大學,行銷與流通管理系(商管群),國立勤益科技大學 行銷與流通管理系(商管群),61091646,*筑,備取,國立勤益科技大學,國立勤益科技大學行銷與流通管理系,原校系/本校留任,2,"國立勤益科技大學行銷與流通管理系(備取,分發); 朝陽科技大學行銷與流通管理系(正取)"
CAND_2636,114,ncut_mkt,國立勤益科技大學,行銷與流通管理系(商管群),國立勤益科技大學 行銷與流通管理系(商管群),57540032,*妮,備取,國立勤益科技大學,國立勤益科技大學行銷與流通管理系,原校系/本校留任,3,"國立勤益科技大學行銷與流通管理系(備取,分發); 靜宜大學觀光事業學系(正取); 實踐大學國際經營與貿易學系(臺北校區)(正取)"
CAND_2637,114,ncut_mkt,國立勤益科技大學,行銷與流通管理系(商管群),國立勤益科技大學 行銷與流通管理系(商管群),61091555,陳*,備取,國立勤益科技大學,國立勤益科技大學行銷與流通管理系,原校系/本校留任,3,"國立勤益科技大學行銷與流通管理系(備取,分發); 國立高雄科技大學運籌管理系(備取); 朝陽科技大學行銷與流通管理系(備取)"
CAND_2638,114,ncut_mkt,國立勤益科技大學,行銷與流通管理系(商管群),國立勤益科技大學 行銷與流通管理系(商管群),69090113,F*儀,備取,國立勤益科技大學,國立勤益科技大學行銷與流通管理系,原校系/本校留任,1,"國立勤益科技大學行銷與流通管理系(備取,分發)"
CAND_2639,114,ncut_mkt,國立勤益科技大學,行銷與流通管理系(商管群),國立勤益科技大學 行銷與流通管理系(商管群),58090160,張*永,備取,國立勤益科技大學,國立勤益科技大學行銷與流通管理系,原校系/本校留任,4,"國立勤益科技大學行銷與流通管理系(備取,分發); 國立高雄科技大學智慧商務系(通過); 國立高雄科技大學商務資訊應用系(資安人才)(正取); 國立臺中科技大學流通管理系(備取)"
CAND_2640,114,ncut_mkt,國立勤益科技大學,行銷與流通管理系(商管群),國立勤益科技大學 行銷與流通管理系(商管群),52090069,游*宏,備取,國立勤益科技大學,國立勤益科技大學行銷與流通管理系,原校系/本校留任,2,"國立勤益科技大學行銷與流通管理系(備取,分發); 國立臺中科技大學流通管理系(備取)"
CAND_2641,114,ncut_mkt,國立勤益科技大學,行銷與流通管理系(商管群),國立勤益科技大學 行銷與流通管理系(商管群),61530033,許*僑,備取,國立勤益科技大學,國立勤益科技大學行銷與流通管理系,原校系/本校留任,5,"國立勤益科技大學行銷與流通管理系(備取,分發); 國立屏東科技大學工業管理系(通過); 國立臺中科技大學休閒事業經營系(通過); 靜宜大學行銷與數位經營管理學系(備取); 亞洲大學人工智慧學系(正取)"
CAND_2642,114,ncut_mkt,國立勤益科技大學,行銷與流通管理系(商管群),國立勤益科技大學 行銷與流通管理系(商管群),57090567,方*樂,備取,國立高雄科技大學,國立高雄科技大學風險管理與保險系,其他學校錄取,2,"國立勤益科技大學行銷與流通管理系(備取); 國立高雄科技大學風險管理與保險系(備取,分發)"
CAND_2643,114,ncut_mkt,國立勤益科技大學,行銷與流通管理系(商管群),國立勤益科技大學 行銷與流通管理系(商管群),60090076,邱*,備取,國立屏東大學,國立屏東大學商業大數據學系,其他學校錄取,4,"國立勤益科技大學行銷與流通管理系(備取); 朝陽科技大學保險金融管理系(通過); 國立屏東大學會計學系(通過); 國立屏東大學商業大數據學系(正取,分發)"
CAND_2644,114,ncut_mkt,國立勤益科技大學,行銷與流通管理系(商管群),國立勤益科技大學 行銷與流通管理系(商管群),64090215,張*,備取,國立臺中科技大學,國立臺中科技大學休閒事業經營系,其他學校錄取,2,"國立勤益科技大學行銷與流通管理系(備取); 國立臺中科技大學休閒事業經營系(備取,分發)"
CAND_2645,114,ncut_mkt,國立勤益科技大學,行銷與流通管理系(商管群),國立勤益科技大學 行銷與流通管理系(商管群),63090054,陳*穎,備取,國立勤益科技大學,國立勤益科技大學行銷與流通管理系,原校系/本校留任,3,"國立勤益科技大學行銷與流通管理系(備取,分發); 國立臺中科技大學流通管理系(通過); 朝陽科技大學行銷與流通管理系(備取)"
CAND_2646,114,ncut_mkt,國立勤益科技大學,行銷與流通管理系(商管群),國立勤益科技大學 行銷與流通管理系(商管群),61091486,林*臻,備取,—,—,未分發或放棄,2,國立勤益科技大學行銷與流通管理系(備取); 朝陽科技大學行銷與流通管理系(正取)
CAND_2647,114,ncut_mkt,國立勤益科技大學,行銷與流通管理系(商管群),國立勤益科技大學 行銷與流通管理系(商管群),61090403,*靖,備取,國立勤益科技大學,國立勤益科技大學行銷與流通管理系,原校系/本校留任,2,"國立勤益科技大學行銷與流通管理系(備取,分發); 南臺科技大學行銷與流通管理系(通過)"
CAND_2648,114,ncut_mkt,國立勤益科技大學,行銷與流通管理系(商管群),國立勤益科技大學 行銷與流通管理系(商管群),63090138,*l,備取,國立臺中科技大學,國立臺中科技大學國際貿易與經營系,其他學校錄取,3,"國立勤益科技大學行銷與流通管理系(備取); 國立臺中科技大學國際貿易與經營系(正取,分發); 朝陽科技大學財務金融系(正取)"
CAND_2649,114,ncut_mkt,國立勤益科技大學,行銷與流通管理系(商管群),國立勤益科技大學 行銷與流通管理系(商管群),68090190,林*璇,備取,國立勤益科技大學,國立勤益科技大學行銷與流通管理系,原校系/本校留任,3,"國立勤益科技大學行銷與流通管理系(備取,分發); 醒吾科技大學表演藝術系(通過); 國立屏東大學行銷與流通管理學系(正取)"
CAND_2650,114,ncut_mkt,國立勤益科技大學,行銷與流通管理系(商管群),國立勤益科技大學 行銷與流通管理系(商管群),64090275,*儀,備取,國立臺中科技大學,國立臺中科技大學應用中文系,其他學校錄取,5,"國立勤益科技大學行銷與流通管理系(備取); 國立高雄科技大學國際企業系(通過); 國立高雄科技大學人力資源發展系(通過); 國立高雄科技大學文化創意產業系(通過); 國立臺中科技大學應用中文系(正取,分發)"
CAND_2651,114,ncut_mkt,國立勤益科技大學,行銷與流通管理系(商管群),國立勤益科技大學 行銷與流通管理系(商管群),51090192,吳*臻,備取,國立臺中科技大學,國立臺中科技大學國際貿易與經營系,其他學校錄取,4,"國立勤益科技大學行銷與流通管理系(通過); 國立高雄科技大學行銷與流通管理系(通過); 國立臺北護理健康大學高齡健康照護系(備取); 國立臺中科技大學國際貿易與經營系(正取,分發)"
CAND_2652,114,ncut_mkt,國立勤益科技大學,行銷與流通管理系(商管群),國立勤益科技大學 行銷與流通管理系(商管群),52090100,林*妤,備取,—,—,未分發或放棄,4,國立勤益科技大學行銷與流通管理系(通過); 國立虎尾科技大學企業管理系(通過); 致理科技大學財務金融系(通過); 實踐大學財務金融學系(臺北校區)(通過)
CAND_2653,114,ncut_mkt,國立勤益科技大學,行銷與流通管理系(商管群),國立勤益科技大學 行銷與流通管理系(商管群),52090406,林*女,備取,實踐大學,實踐大學風險管理與保險學系(臺北校區),其他學校錄取,3,"國立勤益科技大學行銷與流通管理系(通過); 銘傳大學國際企業學系(台北校區)(備取); 實踐大學風險管理與保險學系(臺北校區)(正取,分發)"
CAND_2654,114,ncut_mkt,國立勤益科技大學,行銷與流通管理系(商管群),國立勤益科技大學 行銷與流通管理系(商管群),52090701,李*騰,備取,—,—,未分發或放棄,5,國立勤益科技大學行銷與流通管理系(通過); 國立澎湖科技大學行銷與物流管理系(通過); 朝陽科技大學財務金融系(通過); 南臺科技大學財務金融系(通過); 致理科技大學財務金融系(通過)
CAND_2655,114,ncut_mkt,國立勤益科技大學,行銷與流通管理系(商管群),國立勤益科技大學 行銷與流通管理系(商管群),52530049,吳*,備取,—,—,未分發或放棄,5,國立勤益科技大學行銷與流通管理系(通過); 國立雲林科技大學應用外語系(通過); 國立高雄科技大學行銷與流通管理系(正取); 國立高雄科技大學智慧商務系(備取); 國立高雄科技大學應用英語系(通過)
CAND_2656,114,ncut_mkt,國立勤益科技大學,行銷與流通管理系(商管群),國立勤益科技大學 行銷與流通管理系(商管群),54090374,林*渝,備取,國立臺中科技大學,國立臺中科技大學流通管理系,其他學校錄取,3,"國立勤益科技大學行銷與流通管理系(通過); 國立臺北護理健康大學健康事業管理系(正取); 國立臺中科技大學流通管理系(正取,分發)"
CAND_2657,114,ncut_mkt,國立勤益科技大學,行銷與流通管理系(商管群),國立勤益科技大學 行銷與流通管理系(商管群),55090061,*宇,備取,—,—,未分發或放棄,1,國立勤益科技大學行銷與流通管理系(通過)
CAND_2658,114,ncut_mkt,國立勤益科技大學,行銷與流通管理系(商管群),國立勤益科技大學 行銷與流通管理系(商管群),56090137,邱*琪,備取,銘傳大學,銘傳大學企業管理學系(台北校區),其他學校錄取,2,"國立勤益科技大學行銷與流通管理系(通過); 銘傳大學企業管理學系(台北校區)(備取,分發)"
CAND_2659,114,ncut_mkt,國立勤益科技大學,行銷與流通管理系(商管群),國立勤益科技大學 行銷與流通管理系(商管群),56090388,陳*穎,備取,國立臺中科技大學,國立臺中科技大學流通管理系,其他學校錄取,4,"國立勤益科技大學行銷與流通管理系(通過); 國立高雄科技大學行銷與流通管理系(通過); 國立虎尾科技大學企業管理系(通過); 國立臺中科技大學流通管理系(正取,分發)"
CAND_2660,114,ncut_mkt,國立勤益科技大學,行銷與流通管理系(商管群),國立勤益科技大學 行銷與流通管理系(商管群),57090021,*妮,備取,致理科技大學,致理科技大學財務金融系,其他學校錄取,3,"國立勤益科技大學行銷與流通管理系(通過); 朝陽科技大學財務金融系(通過); 致理科技大學財務金融系(備取,分發)"
CAND_2661,114,ncut_mkt,國立勤益科技大學,行銷與流通管理系(商管群),國立勤益科技大學 行銷與流通管理系(商管群),57090114,林*妤,備取,—,—,未分發或放棄,3,國立勤益科技大學行銷與流通管理系(通過); 國立高雄科技大學風險管理與保險系(通過); 國立臺中科技大學財政稅務系(通過)
CAND_2662,114,ncut_mkt,國立勤益科技大學,行銷與流通管理系(商管群),國立勤益科技大學 行銷與流通管理系(商管群),57090122,黄*,備取,—,—,未分發或放棄,3,國立勤益科技大學行銷與流通管理系(通過); 國立臺中科技大學保險金融管理系(通過); 銘傳大學企業管理學系(台北校區)(通過)
CAND_2663,114,ncut_mkt,國立勤益科技大學,行銷與流通管理系(商管群),國立勤益科技大學 行銷與流通管理系(商管群),57090138,吳*祐,備取,—,—,未分發或放棄,3,國立勤益科技大學行銷與流通管理系(通過); 國立高雄科技大學企業管理系(通過); 國立臺中科技大學保險金融管理系(通過)
CAND_2664,114,ncut_mkt,國立勤益科技大學,行銷與流通管理系(商管群),國立勤益科技大學 行銷與流通管理系(商管群),57090388,陳*妤,備取,致理科技大學,致理科技大學財務金融系,其他學校錄取,4,"國立勤益科技大學行銷與流通管理系(通過); 國立虎尾科技大學企業管理系(正取); 朝陽科技大學財務金融系(通過); 致理科技大學財務金融系(正取,分發)"
CAND_2665,114,ncut_mkt,國立勤益科技大學,行銷與流通管理系(商管群),國立勤益科技大學 行銷與流通管理系(商管群),58090088,*邦,備取,國立高雄科技大學,國立高雄科技大學智慧商務系,其他學校錄取,5,"國立勤益科技大學行銷與流通管理系(通過); 國立高雄科技大學國際企業系(備取); 國立高雄科技大學人力資源發展系(正取); 國立高雄科技大學智慧商務系(備取,分發); 國立虎尾科技大學企業管理系(備取)"
CAND_2666,114,ncut_mkt,國立勤益科技大學,行銷與流通管理系(商管群),國立勤益科技大學 行銷與流通管理系(商管群),58090244,*軒,備取,國立臺中科技大學,國立臺中科技大學保險金融管理系,其他學校錄取,4,"國立勤益科技大學行銷與流通管理系(通過); 國立高雄科技大學行銷與流通管理系(備取); 國立高雄科技大學人力資源發展系(正取); 國立臺中科技大學保險金融管理系(備取,分發)"
CAND_2667,114,ncut_mkt,國立勤益科技大學,行銷與流通管理系(商管群),國立勤益科技大學 行銷與流通管理系(商管群),58090529,歐*彤,備取,—,—,未分發或放棄,3,國立勤益科技大學行銷與流通管理系(通過); 國立虎尾科技大學財務金融系(通過); 國立臺中科技大學財務金融系(通過)
CAND_2668,114,ncut_mkt,國立勤益科技大學,行銷與流通管理系(商管群),國立勤益科技大學 行銷與流通管理系(商管群),59090178,鄭*婷,備取,—,—,未分發或放棄,3,國立勤益科技大學行銷與流通管理系(通過); 國立高雄科技大學人力資源發展系(通過); 國立臺中科技大學國際貿易與經營系(通過)
CAND_2669,114,ncut_mkt,國立勤益科技大學,行銷與流通管理系(商管群),國立勤益科技大學 行銷與流通管理系(商管群),59090217,孫*妤,備取,—,—,未分發或放棄,1,國立勤益科技大學行銷與流通管理系(通過)
CAND_2670,114,ncut_mkt,國立勤益科技大學,行銷與流通管理系(商管群),國立勤益科技大學 行銷與流通管理系(商管群),60090020,陳*,備取,—,—,未分發或放棄,3,國立勤益科技大學行銷與流通管理系(通過); 國立虎尾科技大學企業管理系(通過); 國立聯合大學經營管理學系(通過)
CAND_2671,114,ncut_mkt,國立勤益科技大學,行銷與流通管理系(商管群),國立勤益科技大學 行銷與流通管理系(商管群),60090083,葉*,備取,—,—,未分發或放棄,1,國立勤益科技大學行銷與流通管理系(通過)
CAND_2672,114,ncut_mkt,國立勤益科技大學,行銷與流通管理系(商管群),國立勤益科技大學 行銷與流通管理系(商管群),61090146,賴*瑀,備取,國立臺中科技大學,國立臺中科技大學流通管理系,其他學校錄取,2,"國立勤益科技大學行銷與流通管理系(通過); 國立臺中科技大學流通管理系(正取,分發)"
CAND_2673,114,ncut_mkt,國立勤益科技大學,行銷與流通管理系(商管群),國立勤益科技大學 行銷與流通管理系(商管群),61090408,張*苓,備取,國立臺中科技大學,國立臺中科技大學應用中文系,其他學校錄取,5,"國立勤益科技大學行銷與流通管理系(通過); 國立臺中科技大學應用中文系(正取,分發); 國立暨南國際大學觀光休閒與餐旅管理學系觀光休閒組(通過); 國立聯合大學經營管理學系(通過); 逢甲大學合作經濟暨社會事業經營學系(通過)"
CAND_2674,114,ncut_mkt,國立勤益科技大學,行銷與流通管理系(商管群),國立勤益科技大學 行銷與流通管理系(商管群),61090432,—,備取,國立臺中科技大學,國立臺中科技大學流通管理系,其他學校錄取,4,"國立勤益科技大學行銷與流通管理系(通過); 國立高雄科技大學海洋休閒管理系(通過); 國立臺中科技大學流通管理系(備取,分發); 亞洲大學經營管理學系(備取)"
CAND_2675,114,ncut_mkt,國立勤益科技大學,行銷與流通管理系(商管群),國立勤益科技大學 行銷與流通管理系(商管群),61090475,—,備取,弘光科技大學,弘光科技大學護理系,其他學校錄取,5,"國立勤益科技大學行銷與流通管理系(通過); 國立虎尾科技大學應用外語系(通過); 朝陽科技大學飛行與民航人員技術系(通過); 弘光科技大學護理系(正取,分發); 弘光科技大學健康事業管理系(通過)"
CAND_2676,114,ncut_mkt,國立勤益科技大學,行銷與流通管理系(商管群),國立勤益科技大學 行銷與流通管理系(商管群),61090545,*芮,備取,—,—,未分發或放棄,3,國立勤益科技大學行銷與流通管理系(通過); 國立臺中科技大學保險金融管理系(備取); 亞洲大學財務金融學系(通過)
CAND_2677,114,ncut_mkt,國立勤益科技大學,行銷與流通管理系(商管群),國立勤益科技大學 行銷與流通管理系(商管群),61090751,徐*琦,備取,—,—,未分發或放棄,1,國立勤益科技大學行銷與流通管理系(通過)
CAND_2678,114,ncut_mkt,國立勤益科技大學,行銷與流通管理系(商管群),國立勤益科技大學 行銷與流通管理系(商管群),61090827,黄*穎,備取,國立臺中科技大學,國立臺中科技大學會計資訊系,其他學校錄取,5,"國立勤益科技大學行銷與流通管理系(通過); 國立虎尾科技大學財務金融系(通過); 國立臺中科技大學會計資訊系(正取,分發); 逢甲大學會計學系(正取); 靜宜大學會計學系(通過)"
CAND_2679,114,ncut_mkt,國立勤益科技大學,行銷與流通管理系(商管群),國立勤益科技大學 行銷與流通管理系(商管群),61091075,*喻,備取,國立高雄科技大學,國立高雄科技大學行銷與流通管理系,其他學校錄取,4,"國立勤益科技大學行銷與流通管理系(通過); 國立高雄科技大學行銷與流通管理系(備取,分發); 國立高雄科技大學文化創意產業系(正取); 銘傳大學企業管理學系(台北校區)(備取)"
CAND_2680,114,ncut_mkt,國立勤益科技大學,行銷與流通管理系(商管群),國立勤益科技大學 行銷與流通管理系(商管群),61091163,林*佑,備取,—,—,未分發或放棄,1,國立勤益科技大學行銷與流通管理系(通過)
CAND_2681,114,ncut_mkt,國立勤益科技大學,行銷與流通管理系(商管群),國立勤益科技大學 行銷與流通管理系(商管群),61091315,邱*,備取,國立臺中科技大學,國立臺中科技大學國際貿易與經營系,其他學校錄取,5,"國立勤益科技大學行銷與流通管理系(通過); 國立高雄科技大學國際企業系(通過); 國立高雄科技大學航運管理系(正取); 國立高雄科技大學航運技術系(通過); 國立臺中科技大學國際貿易與經營系(正取,分發)"
CAND_2682,114,ncut_mkt,國立勤益科技大學,行銷與流通管理系(商管群),國立勤益科技大學 行銷與流通管理系(商管群),61091351,*婕,備取,—,—,未分發或放棄,3,國立勤益科技大學行銷與流通管理系(通過); 國立高雄科技大學行銷與流通管理系(通過); 國立虎尾科技大學財務金融系(正取)
CAND_2683,114,ncut_mkt,國立勤益科技大學,行銷與流通管理系(商管群),國立勤益科技大學 行銷與流通管理系(商管群),61091546,江*胤,備取,—,—,未分發或放棄,2,國立勤益科技大學行銷與流通管理系(通過); 朝陽科技大學財務金融系(通過)
CAND_2684,114,ncut_mkt,國立勤益科技大學,行銷與流通管理系(商管群),國立勤益科技大學 行銷與流通管理系(商管群),61091579,吳*𡤃,備取,—,—,未分發或放棄,4,國立勤益科技大學行銷與流通管理系(通過); 國立臺北護理健康大學健康事業管理系(通過); 僑光科技大學行銷與流通管理系(通過); 僑光科技大學多媒體與遊戲設計系(通過)
CAND_2685,114,ncut_mkt,國立勤益科技大學,行銷與流通管理系(商管群),國立勤益科技大學 行銷與流通管理系(商管群),61091583,徐*欣,備取,—,—,未分發或放棄,2,國立勤益科技大學行銷與流通管理系(通過); 朝陽科技大學行銷與流通管理系(通過)
CAND_2686,114,ncut_mkt,國立勤益科技大學,行銷與流通管理系(商管群),國立勤益科技大學 行銷與流通管理系(商管群),64090217,*誼,備取,—,—,未分發或放棄,1,國立勤益科技大學行銷與流通管理系(通過)
CAND_2687,114,ncut_mkt,國立勤益科技大學,行銷與流通管理系(商管群),國立勤益科技大學 行銷與流通管理系(商管群),64090323,葵*宏,備取,朝陽科技大學,朝陽科技大學工業工程與管理系,其他學校錄取,2,"國立勤益科技大學行銷與流通管理系(通過); 朝陽科技大學工業工程與管理系(正取,分發)"
CAND_2688,114,ncut_mkt,國立勤益科技大學,行銷與流通管理系(商管群),國立勤益科技大學 行銷與流通管理系(商管群),64090339,陳*漩,備取,—,—,未分發或放棄,1,國立勤益科技大學行銷與流通管理系(通過)
CAND_2689,114,ncut_mkt,國立勤益科技大學,行銷與流通管理系(商管群),國立勤益科技大學 行銷與流通管理系(商管群),64090422,魏*婕,備取,國立虎尾科技大學,國立虎尾科技大學企業管理系,其他學校錄取,5,"國立勤益科技大學行銷與流通管理系(通過); 國立高雄科技大學企業管理系(通過); 國立高雄科技大學智慧商務系(通過); 國立虎尾科技大學企業管理系(備取,分發); 國立臺中科技大學保險金融管理系(通過)"
CAND_2690,114,ncut_mkt,國立勤益科技大學,行銷與流通管理系(商管群),國立勤益科技大學 行銷與流通管理系(商管群),64090540,蘇*任,備取,亞洲大學,亞洲大學經營管理學系,其他學校錄取,4,"國立勤益科技大學行銷與流通管理系(通過); 朝陽科技大學行銷與流通管理系(正取); 靜宜大學行銷與數位經營管理學系(通過); 亞洲大學經營管理學系(備取,分發)"
CAND_2691,114,ncut_mkt,國立勤益科技大學,行銷與流通管理系(商管群),國立勤益科技大學 行銷與流通管理系(商管群),65090125,蘇*陵,備取,國立臺中科技大學,國立臺中科技大學財政稅務系,其他學校錄取,4,"國立勤益科技大學行銷與流通管理系(通過); 國立高雄科技大學運籌管理系(通過); 國立高雄科技大學行銷與流通管理系(通過); 國立臺中科技大學財政稅務系(備取,分發)"
CAND_2692,114,ncut_mkt,國立勤益科技大學,行銷與流通管理系(商管群),國立勤益科技大學 行銷與流通管理系(商管群),65090157,黄*妮,備取,—,—,未分發或放棄,1,國立勤益科技大學行銷與流通管理系(通過)
CAND_2693,114,ncut_mkt,國立勤益科技大學,行銷與流通管理系(商管群),國立勤益科技大學 行銷與流通管理系(商管群),65090217,江*叡,備取,國立高雄科技大學,國立高雄科技大學航運管理系,其他學校錄取,5,"國立勤益科技大學行銷與流通管理系(通過); 國立高雄科技大學運籌管理系(通過); 國立高雄科技大學航運管理系(正取,分發); 國立高雄科技大學商務資訊應用系(通過); 國立臺中科技大學會計資訊系(正取)"
CAND_2694,114,ncut_mkt,國立勤益科技大學,行銷與流通管理系(商管群),國立勤益科技大學 行銷與流通管理系(商管群),66090225,林*瑄,備取,—,—,未分發或放棄,3,國立勤益科技大學行銷與流通管理系(通過); 朝陽科技大學財務金融系(通過); 南臺科技大學財務金融系(通過)
CAND_2695,114,ncut_mkt,國立勤益科技大學,行銷與流通管理系(商管群),國立勤益科技大學 行銷與流通管理系(商管群),67090020,李*丞,備取,—,—,未分發或放棄,2,國立勤益科技大學行銷與流通管理系(通過); 國立虎尾科技大學應用外語系(通過)
CAND_2696,114,ncut_mkt,國立勤益科技大學,行銷與流通管理系(商管群),國立勤益科技大學 行銷與流通管理系(商管群),67090323,鄭*,備取,國立高雄科技大學,國立高雄科技大學航運管理系,其他學校錄取,6,"國立勤益科技大學行銷與流通管理系(通過); 國立高雄科技大學運籌管理系(通過); 國立高雄科技大學航運管理系(備取,分發); 國立高雄科技大學供應鏈管理系(通過); 國立臺中科技大學國際貿易與經營系(通過); 朝陽科技大學行銷與流通管理系(通過)"
CAND_2697,114,ncut_mkt,國立勤益科技大學,行銷與流通管理系(商管群),國立勤益科技大學 行銷與流通管理系(商管群),67090342,吳*,備取,國立高雄餐旅大學,國立高雄餐旅大學餐旅暨會展行銷管理系,其他學校錄取,5,"國立勤益科技大學行銷與流通管理系(通過); 國立高雄餐旅大學餐旅暨會展行銷管理系(正取,分發); 南臺科技大學行銷與流通管理系(通過); 明新科技大學行銷與流通管理系(通過); 致理科技大學行銷與流通管理系(通過)"
CAND_2698,114,ncut_mkt,國立勤益科技大學,行銷與流通管理系(商管群),國立勤益科技大學 行銷與流通管理系(商管群),67090351,黄*臻,備取,—,—,未分發或放棄,1,國立勤益科技大學行銷與流通管理系(通過)
CAND_2699,114,ncut_mkt,國立勤益科技大學,行銷與流通管理系(商管群),國立勤益科技大學 行銷與流通管理系(商管群),67090398,F*婕,備取,國立臺中科技大學,國立臺中科技大學財務金融系,其他學校錄取,2,"國立勤益科技大學行銷與流通管理系(通過); 國立臺中科技大學財務金融系(備取,分發)"
CAND_2700,114,ncut_mkt,國立勤益科技大學,行銷與流通管理系(商管群),國立勤益科技大學 行銷與流通管理系(商管群),68090076,吳*莉,備取,—,—,未分發或放棄,2,國立勤益科技大學行銷與流通管理系(通過); 靜宜大學行銷與數位經營管理學系(通過)
CAND_2701,114,ncut_mkt,國立勤益科技大學,行銷與流通管理系(商管群),國立勤益科技大學 行銷與流通管理系(商管群),68090417,郭*,備取,—,—,未分發或放棄,3,國立勤益科技大學行銷與流通管理系(通過); 國立屏東科技大學企業管理系(正取); 國立高雄餐旅大學餐旅暨會展行銷管理系(通過)
CAND_2702,114,ncut_mkt,國立勤益科技大學,行銷與流通管理系(商管群),國立勤益科技大學 行銷與流通管理系(商管群),68090706,*有,備取,國立高雄科技大學,國立高雄科技大學行銷與流通管理系,其他學校錄取,5,"國立勤益科技大學行銷與流通管理系(通過); 國立屏東科技大學企業管理系(通過); 國立高雄科技大學行銷與流通管理系(備取,分發); 國立高雄科技大學智慧商務系(備取); 國立臺中科技大學應用統計系(通過)"
CAND_2703,114,ncut_mkt,國立勤益科技大學,行銷與流通管理系(商管群),國立勤益科技大學 行銷與流通管理系(商管群),68530007,邱*潔,備取,—,—,未分發或放棄,4,國立勤益科技大學行銷與流通管理系(通過); 國立高雄科技大學人力資源發展系(通過); 國立高雄科技大學應用英語系(通過); 國立高雄科技大學應用日語系(通過)
CAND_2704,114,ncut_mkt,國立勤益科技大學,行銷與流通管理系(商管群),國立勤益科技大學 行銷與流通管理系(商管群),70090181,陳*瑜,備取,—,—,未分發或放棄,3,國立勤益科技大學行銷與流通管理系(通過); 國立高雄科技大學會計資訊系(正取); 國立臺中科技大學財政稅務系(正取)
CAND_2705,114,ncut_mkt,國立勤益科技大學,行銷與流通管理系(商管群),國立勤益科技大學 行銷與流通管理系(商管群),70090714,楊*,備取,國立高雄科技大學,國立高雄科技大學行銷與流通管理系,其他學校錄取,5,"國立勤益科技大學行銷與流通管理系(通過); 國立高雄科技大學行銷與流通管理系(正取,分發); 國立高雄科技大學人力資源發展系(正取); 國立臺中科技大學企業管理系(通過); 朝陽科技大學傳播藝術系(通過)"
CAND_2706,114,ncut_mkt,國立勤益科技大學,行銷與流通管理系(商管群),國立勤益科技大學 行銷與流通管理系(商管群),70090877,李*德,備取,—,—,未分發或放棄,3,國立勤益科技大學行銷與流通管理系(通過); 國立高雄科技大學航運管理系(通過); 國立虎尾科技大學財務金融系(通過)
CAND_2707,114,ncut_mkt,國立勤益科技大學,行銷與流通管理系(商管群),國立勤益科技大學 行銷與流通管理系(商管群),71090235,黄*縯,備取,國立臺中科技大學,國立臺中科技大學流通管理系,其他學校錄取,4,"國立勤益科技大學行銷與流通管理系(通過); 國立高雄科技大學運籌管理系(正取); 國立臺中科技大學流通管理系(正取,分發); 國立臺北商業大學商業設計管理系(桃園校區)(正取)"
CAND_2708,114,ncut_mkt,國立勤益科技大學,行銷與流通管理系(商管群),國立勤益科技大學 行銷與流通管理系(商管群),75090115,侯*,備取,國立臺中科技大學,國立臺中科技大學財務金融系,其他學校錄取,3,"國立勤益科技大學行銷與流通管理系(通過); 國立高雄科技大學財務管理系(正取); 國立臺中科技大學財務金融系(正取,分發)"
CAND_2709,114,ncut_mkt,國立勤益科技大學,行銷與流通管理系(英語類),國立勤益科技大學 行銷與流通管理系(英語類),67090172,黄*淳,正取,—,—,未分發或放棄,1,國立勤益科技大學行銷與流通管理系(正取)
CAND_2710,114,ncut_mkt,國立勤益科技大學,行銷與流通管理系(英語類),國立勤益科技大學 行銷與流通管理系(英語類),61090932,*媗,正取,—,—,未分發或放棄,4,國立勤益科技大學行銷與流通管理系(正取); 國立臺中科技大學應用統計系(備取); 朝陽科技大學工業工程與管理系(正取); 國立聯合大學資訊管理學系(通過)
CAND_2711,114,ncut_mkt,國立勤益科技大學,行銷與流通管理系(英語類),國立勤益科技大學 行銷與流通管理系(英語類),57090601,鄧*榛,正取,逢甲大學,逢甲大學合作經濟暨社會事業經營學系,其他學校錄取,5,"國立勤益科技大學行銷與流通管理系(正取); 國立高雄科技大學人力資源發展系(通過); 國立高雄科技大學文化創意產業系(通過); 致理科技大學國際貿易系(通過); 逢甲大學合作經濟暨社會事業經營學系(正取,分發)"
CAND_2712,114,ncut_mkt,國立勤益科技大學,行銷與流通管理系(英語類),國立勤益科技大學 行銷與流通管理系(英語類),58090113,鄭*,正取,國立高雄科技大學,國立高雄科技大學行銷與流通管理系,其他學校錄取,4,"國立勤益科技大學行銷與流通管理系(正取); 國立高雄科技大學行銷與流通管理系(正取,分發); 國立虎尾科技大學企業管理系(正取); 國立臺中科技大學國際貿易與經營系(正取)"
CAND_2713,114,ncut_mkt,國立勤益科技大學,行銷與流通管理系(英語類),國立勤益科技大學 行銷與流通管理系(英語類),57090410,鄒*,正取,國立勤益科技大學,國立勤益科技大學行銷與流通管理系,原校系/本校留任,3,"國立勤益科技大學行銷與流通管理系(正取,分發); 國立屏東科技大學企業管理系(通過); 國立屏東大學不動產經營學系(通過)"
CAND_2714,114,ncut_mkt,國立勤益科技大學,行銷與流通管理系(英語類),國立勤益科技大學 行銷與流通管理系(英語類),61091229,—,正取,國立勤益科技大學,國立勤益科技大學行銷與流通管理系,原校系/本校留任,3,"國立勤益科技大學行銷與流通管理系(正取,分發); 國立臺中科技大學保險金融管理系(備取); 逢甲大學合作經濟暨社會事業經營學系(備取)"
CAND_2715,114,ncut_mkt,國立勤益科技大學,行銷與流通管理系(英語類),國立勤益科技大學 行銷與流通管理系(英語類),57090067,李*彤,正取,國立勤益科技大學,國立勤益科技大學行銷與流通管理系,原校系/本校留任,2,"國立勤益科技大學行銷與流通管理系(正取,分發); 國立高雄科技大學觀光管理系(通過)"
CAND_2716,114,ncut_mkt,國立勤益科技大學,行銷與流通管理系(英語類),國立勤益科技大學 行銷與流通管理系(英語類),65090127,陳*羽,正取,國立臺中科技大學,國立臺中科技大學流通管理系,其他學校錄取,4,"國立勤益科技大學行銷與流通管理系(正取); 國立高雄科技大學商務資訊應用系(資安人才)(正取); 國立臺中科技大學流通管理系(正取,分發); 朝陽科技大學資訊管理系數位多媒體組(備取)"
CAND_2717,114,ncut_mkt,國立勤益科技大學,行銷與流通管理系(英語類),國立勤益科技大學 行銷與流通管理系(英語類),57090610,李*陽,正取,國立勤益科技大學,國立勤益科技大學行銷與流通管理系,原校系/本校留任,2,"國立勤益科技大學行銷與流通管理系(正取,分發); 靜宜大學法律學系(通過)"
CAND_2718,114,ncut_mkt,國立勤益科技大學,行銷與流通管理系(英語類),國立勤益科技大學 行銷與流通管理系(英語類),57090957,陳*昀,正取,逢甲大學,逢甲大學國際經營與貿易學系,其他學校錄取,5,"國立勤益科技大學行銷與流通管理系(正取); 國立高雄科技大學會計資訊系(通過); 國立高雄科技大學財政稅務系(通過); 國立臺中科技大學國際貿易與經營系(正取); 逢甲大學國際經營與貿易學系(正取,分發)"
CAND_2719,114,ncut_mkt,國立勤益科技大學,行銷與流通管理系(英語類),國立勤益科技大學 行銷與流通管理系(英語類),57090571,陳*淩,正取,國立勤益科技大學,國立勤益科技大學行銷與流通管理系,原校系/本校留任,2,"國立勤益科技大學行銷與流通管理系(正取,分發); 致理科技大學行銷與流通管理系(通過)"
CAND_2720,114,ncut_mkt,國立勤益科技大學,行銷與流通管理系(英語類),國立勤益科技大學 行銷與流通管理系(英語類),61090292,林*臻,正取,國立勤益科技大學,國立勤益科技大學行銷與流通管理系,原校系/本校留任,4,"國立勤益科技大學行銷與流通管理系(正取,分發); 弘光科技大學護理系(通過); 僑光科技大學財務金融系(通過); 靜宜大學會計學系(通過)"
CAND_2721,114,ncut_mkt,國立勤益科技大學,行銷與流通管理系(英語類),國立勤益科技大學 行銷與流通管理系(英語類),60090221,林*璇,正取,國立臺中科技大學,國立臺中科技大學應用統計系,其他學校錄取,3,"國立勤益科技大學行銷與流通管理系(正取); 國立臺中科技大學應用統計系(正取,分發); 朝陽科技大學財務金融系(通過)"
CAND_2722,114,ncut_mkt,國立勤益科技大學,行銷與流通管理系(英語類),國立勤益科技大學 行銷與流通管理系(英語類),61091398,江*頡,正取,逢甲大學,逢甲大學會計學系,其他學校錄取,4,"國立勤益科技大學行銷與流通管理系(正取); 逢甲大學會計學系(備取,分發); 靜宜大學財務金融學系(正取); 亞洲大學會計與資訊學系(正取)"
CAND_2723,114,ncut_mkt,國立勤益科技大學,行銷與流通管理系(英語類),國立勤益科技大學 行銷與流通管理系(英語類),57090141,鄒*筑,正取,國立臺中科技大學,國立臺中科技大學流通管理系,其他學校錄取,4,"國立勤益科技大學行銷與流通管理系(正取); 國立臺中科技大學流通管理系(備取,分發); 致理科技大學財務金融系(通過); 逢甲大學國際經營與貿易學系(通過)"
CAND_2724,114,ncut_mkt,國立勤益科技大學,行銷與流通管理系(英語類),國立勤益科技大學 行銷與流通管理系(英語類),64090038,黄*雅,正取,國立勤益科技大學,國立勤益科技大學行銷與流通管理系,原校系/本校留任,2,"國立勤益科技大學行銷與流通管理系(正取,分發); 朝陽科技大學行銷與流通管理系(通過)"
CAND_2725,114,ncut_mkt,國立勤益科技大學,行銷與流通管理系(英語類),國立勤益科技大學 行銷與流通管理系(英語類),68090610,黄*私,正取,國立高雄科技大學,國立高雄科技大學行銷與流通管理系,其他學校錄取,4,"國立勤益科技大學行銷與流通管理系(正取); 國立高雄科技大學行銷與流通管理系(正取,分發); 國立高雄科技大學供應鏈管理系(正取); 國立臺中科技大學財政稅務系(通過)"
CAND_2726,114,ncut_mkt,國立勤益科技大學,行銷與流通管理系(英語類),國立勤益科技大學 行銷與流通管理系(英語類),59090007,陳*,正取,國立臺中科技大學,國立臺中科技大學人工智慧應用工程學士學位學程,其他學校錄取,2,"國立勤益科技大學行銷與流通管理系(正取); 國立臺中科技大學人工智慧應用工程學士學位學程(備取,分發)"
CAND_2727,114,ncut_mkt,國立勤益科技大學,行銷與流通管理系(英語類),國立勤益科技大學 行銷與流通管理系(英語類),57090566,沈*庭,正取,—,—,未分發或放棄,3,國立勤益科技大學行銷與流通管理系(正取); 朝陽科技大學行銷與流通管理系(通過); 致理科技大學行銷與流通管理系(通過)
CAND_2728,114,ncut_mkt,國立勤益科技大學,行銷與流通管理系(英語類),國立勤益科技大學 行銷與流通管理系(英語類),57090125,陳*伊,正取,逢甲大學,逢甲大學合作經濟暨社會事業經營學系,其他學校錄取,2,"國立勤益科技大學行銷與流通管理系(正取); 逢甲大學合作經濟暨社會事業經營學系(備取,分發)"
CAND_2729,114,ncut_mkt,國立勤益科技大學,行銷與流通管理系(英語類),國立勤益科技大學 行銷與流通管理系(英語類),52090072,維*,正取,國立高雄科技大學,國立高雄科技大學風險管理與保險系,其他學校錄取,2,"國立勤益科技大學行銷與流通管理系(正取); 國立高雄科技大學風險管理與保險系(正取,分發)"
CAND_2730,114,ncut_mkt,國立勤益科技大學,行銷與流通管理系(英語類),國立勤益科技大學 行銷與流通管理系(英語類),57090550,翁*木,正取,國立勤益科技大學,國立勤益科技大學行銷與流通管理系,原校系/本校留任,4,"國立勤益科技大學行銷與流通管理系(正取,分發); 國立高雄科技大學智慧商務系(通過); 國立高雄科技大學航運技術系(通過); 國立臺中科技大學應用統計系(備取)"
CAND_2731,114,ncut_mkt,國立勤益科技大學,行銷與流通管理系(英語類),國立勤益科技大學 行銷與流通管理系(英語類),61090496,潘*恩,正取,國立勤益科技大學,國立勤益科技大學行銷與流通管理系,原校系/本校留任,2,"國立勤益科技大學行銷與流通管理系(正取,分發); 朝陽科技大學財務金融系(備取)"
CAND_2732,114,ncut_mkt,國立勤益科技大學,行銷與流通管理系(英語類),國立勤益科技大學 行銷與流通管理系(英語類),65090349,余*綺,正取,國立勤益科技大學,國立勤益科技大學行銷與流通管理系,原校系/本校留任,1,"國立勤益科技大學行銷與流通管理系(正取,分發)"
CAND_2733,114,ncut_mkt,國立勤益科技大學,行銷與流通管理系(英語類),國立勤益科技大學 行銷與流通管理系(英語類),57090193,胡*,備取,國立勤益科技大學,國立勤益科技大學行銷與流通管理系,原校系/本校留任,3,"國立勤益科技大學行銷與流通管理系(備取,分發); 國立虎尾科技大學應用外語系(通過); 國立屏東大學商業大數據學系(通過)"
CAND_2734,114,ncut_mkt,國立勤益科技大學,行銷與流通管理系(英語類),國立勤益科技大學 行銷與流通管理系(英語類),57090523,陳*,備取,國立勤益科技大學,國立勤益科技大學行銷與流通管理系,原校系/本校留任,2,"國立勤益科技大學行銷與流通管理系(備取,分發); 靜宜大學法律學系(通過)"
CAND_2735,114,ncut_mkt,國立勤益科技大學,行銷與流通管理系(英語類),國立勤益科技大學 行銷與流通管理系(英語類),68090535,盧*木,備取,國立臺中科技大學,國立臺中科技大學流通管理系,其他學校錄取,3,"國立勤益科技大學行銷與流通管理系(備取); 國立屏東科技大學工業管理系(正取); 國立臺中科技大學流通管理系(備取,分發)"
CAND_2736,114,ncut_mkt,國立勤益科技大學,行銷與流通管理系(英語類),國立勤益科技大學 行銷與流通管理系(英語類),60090161,陳*綾,備取,國立臺中科技大學,國立臺中科技大學流通管理系,其他學校錄取,5,"國立勤益科技大學行銷與流通管理系(備取); 國立虎尾科技大學企業管理系(備取); 國立臺中科技大學流通管理系(正取,分發); 銘傳大學企業管理學系(台北校區)(備取); 銘傳大學國際企業學系(台北校區)(備取)"
CAND_2737,114,ncut_mkt,國立勤益科技大學,行銷與流通管理系(英語類),國立勤益科技大學 行銷與流通管理系(英語類),57090662,葉*廷,備取,國立勤益科技大學,國立勤益科技大學行銷與流通管理系,原校系/本校留任,3,"國立勤益科技大學行銷與流通管理系(備取,分發); 國立屏東科技大學工業管理系(備取); 銘傳大學國際企業學系(台北校區)(備取)"
CAND_2738,114,ncut_mkt,國立勤益科技大學,行銷與流通管理系(英語類),國立勤益科技大學 行銷與流通管理系(英語類),60530026,陳*伶,備取,國立勤益科技大學,國立勤益科技大學行銷與流通管理系,原校系/本校留任,2,"國立勤益科技大學行銷與流通管理系(備取,分發); 國立高雄科技大學風險管理與保險系(通過)"
CAND_2739,114,ncut_mkt,國立勤益科技大學,行銷與流通管理系(英語類),國立勤益科技大學 行銷與流通管理系(英語類),70090215,潘*瑜,備取,國立勤益科技大學,國立勤益科技大學行銷與流通管理系,原校系/本校留任,3,"國立勤益科技大學行銷與流通管理系(備取,分發); 國立屏東大學商業大數據學系(通過); 國立屏東大學行銷與流通管理學系(備取)"
CAND_2740,114,ncut_mkt,國立勤益科技大學,行銷與流通管理系(英語類),國立勤益科技大學 行銷與流通管理系(英語類),57090893,*永,備取,國立勤益科技大學,國立勤益科技大學行銷與流通管理系,原校系/本校留任,3,"國立勤益科技大學行銷與流通管理系(備取,分發); 國立虎尾科技大學應用外語系(通過); 國立臺中科技大學應用中文系(備取)"
CAND_2741,114,ncut_mkt,國立勤益科技大學,行銷與流通管理系(英語類),國立勤益科技大學 行銷與流通管理系(英語類),57090142,張*婷,備取,國立勤益科技大學,國立勤益科技大學行銷與流通管理系,原校系/本校留任,3,"國立勤益科技大學行銷與流通管理系(備取,分發); 國立虎尾科技大學企業管理系(備取); 銘傳大學國際企業學系(台北校區)(備取)"
CAND_2742,114,ncut_mkt,國立勤益科技大學,行銷與流通管理系(英語類),國立勤益科技大學 行銷與流通管理系(英語類),64090261,陳*妍,備取,國立勤益科技大學,國立勤益科技大學行銷與流通管理系,原校系/本校留任,3,"國立勤益科技大學行銷與流通管理系(備取,分發); 朝陽科技大學行銷與流通管理系(正取); 靜宜大學行銷與數位經營管理學系(正取)"
CAND_2743,114,ncut_mkt,國立勤益科技大學,行銷與流通管理系(英語類),國立勤益科技大學 行銷與流通管理系(英語類),61090288,徐*女,備取,國立勤益科技大學,國立勤益科技大學行銷與流通管理系,原校系/本校留任,2,"國立勤益科技大學行銷與流通管理系(備取,分發); 靜宜大學國際企業學系(正取)"
CAND_2744,114,ncut_mkt,國立勤益科技大學,行銷與流通管理系(英語類),國立勤益科技大學 行銷與流通管理系(英語類),61091631,徐*晴,備取,國立勤益科技大學,國立勤益科技大學行銷與流通管理系,原校系/本校留任,2,"國立勤益科技大學行銷與流通管理系(備取,分發); 朝陽科技大學行銷與流通管理系(備取)"
CAND_2745,114,ncut_mkt,國立勤益科技大學,行銷與流通管理系(英語類),國立勤益科技大學 行銷與流通管理系(英語類),56090310,莫*鈞,備取,國立勤益科技大學,國立勤益科技大學行銷與流通管理系,原校系/本校留任,4,"國立勤益科技大學行銷與流通管理系(備取,分發); 朝陽科技大學行銷與流通管理系(通過); 致理科技大學應用日語系(通過); 國立屏東大學應用日語學系(通過)"
CAND_2746,114,ncut_mkt,國立勤益科技大學,行銷與流通管理系(英語類),國立勤益科技大學 行銷與流通管理系(英語類),60090105,邱*屏,備取,國立勤益科技大學,國立勤益科技大學行銷與流通管理系,原校系/本校留任,6,"國立勤益科技大學行銷與流通管理系(備取,分發); 南臺科技大學財務金融系(通過); 國立屏東大學國際經營與貿易學系(通過); 靜宜大學行銷與數位經營管理學系(備取); 靜宜大學國際企業學系(正取); 銘傳大學國際企業學系(台北校區)(備取)"
CAND_2747,114,ncut_mkt,國立勤益科技大學,行銷與流通管理系(英語類),國立勤益科技大學 行銷與流通管理系(英語類),57090801,江*綺,備取,國立勤益科技大學,國立勤益科技大學行銷與流通管理系,原校系/本校留任,1,"國立勤益科技大學行銷與流通管理系(備取,分發)"
CAND_2748,114,ncut_mkt,國立勤益科技大學,行銷與流通管理系(英語類),國立勤益科技大學 行銷與流通管理系(英語類),58540013,彭*永,備取,國立勤益科技大學,國立勤益科技大學行銷與流通管理系,原校系/本校留任,4,"國立勤益科技大學行銷與流通管理系(備取,分發); 國立臺中科技大學流通管理系(備取); 國立聯合大學資訊管理學系(備取); 銘傳大學財務金融學系(台北校區)(正取)"
CAND_2749,114,ncut_mkt,國立勤益科技大學,行銷與流通管理系(英語類),國立勤益科技大學 行銷與流通管理系(英語類),58530026,—,備取,明新科技大學,明新科技大學財務金融系創意行銷組,其他學校錄取,5,"國立勤益科技大學行銷與流通管理系(備取); 朝陽科技大學飛行與民航人員技術系(通過); 明新科技大學企業管理系(正取); 明新科技大學財務金融系創意行銷組(正取,分發); 致理科技大學國際貿易系(通過)"
CAND_2750,114,ncut_mkt,國立勤益科技大學,行銷與流通管理系(英語類),國立勤益科技大學 行銷與流通管理系(英語類),57090149,張*語,備取,朝陽科技大學,朝陽科技大學財務金融系,其他學校錄取,4,"國立勤益科技大學行銷與流通管理系(備取); 國立高雄科技大學商務資訊應用系(資安人才)(通過); 朝陽科技大學財務金融系(備取,分發); 國立屏東大學商業大數據學系(通過)"
CAND_2751,114,ncut_mkt,國立勤益科技大學,行銷與流通管理系(英語類),國立勤益科技大學 行銷與流通管理系(英語類),61530002,吳*女,備取,—,—,未分發或放棄,2,國立勤益科技大學行銷與流通管理系(備取); 國立澎湖科技大學資訊管理系(通過)
CAND_2752,114,ncut_mkt,國立勤益科技大學,行銷與流通管理系(英語類),國立勤益科技大學 行銷與流通管理系(英語類),61091647,李*叡,備取,—,—,未分發或放棄,4,國立勤益科技大學行銷與流通管理系(備取); 國立虎尾科技大學工業管理系(通過); 國立臺中科技大學保險金融管理系(備取); 國立屏東大學企業管理學系(通過)
CAND_2753,114,ncut_mkt,國立勤益科技大學,行銷與流通管理系(英語類),國立勤益科技大學 行銷與流通管理系(英語類),52090279,林*宏,備取,致理科技大學,致理科技大學商務科技管理系,其他學校錄取,4,"國立勤益科技大學行銷與流通管理系(備取); 致理科技大學商務科技管理系(備取,分發); 亞東科技大學資訊管理系(通過); 亞東科技大學行銷與流通管理系(通過)"
CAND_2754,114,ncut_mkt,國立勤益科技大學,行銷與流通管理系(英語類),國立勤益科技大學 行銷與流通管理系(英語類),61091331,李*澄,備取,—,—,未分發或放棄,2,國立勤益科技大學行銷與流通管理系(備取); 朝陽科技大學財務金融系(通過)
CAND_2755,114,ncut_mkt,國立勤益科技大學,行銷與流通管理系(英語類),國立勤益科技大學 行銷與流通管理系(英語類),68090068,郭*,備取,朝陽科技大學,朝陽科技大學航空運務系,其他學校錄取,2,"國立勤益科技大學行銷與流通管理系(備取); 朝陽科技大學航空運務系(備取,分發)"
CAND_2756,114,ncut_mkt,國立勤益科技大學,行銷與流通管理系(英語類),國立勤益科技大學 行銷與流通管理系(英語類),70090262,—,備取,—,—,未分發或放棄,1,國立勤益科技大學行銷與流通管理系(備取)
CAND_2757,114,ncut_mkt,國立勤益科技大學,行銷與流通管理系(英語類),國立勤益科技大學 行銷與流通管理系(英語類),61091326,李*軒,備取,亞洲大學,亞洲大學財務金融學系,其他學校錄取,3,"國立勤益科技大學行銷與流通管理系(備取); 朝陽科技大學財務金融系(正取); 亞洲大學財務金融學系(正取,分發)"
CAND_2758,114,ncut_mkt,國立勤益科技大學,行銷與流通管理系(英語類),國立勤益科技大學 行銷與流通管理系(英語類),61091595,郭*賢,備取,—,—,未分發或放棄,4,國立勤益科技大學行銷與流通管理系(備取); 國立澎湖科技大學資訊管理系(通過); 國立臺中科技大學應用中文系(通過); 朝陽科技大學資訊管理系資訊管理組(通過)
CAND_2759,114,ncut_mkt,國立勤益科技大學,行銷與流通管理系(英語類),國立勤益科技大學 行銷與流通管理系(英語類),52090278,張*豪,備取,—,—,未分發或放棄,4,國立勤益科技大學行銷與流通管理系(通過); 明志科技大學經營管理系(通過); 致理科技大學行銷與流通管理系(通過); 銘傳大學國際企業學系(台北校區)(通過)
CAND_2760,114,ncut_mkt,國立勤益科技大學,行銷與流通管理系(英語類),國立勤益科技大學 行銷與流通管理系(英語類),56090446,*煜,備取,致理科技大學,致理科技大學行銷與流通管理系,其他學校錄取,4,"國立勤益科技大學行銷與流通管理系(通過); 國立臺北護理健康大學健康事業管理系(備取); 朝陽科技大學行銷與流通管理系(備取); 致理科技大學行銷與流通管理系(正取,分發)"
CAND_2761,114,ncut_mkt,國立勤益科技大學,行銷與流通管理系(英語類),國立勤益科技大學 行銷與流通管理系(英語類),57090056,胡*,備取,—,—,未分發或放棄,3,國立勤益科技大學行銷與流通管理系(通過); 國立臺中科技大學應用統計系(通過); 朝陽科技大學企業管理系(通過)
CAND_2762,114,ncut_mkt,國立勤益科技大學,行銷與流通管理系(英語類),國立勤益科技大學 行銷與流通管理系(英語類),57090182,張*,備取,—,—,未分發或放棄,2,國立勤益科技大學行銷與流通管理系(通過); 國立高雄科技大學供應鏈管理系(通過)
CAND_2763,114,ncut_mkt,國立勤益科技大學,行銷與流通管理系(英語類),國立勤益科技大學 行銷與流通管理系(英語類),57090281,徐*恩,備取,國立臺中科技大學,國立臺中科技大學應用統計系,其他學校錄取,3,"國立勤益科技大學行銷與流通管理系(通過); 國立臺中科技大學應用統計系(正取,分發); 國立屏東大學商業大數據學系(通過)"
CAND_2764,114,ncut_mkt,國立勤益科技大學,行銷與流通管理系(英語類),國立勤益科技大學 行銷與流通管理系(英語類),57090361,許*,備取,—,—,未分發或放棄,1,國立勤益科技大學行銷與流通管理系(通過)
CAND_2765,114,ncut_mkt,國立勤益科技大學,行銷與流通管理系(英語類),國立勤益科技大學 行銷與流通管理系(英語類),57090398,林*,備取,—,—,未分發或放棄,4,國立勤益科技大學行銷與流通管理系(通過); 國立屏東科技大學資訊管理系(通過); 國立高雄科技大學會計資訊系(通過); 國立臺中科技大學保險金融管理系(備取)
CAND_2766,114,ncut_mkt,國立勤益科技大學,行銷與流通管理系(英語類),國立勤益科技大學 行銷與流通管理系(英語類),57090630,陳*軒,備取,—,—,未分發或放棄,3,國立勤益科技大學行銷與流通管理系(通過); 國立臺中科技大學應用統計系(備取); 朝陽科技大學財務金融系(通過)
CAND_2767,114,ncut_mkt,國立勤益科技大學,行銷與流通管理系(英語類),國立勤益科技大學 行銷與流通管理系(英語類),57090705,*語,備取,致理科技大學,致理科技大學財務金融系,其他學校錄取,3,"國立勤益科技大學行銷與流通管理系(通過); 致理科技大學財務金融系(正取,分發); 銘傳大學國際企業學系(台北校區)(備取)"
CAND_2768,114,ncut_mkt,國立勤益科技大學,行銷與流通管理系(英語類),國立勤益科技大學 行銷與流通管理系(英語類),57090760,黄*,備取,—,—,未分發或放棄,5,國立勤益科技大學行銷與流通管理系(通過); 國立屏東科技大學工業管理系(通過); 國立高雄科技大學商務資訊應用系(資安人才)(通過); 國立聯合大學資訊管理學系(通過); 國立金門大學企業管理學系(通過)
CAND_2769,114,ncut_mkt,國立勤益科技大學,行銷與流通管理系(英語類),國立勤益科技大學 行銷與流通管理系(英語類),58090136,李*,備取,國立高雄科技大學,國立高雄科技大學智慧商務系,其他學校錄取,3,"國立勤益科技大學行銷與流通管理系(通過); 國立高雄科技大學智慧商務系(備取,分發); 國立虎尾科技大學企業管理系(備取)"
CAND_2770,114,ncut_mkt,國立勤益科技大學,行銷與流通管理系(英語類),國立勤益科技大學 行銷與流通管理系(英語類),59090265,鄭*菁,備取,國立臺中科技大學,國立臺中科技大學應用中文系,其他學校錄取,2,"國立勤益科技大學行銷與流通管理系(通過); 國立臺中科技大學應用中文系(正取,分發)"
CAND_2771,114,ncut_mkt,國立勤益科技大學,行銷與流通管理系(英語類),國立勤益科技大學 行銷與流通管理系(英語類),59090360,朱*,備取,致理科技大學,致理科技大學應用英語系,其他學校錄取,3,"國立勤益科技大學行銷與流通管理系(通過); 朝陽科技大學幼兒保育系(通過); 致理科技大學應用英語系(正取,分發)"
CAND_2772,114,ncut_mkt,國立勤益科技大學,行銷與流通管理系(英語類),國立勤益科技大學 行銷與流通管理系(英語類),61090583,吳*廷,備取,國立臺中科技大學,國立臺中科技大學會計資訊系,其他學校錄取,4,"國立勤益科技大學行銷與流通管理系(通過); 國立高雄科技大學會計資訊系(備取); 國立高雄科技大學金融資訊系(備取); 國立臺中科技大學會計資訊系(備取,分發)"
CAND_2773,114,ncut_mkt,國立勤益科技大學,行銷與流通管理系(英語類),國立勤益科技大學 行銷與流通管理系(英語類),61090695,林*佑,備取,—,—,未分發或放棄,3,國立勤益科技大學行銷與流通管理系(通過); 國立高雄科技大學商務資訊應用系(資安人才)(通過); 國立臺中科技大學應用統計系(備取)
CAND_2774,114,ncut_mkt,國立勤益科技大學,行銷與流通管理系(英語類),國立勤益科技大學 行銷與流通管理系(英語類),61090896,—,備取,—,—,未分發或放棄,3,國立勤益科技大學行銷與流通管理系(通過); 國立臺中科技大學保險金融管理系(備取); 亞洲大學財務金融學系(通過)
CAND_2775,114,ncut_mkt,國立勤益科技大學,行銷與流通管理系(英語類),國立勤益科技大學 行銷與流通管理系(英語類),61091339,*穎,備取,國立臺中科技大學,國立臺中科技大學保險金融管理系,其他學校錄取,5,"國立勤益科技大學行銷與流通管理系(通過); 國立高雄科技大學運籌管理系(通過); 國立高雄科技大學行銷與流通管理系(通過); 國立高雄科技大學風險管理與保險系(正取); 國立臺中科技大學保險金融管理系(正取,分發)"
CAND_2776,114,ncut_mkt,國立勤益科技大學,行銷與流通管理系(英語類),國立勤益科技大學 行銷與流通管理系(英語類),65090038,江*,備取,國立高雄科技大學,國立高雄科技大學商務資訊應用系(資安人才),其他學校錄取,2,"國立勤益科技大學行銷與流通管理系(通過); 國立高雄科技大學商務資訊應用系(資安人才)(備取,分發)"
CAND_2777,114,ncut_mkt,國立勤益科技大學,行銷與流通管理系(英語類),國立勤益科技大學 行銷與流通管理系(英語類),67090399,黄*慈,備取,朝陽科技大學,朝陽科技大學資訊管理系資訊管理組,其他學校錄取,5,"國立勤益科技大學行銷與流通管理系(通過); 國立高雄科技大學商務資訊應用系(資安人才)(備取); 國立臺中科技大學資訊管理系(資安人才)(備取); 朝陽科技大學資訊管理系資訊管理組(備取,分發); 亞洲大學人工智慧學系(備取)"
CAND_2778,114,ncut_mkt,國立勤益科技大學,行銷與流通管理系(英語類),國立勤益科技大學 行銷與流通管理系(英語類),68090490,*昇,備取,—,—,未分發或放棄,2,國立勤益科技大學行銷與流通管理系(通過); 國立屏東大學行銷與流通管理學系(通過)
CAND_2779,114,ncut_mkt,國立勤益科技大學,行銷與流通管理系(英語類),國立勤益科技大學 行銷與流通管理系(英語類),68090558,葵*妍,備取,國立高雄科技大學,國立高雄科技大學人力資源發展系,其他學校錄取,2,"國立勤益科技大學行銷與流通管理系(通過); 國立高雄科技大學人力資源發展系(備取,分發)"
CAND_2780,114,ncut_mkt,國立勤益科技大學,行銷與流通管理系(英語類),國立勤益科技大學 行銷與流通管理系(英語類),68090594,林*均,備取,國立高雄科技大學,國立高雄科技大學商務資訊應用系(資安人才),其他學校錄取,2,"國立勤益科技大學行銷與流通管理系(通過); 國立高雄科技大學商務資訊應用系(資安人才)(備取,分發)"
CAND_2781,114,ncut_mkt,國立勤益科技大學,行銷與流通管理系(英語類),國立勤益科技大學 行銷與流通管理系(英語類),68530009,張*旎,備取,—,—,未分發或放棄,2,國立勤益科技大學行銷與流通管理系(通過); 國立屏東大學國際經營與貿易學系(通過)
CAND_2782,114,ncut_mkt,國立勤益科技大學,行銷與流通管理系(英語類),國立勤益科技大學 行銷與流通管理系(英語類),70090063,張*,備取,國立臺中科技大學,國立臺中科技大學保險金融管理系,其他學校錄取,2,"國立勤益科技大學行銷與流通管理系(通過); 國立臺中科技大學保險金融管理系(正取,分發)"
CAND_2783,115,ncut_mkt,國立勤益科技大學,行銷與流通管理系(商管群),國立勤益科技大學 行銷與流通管理系(商管群),52090169,黄*依,正取,國立高雄科技大學,國立高雄科技大學運籌管理系,其他學校錄取,2,"國立勤益科技大學行銷與流通管理系(正取); 國立高雄科技大學運籌管理系(正取,分發)"
CAND_2784,115,ncut_mkt,國立勤益科技大學,行銷與流通管理系(商管群),國立勤益科技大學 行銷與流通管理系(商管群),64090300,陳*永,正取,國立臺中科技大學,國立臺中科技大學國際貿易與經營系,其他學校錄取,6,"國立勤益科技大學行銷與流通管理系(正取); 國立虎尾科技大學企業管理系(正取); 國立虎尾科技大學財務金融系(正取); 國立臺中科技大學國際貿易與經營系(正取,分發); 逢甲大學會計學系(正取); 靜宜大學國際企業學系(正取)"
CAND_2785,115,ncut_mkt,國立勤益科技大學,行銷與流通管理系(商管群),國立勤益科技大學 行銷與流通管理系(商管群),61090068,許*芮,正取,國立勤益科技大學,國立勤益科技大學行銷與流通管理系,原校系/本校留任,4,"國立勤益科技大學行銷與流通管理系(正取,分發); 國立高雄科技大學人力資源發展系(通過); 國立高雄科技大學航運管理系(備取); 國立虎尾科技大學應用外語系(備取)"
CAND_2786,115,ncut_mkt,國立勤益科技大學,行銷與流通管理系(商管群),國立勤益科技大學 行銷與流通管理系(商管群),64090032,楊*琦,正取,—,—,未分發或放棄,6,國立勤益科技大學行銷與流通管理系(正取); 國立臺中科技大學應用統計系(正取); 中臺科技大學行銷管理系(通過); 僑光科技大學行銷與流通管理系(備取); 靜宜大學行銷與數位經營管理學系(正取); 靜宜大學財務金融學系(正取)
CAND_2787,115,ncut_mkt,國立勤益科技大學,行銷與流通管理系(商管群),國立勤益科技大學 行銷與流通管理系(商管群),57090851,陳*媗,正取,國立勤益科技大學,國立勤益科技大學行銷與流通管理系,原校系/本校留任,2,"國立勤益科技大學行銷與流通管理系(正取,分發); 逢甲大學合作經濟暨社會事業經營學系(備取)"
CAND_2788,115,ncut_mkt,國立勤益科技大學,行銷與流通管理系(商管群),國立勤益科技大學 行銷與流通管理系(商管群),58090275,郭*,正取,國立勤益科技大學,國立勤益科技大學行銷與流通管理系,原校系/本校留任,5,"國立勤益科技大學行銷與流通管理系(正取,分發); 國立高雄科技大學國際企業系(備取); 國立高雄科技大學風險管理與保險系(正取); 國立高雄科技大學供應鏈管理系(正取); 致理科技大學國際貿易系(通過)"
CAND_2789,115,ncut_mkt,國立勤益科技大學,行銷與流通管理系(商管群),國立勤益科技大學 行銷與流通管理系(商管群),51090074,張*元,正取,國立勤益科技大學,國立勤益科技大學行銷與流通管理系,原校系/本校留任,4,"國立勤益科技大學行銷與流通管理系(正取,分發); 國立臺中科技大學流通管理系(正取); 朝陽科技大學行銷與流通管理系(通過); 致理科技大學行銷與流通管理系(通過)"
CAND_2790,115,ncut_mkt,國立勤益科技大學,行銷與流通管理系(商管群),國立勤益科技大學 行銷與流通管理系(商管群),62090095,林*,正取,國立勤益科技大學,國立勤益科技大學行銷與流通管理系,原校系/本校留任,2,"國立勤益科技大學行銷與流通管理系(正取,分發); 朝陽科技大學行銷與流通管理系(通過)"
CAND_2791,115,ncut_mkt,國立勤益科技大學,行銷與流通管理系(商管群),國立勤益科技大學 行銷與流通管理系(商管群),57090086,陳*璇,正取,國立臺中科技大學,國立臺中科技大學財政稅務系,其他學校錄取,4,"國立勤益科技大學行銷與流通管理系(正取); 國立臺中科技大學財政稅務系(備取,分發); 逢甲大學合作經濟暨社會事業經營學系(正取); 銘傳大學會計學系(台北校區)(備取)"
CAND_2792,115,ncut_mkt,國立勤益科技大學,行銷與流通管理系(商管群),國立勤益科技大學 行銷與流通管理系(商管群),71090083,李*,正取,—,—,未分發或放棄,2,國立勤益科技大學行銷與流通管理系(正取); 國立屏東大學國際經營與貿易學系(正取)
CAND_2793,115,ncut_mkt,國立勤益科技大學,行銷與流通管理系(商管群),國立勤益科技大學 行銷與流通管理系(商管群),57090665,李*,正取,國立勤益科技大學,國立勤益科技大學行銷與流通管理系,原校系/本校留任,1,"國立勤益科技大學行銷與流通管理系(正取,分發)"
CAND_2794,115,ncut_mkt,國立勤益科技大學,行銷與流通管理系(商管群),國立勤益科技大學 行銷與流通管理系(商管群),63090442,蕭*J,正取,國立勤益科技大學,國立勤益科技大學行銷與流通管理系,原校系/本校留任,3,"國立勤益科技大學行銷與流通管理系(正取,分發); 國立高雄科技大學行銷與流通管理系(通過); 國立虎尾科技大學工業管理系(通過)"
CAND_2795,115,ncut_mkt,國立勤益科技大學,行銷與流通管理系(商管群),國立勤益科技大學 行銷與流通管理系(商管群),59090082,*貞,正取,—,—,未分發或放棄,2,國立勤益科技大學行銷與流通管理系(正取); 致理科技大學財務金融系(通過)
CAND_2796,115,ncut_mkt,國立勤益科技大學,行銷與流通管理系(商管群),國立勤益科技大學 行銷與流通管理系(商管群),60090201,林*,正取,國立勤益科技大學,國立勤益科技大學行銷與流通管理系,原校系/本校留任,1,"國立勤益科技大學行銷與流通管理系(正取,分發)"
CAND_2797,115,ncut_mkt,國立勤益科技大學,行銷與流通管理系(商管群),國立勤益科技大學 行銷與流通管理系(商管群),57090733,葉*絜,正取,國立臺中科技大學,國立臺中科技大學流通管理系,其他學校錄取,5,"國立勤益科技大學行銷與流通管理系(正取); 國立屏東科技大學工業管理系(通過); 國立虎尾科技大學應用外語系(備取); 國立臺中科技大學流通管理系(正取,分發); 致理科技大學財務金融系(通過)"
CAND_2798,115,ncut_mkt,國立勤益科技大學,行銷與流通管理系(商管群),國立勤益科技大學 行銷與流通管理系(商管群),61090610,陳*妤,正取,國立高雄科技大學,國立高雄科技大學會計資訊系,其他學校錄取,5,"國立勤益科技大學行銷與流通管理系(正取); 國立高雄科技大學行銷與流通管理系(正取); 國立高雄科技大學會計資訊系(備取,分發); 國立高雄科技大學航運管理系(備取); 國立虎尾科技大學財務金融系(正取)"
CAND_2799,115,ncut_mkt,國立勤益科技大學,行銷與流通管理系(商管群),國立勤益科技大學 行銷與流通管理系(商管群),56090061,*琪,正取,國立勤益科技大學,國立勤益科技大學行銷與流通管理系,原校系/本校留任,3,"國立勤益科技大學行銷與流通管理系(正取,分發); 朝陽科技大學行銷與流通管理系(通過); 致理科技大學行銷與流通管理系(通過)"
CAND_2800,115,ncut_mkt,國立勤益科技大學,行銷與流通管理系(商管群),國立勤益科技大學 行銷與流通管理系(商管群),61090426,李*恩,正取,國立虎尾科技大學,國立虎尾科技大學工業管理系,其他學校錄取,5,"國立勤益科技大學行銷與流通管理系(正取); 國立高雄科技大學航運管理系(正取); 國立虎尾科技大學工業管理系(正取,分發); 國立臺中科技大學財務金融系(備取); 朝陽科技大學環境工程與管理系(正取)"
CAND_2801,115,ncut_mkt,國立勤益科技大學,行銷與流通管理系(商管群),國立勤益科技大學 行銷與流通管理系(商管群),57090649,張*瑄,正取,國立勤益科技大學,國立勤益科技大學行銷與流通管理系,原校系/本校留任,4,"國立勤益科技大學行銷與流通管理系(正取,分發); 國立高雄科技大學風險管理與保險系(通過); 國立臺中科技大學流通管理系(備取); 國立聯合大學經營管理學系(通過)"
CAND_2802,115,ncut_mkt,國立勤益科技大學,行銷與流通管理系(商管群),國立勤益科技大學 行銷與流通管理系(商管群),70090053,林*欣,正取,—,—,未分發或放棄,2,國立勤益科技大學行銷與流通管理系(正取); 國立臺中科技大學財政稅務系(正取)
CAND_2803,115,ncut_mkt,國立勤益科技大學,行銷與流通管理系(商管群),國立勤益科技大學 行銷與流通管理系(商管群),56090427,邱*,正取,國立臺中科技大學,國立臺中科技大學國際貿易與經營系,其他學校錄取,3,"國立勤益科技大學行銷與流通管理系(正取); 國立臺中科技大學國際貿易與經營系(正取,分發); 靜宜大學行銷與數位經營管理學系(正取)"
CAND_2804,115,ncut_mkt,國立勤益科技大學,行銷與流通管理系(商管群),國立勤益科技大學 行銷與流通管理系(商管群),57090964,陳*竹,正取,國立勤益科技大學,國立勤益科技大學行銷與流通管理系,原校系/本校留任,2,"國立勤益科技大學行銷與流通管理系(正取,分發); 國立臺中科技大學流通管理系(備取)"
CAND_2805,115,ncut_mkt,國立勤益科技大學,行銷與流通管理系(商管群),國立勤益科技大學 行銷與流通管理系(商管群),57090847,趙*永,正取,逢甲大學,逢甲大學國際經營與貿易學系,其他學校錄取,2,"國立勤益科技大學行銷與流通管理系(正取); 逢甲大學國際經營與貿易學系(備取,分發)"
CAND_2806,115,ncut_mkt,國立勤益科技大學,行銷與流通管理系(商管群),國立勤益科技大學 行銷與流通管理系(商管群),59090294,林*,正取,國立臺中科技大學,國立臺中科技大學應用統計系,其他學校錄取,5,"國立勤益科技大學行銷與流通管理系(正取); 國立高雄科技大學工業工程與管理系(備取); 國立高雄科技大學商務資訊應用系(正取); 國立虎尾科技大學企業管理系(通過); 國立臺中科技大學應用統計系(備取,分發)"
CAND_2807,115,ncut_mkt,國立勤益科技大學,行銷與流通管理系(商管群),國立勤益科技大學 行銷與流通管理系(商管群),57090928,F*穎,正取,逢甲大學,逢甲大學合作經濟暨社會事業經營學系,其他學校錄取,4,"國立勤益科技大學行銷與流通管理系(正取); 國立虎尾科技大學工業管理系(備取); 逢甲大學合作經濟暨社會事業經營學系(正取,分發); 銘傳大學國際企業學系(台北校區)(備取)"
CAND_2808,115,ncut_mkt,國立勤益科技大學,行銷與流通管理系(商管群),國立勤益科技大學 行銷與流通管理系(商管群),61090324,江*甄,正取,國立臺中科技大學,國立臺中科技大學流通管理系,其他學校錄取,4,"國立勤益科技大學行銷與流通管理系(正取); 國立虎尾科技大學企業管理系(備取); 國立臺中科技大學流通管理系(正取,分發); 國立屏東大學行銷與流通管理學系(通過)"
CAND_2809,115,ncut_mkt,國立勤益科技大學,行銷與流通管理系(商管群),國立勤益科技大學 行銷與流通管理系(商管群),56090116,F*,正取,銘傳大學,銘傳大學企業管理學系(台北校區),其他學校錄取,5,"國立勤益科技大學行銷與流通管理系(正取); 明志科技大學經營管理系(通過); 致理科技大學企業管理系(通過); 國立聯合大學經營管理學系(通過); 銘傳大學企業管理學系(台北校區)(正取,分發)"
CAND_2810,115,ncut_mkt,國立勤益科技大學,行銷與流通管理系(商管群),國立勤益科技大學 行銷與流通管理系(商管群),57090046,*榛,正取,國立臺中科技大學,國立臺中科技大學財務金融系,其他學校錄取,3,"國立勤益科技大學行銷與流通管理系(正取); 國立臺中科技大學財務金融系(備取,分發); 靜宜大學財務金融學系(正取)"
CAND_2811,115,ncut_mkt,國立勤益科技大學,行銷與流通管理系(商管群),國立勤益科技大學 行銷與流通管理系(商管群),56090243,周*永,正取,國立高雄科技大學,國立高雄科技大學人力資源發展系,其他學校錄取,6,"國立勤益科技大學行銷與流通管理系(正取); 國立屏東科技大學工業管理系(正取); 國立高雄科技大學人力資源發展系(正取,分發); 國立高雄科技大學供應鏈管理系(正取); 國立臺中科技大學流通管理系(正取); 國立屏東大學國際經營與貿易學系(正取)"
CAND_2812,115,ncut_mkt,國立勤益科技大學,行銷與流通管理系(商管群),國立勤益科技大學 行銷與流通管理系(商管群),56090247,李*紜,正取,國立勤益科技大學,國立勤益科技大學行銷與流通管理系,原校系/本校留任,3,"國立勤益科技大學行銷與流通管理系(正取,分發); 國立高雄科技大學航運管理系(備取); 國立臺北護理健康大學高齡健康照護系(通過)"
CAND_2813,115,ncut_mkt,國立勤益科技大學,行銷與流通管理系(商管群),國立勤益科技大學 行銷與流通管理系(商管群),61090660,林*諺,正取,國立臺中科技大學,國立臺中科技大學流通管理系,其他學校錄取,2,"國立勤益科技大學行銷與流通管理系(正取); 國立臺中科技大學流通管理系(正取,分發)"
CAND_2814,115,ncut_mkt,國立勤益科技大學,行銷與流通管理系(商管群),國立勤益科技大學 行銷與流通管理系(商管群),63090079,*凱,正取,國立臺中科技大學,國立臺中科技大學流通管理系,其他學校錄取,4,"國立勤益科技大學行銷與流通管理系(正取); 國立虎尾科技大學企業管理系(正取); 國立臺中科技大學流通管理系(備取,分發); 朝陽科技大學企業管理系(通過)"
CAND_2815,115,ncut_mkt,國立勤益科技大學,行銷與流通管理系(商管群),國立勤益科技大學 行銷與流通管理系(商管群),59090124,况*謙,正取,國立臺中科技大學,國立臺中科技大學應用統計系,其他學校錄取,4,"國立勤益科技大學行銷與流通管理系(正取); 國立高雄科技大學運籌管理系(通過); 國立高雄科技大學行銷與流通管理系(通過); 國立臺中科技大學應用統計系(備取,分發)"
CAND_2816,115,ncut_mkt,國立勤益科技大學,行銷與流通管理系(商管群),國立勤益科技大學 行銷與流通管理系(商管群),52090189,*淳,正取,銘傳大學,銘傳大學國際企業學系(台北校區),其他學校錄取,3,"國立勤益科技大學行銷與流通管理系(正取); 明志科技大學數位行銷設計學士學位學程(通過); 銘傳大學國際企業學系(台北校區)(備取,分發)"
CAND_2817,115,ncut_mkt,國立勤益科技大學,行銷與流通管理系(商管群),國立勤益科技大學 行銷與流通管理系(商管群),57090607,陳*欣,正取,國立臺中科技大學,國立臺中科技大學應用英語系,其他學校錄取,2,"國立勤益科技大學行銷與流通管理系(正取); 國立臺中科技大學應用英語系(正取,分發)"
CAND_2818,115,ncut_mkt,國立勤益科技大學,行銷與流通管理系(商管群),國立勤益科技大學 行銷與流通管理系(商管群),56090015,吳*羽,正取,國立高雄科技大學,國立高雄科技大學行銷與流通管理系,其他學校錄取,6,"國立勤益科技大學行銷與流通管理系(正取); 國立高雄科技大學行銷與流通管理系(備取,分發); 國立高雄科技大學會計資訊系(正取); 國立高雄科技大學財政稅務系(通過); 國立虎尾科技大學企業管理系(通過); 國立臺中科技大學財政稅務系(通過)"
CAND_2819,115,ncut_mkt,國立勤益科技大學,行銷與流通管理系(商管群),國立勤益科技大學 行銷與流通管理系(商管群),57090147,黄*軒,正取,國立臺中科技大學,國立臺中科技大學保險金融管理系,其他學校錄取,5,"國立勤益科技大學行銷與流通管理系(正取); 國立屏東科技大學企業管理系(通過); 國立臺中科技大學保險金融管理系(備取,分發); 朝陽科技大學保險金融管理系(正取); 致理科技大學行銷與流通管理系(通過)"
CAND_2820,115,ncut_mkt,國立勤益科技大學,行銷與流通管理系(商管群),國立勤益科技大學 行銷與流通管理系(商管群),73540015,*芫,正取,致理科技大學,致理科技大學應用日語系,其他學校錄取,6,"國立勤益科技大學行銷與流通管理系(正取); 國立高雄餐旅大學應用日語系(通過); 朝陽科技大學航空運務系(通過); 嶺東科技大學應用外語系應用日語組(通過); 景文科技大學企業管理系(通過); 致理科技大學應用日語系(正取,分發)"
CAND_2821,115,ncut_mkt,國立勤益科技大學,行銷與流通管理系(商管群),國立勤益科技大學 行銷與流通管理系(商管群),58090101,林*宏,正取,—,—,未分發或放棄,3,國立勤益科技大學行銷與流通管理系(正取); 國立虎尾科技大學工業管理系(通過); 致理科技大學行銷與流通管理系(通過)
CAND_2822,115,ncut_mkt,國立勤益科技大學,行銷與流通管理系(商管群),國立勤益科技大學 行銷與流通管理系(商管群),54090402,楊*豪,備取,靜宜大學,靜宜大學國際企業學系,其他學校錄取,3,"國立勤益科技大學行銷與流通管理系(備取); 嘉南藥理大學資訊管理系(正取); 靜宜大學國際企業學系(備取,分發)"
CAND_2823,115,ncut_mkt,國立勤益科技大學,行銷與流通管理系(商管群),國立勤益科技大學 行銷與流通管理系(商管群),61091530,*妏,備取,國立勤益科技大學,國立勤益科技大學行銷與流通管理系,原校系/本校留任,4,"國立勤益科技大學行銷與流通管理系(備取,分發); 國立高雄科技大學智慧商務系(通過); 國立臺中科技大學流通管理系(備取); 朝陽科技大學保險金融管理系(通過)"
CAND_2824,115,ncut_mkt,國立勤益科技大學,行銷與流通管理系(商管群),國立勤益科技大學 行銷與流通管理系(商管群),63090033,張*瑄,備取,國立臺中科技大學,國立臺中科技大學保險金融管理系,其他學校錄取,4,"國立勤益科技大學行銷與流通管理系(備取); 國立臺中科技大學保險金融管理系(正取,分發); 朝陽科技大學財務金融系(正取); 亞洲大學財務金融學系(正取)"
CAND_2825,115,ncut_mkt,國立勤益科技大學,行銷與流通管理系(商管群),國立勤益科技大學 行銷與流通管理系(商管群),61090902,邱*,備取,國立高雄科技大學,國立高雄科技大學商務資訊應用系,其他學校錄取,3,"國立勤益科技大學行銷與流通管理系(備取); 國立高雄科技大學商務資訊應用系(正取,分發); 國立高雄科技大學供應鏈管理系(備取)"
CAND_2826,115,ncut_mkt,國立勤益科技大學,行銷與流通管理系(商管群),國立勤益科技大學 行銷與流通管理系(商管群),68530048,李*哲,備取,國立屏東科技大學,國立屏東科技大學工業管理系,其他學校錄取,2,"國立勤益科技大學行銷與流通管理系(備取); 國立屏東科技大學工業管理系(備取,分發)"
CAND_2827,115,ncut_mkt,國立勤益科技大學,行銷與流通管理系(商管群),國立勤益科技大學 行銷與流通管理系(商管群),57090860,*諼,備取,國立勤益科技大學,國立勤益科技大學行銷與流通管理系,原校系/本校留任,1,"國立勤益科技大學行銷與流通管理系(備取,分發)"
CAND_2828,115,ncut_mkt,國立勤益科技大學,行銷與流通管理系(商管群),國立勤益科技大學 行銷與流通管理系(商管群),70090486,葵*,備取,國立臺中科技大學,國立臺中科技大學保險金融管理系,其他學校錄取,4,"國立勤益科技大學行銷與流通管理系(備取); 國立高雄科技大學人力資源發展系(備取); 國立臺中科技大學保險金融管理系(備取,分發); 國立屏東大學行銷與流通管理學系(正取)"
CAND_2829,115,ncut_mkt,國立勤益科技大學,行銷與流通管理系(商管群),國立勤益科技大學 行銷與流通管理系(商管群),58090549,*晴,備取,國立高雄科技大學,國立高雄科技大學人力資源發展系,其他學校錄取,3,"國立勤益科技大學行銷與流通管理系(備取); 國立高雄科技大學人力資源發展系(備取,分發); 銘傳大學國際企業學系(台北校區)(備取)"
CAND_2830,115,ncut_mkt,國立勤益科技大學,行銷與流通管理系(商管群),國立勤益科技大學 行銷與流通管理系(商管群),64090515,黄*蓉,備取,國立勤益科技大學,國立勤益科技大學行銷與流通管理系,原校系/本校留任,3,"國立勤益科技大學行銷與流通管理系(備取,分發); 靜宜大學行銷與數位經營管理學系(備取); 靜宜大學國際企業學系(備取)"
CAND_2831,115,ncut_mkt,國立勤益科技大學,行銷與流通管理系(商管群),國立勤益科技大學 行銷與流通管理系(商管群),51090275,吳*綾,備取,國立高雄科技大學,國立高雄科技大學商務資訊應用系,其他學校錄取,3,"國立勤益科技大學行銷與流通管理系(備取); 國立高雄科技大學商務資訊應用系(備取,分發); 明志科技大學數位行銷設計學士學位學程(正取)"
CAND_2832,115,ncut_mkt,國立勤益科技大學,行銷與流通管理系(商管群),國立勤益科技大學 行銷與流通管理系(商管群),70090792,F*,備取,國立屏東大學,國立屏東大學商業大數據學系,其他學校錄取,2,"國立勤益科技大學行銷與流通管理系(備取); 國立屏東大學商業大數據學系(正取,分發)"
CAND_2833,115,ncut_mkt,國立勤益科技大學,行銷與流通管理系(商管群),國立勤益科技大學 行銷與流通管理系(商管群),68090013,*筠,備取,國立勤益科技大學,國立勤益科技大學行銷與流通管理系,原校系/本校留任,2,"國立勤益科技大學行銷與流通管理系(備取,分發); 國立屏東科技大學企業管理系(正取)"
CAND_2834,115,ncut_mkt,國立勤益科技大學,行銷與流通管理系(商管群),國立勤益科技大學 行銷與流通管理系(商管群),64090365,楊*𤨧,備取,國立勤益科技大學,國立勤益科技大學行銷與流通管理系,原校系/本校留任,4,"國立勤益科技大學行銷與流通管理系(備取,分發); 國立高雄科技大學供應鏈管理系(備取); 國立虎尾科技大學應用外語系(備取); 國立屏東大學應用英語學系(正取)"
CAND_2835,115,ncut_mkt,國立勤益科技大學,行銷與流通管理系(商管群),國立勤益科技大學 行銷與流通管理系(商管群),60090273,陳*晴,備取,國立高雄科技大學,國立高雄科技大學企業管理系,其他學校錄取,3,"國立勤益科技大學行銷與流通管理系(備取); 國立高雄科技大學企業管理系(正取,分發); 國立虎尾科技大學資訊管理系(正取)"
CAND_2836,115,ncut_mkt,國立勤益科技大學,行銷與流通管理系(商管群),國立勤益科技大學 行銷與流通管理系(商管群),57090693,張*珊,備取,國立高雄科技大學,國立高雄科技大學風險管理與保險系,其他學校錄取,4,"國立勤益科技大學行銷與流通管理系(備取); 國立高雄科技大學行銷與流通管理系(通過); 國立高雄科技大學風險管理與保險系(備取,分發); 國立臺中科技大學保險金融管理系(正取)"
CAND_2837,115,ncut_mkt,國立勤益科技大學,行銷與流通管理系(商管群),國立勤益科技大學 行銷與流通管理系(商管群),61090613,梁*,備取,國立勤益科技大學,國立勤益科技大學行銷與流通管理系,原校系/本校留任,4,"國立勤益科技大學行銷與流通管理系(備取,分發); 國立高雄科技大學應用英語系(通過); 國立高雄科技大學航運技術系(正取); 國立虎尾科技大學應用外語系(正取)"
CAND_2838,115,ncut_mkt,國立勤益科技大學,行銷與流通管理系(商管群),國立勤益科技大學 行銷與流通管理系(商管群),68090648,林*諠,備取,國立屏東大學,國立屏東大學休閒事業經營學系,其他學校錄取,3,"國立勤益科技大學行銷與流通管理系(備取); 國立屏東科技大學企業管理系(正取); 國立屏東大學休閒事業經營學系(正取,分發)"
CAND_2839,115,ncut_mkt,國立勤益科技大學,行銷與流通管理系(商管群),國立勤益科技大學 行銷與流通管理系(商管群),61090552,陳*羽,備取,靜宜大學,靜宜大學行銷與數位經營管理學系,其他學校錄取,3,"國立勤益科技大學行銷與流通管理系(備取); 靜宜大學行銷與數位經營管理學系(備取,分發); 靜宜大學國際企業學系(備取)"
CAND_2840,115,ncut_mkt,國立勤益科技大學,行銷與流通管理系(商管群),國立勤益科技大學 行銷與流通管理系(商管群),64090567,陳*宏,備取,國立勤益科技大學,國立勤益科技大學行銷與流通管理系,原校系/本校留任,1,"國立勤益科技大學行銷與流通管理系(備取,分發)"
CAND_2841,115,ncut_mkt,國立勤益科技大學,行銷與流通管理系(商管群),國立勤益科技大學 行銷與流通管理系(商管群),64090564,吳*育,備取,—,—,未分發或放棄,3,國立勤益科技大學行銷與流通管理系(備取); 國立虎尾科技大學工業管理系(通過); 國立臺中科技大學應用統計系(備取)
CAND_2842,115,ncut_mkt,國立勤益科技大學,行銷與流通管理系(商管群),國立勤益科技大學 行銷與流通管理系(商管群),61090998,*楷,備取,國立勤益科技大學,國立勤益科技大學行銷與流通管理系,原校系/本校留任,3,"國立勤益科技大學行銷與流通管理系(備取,分發); 國立高雄科技大學人力資源發展系(備取); 國立高雄科技大學文化創意產業系(通過)"
CAND_2843,115,ncut_mkt,國立勤益科技大學,行銷與流通管理系(商管群),國立勤益科技大學 行銷與流通管理系(商管群),57090699,林*榛,備取,國立雲林科技大學,國立雲林科技大學工業工程與管理系,其他學校錄取,5,"國立勤益科技大學行銷與流通管理系(備取); 國立雲林科技大學工業工程與管理系(正取,分發); 國立虎尾科技大學工業管理系(備取); 明志科技大學經營管理系(正取); 致理科技大學行銷與流通管理系(正取)"
CAND_2844,115,ncut_mkt,國立勤益科技大學,行銷與流通管理系(商管群),國立勤益科技大學 行銷與流通管理系(商管群),61091487,*皓,備取,國立勤益科技大學,國立勤益科技大學行銷與流通管理系,原校系/本校留任,4,"國立勤益科技大學行銷與流通管理系(備取,分發); 國立臺中科技大學流通管理系(備取); 朝陽科技大學行銷與流通管理系(備取); 亞洲大學經營管理學系(通過)"
CAND_2845,115,ncut_mkt,國立勤益科技大學,行銷與流通管理系(商管群),國立勤益科技大學 行銷與流通管理系(商管群),61090822,陳*君,備取,國立臺中科技大學,國立臺中科技大學老人服務事業管理系,其他學校錄取,3,"國立勤益科技大學行銷與流通管理系(備取); 國立臺中科技大學老人服務事業管理系(正取,分發); 朝陽科技大學行銷與流通管理系(正取)"
CAND_2846,115,ncut_mkt,國立勤益科技大學,行銷與流通管理系(商管群),國立勤益科技大學 行銷與流通管理系(商管群),61090961,賴*婕,備取,國立屏東科技大學,國立屏東科技大學社會工作系,其他學校錄取,3,"國立勤益科技大學行銷與流通管理系(備取); 國立屏東科技大學社會工作系(正取,分發); 國立臺中科技大學應用中文系(備取)"
CAND_2847,115,ncut_mkt,國立勤益科技大學,行銷與流通管理系(商管群),國立勤益科技大學 行銷與流通管理系(商管群),51090014,蘇*,備取,—,—,未分發或放棄,2,國立勤益科技大學行銷與流通管理系(通過); 致理科技大學財務金融系(備取)
CAND_2848,115,ncut_mkt,國立勤益科技大學,行銷與流通管理系(商管群),國立勤益科技大學 行銷與流通管理系(商管群),52090117,胡*,備取,—,—,未分發或放棄,4,國立勤益科技大學行銷與流通管理系(通過); 國立屏東科技大學工業管理系(通過); 國立高雄科技大學海事資訊科技系(通過); 國立虎尾科技大學應用外語系(通過)
CAND_2849,115,ncut_mkt,國立勤益科技大學,行銷與流通管理系(商管群),國立勤益科技大學 行銷與流通管理系(商管群),52090555,葵*,備取,—,—,未分發或放棄,4,國立勤益科技大學行銷與流通管理系(通過); 國立臺北護理健康大學高齡健康照護系(通過); 國立臺中科技大學應用統計系(通過); 銘傳大學國際企業學系(台北校區)(通過)
CAND_2850,115,ncut_mkt,國立勤益科技大學,行銷與流通管理系(商管群),國立勤益科技大學 行銷與流通管理系(商管群),52530017,陳*彤,備取,實踐大學,實踐大學資訊科技與管理學系(臺北校區),其他學校錄取,4,"國立勤益科技大學行銷與流通管理系(通過); 國立臺中科技大學流通管理系(備取); 銘傳大學國際企業學系(台北校區)(備取); 實踐大學資訊科技與管理學系(臺北校區)(正取,分發)"
CAND_2851,115,ncut_mkt,國立勤益科技大學,行銷與流通管理系(商管群),國立勤益科技大學 行銷與流通管理系(商管群),55090325,*禎,備取,—,—,未分發或放棄,3,國立勤益科技大學行銷與流通管理系(通過); 致理科技大學國際貿易系(通過); 實踐大學國際經營與貿易學系(臺北校區)(備取)
CAND_2852,115,ncut_mkt,國立勤益科技大學,行銷與流通管理系(商管群),國立勤益科技大學 行銷與流通管理系(商管群),55090336,*之,備取,致理科技大學,致理科技大學財務金融系,其他學校錄取,4,"國立勤益科技大學行銷與流通管理系(通過); 致理科技大學財務金融系(備取,分發); 靜宜大學行銷與數位經營管理學系(通過); 靜宜大學財務金融學系(通過)"
CAND_2853,115,ncut_mkt,國立勤益科技大學,行銷與流通管理系(商管群),國立勤益科技大學 行銷與流通管理系(商管群),55530001,—,備取,—,—,未分發或放棄,3,國立勤益科技大學行銷與流通管理系(通過); 國立高雄科技大學商務資訊應用系(通過); 國立臺中科技大學應用英語系(通過)
CAND_2854,115,ncut_mkt,國立勤益科技大學,行銷與流通管理系(商管群),國立勤益科技大學 行銷與流通管理系(商管群),56090011,陳*佑,備取,國立虎尾科技大學,國立虎尾科技大學財務金融系,其他學校錄取,4,"國立勤益科技大學行銷與流通管理系(通過); 國立高雄科技大學會計資訊系(通過); 國立虎尾科技大學財務金融系(備取,分發); 國立臺中科技大學財政稅務系(正取)"
CAND_2855,115,ncut_mkt,國立勤益科技大學,行銷與流通管理系(商管群),國立勤益科技大學 行銷與流通管理系(商管群),56090031,陳*,備取,—,—,未分發或放棄,4,國立勤益科技大學行銷與流通管理系(通過); 國立高雄科技大學行銷與流通管理系(通過); 中原大學國際經營與貿易學系(通過); 中原大學資訊管理學系(通過)
CAND_2856,115,ncut_mkt,國立勤益科技大學,行銷與流通管理系(商管群),國立勤益科技大學 行銷與流通管理系(商管群),56090120,潘*,備取,—,—,未分發或放棄,3,國立勤益科技大學行銷與流通管理系(通過); 國立臺中科技大學企業管理系(通過); 致理科技大學企業管理系(通過)
CAND_2857,115,ncut_mkt,國立勤益科技大學,行銷與流通管理系(商管群),國立勤益科技大學 行銷與流通管理系(商管群),56090199,陳*圻,備取,—,—,未分發或放棄,6,國立勤益科技大學行銷與流通管理系(通過); 國立虎尾科技大學應用外語系(通過); 國立臺中科技大學休閒事業經營系(通過); 致理科技大學財務金融系(備取); 銘傳大學國際企業學系(台北校區)(備取); 實踐大學財務金融學系(臺北校區)(通過)
CAND_2858,115,ncut_mkt,國立勤益科技大學,行銷與流通管理系(商管群),國立勤益科技大學 行銷與流通管理系(商管群),57090069,李*,備取,國立臺中科技大學,國立臺中科技大學企業管理系,其他學校錄取,3,"國立勤益科技大學行銷與流通管理系(通過); 國立高雄科技大學行銷與流通管理系(備取); 國立臺中科技大學企業管理系(備取,分發)"
CAND_2859,115,ncut_mkt,國立勤益科技大學,行銷與流通管理系(商管群),國立勤益科技大學 行銷與流通管理系(商管群),57090129,吳*璇,備取,致理科技大學,致理科技大學會計資訊系,其他學校錄取,4,"國立勤益科技大學行銷與流通管理系(通過); 朝陽科技大學會計系(正取); 致理科技大學會計資訊系(正取,分發); 國立屏東大學會計學系(備取)"
CAND_2860,115,ncut_mkt,國立勤益科技大學,行銷與流通管理系(商管群),國立勤益科技大學 行銷與流通管理系(商管群),57090245,藍*,備取,國立臺中科技大學,國立臺中科技大學流通管理系,其他學校錄取,2,"國立勤益科技大學行銷與流通管理系(通過); 國立臺中科技大學流通管理系(備取,分發)"
CAND_2861,115,ncut_mkt,國立勤益科技大學,行銷與流通管理系(商管群),國立勤益科技大學 行銷與流通管理系(商管群),57090723,徐*霆,備取,—,—,未分發或放棄,3,國立勤益科技大學行銷與流通管理系(通過); 國立虎尾科技大學應用外語系(備取); 致理科技大學財務金融系(通過)
CAND_2862,115,ncut_mkt,國立勤益科技大學,行銷與流通管理系(商管群),國立勤益科技大學 行銷與流通管理系(商管群),57090725,*婕,備取,—,—,未分發或放棄,4,國立勤益科技大學行銷與流通管理系(通過); 國立高雄科技大學行銷與流通管理系(通過); 國立虎尾科技大學企業管理系(通過); 國立虎尾科技大學財務金融系(通過)
CAND_2863,115,ncut_mkt,國立勤益科技大學,行銷與流通管理系(商管群),國立勤益科技大學 行銷與流通管理系(商管群),57090747,邱*綺,備取,國立臺中科技大學,國立臺中科技大學人工智慧應用工程學士學位學程,其他學校錄取,3,"國立勤益科技大學行銷與流通管理系(通過); 國立高雄科技大學智慧商務系(通過); 國立臺中科技大學人工智慧應用工程學士學位學程(備取,分發)"
CAND_2864,115,ncut_mkt,國立勤益科技大學,行銷與流通管理系(商管群),國立勤益科技大學 行銷與流通管理系(商管群),57090789,維*筑,備取,國立臺中科技大學,國立臺中科技大學財政稅務系,其他學校錄取,3,"國立勤益科技大學行銷與流通管理系(通過); 國立臺中科技大學財政稅務系(正取,分發); 逢甲大學會計學系(通過)"
CAND_2865,115,ncut_mkt,國立勤益科技大學,行銷與流通管理系(商管群),國立勤益科技大學 行銷與流通管理系(商管群),57090861,*恩,備取,實踐大學,實踐大學國際經營與貿易學系(臺北校區),其他學校錄取,4,"國立勤益科技大學行銷與流通管理系(通過); 致理科技大學商務科技應用系(通過); 世新大學資訊管理學系智慧商務暨數據傳播組(備取); 實踐大學國際經營與貿易學系(臺北校區)(備取,分發)"
CAND_2866,115,ncut_mkt,國立勤益科技大學,行銷與流通管理系(商管群),國立勤益科技大學 行銷與流通管理系(商管群),58090075,*瑀,備取,—,—,未分發或放棄,2,國立勤益科技大學行銷與流通管理系(通過); 明新科技大學企業管理系(通過)
CAND_2867,115,ncut_mkt,國立勤益科技大學,行銷與流通管理系(商管群),國立勤益科技大學 行銷與流通管理系(商管群),58090273,孔*軒,備取,國立高雄科技大學,國立高雄科技大學智慧商務系,其他學校錄取,2,"國立勤益科技大學行銷與流通管理系(通過); 國立高雄科技大學智慧商務系(備取,分發)"
CAND_2868,115,ncut_mkt,國立勤益科技大學,行銷與流通管理系(商管群),國立勤益科技大學 行銷與流通管理系(商管群),58090536,—,備取,國立高雄科技大學,國立高雄科技大學觀光管理系,其他學校錄取,4,"國立勤益科技大學行銷與流通管理系(通過); 國立高雄科技大學觀光管理系(正取,分發); 國立高雄餐旅大學休閒暨遊憩管理系(備取); 國立臺灣體育運動大學運動事業管理學系(備取)"
CAND_2869,115,ncut_mkt,國立勤益科技大學,行銷與流通管理系(商管群),國立勤益科技大學 行銷與流通管理系(商管群),59090049,陳*穎,備取,—,—,未分發或放棄,3,國立勤益科技大學行銷與流通管理系(通過); 國立屏東科技大學工業管理系(通過); 國立屏東科技大學企業管理系(通過)
CAND_2870,115,ncut_mkt,國立勤益科技大學,行銷與流通管理系(商管群),國立勤益科技大學 行銷與流通管理系(商管群),59090141,陳*樂,備取,國立高雄科技大學,國立高雄科技大學人力資源發展系,其他學校錄取,3,"國立勤益科技大學行銷與流通管理系(通過); 國立高雄科技大學人力資源發展系(正取,分發); 國立臺中科技大學國際貿易與經營系(正取)"
CAND_2871,115,ncut_mkt,國立勤益科技大學,行銷與流通管理系(商管群),國立勤益科技大學 行銷與流通管理系(商管群),60090306,陳*婕,備取,國立臺中科技大學,國立臺中科技大學保險金融管理系,其他學校錄取,2,"國立勤益科技大學行銷與流通管理系(通過); 國立臺中科技大學保險金融管理系(正取,分發)"
CAND_2872,115,ncut_mkt,國立勤益科技大學,行銷與流通管理系(商管群),國立勤益科技大學 行銷與流通管理系(商管群),60090313,黄*？,備取,國立臺中科技大學,國立臺中科技大學保險金融管理系,其他學校錄取,2,"國立勤益科技大學行銷與流通管理系(通過); 國立臺中科技大學保險金融管理系(正取,分發)"
CAND_2873,115,ncut_mkt,國立勤益科技大學,行銷與流通管理系(商管群),國立勤益科技大學 行銷與流通管理系(商管群),61090173,陳*吟,備取,國立高雄科技大學,國立高雄科技大學風險管理與保險系,其他學校錄取,5,"國立勤益科技大學行銷與流通管理系(通過); 國立高雄科技大學風險管理與保險系(備取,分發); 國立高雄科技大學財務管理系(通過); 國立虎尾科技大學企業管理系(正取); 朝陽科技大學保險金融管理系(通過)"
CAND_2874,115,ncut_mkt,國立勤益科技大學,行銷與流通管理系(商管群),國立勤益科技大學 行銷與流通管理系(商管群),61090201,張*鈞,備取,—,—,未分發或放棄,1,國立勤益科技大學行銷與流通管理系(通過)
CAND_2875,115,ncut_mkt,國立勤益科技大學,行銷與流通管理系(商管群),國立勤益科技大學 行銷與流通管理系(商管群),61090222,林*潔,備取,國立臺中科技大學,國立臺中科技大學流通管理系,其他學校錄取,2,"國立勤益科技大學行銷與流通管理系(通過); 國立臺中科技大學流通管理系(備取,分發)"
CAND_2876,115,ncut_mkt,國立勤益科技大學,行銷與流通管理系(商管群),國立勤益科技大學 行銷與流通管理系(商管群),61090396,林*閔,備取,—,—,未分發或放棄,5,國立勤益科技大學行銷與流通管理系(通過); 國立高雄科技大學智慧商務系(通過); 國立臺中科技大學應用統計系(備取); 朝陽科技大學資訊管理系資訊管理組(通過); 靜宜大學資訊管理學系(通過)
CAND_2877,115,ncut_mkt,國立勤益科技大學,行銷與流通管理系(商管群),國立勤益科技大學 行銷與流通管理系(商管群),61090433,林*,備取,國立高雄科技大學,國立高雄科技大學航運管理系,其他學校錄取,5,"國立勤益科技大學行銷與流通管理系(通過); 國立雲林科技大學文化資產維護系(通過); 國立高雄科技大學航運管理系(備取,分發); 國立高雄科技大學航運技術系(通過); 國立臺中科技大學國際貿易與經營系(通過)"
CAND_2878,115,ncut_mkt,國立勤益科技大學,行銷與流通管理系(商管群),國立勤益科技大學 行銷與流通管理系(商管群),61090461,陳*庭,備取,—,—,未分發或放棄,4,國立勤益科技大學行銷與流通管理系(通過); 國立高雄科技大學供應鏈管理系(通過); 國立臺中科技大學國際貿易與經營系(通過); 逢甲大學土地管理學系(通過)
CAND_2879,115,ncut_mkt,國立勤益科技大學,行銷與流通管理系(商管群),國立勤益科技大學 行銷與流通管理系(商管群),61091038,*淳,備取,—,—,未分發或放棄,5,國立勤益科技大學行銷與流通管理系(通過); 國立屏東科技大學企業管理系(通過); 國立高雄餐旅大學休閒暨遊憩管理系(通過); 國立臺中科技大學保險金融管理系(通過); 致理科技大學財務金融系(通過)
CAND_2880,115,ncut_mkt,國立勤益科技大學,行銷與流通管理系(商管群),國立勤益科技大學 行銷與流通管理系(商管群),61091046,林*,備取,逢甲大學,逢甲大學會計學系,其他學校錄取,5,"國立勤益科技大學行銷與流通管理系(通過); 國立臺中科技大學國際貿易與經營系(通過); 朝陽科技大學飛行與民航人員技術系(通過); 僑光科技大學企業管理系(通過); 逢甲大學會計學系(備取,分發)"
CAND_2881,115,ncut_mkt,國立勤益科技大學,行銷與流通管理系(商管群),國立勤益科技大學 行銷與流通管理系(商管群),61091131,柯*綸,備取,國立臺中科技大學,國立臺中科技大學流通管理系,其他學校錄取,6,"國立勤益科技大學行銷與流通管理系(通過); 國立雲林科技大學文化資產維護系(通過); 國立高雄科技大學運籌管理系(通過); 國立高雄科技大學行銷與流通管理系(通過); 國立虎尾科技大學企業管理系(通過); 國立臺中科技大學流通管理系(正取,分發)"
CAND_2882,115,ncut_mkt,國立勤益科技大學,行銷與流通管理系(商管群),國立勤益科技大學 行銷與流通管理系(商管群),61091180,黄*慈,備取,—,—,未分發或放棄,1,國立勤益科技大學行銷與流通管理系(通過)
CAND_2883,115,ncut_mkt,國立勤益科技大學,行銷與流通管理系(商管群),國立勤益科技大學 行銷與流通管理系(商管群),61530059,—,備取,—,—,未分發或放棄,2,國立勤益科技大學行銷與流通管理系(通過); 逢甲大學企業管理學系(通過)
CAND_2884,115,ncut_mkt,國立勤益科技大學,行銷與流通管理系(商管群),國立勤益科技大學 行銷與流通管理系(商管群),64090279,黄*軒,備取,—,—,未分發或放棄,2,國立勤益科技大學行銷與流通管理系(通過); 國立臺中科技大學流通管理系(通過)
CAND_2885,115,ncut_mkt,國立勤益科技大學,行銷與流通管理系(商管群),國立勤益科技大學 行銷與流通管理系(商管群),64090419,林*瑜,備取,—,—,未分發或放棄,1,國立勤益科技大學行銷與流通管理系(通過)
CAND_2886,115,ncut_mkt,國立勤益科技大學,行銷與流通管理系(商管群),國立勤益科技大學 行銷與流通管理系(商管群),65090154,張*,備取,國立高雄科技大學,國立高雄科技大學供應鏈管理系,其他學校錄取,4,"國立勤益科技大學行銷與流通管理系(通過); 國立高雄科技大學行銷與流通管理系(正取); 國立高雄科技大學供應鏈管理系(正取,分發); 國立虎尾科技大學財務金融系(通過)"
CAND_2887,115,ncut_mkt,國立勤益科技大學,行銷與流通管理系(商管群),國立勤益科技大學 行銷與流通管理系(商管群),65090240,葵*,備取,國立臺中科技大學,國立臺中科技大學保險金融管理系,其他學校錄取,6,"國立勤益科技大學行銷與流通管理系(通過); 國立高雄科技大學風險管理與保險系(備取); 國立高雄科技大學財務管理系(通過); 國立高雄科技大學航運管理系(通過); 國立虎尾科技大學財務金融系(通過); 國立臺中科技大學保險金融管理系(正取,分發)"
CAND_2888,115,ncut_mkt,國立勤益科技大學,行銷與流通管理系(商管群),國立勤益科技大學 行銷與流通管理系(商管群),66090091,吳*妡,備取,國立屏東大學,國立屏東大學行銷與流通管理學系,其他學校錄取,3,"國立勤益科技大學行銷與流通管理系(通過); 國立屏東大學企業管理學系(正取); 國立屏東大學行銷與流通管理學系(正取,分發)"
CAND_2889,115,ncut_mkt,國立勤益科技大學,行銷與流通管理系(商管群),國立勤益科技大學 行銷與流通管理系(商管群),66090154,*恩,備取,—,—,未分發或放棄,2,國立勤益科技大學行銷與流通管理系(通過); 國立臺東專科學校資訊管理科(通過)
CAND_2890,115,ncut_mkt,國立勤益科技大學,行銷與流通管理系(商管群),國立勤益科技大學 行銷與流通管理系(商管群),67090114,黄*恬,備取,—,—,未分發或放棄,3,國立勤益科技大學行銷與流通管理系(通過); 國立臺中科技大學會計資訊系(備取); 銘傳大學會計學系(台北校區)(通過)
CAND_2891,115,ncut_mkt,國立勤益科技大學,行銷與流通管理系(商管群),國立勤益科技大學 行銷與流通管理系(商管群),67090347,邱*羚,備取,國立虎尾科技大學,國立虎尾科技大學企業管理系,其他學校錄取,5,"國立勤益科技大學行銷與流通管理系(通過); 國立高雄科技大學供應鏈管理系(備取); 國立虎尾科技大學企業管理系(正取,分發); 國立臺中科技大學流通管理系(備取); 朝陽科技大學行銷與流通管理系(通過)"
CAND_2892,115,ncut_mkt,國立勤益科技大學,行銷與流通管理系(商管群),國立勤益科技大學 行銷與流通管理系(商管群),68090381,陳*醇,備取,國立高雄科技大學,國立高雄科技大學人力資源發展系,其他學校錄取,3,"國立勤益科技大學行銷與流通管理系(通過); 國立高雄科技大學人力資源發展系(正取,分發); 國立臺中科技大學休閒事業經營系(通過)"
CAND_2893,115,ncut_mkt,國立勤益科技大學,行銷與流通管理系(商管群),國立勤益科技大學 行銷與流通管理系(商管群),68090440,林*,備取,國立屏東大學,國立屏東大學應用英語學系,其他學校錄取,2,"國立勤益科技大學行銷與流通管理系(通過); 國立屏東大學應用英語學系(備取,分發)"
CAND_2894,115,ncut_mkt,國立勤益科技大學,行銷與流通管理系(商管群),國立勤益科技大學 行銷與流通管理系(商管群),68090524,郭*宏,備取,國立高雄科技大學,國立高雄科技大學商務資訊應用系,其他學校錄取,6,"國立勤益科技大學行銷與流通管理系(通過); 國立高雄科技大學國際企業系(備取); 國立高雄科技大學航運管理系(備取); 國立高雄科技大學商務資訊應用系(正取,分發); 國立虎尾科技大學企業管理系(通過); 國立臺中科技大學國際貿易與經營系(通過)"
CAND_2895,115,ncut_mkt,國立勤益科技大學,行銷與流通管理系(商管群),國立勤益科技大學 行銷與流通管理系(商管群),68530034,陳*豪,備取,國立高雄科技大學,國立高雄科技大學運籌管理系,其他學校錄取,3,"國立勤益科技大學行銷與流通管理系(通過); 國立高雄科技大學運籌管理系(正取,分發); 國立臺中科技大學財政稅務系(正取)"
CAND_2896,115,ncut_mkt,國立勤益科技大學,行銷與流通管理系(商管群),國立勤益科技大學 行銷與流通管理系(商管群),68530070,黄*有,備取,—,—,未分發或放棄,4,國立勤益科技大學行銷與流通管理系(通過); 國立高雄科技大學企業管理系(正取); 國立臺中科技大學財政稅務系(通過); 國立臺北商業大學商業設計管理系(桃園校區)(通過)
CAND_2897,115,ncut_mkt,國立勤益科技大學,行銷與流通管理系(商管群),國立勤益科技大學 行銷與流通管理系(商管群),68530087,何*,備取,國立高雄科技大學,國立高雄科技大學漁業科技與管理系,其他學校錄取,4,"國立勤益科技大學行銷與流通管理系(通過); 國立高雄科技大學商務資訊應用系(正取); 國立高雄科技大學漁業科技與管理系(正取,分發); 國立虎尾科技大學企業管理系(通過)"
CAND_2898,115,ncut_mkt,國立勤益科技大學,行銷與流通管理系(商管群),國立勤益科技大學 行銷與流通管理系(商管群),69530013,馮*綺,備取,國立虎尾科技大學,國立虎尾科技大學企業管理系,其他學校錄取,2,"國立勤益科技大學行銷與流通管理系(通過); 國立虎尾科技大學企業管理系(正取,分發)"
CAND_2899,115,ncut_mkt,國立勤益科技大學,行銷與流通管理系(商管群),國立勤益科技大學 行銷與流通管理系(商管群),70090683,黄*筑,備取,國立屏東大學,國立屏東大學行銷與流通管理學系,其他學校錄取,2,"國立勤益科技大學行銷與流通管理系(通過); 國立屏東大學行銷與流通管理學系(備取,分發)"
CAND_2900,115,ncut_mkt,國立勤益科技大學,行銷與流通管理系(商管群),國立勤益科技大學 行銷與流通管理系(商管群),70090707,賴*靜,備取,—,—,未分發或放棄,3,國立勤益科技大學行銷與流通管理系(通過); 國立臺中科技大學休閒事業經營系(通過); 國立屏東大學行銷與流通管理學系(通過)
CAND_2901,115,ncut_mkt,國立勤益科技大學,行銷與流通管理系(商管群),國立勤益科技大學 行銷與流通管理系(商管群),70090849,林*諿,備取,—,—,未分發或放棄,3,國立勤益科技大學行銷與流通管理系(通過); 國立高雄科技大學行銷與流通管理系(通過); 國立臺中科技大學企業管理系(通過)
CAND_2902,115,ncut_mkt,國立勤益科技大學,行銷與流通管理系(商管群),國立勤益科技大學 行銷與流通管理系(商管群),73090013,黄*輝,備取,—,—,未分發或放棄,4,國立勤益科技大學行銷與流通管理系(通過); 國立虎尾科技大學財務金融系(通過); 朝陽科技大學財務金融系(通過); 南臺科技大學財務金融系(通過)
CAND_2903,115,ncut_mkt,國立勤益科技大學,行銷與流通管理系(商管群),國立勤益科技大學 行銷與流通管理系(商管群),74090135,林*宇,備取,致理科技大學,致理科技大學資訊管理系,其他學校錄取,4,"國立勤益科技大學行銷與流通管理系(通過); 朝陽科技大學資訊管理系資訊管理組(正取); 致理科技大學資訊管理系(正取,分發); 國立聯合大學資訊管理學系(通過)"
CAND_2904,115,ncut_mkt,國立勤益科技大學,行銷與流通管理系(商管群),國立勤益科技大學 行銷與流通管理系(商管群),74530038,吳*萬,備取,—,—,未分發或放棄,1,國立勤益科技大學行銷與流通管理系(通過)
CAND_2905,115,ncut_mkt,國立勤益科技大學,行銷與流通管理系(商管群),國立勤益科技大學 行銷與流通管理系(商管群),75090079,黄*雄,備取,國立高雄科技大學,國立高雄科技大學工業工程與管理系,其他學校錄取,6,"國立勤益科技大學行銷與流通管理系(通過); 國立高雄科技大學工業工程與管理系(正取,分發); 國立高雄科技大學風險管理與保險系(正取); 朝陽科技大學財務金融系(通過); 南臺科技大學資訊管理系(正取); 文藻外語大學國際企業管理系(通過)"
CAND_2906,115,ncut_mkt,國立勤益科技大學,行銷與流通管理系(英語類),國立勤益科技大學 行銷與流通管理系(英語類),61090508,張*𨫪,正取,國立勤益科技大學,國立勤益科技大學行銷與流通管理系,原校系/本校留任,2,"國立勤益科技大學行銷與流通管理系(正取,分發); 國立臺中科技大學流通管理系(正取)"
CAND_2907,115,ncut_mkt,國立勤益科技大學,行銷與流通管理系(英語類),國立勤益科技大學 行銷與流通管理系(英語類),64090591,林*翔,正取,國立勤益科技大學,國立勤益科技大學行銷與流通管理系,原校系/本校留任,3,"國立勤益科技大學行銷與流通管理系(正取,分發); 國立高雄科技大學商務資訊應用系(備取); 朝陽科技大學資訊管理系資訊管理組(通過)"
CAND_2908,115,ncut_mkt,國立勤益科技大學,行銷與流通管理系(英語類),國立勤益科技大學 行銷與流通管理系(英語類),57090548,林*,正取,國立勤益科技大學,國立勤益科技大學行銷與流通管理系,原校系/本校留任,2,"國立勤益科技大學行銷與流通管理系(正取,分發); 國立高雄科技大學風險管理與保險系(通過)"
CAND_2909,115,ncut_mkt,國立勤益科技大學,行銷與流通管理系(英語類),國立勤益科技大學 行銷與流通管理系(英語類),57090923,邱*媃,正取,國立勤益科技大學,國立勤益科技大學行銷與流通管理系,原校系/本校留任,2,"國立勤益科技大學行銷與流通管理系(正取,分發); 國立高雄科技大學應用德語系(通過)"
CAND_2910,115,ncut_mkt,國立勤益科技大學,行銷與流通管理系(英語類),國立勤益科技大學 行銷與流通管理系(英語類),56090128,張*永,正取,國立臺中科技大學,國立臺中科技大學應用中文系,其他學校錄取,4,"國立勤益科技大學行銷與流通管理系(正取); 國立高雄科技大學航運技術系(正取); 國立虎尾科技大學應用外語系(備取); 國立臺中科技大學應用中文系(正取,分發)"
CAND_2911,115,ncut_mkt,國立勤益科技大學,行銷與流通管理系(英語類),國立勤益科技大學 行銷與流通管理系(英語類),61090937,康*,正取,國立高雄科技大學,國立高雄科技大學商務資訊應用系,其他學校錄取,3,"國立勤益科技大學行銷與流通管理系(正取); 國立高雄科技大學商務資訊應用系(正取,分發); 國立高雄科技大學供應鏈管理系(備取)"
CAND_2912,115,ncut_mkt,國立勤益科技大學,行銷與流通管理系(英語類),國立勤益科技大學 行銷與流通管理系(英語類),53090085,鄭*妤,正取,實踐大學,實踐大學風險管理與保險學系(臺北校區),其他學校錄取,3,"國立勤益科技大學行銷與流通管理系(正取); 國立臺中科技大學保險金融管理系(備取); 實踐大學風險管理與保險學系(臺北校區)(正取,分發)"
CAND_2913,115,ncut_mkt,國立勤益科技大學,行銷與流通管理系(英語類),國立勤益科技大學 行銷與流通管理系(英語類),56090081,高*永,正取,國立勤益科技大學,國立勤益科技大學行銷與流通管理系,原校系/本校留任,4,"國立勤益科技大學行銷與流通管理系(正取,分發); 致理科技大學財務金融系(正取); 實踐大學風險管理與保險學系(臺北校區)(通過); 亞洲大學財務金融學系(通過)"
CAND_2914,115,ncut_mkt,國立勤益科技大學,行銷與流通管理系(英語類),國立勤益科技大學 行銷與流通管理系(英語類),61090312,黄*芳,正取,國立勤益科技大學,國立勤益科技大學行銷與流通管理系,原校系/本校留任,3,"國立勤益科技大學行銷與流通管理系(正取,分發); 亞洲大學會計與資訊學系(正取); 亞洲大學財務金融學系(正取)"
CAND_2915,115,ncut_mkt,國立勤益科技大學,行銷與流通管理系(英語類),國立勤益科技大學 行銷與流通管理系(英語類),61090821,李*庭,正取,國立高雄科技大學,國立高雄科技大學應用德語系,其他學校錄取,4,"國立勤益科技大學行銷與流通管理系(正取); 國立高雄科技大學應用德語系(備取,分發); 國立虎尾科技大學應用外語系(備取); 國立臺中科技大學人工智慧應用工程學士學位學程(備取)"
CAND_2916,115,ncut_mkt,國立勤益科技大學,行銷與流通管理系(英語類),國立勤益科技大學 行銷與流通管理系(英語類),57090639,葉*妍,正取,國立勤益科技大學,國立勤益科技大學行銷與流通管理系,原校系/本校留任,2,"國立勤益科技大學行銷與流通管理系(正取,分發); 國立高雄餐旅大學餐旅暨會展行銷管理系(正取)"
CAND_2917,115,ncut_mkt,國立勤益科技大學,行銷與流通管理系(英語類),國立勤益科技大學 行銷與流通管理系(英語類),61091567,李*樂,正取,國立高雄科技大學,國立高雄科技大學商務資訊應用系,其他學校錄取,2,"國立勤益科技大學行銷與流通管理系(正取); 國立高雄科技大學商務資訊應用系(正取,分發)"
CAND_2918,115,ncut_mkt,國立勤益科技大學,行銷與流通管理系(英語類),國立勤益科技大學 行銷與流通管理系(英語類),52090485,*佑,正取,國立勤益科技大學,國立勤益科技大學行銷與流通管理系,原校系/本校留任,5,"國立勤益科技大學行銷與流通管理系(正取,分發); 國立屏東科技大學企業管理系(通過); 國立高雄科技大學商務資訊應用系(備取); 國立臺中科技大學保險金融管理系(備取); 國立屏東大學企業管理學系(通過)"
CAND_2919,115,ncut_mkt,國立勤益科技大學,行銷與流通管理系(英語類),國立勤益科技大學 行銷與流通管理系(英語類),56090508,楊*恩,正取,國立勤益科技大學,國立勤益科技大學行銷與流通管理系,原校系/本校留任,2,"國立勤益科技大學行銷與流通管理系(正取,分發); 致理科技大學企業管理系(通過)"
CAND_2920,115,ncut_mkt,國立勤益科技大學,行銷與流通管理系(英語類),國立勤益科技大學 行銷與流通管理系(英語類),57090716,張*致,正取,國立勤益科技大學,國立勤益科技大學行銷與流通管理系,原校系/本校留任,4,"國立勤益科技大學行銷與流通管理系(正取,分發); 國立虎尾科技大學企業管理系(備取); 國立臺中科技大學資訊管理系(備取); 朝陽科技大學資訊管理系資訊管理組(正取)"
CAND_2921,115,ncut_mkt,國立勤益科技大學,行銷與流通管理系(英語類),國立勤益科技大學 行銷與流通管理系(英語類),61090566,*靜,正取,國立勤益科技大學,國立勤益科技大學行銷與流通管理系,原校系/本校留任,2,"國立勤益科技大學行銷與流通管理系(正取,分發); 朝陽科技大學財務金融系(正取)"
CAND_2922,115,ncut_mkt,國立勤益科技大學,行銷與流通管理系(英語類),國立勤益科技大學 行銷與流通管理系(英語類),59090103,吳*女,正取,世新大學,世新大學資訊管理學系智慧商務暨數據傳播組,其他學校錄取,3,"國立勤益科技大學行銷與流通管理系(正取); 世新大學資訊管理學系智慧商務暨數據傳播組(備取,分發); 實踐大學資訊科技與管理學系(臺北校區)(正取)"
CAND_2923,115,ncut_mkt,國立勤益科技大學,行銷與流通管理系(英語類),國立勤益科技大學 行銷與流通管理系(英語類),64090004,梁*,正取,國立高雄科技大學,國立高雄科技大學航運技術系,其他學校錄取,5,"國立勤益科技大學行銷與流通管理系(正取); 國立高雄科技大學商務資訊應用系(備取); 國立高雄科技大學漁業科技與管理系(通過); 國立高雄科技大學航運技術系(正取,分發); 國立虎尾科技大學應用外語系(備取)"
CAND_2924,115,ncut_mkt,國立勤益科技大學,行銷與流通管理系(英語類),國立勤益科技大學 行銷與流通管理系(英語類),57090075,鄭*玟,正取,國立勤益科技大學,國立勤益科技大學行銷與流通管理系,原校系/本校留任,2,"國立勤益科技大學行銷與流通管理系(正取,分發); 實踐大學企業管理學系(臺北校區)(備取)"
CAND_2925,115,ncut_mkt,國立勤益科技大學,行銷與流通管理系(英語類),國立勤益科技大學 行銷與流通管理系(英語類),64090254,黄*媃,正取,朝陽科技大學,朝陽科技大學航空運務系,其他學校錄取,3,"國立勤益科技大學行銷與流通管理系(正取); 國立屏東科技大學工業管理系(正取); 朝陽科技大學航空運務系(正取,分發)"
CAND_2926,115,ncut_mkt,國立勤益科技大學,行銷與流通管理系(英語類),國立勤益科技大學 行銷與流通管理系(英語類),61090684,林*,正取,國立臺中科技大學,國立臺中科技大學應用統計系,其他學校錄取,6,"國立勤益科技大學行銷與流通管理系(正取); 國立臺中科技大學應用統計系(正取,分發); 中臺科技大學行銷管理系(通過); 僑光科技大學財務金融系(通過); 僑光科技大學企業管理系(正取); 靜宜大學行銷與數位經營管理學系(通過)"
CAND_2927,115,ncut_mkt,國立勤益科技大學,行銷與流通管理系(英語類),國立勤益科技大學 行銷與流通管理系(英語類),64090590,陳*茹,正取,國立高雄科技大學,國立高雄科技大學商務資訊應用系,其他學校錄取,4,"國立勤益科技大學行銷與流通管理系(正取); 國立屏東科技大學工業管理系(正取); 國立屏東科技大學企業管理系(正取); 國立高雄科技大學商務資訊應用系(備取,分發)"
CAND_2928,115,ncut_mkt,國立勤益科技大學,行銷與流通管理系(英語類),國立勤益科技大學 行銷與流通管理系(英語類),57090265,黄*淇,正取,國立高雄科技大學,國立高雄科技大學觀光管理系,其他學校錄取,5,"國立勤益科技大學行銷與流通管理系(正取); 國立高雄科技大學觀光管理系(正取,分發); 國立高雄科技大學航運管理系(通過); 國立高雄科技大學商務資訊應用系(正取); 國立虎尾科技大學應用外語系(正取)"
CAND_2929,115,ncut_mkt,國立勤益科技大學,行銷與流通管理系(英語類),國立勤益科技大學 行銷與流通管理系(英語類),74530045,潘*婕,正取,國立勤益科技大學,國立勤益科技大學行銷與流通管理系,原校系/本校留任,3,"國立勤益科技大學行銷與流通管理系(正取,分發); 國立臺中科技大學老人服務事業管理系(通過); 朝陽科技大學資訊管理系資訊管理組(通過)"
CAND_2930,115,ncut_mkt,國立勤益科技大學,行銷與流通管理系(英語類),國立勤益科技大學 行銷與流通管理系(英語類),61090196,許*永,正取,國立臺中科技大學,國立臺中科技大學應用統計系,其他學校錄取,5,"國立勤益科技大學行銷與流通管理系(正取); 國立臺中科技大學應用統計系(正取,分發); 中臺科技大學行銷管理系(通過); 靜宜大學行銷與數位經營管理學系(備取); 亞洲大學經營管理學系(備取)"
CAND_2931,115,ncut_mkt,國立勤益科技大學,行銷與流通管理系(英語類),國立勤益科技大學 行銷與流通管理系(英語類),57090223,賴*柔,備取,國立勤益科技大學,國立勤益科技大學行銷與流通管理系,原校系/本校留任,5,"國立勤益科技大學行銷與流通管理系(備取,分發); 致理科技大學行銷與流通管理系(通過); 國立屏東大學國際經營與貿易學系(備取); 銘傳大學國際企業學系(台北校區)(正取); 實踐大學國際經營與貿易學系(臺北校區)(備取)"
CAND_2932,115,ncut_mkt,國立勤益科技大學,行銷與流通管理系(英語類),國立勤益科技大學 行銷與流通管理系(英語類),58090420,鄭*璟,備取,國立勤益科技大學,國立勤益科技大學行銷與流通管理系,原校系/本校留任,4,"國立勤益科技大學行銷與流通管理系(備取,分發); 國立屏東科技大學工業管理系(通過); 國立臺中科技大學資訊工程系(備取); 朝陽科技大學工業工程與管理系(通過)"
CAND_2933,115,ncut_mkt,國立勤益科技大學,行銷與流通管理系(英語類),國立勤益科技大學 行銷與流通管理系(英語類),70090472,*澔,備取,國立屏東科技大學,國立屏東科技大學工業管理系,其他學校錄取,3,"國立勤益科技大學行銷與流通管理系(備取); 國立屏東科技大學工業管理系(正取,分發); 國立高雄科技大學商務資訊應用系(備取)"
CAND_2934,115,ncut_mkt,國立勤益科技大學,行銷與流通管理系(英語類),國立勤益科技大學 行銷與流通管理系(英語類),61090107,黄*綺,備取,國立勤益科技大學,國立勤益科技大學行銷與流通管理系,原校系/本校留任,4,"國立勤益科技大學行銷與流通管理系(備取,分發); 國立臺中科技大學老人服務事業管理系(備取); 國立屏東大學休閒事業經營學系(通過); 國立屏東大學行銷與流通管理學系(備取)"
CAND_2935,115,ncut_mkt,國立勤益科技大學,行銷與流通管理系(英語類),國立勤益科技大學 行銷與流通管理系(英語類),59090183,*吴,備取,國立高雄科技大學,國立高雄科技大學智慧商務系,其他學校錄取,6,"國立勤益科技大學行銷與流通管理系(備取); 國立高雄科技大學風險管理與保險系(正取); 國立高雄科技大學智慧商務系(備取,分發); 國立高雄科技大學漁業科技與管理系(通過); 國立虎尾科技大學企業管理系(正取); 國立臺中科技大學人工智慧應用工程學士學位學程(備取)"
CAND_2936,115,ncut_mkt,國立勤益科技大學,行銷與流通管理系(英語類),國立勤益科技大學 行銷與流通管理系(英語類),55090079,連*語,備取,國立臺北護理健康大學,國立臺北護理健康大學健康事業管理系,其他學校錄取,3,"國立勤益科技大學行銷與流通管理系(備取); 國立臺北護理健康大學健康事業管理系(正取,分發); 致理科技大學行銷與流通管理系(通過)"
CAND_2937,115,ncut_mkt,國立勤益科技大學,行銷與流通管理系(英語類),國立勤益科技大學 行銷與流通管理系(英語類),57090301,陳*,備取,國立勤益科技大學,國立勤益科技大學行銷與流通管理系,原校系/本校留任,2,"國立勤益科技大學行銷與流通管理系(備取,分發); 國立虎尾科技大學應用外語系(備取)"
CAND_2938,115,ncut_mkt,國立勤益科技大學,行銷與流通管理系(英語類),國立勤益科技大學 行銷與流通管理系(英語類),63090408,連*喆,備取,國立高雄科技大學,國立高雄科技大學商務資訊應用系,其他學校錄取,2,"國立勤益科技大學行銷與流通管理系(備取); 國立高雄科技大學商務資訊應用系(備取,分發)"
CAND_2939,115,ncut_mkt,國立勤益科技大學,行銷與流通管理系(英語類),國立勤益科技大學 行銷與流通管理系(英語類),59090147,湯*揚,備取,國立臺中科技大學,國立臺中科技大學資訊工程系,其他學校錄取,4,"國立勤益科技大學行銷與流通管理系(備取); 國立高雄科技大學智慧商務系(備取); 國立高雄科技大學商務資訊應用系(正取); 國立臺中科技大學資訊工程系(備取,分發)"
CAND_2940,115,ncut_mkt,國立勤益科技大學,行銷與流通管理系(英語類),國立勤益科技大學 行銷與流通管理系(英語類),57090266,郭*渝,備取,國立勤益科技大學,國立勤益科技大學行銷與流通管理系,原校系/本校留任,3,"國立勤益科技大學行銷與流通管理系(備取,分發); 朝陽科技大學企業管理系(正取); 致理科技大學國際貿易系(正取)"
CAND_2941,115,ncut_mkt,國立勤益科技大學,行銷與流通管理系(英語類),國立勤益科技大學 行銷與流通管理系(英語類),56090072,邱*紘,備取,國立高雄科技大學,國立高雄科技大學行銷與流通管理系,其他學校錄取,5,"國立勤益科技大學行銷與流通管理系(備取); 國立高雄科技大學行銷與流通管理系(備取,分發); 國立高雄科技大學商務資訊應用系(正取); 國立虎尾科技大學工業管理系(通過); 國立臺中科技大學保險金融管理系(通過)"
CAND_2942,115,ncut_mkt,國立勤益科技大學,行銷與流通管理系(英語類),國立勤益科技大學 行銷與流通管理系(英語類),74530047,陳*欣,備取,國立臺中科技大學,國立臺中科技大學休閒事業經營系,其他學校錄取,5,"國立勤益科技大學行銷與流通管理系(備取); 國立高雄科技大學海事資訊科技系(備取); 國立臺中科技大學休閒事業經營系(備取,分發); 朝陽科技大學休閒事業管理系(通過); 亞洲大學人工智慧學系(正取)"
CAND_2943,115,ncut_mkt,國立勤益科技大學,行銷與流通管理系(英語類),國立勤益科技大學 行銷與流通管理系(英語類),68090546,許*緁,備取,國立勤益科技大學,國立勤益科技大學行銷與流通管理系,原校系/本校留任,3,"國立勤益科技大學行銷與流通管理系(備取,分發); 國立高雄科技大學商務資訊應用系(備取); 國立屏東大學不動產經營學系(正取)"
CAND_2944,115,ncut_mkt,國立勤益科技大學,行銷與流通管理系(英語類),國立勤益科技大學 行銷與流通管理系(英語類),56090304,黄*芦,備取,國立高雄科技大學,國立高雄科技大學風險管理與保險系,其他學校錄取,2,"國立勤益科技大學行銷與流通管理系(備取); 國立高雄科技大學風險管理與保險系(備取,分發)"
CAND_2945,115,ncut_mkt,國立勤益科技大學,行銷與流通管理系(英語類),國立勤益科技大學 行銷與流通管理系(英語類),57090703,陳*威,備取,國立勤益科技大學,國立勤益科技大學行銷與流通管理系,原校系/本校留任,3,"國立勤益科技大學行銷與流通管理系(備取,分發); 靜宜大學行銷與數位經營管理學系(通過); 世新大學資訊管理學系智慧商務暨數據傳播組(備取)"
CAND_2946,115,ncut_mkt,國立勤益科技大學,行銷與流通管理系(英語類),國立勤益科技大學 行銷與流通管理系(英語類),58090387,周*宇,備取,國立勤益科技大學,國立勤益科技大學行銷與流通管理系,原校系/本校留任,4,"國立勤益科技大學行銷與流通管理系(備取,分發); 國立臺中科技大學資訊工程系(備取); 朝陽科技大學財務金融系(通過); 致理科技大學財務金融系(備取)"
CAND_2947,115,ncut_mkt,國立勤益科技大學,行銷與流通管理系(英語類),國立勤益科技大學 行銷與流通管理系(英語類),69090034,林*,備取,國立勤益科技大學,國立勤益科技大學行銷與流通管理系,原校系/本校留任,2,"國立勤益科技大學行銷與流通管理系(備取,分發); 國立屏東科技大學工業管理系(通過)"
CAND_2948,115,ncut_mkt,國立勤益科技大學,行銷與流通管理系(英語類),國立勤益科技大學 行銷與流通管理系(英語類),59090107,—,備取,國立臺中科技大學,國立臺中科技大學休閒事業經營系,其他學校錄取,3,"國立勤益科技大學行銷與流通管理系(備取); 國立高雄科技大學海洋休閒管理系(通過); 國立臺中科技大學休閒事業經營系(備取,分發)"
CAND_2949,115,ncut_mkt,國立勤益科技大學,行銷與流通管理系(英語類),國立勤益科技大學 行銷與流通管理系(英語類),68090610,*容,備取,國立勤益科技大學,國立勤益科技大學行銷與流通管理系,原校系/本校留任,2,"國立勤益科技大學行銷與流通管理系(備取,分發); 國立高雄科技大學商務資訊應用系(備取)"
CAND_2950,115,ncut_mkt,國立勤益科技大學,行銷與流通管理系(英語類),國立勤益科技大學 行銷與流通管理系(英語類),66090142,葵*亭,備取,國立勤益科技大學,國立勤益科技大學行銷與流通管理系,原校系/本校留任,2,"國立勤益科技大學行銷與流通管理系(備取,分發); 國立高雄科技大學商務資訊應用系(備取)"
CAND_2951,115,ncut_mkt,國立勤益科技大學,行銷與流通管理系(英語類),國立勤益科技大學 行銷與流通管理系(英語類),58090118,陳*揚,備取,—,—,未分發或放棄,3,國立勤益科技大學行銷與流通管理系(備取); 朝陽科技大學財務金融系(通過); 靜宜大學會計學系(通過)
CAND_2952,115,ncut_mkt,國立勤益科技大學,行銷與流通管理系(英語類),國立勤益科技大學 行銷與流通管理系(英語類),56090003,林*岑,備取,—,—,未分發或放棄,4,國立勤益科技大學行銷與流通管理系(備取); 致理科技大學行銷與流通管理系(通過); 靜宜大學財務金融學系(通過); 銘傳大學企業管理學系(台北校區)(通過)
CAND_2953,115,ncut_mkt,國立勤益科技大學,行銷與流通管理系(英語類),國立勤益科技大學 行銷與流通管理系(英語類),57090067,楊*澔,備取,—,—,未分發或放棄,1,國立勤益科技大學行銷與流通管理系(備取)
CAND_2954,115,ncut_mkt,國立勤益科技大學,行銷與流通管理系(英語類),國立勤益科技大學 行銷與流通管理系(英語類),61091473,李*,備取,—,—,未分發或放棄,1,國立勤益科技大學行銷與流通管理系(備取)
CAND_2955,115,ncut_mkt,國立勤益科技大學,行銷與流通管理系(英語類),國立勤益科技大學 行銷與流通管理系(英語類),58090399,蘇*容,備取,僑光科技大學,僑光科技大學行銷與流通管理系,其他學校錄取,2,"國立勤益科技大學行銷與流通管理系(備取); 僑光科技大學行銷與流通管理系(備取,分發)"
CAND_2956,115,ncut_mkt,國立勤益科技大學,行銷與流通管理系(英語類),國立勤益科技大學 行銷與流通管理系(英語類),57090071,賴*妤,備取,靜宜大學,靜宜大學行銷與數位經營管理學系,其他學校錄取,3,"國立勤益科技大學行銷與流通管理系(備取); 致理科技大學行銷與流通管理系(通過); 靜宜大學行銷與數位經營管理學系(備取,分發)"
CAND_2957,115,ncut_mkt,國立勤益科技大學,行銷與流通管理系(英語類),國立勤益科技大學 行銷與流通管理系(英語類),66090299,許*軒,備取,朝陽科技大學,朝陽科技大學財務金融系,其他學校錄取,4,"國立勤益科技大學行銷與流通管理系(備取); 國立高雄科技大學商務資訊應用系(備取); 朝陽科技大學財務金融系(備取,分發); 南臺科技大學財務金融系(通過)"
CAND_2958,115,ncut_mkt,國立勤益科技大學,行銷與流通管理系(英語類),國立勤益科技大學 行銷與流通管理系(英語類),67090001,*翔,備取,國立高雄科技大學,國立高雄科技大學漁業科技與管理系,其他學校錄取,3,"國立勤益科技大學行銷與流通管理系(備取); 國立高雄科技大學漁業科技與管理系(正取,分發); 靜宜大學法律學系(備取)"
CAND_2959,115,ncut_mkt,國立勤益科技大學,行銷與流通管理系(英語類),國立勤益科技大學 行銷與流通管理系(英語類),70090479,F*,備取,國立高雄科技大學,國立高雄科技大學漁業科技與管理系,其他學校錄取,3,"國立勤益科技大學行銷與流通管理系(備取); 國立高雄科技大學商務資訊應用系(備取); 國立高雄科技大學漁業科技與管理系(備取,分發)"
CAND_2960,115,ncut_mkt,國立勤益科技大學,行銷與流通管理系(英語類),國立勤益科技大學 行銷與流通管理系(英語類),59090233,蕭*,備取,國立臺中科技大學,國立臺中科技大學應用中文系,其他學校錄取,3,"國立勤益科技大學行銷與流通管理系(備取); 國立屏東科技大學工業管理系(備取); 國立臺中科技大學應用中文系(備取,分發)"
CAND_2961,115,ncut_mkt,國立勤益科技大學,行銷與流通管理系(英語類),國立勤益科技大學 行銷與流通管理系(英語類),59090239,范*羽,備取,國立虎尾科技大學,國立虎尾科技大學應用外語系,其他學校錄取,5,"國立勤益科技大學行銷與流通管理系(備取); 國立高雄科技大學國際企業系(通過); 國立高雄科技大學人力資源發展系(備取); 國立高雄科技大學智慧商務系(通過); 國立虎尾科技大學應用外語系(正取,分發)"
CAND_2962,115,ncut_mkt,國立勤益科技大學,行銷與流通管理系(英語類),國立勤益科技大學 行銷與流通管理系(英語類),52090481,許*琪,備取,致理科技大學,致理科技大學行銷與流通管理系,其他學校錄取,3,"國立勤益科技大學行銷與流通管理系(備取); 明志科技大學經營管理系(通過); 致理科技大學行銷與流通管理系(正取,分發)"
CAND_2963,115,ncut_mkt,國立勤益科技大學,行銷與流通管理系(英語類),國立勤益科技大學 行銷與流通管理系(英語類),53090040,林*彣,備取,國立高雄科技大學,國立高雄科技大學文化創意產業系,其他學校錄取,4,"國立勤益科技大學行銷與流通管理系(通過); 國立高雄科技大學文化創意產業系(備取,分發); 國立虎尾科技大學應用外語系(通過); 國立臺中科技大學國際貿易與經營系(備取)"
CAND_2964,115,ncut_mkt,國立勤益科技大學,行銷與流通管理系(英語類),國立勤益科技大學 行銷與流通管理系(英語類),53090056,池*,備取,—,—,未分發或放棄,2,國立勤益科技大學行銷與流通管理系(通過); 國立臺中科技大學流通管理系(通過)
CAND_2965,115,ncut_mkt,國立勤益科技大學,行銷與流通管理系(英語類),國立勤益科技大學 行銷與流通管理系(英語類),55090189,李*紘,備取,實踐大學,實踐大學財務金融學系(臺北校區),其他學校錄取,6,"國立勤益科技大學行銷與流通管理系(通過); 國立屏東科技大學企業管理系(通過); 國立虎尾科技大學企業管理系(備取); 國立澎湖科技大學行銷與物流管理系(正取); 靜宜大學法律學系(通過); 實踐大學財務金融學系(臺北校區)(備取,分發)"
CAND_2966,115,ncut_mkt,國立勤益科技大學,行銷與流通管理系(英語類),國立勤益科技大學 行銷與流通管理系(英語類),56090336,張*瑄,備取,—,—,未分發或放棄,3,國立勤益科技大學行銷與流通管理系(通過); 致理科技大學資訊管理系(通過); 實踐大學財務金融學系(臺北校區)(通過)
CAND_2967,115,ncut_mkt,國立勤益科技大學,行銷與流通管理系(英語類),國立勤益科技大學 行銷與流通管理系(英語類),57090202,李*妃,備取,致理科技大學,致理科技大學會計資訊系,其他學校錄取,4,"國立勤益科技大學行銷與流通管理系(通過); 致理科技大學會計資訊系(正取,分發); 靜宜大學國際企業學系(備取); 靜宜大學會計學系(備取)"
CAND_2968,115,ncut_mkt,國立勤益科技大學,行銷與流通管理系(英語類),國立勤益科技大學 行銷與流通管理系(英語類),57090237,黄*謙,備取,國立臺中科技大學,國立臺中科技大學應用統計系,其他學校錄取,3,"國立勤益科技大學行銷與流通管理系(通過); 國立高雄科技大學運籌管理系(通過); 國立臺中科技大學應用統計系(備取,分發)"
CAND_2969,115,ncut_mkt,國立勤益科技大學,行銷與流通管理系(英語類),國立勤益科技大學 行銷與流通管理系(英語類),57090382,風*,備取,致理科技大學,致理科技大學企業管理系,其他學校錄取,2,"國立勤益科技大學行銷與流通管理系(通過); 致理科技大學企業管理系(正取,分發)"
CAND_2970,115,ncut_mkt,國立勤益科技大學,行銷與流通管理系(英語類),國立勤益科技大學 行銷與流通管理系(英語類),57090526,許*竣,備取,靜宜大學,靜宜大學法律學系,其他學校錄取,5,"國立勤益科技大學行銷與流通管理系(通過); 國立高雄餐旅大學餐旅暨會展行銷管理系(通過); 國立臺中科技大學老人服務事業管理系(備取); 靜宜大學法律學系(備取,分發); 靜宜大學行銷與數位經營管理學系(備取)"
CAND_2971,115,ncut_mkt,國立勤益科技大學,行銷與流通管理系(英語類),國立勤益科技大學 行銷與流通管理系(英語類),57090883,余*瑜,備取,—,—,未分發或放棄,1,國立勤益科技大學行銷與流通管理系(通過)
CAND_2972,115,ncut_mkt,國立勤益科技大學,行銷與流通管理系(英語類),國立勤益科技大學 行銷與流通管理系(英語類),58090360,楊*璇,備取,—,—,未分發或放棄,6,國立勤益科技大學行銷與流通管理系(通過); 朝陽科技大學行銷與流通管理系(備取); 南臺科技大學行銷與流通管理系(通過); 僑光科技大學財務金融系(正取); 僑光科技大學行銷與流通管理系(通過); 致理科技大學行銷與流通管理系(正取)
CAND_2973,115,ncut_mkt,國立勤益科技大學,行銷與流通管理系(英語類),國立勤益科技大學 行銷與流通管理系(英語類),59090186,*鈞,備取,—,—,未分發或放棄,2,國立勤益科技大學行銷與流通管理系(通過); 國立高雄科技大學商務資訊應用系(通過)
CAND_2974,115,ncut_mkt,國立勤益科技大學,行銷與流通管理系(英語類),國立勤益科技大學 行銷與流通管理系(英語類),59090282,江*軒,備取,國立臺中科技大學,國立臺中科技大學應用英語系,其他學校錄取,5,"國立勤益科技大學行銷與流通管理系(通過); 國立高雄科技大學航運管理系(通過); 國立高雄科技大學航運技術系(正取); 國立虎尾科技大學資訊管理系(通過); 國立臺中科技大學應用英語系(正取,分發)"
CAND_2975,115,ncut_mkt,國立勤益科技大學,行銷與流通管理系(英語類),國立勤益科技大學 行銷與流通管理系(英語類),60090291,*宇,備取,—,—,未分發或放棄,4,國立勤益科技大學行銷與流通管理系(通過); 國立屏東科技大學社會工作系(通過); 致理科技大學財務金融系(通過); 國立屏東大學不動產經營學系(通過)
CAND_2976,115,ncut_mkt,國立勤益科技大學,行銷與流通管理系(英語類),國立勤益科技大學 行銷與流通管理系(英語類),61090076,陳*錡,備取,國立臺中科技大學,國立臺中科技大學國際貿易與經營系,其他學校錄取,4,"國立勤益科技大學行銷與流通管理系(通過); 國立高雄科技大學商務資訊應用系(通過); 國立虎尾科技大學財務金融系(通過); 國立臺中科技大學國際貿易與經營系(正取,分發)"
CAND_2977,115,ncut_mkt,國立勤益科技大學,行銷與流通管理系(英語類),國立勤益科技大學 行銷與流通管理系(英語類),64090016,葵*媗,備取,國立臺中科技大學,國立臺中科技大學保險金融管理系,其他學校錄取,2,"國立勤益科技大學行銷與流通管理系(通過); 國立臺中科技大學保險金融管理系(正取,分發)"
CAND_2978,113,ncut_ba,國立勤益科技大學,企業管理系(商管群),國立勤益科技大學 企業管理系(商管群),65090302,黄*婷,正取,國立勤益科技大學,國立勤益科技大學企業管理系,原校系/本校留任,5,"國立勤益科技大學企業管理系(正取,分發); 國立屏東科技大學企業管理系(通過); 國立高雄科技大學會計資訊系(通過); 國立虎尾科技大學工業管理系(正取); 國立虎尾科技大學企業管理系(通過)"
CAND_2979,113,ncut_ba,國立勤益科技大學,企業管理系(商管群),國立勤益科技大學 企業管理系(商管群),73090014,黄*嫚,正取,逢甲大學,逢甲大學會計學系,其他學校錄取,4,"國立勤益科技大學企業管理系(正取); 國立臺中科技大學會計資訊系(正取); 銘傳大學企業管理學系(台北校區)(備取); 逢甲大學會計學系(正取,分發)"
CAND_2980,113,ncut_ba,國立勤益科技大學,企業管理系(商管群),國立勤益科技大學 企業管理系(商管群),64090341,*舒,正取,—,—,未分發或放棄,2,國立勤益科技大學企業管理系(正取); 逢甲大學國際經營與貿易學系(正取)
CAND_2981,113,ncut_ba,國立勤益科技大學,企業管理系(商管群),國立勤益科技大學 企業管理系(商管群),61090672,柯*璇,正取,國立臺中科技大學,國立臺中科技大學國際貿易與經營系,其他學校錄取,3,"國立勤益科技大學企業管理系(正取); 國立臺中科技大學國際貿易與經營系(正取,分發); 亞洲大學經營管理學系(備取)"
CAND_2982,113,ncut_ba,國立勤益科技大學,企業管理系(商管群),國立勤益科技大學 企業管理系(商管群),61091032,林*亮,正取,國立勤益科技大學,國立勤益科技大學企業管理系,原校系/本校留任,3,"國立勤益科技大學企業管理系(正取,分發); 國立高雄科技大學航運管理系(備取); 國立虎尾科技大學企業管理系(正取)"
CAND_2983,113,ncut_ba,國立勤益科技大學,企業管理系(商管群),國立勤益科技大學 企業管理系(商管群),54090146,陳*盈,正取,國立勤益科技大學,國立勤益科技大學企業管理系,原校系/本校留任,5,"國立勤益科技大學企業管理系(正取,分發); 國立高雄科技大學企業管理系(正取); 國立高雄科技大學會計資訊系(通過); 國立虎尾科技大學企業管理系(通過); 國立臺中科技大學企業管理系(通過)"
CAND_2984,113,ncut_ba,國立勤益科技大學,企業管理系(商管群),國立勤益科技大學 企業管理系(商管群),61091698,林*,正取,國立高雄科技大學,國立高雄科技大學人力資源發展系,其他學校錄取,3,"國立勤益科技大學企業管理系(正取); 國立高雄科技大學人力資源發展系(備取,分發); 國立虎尾科技大學企業管理系(正取)"
CAND_2985,113,ncut_ba,國立勤益科技大學,企業管理系(商管群),國立勤益科技大學 企業管理系(商管群),65090068,*嬅,正取,國立勤益科技大學,國立勤益科技大學企業管理系,原校系/本校留任,3,"國立勤益科技大學企業管理系(正取,分發); 國立屏東科技大學企業管理系(通過); 國立虎尾科技大學企業管理系(正取)"
CAND_2986,113,ncut_ba,國立勤益科技大學,企業管理系(商管群),國立勤益科技大學 企業管理系(商管群),59090026,陳*羽,正取,國立臺中科技大學,國立臺中科技大學企業管理系,其他學校錄取,4,"國立勤益科技大學企業管理系(正取); 國立高雄科技大學人力資源發展系(正取); 國立虎尾科技大學企業管理系(正取); 國立臺中科技大學企業管理系(正取,分發)"
CAND_2987,113,ncut_ba,國立勤益科技大學,企業管理系(商管群),國立勤益科技大學 企業管理系(商管群),61091710,張*歆,正取,國立臺中科技大學,國立臺中科技大學企業管理系,其他學校錄取,2,"國立勤益科技大學企業管理系(正取); 國立臺中科技大學企業管理系(正取,分發)"
CAND_2988,113,ncut_ba,國立勤益科技大學,企業管理系(商管群),國立勤益科技大學 企業管理系(商管群),61091078,張*永,正取,國立勤益科技大學,國立勤益科技大學企業管理系,原校系/本校留任,3,"國立勤益科技大學企業管理系(正取,分發); 國立虎尾科技大學企業管理系(通過); 國立臺中科技大學保險金融管理系(備取)"
CAND_2989,113,ncut_ba,國立勤益科技大學,企業管理系(商管群),國立勤益科技大學 企業管理系(商管群),57090405,賴*純,正取,國立虎尾科技大學,國立虎尾科技大學財務金融系,其他學校錄取,2,"國立勤益科技大學企業管理系(正取); 國立虎尾科技大學財務金融系(正取,分發)"
CAND_2990,113,ncut_ba,國立勤益科技大學,企業管理系(商管群),國立勤益科技大學 企業管理系(商管群),56090535,吳*女,正取,國立勤益科技大學,國立勤益科技大學企業管理系,原校系/本校留任,1,"國立勤益科技大學企業管理系(正取,分發)"
CAND_2991,113,ncut_ba,國立勤益科技大學,企業管理系(商管群),國立勤益科技大學 企業管理系(商管群),70090358,李*,正取,國立臺中科技大學,國立臺中科技大學保險金融管理系,其他學校錄取,3,"國立勤益科技大學企業管理系(正取); 國立臺中科技大學保險金融管理系(正取,分發); 國立屏東大學財務金融學系(正取)"
CAND_2992,113,ncut_ba,國立勤益科技大學,企業管理系(商管群),國立勤益科技大學 企業管理系(商管群),74090094,何*,正取,國立臺中科技大學,國立臺中科技大學國際貿易與經營系,其他學校錄取,5,"國立勤益科技大學企業管理系(正取); 國立臺中科技大學國際貿易與經營系(正取,分發); 朝陽科技大學企業管理系(通過); 德明財經科技大學國際貿易系(正取); 致理科技大學國際貿易系(正取)"
CAND_2993,113,ncut_ba,國立勤益科技大學,企業管理系(商管群),國立勤益科技大學 企業管理系(商管群),64090585,陳*綾,正取,國立勤益科技大學,國立勤益科技大學企業管理系,原校系/本校留任,2,"國立勤益科技大學企業管理系(正取,分發); 國立虎尾科技大學工業管理系(正取)"
CAND_2994,113,ncut_ba,國立勤益科技大學,企業管理系(商管群),國立勤益科技大學 企業管理系(商管群),64090019,薛*軒,正取,國立臺中科技大學,國立臺中科技大學保險金融管理系,其他學校錄取,2,"國立勤益科技大學企業管理系(正取); 國立臺中科技大學保險金融管理系(正取,分發)"
CAND_2995,113,ncut_ba,國立勤益科技大學,企業管理系(商管群),國立勤益科技大學 企業管理系(商管群),61091026,*永,正取,國立勤益科技大學,國立勤益科技大學企業管理系,原校系/本校留任,2,"國立勤益科技大學企業管理系(正取,分發); 國立臺中科技大學保險金融管理系(備取)"
CAND_2996,113,ncut_ba,國立勤益科技大學,企業管理系(商管群),國立勤益科技大學 企業管理系(商管群),58090094,*芦,正取,國立勤益科技大學,國立勤益科技大學企業管理系,原校系/本校留任,4,"國立勤益科技大學企業管理系(正取,分發); 國立虎尾科技大學企業管理系(正取); 致理科技大學財務金融系(正取); 靜宜大學財務金融學系(正取)"
CAND_2997,113,ncut_ba,國立勤益科技大學,企業管理系(商管群),國立勤益科技大學 企業管理系(商管群),56090292,邱*慈,正取,—,—,未分發或放棄,3,國立勤益科技大學企業管理系(正取); 國立臺北護理健康大學高齡健康照護系(通過); 國立臺北護理健康大學休閒產業與健康促進系(通過)
CAND_2998,113,ncut_ba,國立勤益科技大學,企業管理系(商管群),國立勤益科技大學 企業管理系(商管群),61090324,陳*恩,正取,國立勤益科技大學,國立勤益科技大學企業管理系,原校系/本校留任,5,"國立勤益科技大學企業管理系(正取,分發); 國立高雄科技大學企業管理系(正取); 國立高雄科技大學人力資源發展系(正取); 國立臺北護理健康大學健康事業管理系(正取); 朝陽科技大學航空運務系(通過)"
CAND_2999,113,ncut_ba,國立勤益科技大學,企業管理系(商管群),國立勤益科技大學 企業管理系(商管群),61091330,*媛,正取,國立勤益科技大學,國立勤益科技大學企業管理系,原校系/本校留任,1,"國立勤益科技大學企業管理系(正取,分發)"
CAND_3000,113,ncut_ba,國立勤益科技大學,企業管理系(商管群),國立勤益科技大學 企業管理系(商管群),61090531,*閑,正取,國立臺中科技大學,國立臺中科技大學企業管理系,其他學校錄取,3,"國立勤益科技大學企業管理系(正取); 國立臺中科技大學企業管理系(正取,分發); 國立臺北商業大學企業管理系(臺北校區)(備取)"
CAND_3001,113,ncut_ba,國立勤益科技大學,企業管理系(商管群),國立勤益科技大學 企業管理系(商管群),63090477,賴*,正取,國立勤益科技大學,國立勤益科技大學企業管理系,原校系/本校留任,1,"國立勤益科技大學企業管理系(正取,分發)"
CAND_3002,113,ncut_ba,國立勤益科技大學,企業管理系(商管群),國立勤益科技大學 企業管理系(商管群),56090077,陳*,正取,國立勤益科技大學,國立勤益科技大學企業管理系,原校系/本校留任,3,"國立勤益科技大學企業管理系(正取,分發); 明志科技大學環境與安全衛生工程系(正取); 明志科技大學工業工程與管理系(正取)"
CAND_3003,113,ncut_ba,國立勤益科技大學,企業管理系(商管群),國立勤益科技大學 企業管理系(商管群),61090767,林*誼,正取,國立虎尾科技大學,國立虎尾科技大學企業管理系,其他學校錄取,4,"國立勤益科技大學企業管理系(正取); 國立虎尾科技大學企業管理系(正取,分發); 國立虎尾科技大學應用外語系(正取); 國立聯合大學經營管理學系(通過)"
CAND_3004,113,ncut_ba,國立勤益科技大學,企業管理系(商管群),國立勤益科技大學 企業管理系(商管群),61090998,林*婷,正取,國立虎尾科技大學,國立虎尾科技大學財務金融系,其他學校錄取,4,"國立勤益科技大學企業管理系(正取); 國立虎尾科技大學企業管理系(通過); 國立虎尾科技大學財務金融系(備取,分發); 國立臺中科技大學保險金融管理系(備取)"
CAND_3005,113,ncut_ba,國立勤益科技大學,企業管理系(商管群),國立勤益科技大學 企業管理系(商管群),61090975,張*禎,正取,國立高雄科技大學,國立高雄科技大學會計資訊系,其他學校錄取,3,"國立勤益科技大學企業管理系(正取); 國立高雄科技大學會計資訊系(備取,分發); 國立虎尾科技大學企業管理系(正取)"
CAND_3006,113,ncut_ba,國立勤益科技大學,企業管理系(商管群),國立勤益科技大學 企業管理系(商管群),58090257,彭*葳,正取,國立勤益科技大學,國立勤益科技大學企業管理系,原校系/本校留任,6,"國立勤益科技大學企業管理系(正取,分發); 朝陽科技大學財務金融系(通過); 德明財經科技大學財務金融系(通過); 銘傳大學企業管理學系(台北校區)(備取); 銘傳大學國際企業學系(台北校區)(備取); 亞洲大學心理學系(通過)"
CAND_3007,113,ncut_ba,國立勤益科技大學,企業管理系(商管群),國立勤益科技大學 企業管理系(商管群),73090006,*晴,正取,銘傳大學,銘傳大學國際企業學系(台北校區),其他學校錄取,4,"國立勤益科技大學企業管理系(正取); 國立臺北護理健康大學生死與健康心理諮商系(通過); 銘傳大學國際企業學系(台北校區)(備取,分發); 實踐大學財務金融學系(臺北校區)(通過)"
CAND_3008,113,ncut_ba,國立勤益科技大學,企業管理系(商管群),國立勤益科技大學 企業管理系(商管群),66090126,許*婕,正取,國立虎尾科技大學,國立虎尾科技大學企業管理系,其他學校錄取,4,"國立勤益科技大學企業管理系(正取); 國立高雄科技大學企業管理系(正取); 國立虎尾科技大學企業管理系(正取,分發); 國立屏東大學企業管理學系(通過)"
CAND_3009,113,ncut_ba,國立勤益科技大學,企業管理系(商管群),國立勤益科技大學 企業管理系(商管群),58090518,毛*瑄,正取,國立勤益科技大學,國立勤益科技大學企業管理系,原校系/本校留任,4,"國立勤益科技大學企業管理系(正取,分發); 國立屏東科技大學企業管理系(正取); 國立高雄科技大學商務資訊應用系(備取); 朝陽科技大學保險金融管理系(正取)"
CAND_3010,113,ncut_ba,國立勤益科技大學,企業管理系(商管群),國立勤益科技大學 企業管理系(商管群),70090590,許*庭,正取,國立高雄科技大學,國立高雄科技大學人力資源發展系,其他學校錄取,4,"國立勤益科技大學企業管理系(正取); 國立高雄科技大學人力資源發展系(備取,分發); 國立臺中科技大學保險金融管理系(正取); 國立屏東大學行銷與流通管理學系(正取)"
CAND_3011,113,ncut_ba,國立勤益科技大學,企業管理系(商管群),國立勤益科技大學 企業管理系(商管群),60090022,吳*軒,正取,國立臺北護理健康大學,國立臺北護理健康大學生死與健康心理諮商系,其他學校錄取,2,"國立勤益科技大學企業管理系(正取); 國立臺北護理健康大學生死與健康心理諮商系(正取,分發)"
CAND_3012,113,ncut_ba,國立勤益科技大學,企業管理系(商管群),國立勤益科技大學 企業管理系(商管群),59090438,段*,正取,國立勤益科技大學,國立勤益科技大學企業管理系,原校系/本校留任,2,"國立勤益科技大學企業管理系(正取,分發); 國立虎尾科技大學企業管理系(正取)"
CAND_3013,113,ncut_ba,國立勤益科技大學,企業管理系(商管群),國立勤益科技大學 企業管理系(商管群),61090101,吳*瑄,正取,國立臺中科技大學,國立臺中科技大學財政稅務系,其他學校錄取,2,"國立勤益科技大學企業管理系(正取); 國立臺中科技大學財政稅務系(正取,分發)"
CAND_3014,113,ncut_ba,國立勤益科技大學,企業管理系(商管群),國立勤益科技大學 企業管理系(商管群),61090388,陳*蓉,正取,國立虎尾科技大學,國立虎尾科技大學財務金融系,其他學校錄取,5,"國立勤益科技大學企業管理系(正取); 國立虎尾科技大學企業管理系(正取); 國立虎尾科技大學財務金融系(正取,分發); 靜宜大學財務金融學系(正取); 逢甲大學經濟學系(備取)"
CAND_3015,113,ncut_ba,國立勤益科技大學,企業管理系(商管群),國立勤益科技大學 企業管理系(商管群),61090667,簡*靜,正取,國立臺中科技大學,國立臺中科技大學國際貿易與經營系,其他學校錄取,4,"國立勤益科技大學企業管理系(正取); 國立高雄科技大學行銷與流通管理系(備取); 國立虎尾科技大學企業管理系(正取); 國立臺中科技大學國際貿易與經營系(正取,分發)"
CAND_3016,113,ncut_ba,國立勤益科技大學,企業管理系(商管群),國立勤益科技大學 企業管理系(商管群),61090059,陳*,正取,國立虎尾科技大學,國立虎尾科技大學應用外語系,其他學校錄取,2,"國立勤益科技大學企業管理系(正取); 國立虎尾科技大學應用外語系(正取,分發)"
CAND_3017,113,ncut_ba,國立勤益科技大學,企業管理系(商管群),國立勤益科技大學 企業管理系(商管群),69090077,賴*志,正取,國立虎尾科技大學,國立虎尾科技大學財務金融系,其他學校錄取,4,"國立勤益科技大學企業管理系(正取); 國立虎尾科技大學企業管理系(通過); 國立虎尾科技大學財務金融系(正取,分發); 國立臺中科技大學財政稅務系(備取)"
CAND_3018,113,ncut_ba,國立勤益科技大學,企業管理系(商管群),國立勤益科技大學 企業管理系(商管群),56090380,吳*駿,正取,國立勤益科技大學,國立勤益科技大學企業管理系,原校系/本校留任,2,"國立勤益科技大學企業管理系(正取,分發); 國立虎尾科技大學企業管理系(通過)"
CAND_3019,113,ncut_ba,國立勤益科技大學,企業管理系(商管群),國立勤益科技大學 企業管理系(商管群),61090559,李*,正取,逢甲大學,逢甲大學國際經營與貿易學系,其他學校錄取,2,"國立勤益科技大學企業管理系(正取); 逢甲大學國際經營與貿易學系(備取,分發)"
CAND_3020,113,ncut_ba,國立勤益科技大學,企業管理系(商管群),國立勤益科技大學 企業管理系(商管群),60090259,謝*雅,正取,國立勤益科技大學,國立勤益科技大學企業管理系,原校系/本校留任,3,"國立勤益科技大學企業管理系(正取,分發); 國立臺中科技大學保險金融管理系(備取); 朝陽科技大學財務金融系(通過)"
CAND_3021,113,ncut_ba,國立勤益科技大學,企業管理系(商管群),國立勤益科技大學 企業管理系(商管群),70090901,李*柔,正取,國立勤益科技大學,國立勤益科技大學企業管理系,原校系/本校留任,3,"國立勤益科技大學企業管理系(正取,分發); 國立臺北護理健康大學健康事業管理系(通過); 國立屏東大學資訊管理學系(通過)"
CAND_3022,113,ncut_ba,國立勤益科技大學,企業管理系(商管群),國立勤益科技大學 企業管理系(商管群),60090219,—,正取,國立勤益科技大學,國立勤益科技大學企業管理系,原校系/本校留任,2,"國立勤益科技大學企業管理系(正取,分發); 國立聯合大學經營管理學系(正取)"
CAND_3023,113,ncut_ba,國立勤益科技大學,企業管理系(商管群),國立勤益科技大學 企業管理系(商管群),61091111,林*瑜,正取,國立高雄科技大學,國立高雄科技大學運籌管理系,其他學校錄取,3,"國立勤益科技大學企業管理系(正取); 國立高雄科技大學運籌管理系(備取,分發); 國立臺中科技大學財政稅務系(備取)"
CAND_3024,113,ncut_ba,國立勤益科技大學,企業管理系(商管群),國立勤益科技大學 企業管理系(商管群),61091482,陳*妤,正取,國立勤益科技大學,國立勤益科技大學企業管理系,原校系/本校留任,1,"國立勤益科技大學企業管理系(正取,分發)"
CAND_3025,113,ncut_ba,國立勤益科技大學,企業管理系(商管群),國立勤益科技大學 企業管理系(商管群),58090276,—,正取,國立勤益科技大學,國立勤益科技大學企業管理系,原校系/本校留任,5,"國立勤益科技大學企業管理系(正取,分發); 國立虎尾科技大學企業管理系(通過); 國立虎尾科技大學應用外語系(通過); 國立臺中科技大學流通管理系(正取); 致理科技大學應用日語系(通過)"
CAND_3026,113,ncut_ba,國立勤益科技大學,企業管理系(商管群),國立勤益科技大學 企業管理系(商管群),69090089,趙*崇,正取,國立高雄科技大學,國立高雄科技大學文化創意產業系,其他學校錄取,3,"國立勤益科技大學企業管理系(正取); 國立高雄科技大學智慧商務系(通過); 國立高雄科技大學文化創意產業系(正取,分發)"
CAND_3027,113,ncut_ba,國立勤益科技大學,企業管理系(商管群),國立勤益科技大學 企業管理系(商管群),66090229,賴*,正取,國立勤益科技大學,國立勤益科技大學企業管理系,原校系/本校留任,1,"國立勤益科技大學企業管理系(正取,分發)"
CAND_3028,113,ncut_ba,國立勤益科技大學,企業管理系(商管群),國立勤益科技大學 企業管理系(商管群),52090462,魏*庭,正取,國立臺中科技大學,國立臺中科技大學企業管理系,其他學校錄取,3,"國立勤益科技大學企業管理系(正取); 國立臺中科技大學企業管理系(備取,分發); 銘傳大學國際企業學系(台北校區)(備取)"
CAND_3029,113,ncut_ba,國立勤益科技大學,企業管理系(商管群),國立勤益科技大學 企業管理系(商管群),58090176,*慈,正取,國立勤益科技大學,國立勤益科技大學企業管理系,原校系/本校留任,2,"國立勤益科技大學企業管理系(正取,分發); 國立臺中科技大學保險金融管理系(備取)"
CAND_3030,113,ncut_ba,國立勤益科技大學,企業管理系(商管群),國立勤益科技大學 企業管理系(商管群),62090038,*喆,正取,國立勤益科技大學,國立勤益科技大學企業管理系,原校系/本校留任,3,"國立勤益科技大學企業管理系(正取,分發); 國立聯合大學經營管理學系(通過); 逢甲大學合作經濟暨社會事業經營學系(備取)"
CAND_3031,113,ncut_ba,國立勤益科技大學,企業管理系(商管群),國立勤益科技大學 企業管理系(商管群),61090819,方*筑,正取,逢甲大學,逢甲大學土地管理學系,其他學校錄取,4,"國立勤益科技大學企業管理系(正取); 國立臺灣體育運動大學運動事業管理學系(通過); 逢甲大學土地管理學系(正取,分發); 逢甲大學會計學系(備取)"
CAND_3032,113,ncut_ba,國立勤益科技大學,企業管理系(商管群),國立勤益科技大學 企業管理系(商管群),61090939,林*昀,正取,國立勤益科技大學,國立勤益科技大學企業管理系,原校系/本校留任,1,"國立勤益科技大學企業管理系(正取,分發)"
CAND_3033,113,ncut_ba,國立勤益科技大學,企業管理系(商管群),國立勤益科技大學 企業管理系(商管群),61090519,謝*女,正取,國立勤益科技大學,國立勤益科技大學企業管理系,原校系/本校留任,2,"國立勤益科技大學企業管理系(正取,分發); 國立高雄科技大學文化創意產業系(備取)"
CAND_3034,113,ncut_ba,國立勤益科技大學,企業管理系(商管群),國立勤益科技大學 企業管理系(商管群),61091167,宋*,正取,國立勤益科技大學,國立勤益科技大學企業管理系,原校系/本校留任,5,"國立勤益科技大學企業管理系(正取,分發); 國立高雄科技大學運籌管理系(備取); 國立虎尾科技大學企業管理系(備取); 國立臺北護理健康大學生死與健康心理諮商系(通過); 國立臺中科技大學財政稅務系(備取)"
CAND_3035,113,ncut_ba,國立勤益科技大學,企業管理系(商管群),國立勤益科技大學 企業管理系(商管群),59090204,張*惠,正取,國立勤益科技大學,國立勤益科技大學企業管理系,原校系/本校留任,3,"國立勤益科技大學企業管理系(正取,分發); 國立虎尾科技大學企業管理系(正取); 國立聯合大學經營管理學系(正取)"
CAND_3036,113,ncut_ba,國立勤益科技大學,企業管理系(商管群),國立勤益科技大學 企業管理系(商管群),61090691,湯*淳,正取,國立勤益科技大學,國立勤益科技大學企業管理系,原校系/本校留任,1,"國立勤益科技大學企業管理系(正取,分發)"
CAND_3037,113,ncut_ba,國立勤益科技大學,企業管理系(商管群),國立勤益科技大學 企業管理系(商管群),57090758,—,正取,國立勤益科技大學,國立勤益科技大學企業管理系,原校系/本校留任,1,"國立勤益科技大學企業管理系(正取,分發)"
CAND_3038,113,ncut_ba,國立勤益科技大學,企業管理系(商管群),國立勤益科技大學 企業管理系(商管群),68090083,吳*緯,正取,國立高雄科技大學,國立高雄科技大學行銷與流通管理系,其他學校錄取,3,"國立勤益科技大學企業管理系(正取); 國立高雄科技大學企業管理系(備取); 國立高雄科技大學行銷與流通管理系(備取,分發)"
CAND_3039,113,ncut_ba,國立勤益科技大學,企業管理系(商管群),國立勤益科技大學 企業管理系(商管群),57090522,謝*永,正取,國立勤益科技大學,國立勤益科技大學企業管理系,原校系/本校留任,2,"國立勤益科技大學企業管理系(正取,分發); 國立虎尾科技大學企業管理系(備取)"
CAND_3040,113,ncut_ba,國立勤益科技大學,企業管理系(商管群),國立勤益科技大學 企業管理系(商管群),68090762,*永,正取,國立高雄科技大學,國立高雄科技大學財政稅務系,其他學校錄取,5,"國立勤益科技大學企業管理系(正取); 國立雲林科技大學會計系(正取); 國立高雄科技大學財政稅務系(正取,分發); 國立虎尾科技大學財務金融系(通過); 國立臺中科技大學會計資訊系(通過)"
CAND_3041,113,ncut_ba,國立勤益科技大學,企業管理系(商管群),國立勤益科技大學 企業管理系(商管群),74090229,*婕,正取,國立勤益科技大學,國立勤益科技大學企業管理系,原校系/本校留任,5,"國立勤益科技大學企業管理系(正取,分發); 國立臺中科技大學財政稅務系(正取); 明志科技大學經營管理系(正取); 德明財經科技大學財務金融系(通過); 致理科技大學行銷與流通管理系(正取)"
CAND_3042,113,ncut_ba,國立勤益科技大學,企業管理系(商管群),國立勤益科技大學 企業管理系(商管群),61091793,賴*柔,正取,國立勤益科技大學,國立勤益科技大學企業管理系,原校系/本校留任,3,"國立勤益科技大學企業管理系(正取,分發); 國立臺中科技大學財務金融系(通過); 朝陽科技大學企業管理系(通過)"
CAND_3043,113,ncut_ba,國立勤益科技大學,企業管理系(商管群),國立勤益科技大學 企業管理系(商管群),77090017,許*岑,正取,國立臺北商業大學,國立臺北商業大學會計資訊系(臺北校區),其他學校錄取,5,"國立勤益科技大學企業管理系(正取); 國立臺中科技大學財務金融系(通過); 國立臺北商業大學會計資訊系(臺北校區)(備取,分發); 國立臺北商業大學財務金融系(臺北校區)(備取); 國立臺北商業大學企業管理系(臺北校區)(備取)"
CAND_3044,113,ncut_ba,國立勤益科技大學,企業管理系(商管群),國立勤益科技大學 企業管理系(商管群),58090182,*瑄,正取,國立臺北護理健康大學,國立臺北護理健康大學健康事業管理系,其他學校錄取,2,"國立勤益科技大學企業管理系(正取); 國立臺北護理健康大學健康事業管理系(正取,分發)"
CAND_3045,113,ncut_ba,國立勤益科技大學,企業管理系(商管群),國立勤益科技大學 企業管理系(商管群),61091235,李*,備取,國立勤益科技大學,國立勤益科技大學企業管理系,原校系/本校留任,1,"國立勤益科技大學企業管理系(備取,分發)"
CAND_3046,113,ncut_ba,國立勤益科技大學,企業管理系(商管群),國立勤益科技大學 企業管理系(商管群),61091275,—,備取,國立勤益科技大學,國立勤益科技大學企業管理系,原校系/本校留任,2,"國立勤益科技大學企業管理系(備取,分發); 國立虎尾科技大學企業管理系(備取)"
CAND_3047,113,ncut_ba,國立勤益科技大學,企業管理系(商管群),國立勤益科技大學 企業管理系(商管群),52090198,陳*,備取,國立臺北護理健康大學,國立臺北護理健康大學健康事業管理系,其他學校錄取,2,"國立勤益科技大學企業管理系(備取); 國立臺北護理健康大學健康事業管理系(備取,分發)"
CAND_3048,113,ncut_ba,國立勤益科技大學,企業管理系(商管群),國立勤益科技大學 企業管理系(商管群),56090226,葵*,備取,國立勤益科技大學,國立勤益科技大學企業管理系,原校系/本校留任,2,"國立勤益科技大學企業管理系(備取,分發); 致理科技大學財務金融系(通過)"
CAND_3049,113,ncut_ba,國立勤益科技大學,企業管理系(商管群),國立勤益科技大學 企業管理系(商管群),64090186,黄*,備取,國立虎尾科技大學,國立虎尾科技大學企業管理系,其他學校錄取,3,"國立勤益科技大學企業管理系(備取); 國立虎尾科技大學企業管理系(正取,分發); 朝陽科技大學財務金融系(通過)"
CAND_3050,113,ncut_ba,國立勤益科技大學,企業管理系(商管群),國立勤益科技大學 企業管理系(商管群),57090765,袁*瑜,備取,國立勤益科技大學,國立勤益科技大學企業管理系,原校系/本校留任,3,"國立勤益科技大學企業管理系(備取,分發); 致理科技大學財務金融系(通過); 銘傳大學企業管理學系(台北校區)(備取)"
CAND_3051,113,ncut_ba,國立勤益科技大學,企業管理系(商管群),國立勤益科技大學 企業管理系(商管群),64090145,林*婷,備取,國立勤益科技大學,國立勤益科技大學企業管理系,原校系/本校留任,4,"國立勤益科技大學企業管理系(備取,分發); 國立虎尾科技大學企業管理系(正取); 國立虎尾科技大學財務金融系(備取); 國立臺中科技大學企業管理系(備取)"
CAND_3052,113,ncut_ba,國立勤益科技大學,企業管理系(商管群),國立勤益科技大學 企業管理系(商管群),59090458,*甄,備取,國立臺中科技大學,國立臺中科技大學休閒事業經營系,其他學校錄取,6,"國立勤益科技大學企業管理系(備取); 國立虎尾科技大學工業管理系(備取); 國立臺中科技大學休閒事業經營系(正取,分發); 朝陽科技大學企業管理系(通過); 致理科技大學行銷與流通管理系(通過); 國立聯合大學經營管理學系(正取)"
CAND_3053,113,ncut_ba,國立勤益科技大學,企業管理系(商管群),國立勤益科技大學 企業管理系(商管群),57090445,葉*媗,備取,國立虎尾科技大學,國立虎尾科技大學工業管理系,其他學校錄取,2,"國立勤益科技大學企業管理系(備取); 國立虎尾科技大學工業管理系(正取,分發)"
CAND_3054,113,ncut_ba,國立勤益科技大學,企業管理系(商管群),國立勤益科技大學 企業管理系(商管群),52090428,*愷,備取,國立勤益科技大學,國立勤益科技大學企業管理系,原校系/本校留任,2,"國立勤益科技大學企業管理系(備取,分發); 德明財經科技大學財務金融系(通過)"
CAND_3055,113,ncut_ba,國立勤益科技大學,企業管理系(商管群),國立勤益科技大學 企業管理系(商管群),58090253,曹*善,備取,國立勤益科技大學,國立勤益科技大學企業管理系,原校系/本校留任,1,"國立勤益科技大學企業管理系(備取,分發)"
CAND_3056,113,ncut_ba,國立勤益科技大學,企業管理系(商管群),國立勤益科技大學 企業管理系(商管群),66090110,林*宏,備取,國立臺中科技大學,國立臺中科技大學休閒事業經營系,其他學校錄取,3,"國立勤益科技大學企業管理系(備取); 國立虎尾科技大學企業管理系(通過); 國立臺中科技大學休閒事業經營系(正取,分發)"
CAND_3057,113,ncut_ba,國立勤益科技大學,企業管理系(商管群),國立勤益科技大學 企業管理系(商管群),70090809,吳*,備取,國立勤益科技大學,國立勤益科技大學企業管理系,原校系/本校留任,1,"國立勤益科技大學企業管理系(備取,分發)"
CAND_3058,113,ncut_ba,國立勤益科技大學,企業管理系(商管群),國立勤益科技大學 企業管理系(商管群),57090290,許*瑄,備取,國立勤益科技大學,國立勤益科技大學企業管理系,原校系/本校留任,1,"國立勤益科技大學企業管理系(備取,分發)"
CAND_3059,113,ncut_ba,國立勤益科技大學,企業管理系(商管群),國立勤益科技大學 企業管理系(商管群),64090097,*彤,備取,逢甲大學,逢甲大學會計學系,其他學校錄取,5,"國立勤益科技大學企業管理系(備取); 國立虎尾科技大學企業管理系(正取); 國立聯合大學經營管理學系(通過); 靜宜大學會計學系(通過); 逢甲大學會計學系(備取,分發)"
CAND_3060,113,ncut_ba,國立勤益科技大學,企業管理系(商管群),國立勤益科技大學 企業管理系(商管群),60090013,林*軒,備取,國立虎尾科技大學,國立虎尾科技大學企業管理系,其他學校錄取,4,"國立勤益科技大學企業管理系(備取); 國立虎尾科技大學企業管理系(正取,分發); 國立臺中科技大學保險金融管理系(備取); 朝陽科技大學財務金融系(正取)"
CAND_3061,113,ncut_ba,國立勤益科技大學,企業管理系(商管群),國立勤益科技大學 企業管理系(商管群),57090805,陳*瑜,備取,國立勤益科技大學,國立勤益科技大學企業管理系,原校系/本校留任,1,"國立勤益科技大學企業管理系(備取,分發)"
CAND_3062,113,ncut_ba,國立勤益科技大學,企業管理系(商管群),國立勤益科技大學 企業管理系(商管群),61091003,—,備取,國立勤益科技大學,國立勤益科技大學企業管理系,原校系/本校留任,3,"國立勤益科技大學企業管理系(備取,分發); 國立虎尾科技大學工業管理系(通過); 國立虎尾科技大學企業管理系(通過)"
CAND_3063,113,ncut_ba,國立勤益科技大學,企業管理系(商管群),國立勤益科技大學 企業管理系(商管群),58090205,葵*鈞,備取,國立勤益科技大學,國立勤益科技大學企業管理系,原校系/本校留任,2,"國立勤益科技大學企業管理系(備取,分發); 國立虎尾科技大學企業管理系(備取)"
CAND_3064,113,ncut_ba,國立勤益科技大學,企業管理系(商管群),國立勤益科技大學 企業管理系(商管群),67090007,*綉,備取,國立虎尾科技大學,國立虎尾科技大學企業管理系,其他學校錄取,5,"國立勤益科技大學企業管理系(備取); 國立虎尾科技大學工業管理系(通過); 國立虎尾科技大學企業管理系(備取,分發); 國立臺中科技大學企業管理系(備取); 朝陽科技大學企業管理系(通過)"
CAND_3065,113,ncut_ba,國立勤益科技大學,企業管理系(商管群),國立勤益科技大學 企業管理系(商管群),64090542,宋*相,備取,國立虎尾科技大學,國立虎尾科技大學企業管理系,其他學校錄取,3,"國立勤益科技大學企業管理系(備取); 國立虎尾科技大學企業管理系(備取,分發); 國立屏東大學應用日語學系(正取)"
CAND_3066,113,ncut_ba,國立勤益科技大學,企業管理系(商管群),國立勤益科技大學 企業管理系(商管群),52090438,话*,備取,國立勤益科技大學,國立勤益科技大學企業管理系,原校系/本校留任,2,"國立勤益科技大學企業管理系(備取,分發); 致理科技大學國際貿易系(通過)"
CAND_3067,113,ncut_ba,國立勤益科技大學,企業管理系(商管群),國立勤益科技大學 企業管理系(商管群),61090540,維*昕,備取,國立勤益科技大學,國立勤益科技大學企業管理系,原校系/本校留任,2,"國立勤益科技大學企業管理系(備取,分發); 朝陽科技大學行銷與流通管理系(通過)"
CAND_3068,113,ncut_ba,國立勤益科技大學,企業管理系(商管群),國立勤益科技大學 企業管理系(商管群),54090205,汪*郁,備取,國立勤益科技大學,國立勤益科技大學企業管理系,原校系/本校留任,2,"國立勤益科技大學企業管理系(備取,分發); 國立虎尾科技大學工業管理系(備取)"
CAND_3069,113,ncut_ba,國立勤益科技大學,企業管理系(商管群),國立勤益科技大學 企業管理系(商管群),61090024,黄*閎,備取,國立虎尾科技大學,國立虎尾科技大學企業管理系,其他學校錄取,2,"國立勤益科技大學企業管理系(備取); 國立虎尾科技大學企業管理系(備取,分發)"
CAND_3070,113,ncut_ba,國立勤益科技大學,企業管理系(商管群),國立勤益科技大學 企業管理系(商管群),51090228,葵*品,備取,國立高雄科技大學,國立高雄科技大學企業管理系,其他學校錄取,2,"國立勤益科技大學企業管理系(備取); 國立高雄科技大學企業管理系(備取,分發)"
CAND_3071,113,ncut_ba,國立勤益科技大學,企業管理系(商管群),國立勤益科技大學 企業管理系(商管群),61091735,張*伶,備取,國立臺中科技大學,國立臺中科技大學老人服務事業管理系,其他學校錄取,2,"國立勤益科技大學企業管理系(備取); 國立臺中科技大學老人服務事業管理系(備取,分發)"
CAND_3072,113,ncut_ba,國立勤益科技大學,企業管理系(商管群),國立勤益科技大學 企業管理系(商管群),61091383,黄*维,備取,國立勤益科技大學,國立勤益科技大學企業管理系,原校系/本校留任,4,"國立勤益科技大學企業管理系(備取,分發); 國立高雄科技大學觀光管理系(通過); 國立高雄科技大學應用英語系(通過); 國立臺中科技大學應用英語系(備取)"
CAND_3073,113,ncut_ba,國立勤益科技大學,企業管理系(商管群),國立勤益科技大學 企業管理系(商管群),57090234,葉*恩,備取,—,—,未分發或放棄,1,國立勤益科技大學企業管理系(備取)
CAND_3074,113,ncut_ba,國立勤益科技大學,企業管理系(商管群),國立勤益科技大學 企業管理系(商管群),68090626,黄*倢,備取,國立高雄科技大學,國立高雄科技大學行銷與流通管理系,其他學校錄取,3,"國立勤益科技大學企業管理系(備取); 國立高雄科技大學行銷與流通管理系(備取,分發); 國立臺中科技大學保險金融管理系(備取)"
CAND_3075,113,ncut_ba,國立勤益科技大學,企業管理系(商管群),國立勤益科技大學 企業管理系(商管群),61090615,—,備取,亞洲大學,亞洲大學經營管理學系,其他學校錄取,3,"國立勤益科技大學企業管理系(備取); 國立聯合大學經營管理學系(備取); 亞洲大學經營管理學系(備取,分發)"
CAND_3076,113,ncut_ba,國立勤益科技大學,企業管理系(商管群),國立勤益科技大學 企業管理系(商管群),77090013,鄭*,備取,國立臺中科技大學,國立臺中科技大學休閒事業經營系,其他學校錄取,5,"國立勤益科技大學企業管理系(備取); 國立臺中科技大學休閒事業經營系(正取,分發); 國立臺北商業大學財務金融系(臺北校區)(通過); 國立臺北商業大學財政稅務系(臺北校區)(通過); 國立金門大學觀光管理學系(備取)"
CAND_3077,113,ncut_ba,國立勤益科技大學,企業管理系(商管群),國立勤益科技大學 企業管理系(商管群),65090047,*緁,備取,國立勤益科技大學,國立勤益科技大學企業管理系,原校系/本校留任,3,"國立勤益科技大學企業管理系(備取,分發); 國立高雄科技大學航運技術系(通過); 國立屏東大學國際經營與貿易學系(正取)"
CAND_3078,113,ncut_ba,國立勤益科技大學,企業管理系(商管群),國立勤益科技大學 企業管理系(商管群),65090177,張*豪,備取,國立臺中科技大學,國立臺中科技大學財政稅務系,其他學校錄取,3,"國立勤益科技大學企業管理系(備取); 國立虎尾科技大學企業管理系(通過); 國立臺中科技大學財政稅務系(備取,分發)"
CAND_3079,113,ncut_ba,國立勤益科技大學,企業管理系(商管群),國立勤益科技大學 企業管理系(商管群),65090061,蕭*璇,備取,國立虎尾科技大學,國立虎尾科技大學財務金融系,其他學校錄取,5,"國立勤益科技大學企業管理系(備取); 國立高雄科技大學財政稅務系(備取); 國立虎尾科技大學企業管理系(正取); 國立虎尾科技大學財務金融系(備取,分發); 國立臺中科技大學財政稅務系(備取)"
CAND_3080,113,ncut_ba,國立勤益科技大學,企業管理系(商管群),國立勤益科技大學 企業管理系(商管群),51090020,黄*霆,備取,國立高雄科技大學,國立高雄科技大學行銷與流通管理系,其他學校錄取,4,"國立勤益科技大學企業管理系(通過); 國立高雄科技大學行銷與流通管理系(備取,分發); 國立臺中科技大學國際貿易與經營系(備取); 銘傳大學國際企業學系(台北校區)(備取)"
CAND_3081,113,ncut_ba,國立勤益科技大學,企業管理系(商管群),國立勤益科技大學 企業管理系(商管群),52090345,張*珊,備取,—,—,未分發或放棄,4,國立勤益科技大學企業管理系(通過); 銘傳大學企業管理學系(台北校區)(備取); 銘傳大學會計學系(台北校區)(通過); 實踐大學企業管理學系(臺北校區)(通過)
CAND_3082,113,ncut_ba,國立勤益科技大學,企業管理系(商管群),國立勤益科技大學 企業管理系(商管群),52090505,簡*,備取,國立臺中科技大學,國立臺中科技大學企業管理系,其他學校錄取,3,"國立勤益科技大學企業管理系(通過); 國立高雄科技大學企業管理系(通過); 國立臺中科技大學企業管理系(正取,分發)"
CAND_3083,113,ncut_ba,國立勤益科技大學,企業管理系(商管群),國立勤益科技大學 企業管理系(商管群),52090602,鄧*穎,備取,國立臺中科技大學,國立臺中科技大學應用日語系,其他學校錄取,2,"國立勤益科技大學企業管理系(通過); 國立臺中科技大學應用日語系(備取,分發)"
CAND_3084,113,ncut_ba,國立勤益科技大學,企業管理系(商管群),國立勤益科技大學 企業管理系(商管群),52090665,葉*翔,備取,國立臺中科技大學,國立臺中科技大學企業管理系,其他學校錄取,4,"國立勤益科技大學企業管理系(通過); 國立虎尾科技大學企業管理系(通過); 國立臺北護理健康大學資訊管理系(正取); 國立臺中科技大學企業管理系(備取,分發)"
CAND_3085,113,ncut_ba,國立勤益科技大學,企業管理系(商管群),國立勤益科技大學 企業管理系(商管群),52090878,吳*璇,備取,銘傳大學,銘傳大學企業管理學系(台北校區),其他學校錄取,3,"國立勤益科技大學企業管理系(通過); 國立臺中科技大學國際貿易與經營系(備取); 銘傳大學企業管理學系(台北校區)(備取,分發)"
CAND_3086,113,ncut_ba,國立勤益科技大學,企業管理系(商管群),國立勤益科技大學 企業管理系(商管群),52090953,鄭*婷,備取,國立臺中科技大學,國立臺中科技大學企業管理系,其他學校錄取,6,"國立勤益科技大學企業管理系(通過); 國立高雄科技大學行銷與流通管理系(通過); 國立虎尾科技大學工業管理系(通過); 國立虎尾科技大學企業管理系(通過); 國立臺北護理健康大學健康事業管理系(通過); 國立臺中科技大學企業管理系(正取,分發)"
CAND_3087,113,ncut_ba,國立勤益科技大學,企業管理系(商管群),國立勤益科技大學 企業管理系(商管群),52090969,張*瑜,備取,—,—,未分發或放棄,3,國立勤益科技大學企業管理系(通過); 國立屏東科技大學企業管理系(通過); 國立虎尾科技大學企業管理系(通過)
CAND_3088,113,ncut_ba,國立勤益科技大學,企業管理系(商管群),國立勤益科技大學 企業管理系(商管群),55090005,楊*穎,備取,國立虎尾科技大學,國立虎尾科技大學企業管理系,其他學校錄取,2,"國立勤益科技大學企業管理系(通過); 國立虎尾科技大學企業管理系(正取,分發)"
CAND_3089,113,ncut_ba,國立勤益科技大學,企業管理系(商管群),國立勤益科技大學 企業管理系(商管群),56090201,*諭,備取,—,—,未分發或放棄,4,國立勤益科技大學企業管理系(通過); 致理科技大學財務金融系(通過); 中原大學會計學系(通過); 銘傳大學企業管理學系(台北校區)(通過)
CAND_3090,113,ncut_ba,國立勤益科技大學,企業管理系(商管群),國立勤益科技大學 企業管理系(商管群),56090372,陳*,備取,—,—,未分發或放棄,3,國立勤益科技大學企業管理系(通過); 國立高雄科技大學行銷與流通管理系(通過); 國立高雄科技大學航運管理系(通過)
CAND_3091,113,ncut_ba,國立勤益科技大學,企業管理系(商管群),國立勤益科技大學 企業管理系(商管群),57090410,李*欣,備取,國立臺中科技大學,國立臺中科技大學保險金融管理系,其他學校錄取,3,"國立勤益科技大學企業管理系(通過); 國立虎尾科技大學企業管理系(通過); 國立臺中科技大學保險金融管理系(正取,分發)"
CAND_3092,113,ncut_ba,國立勤益科技大學,企業管理系(商管群),國立勤益科技大學 企業管理系(商管群),57090458,陳*穎,備取,—,—,未分發或放棄,3,國立勤益科技大學企業管理系(通過); 國立臺中科技大學財政稅務系(通過); 國立屏東大學會計學系(正取)
CAND_3093,113,ncut_ba,國立勤益科技大學,企業管理系(商管群),國立勤益科技大學 企業管理系(商管群),57090506,陳*筠,備取,—,—,未分發或放棄,2,國立勤益科技大學企業管理系(通過); 國立臺中科技大學財政稅務系(備取)
CAND_3094,113,ncut_ba,國立勤益科技大學,企業管理系(商管群),國立勤益科技大學 企業管理系(商管群),57090737,*洋,備取,—,—,未分發或放棄,3,國立勤益科技大學企業管理系(通過); 國立高雄科技大學金融資訊系(備取); 國立虎尾科技大學企業管理系(通過)
CAND_3095,113,ncut_ba,國立勤益科技大學,企業管理系(商管群),國立勤益科技大學 企業管理系(商管群),57090849,陳*盈,備取,—,—,未分發或放棄,4,國立勤益科技大學企業管理系(通過); 國立高雄科技大學應用德語系(通過); 國立臺北護理健康大學生死與健康心理諮商系(通過); 國立臺北商業大學國際商務系(臺北校區)(備取)
CAND_3096,113,ncut_ba,國立勤益科技大學,企業管理系(商管群),國立勤益科技大學 企業管理系(商管群),58090061,許*華,備取,逢甲大學,逢甲大學合作經濟暨社會事業經營學系,其他學校錄取,5,"國立勤益科技大學企業管理系(通過); 中原大學國際經營與貿易學系(通過); 靜宜大學財務金融學系(通過); 逢甲大學合作經濟暨社會事業經營學系(正取,分發); 逢甲大學財稅學系(備取)"
CAND_3097,113,ncut_ba,國立勤益科技大學,企業管理系(商管群),國立勤益科技大學 企業管理系(商管群),58090169,陳*女,備取,國立臺中科技大學,國立臺中科技大學財務金融系,其他學校錄取,2,"國立勤益科技大學企業管理系(通過); 國立臺中科技大學財務金融系(正取,分發)"
CAND_3098,113,ncut_ba,國立勤益科技大學,企業管理系(商管群),國立勤益科技大學 企業管理系(商管群),58090265,*宇,備取,國立臺中科技大學,國立臺中科技大學企業管理系,其他學校錄取,3,"國立勤益科技大學企業管理系(通過); 國立屏東科技大學企業管理系(通過); 國立臺中科技大學企業管理系(正取,分發)"
CAND_3099,113,ncut_ba,國立勤益科技大學,企業管理系(商管群),國立勤益科技大學 企業管理系(商管群),58090419,周*臻,備取,逢甲大學,逢甲大學國際經營與貿易學系,其他學校錄取,4,"國立勤益科技大學企業管理系(通過); 國立臺中科技大學會計資訊系(備取); 逢甲大學國際經營與貿易學系(正取,分發); 逢甲大學會計學系(正取)"
CAND_3100,113,ncut_ba,國立勤益科技大學,企業管理系(商管群),國立勤益科技大學 企業管理系(商管群),59090100,*蓉,備取,—,—,未分發或放棄,2,國立勤益科技大學企業管理系(通過); 國立臺北護理健康大學健康事業管理系(通過)
CAND_3101,113,ncut_ba,國立勤益科技大學,企業管理系(商管群),國立勤益科技大學 企業管理系(商管群),59090114,張*讓,備取,逢甲大學,逢甲大學合作經濟暨社會事業經營學系,其他學校錄取,3,"國立勤益科技大學企業管理系(通過); 國立臺中科技大學企業管理系(通過); 逢甲大學合作經濟暨社會事業經營學系(正取,分發)"
CAND_3102,113,ncut_ba,國立勤益科技大學,企業管理系(商管群),國立勤益科技大學 企業管理系(商管群),59090233,黄*女,備取,國立臺中科技大學,國立臺中科技大學應用中文系,其他學校錄取,2,"國立勤益科技大學企業管理系(通過); 國立臺中科技大學應用中文系(正取,分發)"
CAND_3103,113,ncut_ba,國立勤益科技大學,企業管理系(商管群),國立勤益科技大學 企業管理系(商管群),60090070,邱*綸,備取,國立臺中科技大學,國立臺中科技大學保險金融管理系,其他學校錄取,3,"國立勤益科技大學企業管理系(通過); 國立虎尾科技大學企業管理系(正取); 國立臺中科技大學保險金融管理系(正取,分發)"
CAND_3104,113,ncut_ba,國立勤益科技大學,企業管理系(商管群),國立勤益科技大學 企業管理系(商管群),60090167,李*誼,備取,國立高雄科技大學,國立高雄科技大學資訊管理系,其他學校錄取,2,"國立勤益科技大學企業管理系(通過); 國立高雄科技大學資訊管理系(備取,分發)"
CAND_3105,113,ncut_ba,國立勤益科技大學,企業管理系(商管群),國立勤益科技大學 企業管理系(商管群),61090008,林*晴,備取,—,—,未分發或放棄,2,國立勤益科技大學企業管理系(通過); 國立臺中科技大學財務金融系(通過)
CAND_3106,113,ncut_ba,國立勤益科技大學,企業管理系(商管群),國立勤益科技大學 企業管理系(商管群),61090076,*婷,備取,國立臺中科技大學,國立臺中科技大學企業管理系,其他學校錄取,5,"國立勤益科技大學企業管理系(通過); 國立高雄科技大學企業管理系(通過); 國立臺中科技大學企業管理系(正取,分發); 國立臺北商業大學企業管理系(臺北校區)(備取); 國立聯合大學經營管理學系(正取)"
CAND_3107,113,ncut_ba,國立勤益科技大學,企業管理系(商管群),國立勤益科技大學 企業管理系(商管群),61090080,徐*筑,備取,國立臺中科技大學,國立臺中科技大學財務金融系,其他學校錄取,2,"國立勤益科技大學企業管理系(通過); 國立臺中科技大學財務金融系(備取,分發)"
CAND_3108,113,ncut_ba,國立勤益科技大學,企業管理系(商管群),國立勤益科技大學 企業管理系(商管群),61090624,林*筠,備取,—,—,未分發或放棄,4,國立勤益科技大學企業管理系(通過); 國立臺中科技大學老人服務事業管理系(通過); 朝陽科技大學財務金融系(通過); 亞洲大學經營管理學系(通過)
CAND_3109,113,ncut_ba,國立勤益科技大學,企業管理系(商管群),國立勤益科技大學 企業管理系(商管群),61090657,林*婷,備取,國立臺中科技大學,國立臺中科技大學企業管理系,其他學校錄取,4,"國立勤益科技大學企業管理系(通過); 國立高雄科技大學企業管理系(通過); 國立高雄科技大學行銷與流通管理系(通過); 國立臺中科技大學企業管理系(正取,分發)"
CAND_3110,113,ncut_ba,國立勤益科技大學,企業管理系(商管群),國立勤益科技大學 企業管理系(商管群),61090707,A*,備取,靜宜大學,靜宜大學國際企業學系,其他學校錄取,2,"國立勤益科技大學企業管理系(通過); 靜宜大學國際企業學系(正取,分發)"
CAND_3111,113,ncut_ba,國立勤益科技大學,企業管理系(商管群),國立勤益科技大學 企業管理系(商管群),61090946,陳*育,備取,國立臺中科技大學,國立臺中科技大學企業管理系,其他學校錄取,5,"國立勤益科技大學企業管理系(通過); 國立臺中科技大學企業管理系(備取,分發); 朝陽科技大學企業管理系(通過); 南臺科技大學企業管理系(通過); 亞洲大學經營管理學系(通過)"
CAND_3112,113,ncut_ba,國立勤益科技大學,企業管理系(商管群),國立勤益科技大學 企業管理系(商管群),61090963,陳*靚,備取,國立臺中科技大學,國立臺中科技大學流通管理系,其他學校錄取,6,"國立勤益科技大學企業管理系(通過); 國立虎尾科技大學工業管理系(通過); 國立虎尾科技大學企業管理系(通過); 國立臺中科技大學流通管理系(備取,分發); 僑光科技大學財經法律系(通過); 靜宜大學企業管理學系(通過)"
CAND_3113,113,ncut_ba,國立勤益科技大學,企業管理系(商管群),國立勤益科技大學 企業管理系(商管群),61091038,蕭*珊,備取,—,—,未分發或放棄,4,國立勤益科技大學企業管理系(通過); 國立高雄科技大學風險管理與保險系(通過); 國立虎尾科技大學企業管理系(通過); 國立臺中科技大學會計資訊系(通過)
CAND_3114,113,ncut_ba,國立勤益科技大學,企業管理系(商管群),國立勤益科技大學 企業管理系(商管群),61091046,陳*璇,備取,—,—,未分發或放棄,2,國立勤益科技大學企業管理系(通過); 國立聯合大學經營管理學系(通過)
CAND_3115,113,ncut_ba,國立勤益科技大學,企業管理系(商管群),國立勤益科技大學 企業管理系(商管群),61091079,李*鈞,備取,—,—,未分發或放棄,3,國立勤益科技大學企業管理系(通過); 國立高雄科技大學行銷與流通管理系(通過); 國立高雄科技大學人力資源發展系(通過)
CAND_3116,113,ncut_ba,國立勤益科技大學,企業管理系(商管群),國立勤益科技大學 企業管理系(商管群),61091098,許*伊,備取,—,—,未分發或放棄,2,國立勤益科技大學企業管理系(通過); 國立高雄科技大學會計資訊系(通過)
CAND_3117,113,ncut_ba,國立勤益科技大學,企業管理系(商管群),國立勤益科技大學 企業管理系(商管群),61091165,謝*,備取,—,—,未分發或放棄,1,國立勤益科技大學企業管理系(通過)
CAND_3118,113,ncut_ba,國立勤益科技大學,企業管理系(商管群),國立勤益科技大學 企業管理系(商管群),61091238,張*,備取,—,—,未分發或放棄,2,國立勤益科技大學企業管理系(通過); 朝陽科技大學財務金融系(通過)
CAND_3119,113,ncut_ba,國立勤益科技大學,企業管理系(商管群),國立勤益科技大學 企業管理系(商管群),61091263,吳*婷,備取,國立臺北商業大學,國立臺北商業大學國際商務系(臺北校區),其他學校錄取,5,"國立勤益科技大學企業管理系(通過); 國立雲林科技大學企業管理系(正取); 國立虎尾科技大學企業管理系(通過); 國立臺中科技大學國際貿易與經營系(通過); 國立臺北商業大學國際商務系(臺北校區)(正取,分發)"
CAND_3120,113,ncut_ba,國立勤益科技大學,企業管理系(商管群),國立勤益科技大學 企業管理系(商管群),61091327,*盲,備取,國立臺中科技大學,國立臺中科技大學財務金融系,其他學校錄取,3,"國立勤益科技大學企業管理系(通過); 國立臺中科技大學財務金融系(正取,分發); 亞洲大學經營管理學系(備取)"
CAND_3121,113,ncut_ba,國立勤益科技大學,企業管理系(商管群),國立勤益科技大學 企業管理系(商管群),61091345,周*有,備取,國立高雄科技大學,國立高雄科技大學企業管理系,其他學校錄取,5,"國立勤益科技大學企業管理系(通過); 國立屏東科技大學企業管理系(通過); 國立高雄科技大學企業管理系(備取,分發); 國立高雄科技大學航運管理系(備取); 國立臺中科技大學企業管理系(通過)"
CAND_3122,113,ncut_ba,國立勤益科技大學,企業管理系(商管群),國立勤益科技大學 企業管理系(商管群),61091387,葉*穎,備取,逢甲大學,逢甲大學合作經濟暨社會事業經營學系,其他學校錄取,4,"國立勤益科技大學企業管理系(通過); 國立臺中科技大學財政稅務系(備取); 逢甲大學合作經濟暨社會事業經營學系(正取,分發); 逢甲大學國際經營與貿易學系(備取)"
CAND_3123,113,ncut_ba,國立勤益科技大學,企業管理系(商管群),國立勤益科技大學 企業管理系(商管群),61091411,*軒,備取,—,—,未分發或放棄,1,國立勤益科技大學企業管理系(通過)
CAND_3124,113,ncut_ba,國立勤益科技大學,企業管理系(商管群),國立勤益科技大學 企業管理系(商管群),61091746,—,備取,—,—,未分發或放棄,1,國立勤益科技大學企業管理系(通過)
CAND_3125,113,ncut_ba,國立勤益科技大學,企業管理系(商管群),國立勤益科技大學 企業管理系(商管群),61091771,賴*軒,備取,—,—,未分發或放棄,2,國立勤益科技大學企業管理系(通過); 國立虎尾科技大學企業管理系(通過)
CAND_3126,113,ncut_ba,國立勤益科技大學,企業管理系(商管群),國立勤益科技大學 企業管理系(商管群),61530081,任*君,備取,—,—,未分發或放棄,2,國立勤益科技大學企業管理系(通過); 國立臺北護理健康大學健康事業管理系(通過)
CAND_3127,113,ncut_ba,國立勤益科技大學,企業管理系(商管群),國立勤益科技大學 企業管理系(商管群),62090070,*玲,備取,—,—,未分發或放棄,2,國立勤益科技大學企業管理系(通過); 國立虎尾科技大學企業管理系(通過)
CAND_3128,113,ncut_ba,國立勤益科技大學,企業管理系(商管群),國立勤益科技大學 企業管理系(商管群),62090074,李*,備取,國立臺中科技大學,國立臺中科技大學休閒事業經營系,其他學校錄取,4,"國立勤益科技大學企業管理系(通過); 國立高雄科技大學人力資源發展系(通過); 國立虎尾科技大學企業管理系(通過); 國立臺中科技大學休閒事業經營系(正取,分發)"
CAND_3129,113,ncut_ba,國立勤益科技大學,企業管理系(商管群),國立勤益科技大學 企業管理系(商管群),62090082,李*筠,備取,—,—,未分發或放棄,3,國立勤益科技大學企業管理系(通過); 國立虎尾科技大學企業管理系(通過); 逢甲大學會計學系(備取)
CAND_3130,113,ncut_ba,國立勤益科技大學,企業管理系(商管群),國立勤益科技大學 企業管理系(商管群),62090102,陳*,備取,—,—,未分發或放棄,4,國立勤益科技大學企業管理系(通過); 國立屏東科技大學資訊管理系(通過); 國立虎尾科技大學企業管理系(通過); 國立臺中科技大學企業管理系(通過)
CAND_3131,113,ncut_ba,國立勤益科技大學,企業管理系(商管群),國立勤益科技大學 企業管理系(商管群),63090188,葵*均,備取,逢甲大學,逢甲大學會計學系,其他學校錄取,3,"國立勤益科技大學企業管理系(通過); 國立臺中科技大學保險金融管理系(正取); 逢甲大學會計學系(備取,分發)"
CAND_3132,113,ncut_ba,國立勤益科技大學,企業管理系(商管群),國立勤益科技大學 企業管理系(商管群),63090365,葉*晨,備取,國立高雄科技大學,國立高雄科技大學人力資源發展系,其他學校錄取,5,"國立勤益科技大學企業管理系(通過); 國立屏東科技大學企業管理系(通過); 國立高雄科技大學人力資源發展系(備取,分發); 國立虎尾科技大學企業管理系(正取); 國立臺中科技大學財政稅務系(備取)"
CAND_3133,113,ncut_ba,國立勤益科技大學,企業管理系(商管群),國立勤益科技大學 企業管理系(商管群),64090113,張*榛,備取,國立臺中科技大學,國立臺中科技大學會計資訊系,其他學校錄取,6,"國立勤益科技大學企業管理系(通過); 國立雲林科技大學會計系(備取); 國立高雄科技大學會計資訊系(通過); 國立高雄科技大學金融資訊系(通過); 國立虎尾科技大學財務金融系(通過); 國立臺中科技大學會計資訊系(正取,分發)"
CAND_3134,113,ncut_ba,國立勤益科技大學,企業管理系(商管群),國立勤益科技大學 企業管理系(商管群),64090125,鄭*絜,備取,—,—,未分發或放棄,3,國立勤益科技大學企業管理系(通過); 國立高雄科技大學運籌管理系(通過); 國立臺中科技大學會計資訊系(備取)
CAND_3135,113,ncut_ba,國立勤益科技大學,企業管理系(商管群),國立勤益科技大學 企業管理系(商管群),64090302,周*,備取,—,—,未分發或放棄,2,國立勤益科技大學企業管理系(通過); 僑光科技大學財務金融系(通過)
CAND_3136,113,ncut_ba,國立勤益科技大學,企業管理系(商管群),國立勤益科技大學 企業管理系(商管群),64090543,*庭,備取,—,—,未分發或放棄,1,國立勤益科技大學企業管理系(通過)
CAND_3137,113,ncut_ba,國立勤益科技大學,企業管理系(商管群),國立勤益科技大學 企業管理系(商管群),64090582,—,備取,—,—,未分發或放棄,1,國立勤益科技大學企業管理系(通過)
CAND_3138,113,ncut_ba,國立勤益科技大學,企業管理系(商管群),國立勤益科技大學 企業管理系(商管群),64090584,温*璘,備取,國立臺中科技大學,國立臺中科技大學財務金融系,其他學校錄取,2,"國立勤益科技大學企業管理系(通過); 國立臺中科技大學財務金融系(正取,分發)"
CAND_3139,113,ncut_ba,國立勤益科技大學,企業管理系(商管群),國立勤益科技大學 企業管理系(商管群),64090611,粘*騰,備取,—,—,未分發或放棄,5,國立勤益科技大學企業管理系(通過); 國立高雄科技大學國際企業系(通過); 國立高雄科技大學金融系(通過); 國立高雄科技大學財務管理系(通過); 國立臺中科技大學財務金融系(通過)
CAND_3140,113,ncut_ba,國立勤益科技大學,企業管理系(商管群),國立勤益科技大學 企業管理系(商管群),65090031,吳*丞,備取,國立臺中科技大學,國立臺中科技大學國際貿易與經營系,其他學校錄取,3,"國立勤益科技大學企業管理系(通過); 國立高雄科技大學航運技術系(正取); 國立臺中科技大學國際貿易與經營系(備取,分發)"
CAND_3141,113,ncut_ba,國立勤益科技大學,企業管理系(商管群),國立勤益科技大學 企業管理系(商管群),65090075,陳*,備取,國立臺中科技大學,國立臺中科技大學流通管理系,其他學校錄取,4,"國立勤益科技大學企業管理系(通過); 國立高雄科技大學風險管理與保險系(備取); 國立虎尾科技大學企業管理系(通過); 國立臺中科技大學流通管理系(備取,分發)"
CAND_3142,113,ncut_ba,國立勤益科技大學,企業管理系(商管群),國立勤益科技大學 企業管理系(商管群),65090153,*憶,備取,—,—,未分發或放棄,1,國立勤益科技大學企業管理系(通過)
CAND_3143,113,ncut_ba,國立勤益科技大學,企業管理系(商管群),國立勤益科技大學 企業管理系(商管群),65090185,李*玲,備取,—,—,未分發或放棄,3,國立勤益科技大學企業管理系(通過); 國立高雄科技大學行銷與流通管理系(通過); 國立臺中科技大學財政稅務系(通過)
CAND_3144,113,ncut_ba,國立勤益科技大學,企業管理系(商管群),國立勤益科技大學 企業管理系(商管群),65090261,陳*妤,備取,國立高雄科技大學,國立高雄科技大學航運管理系,其他學校錄取,5,"國立勤益科技大學企業管理系(通過); 國立高雄科技大學運籌管理系(正取); 國立高雄科技大學航運管理系(正取,分發); 國立高雄科技大學航運技術系(正取); 國立虎尾科技大學企業管理系(通過)"
CAND_3145,113,ncut_ba,國立勤益科技大學,企業管理系(商管群),國立勤益科技大學 企業管理系(商管群),65090430,黄*慈,備取,朝陽科技大學,朝陽科技大學財務金融系,其他學校錄取,3,"國立勤益科技大學企業管理系(通過); 國立虎尾科技大學企業管理系(通過); 朝陽科技大學財務金融系(正取,分發)"
CAND_3146,113,ncut_ba,國立勤益科技大學,企業管理系(商管群),國立勤益科技大學 企業管理系(商管群),66090082,—,備取,國立高雄科技大學,國立高雄科技大學行銷與流通管理系,其他學校錄取,5,"國立勤益科技大學企業管理系(通過); 國立高雄科技大學行銷與流通管理系(正取,分發); 國立高雄科技大學智慧商務系(通過); 國立虎尾科技大學企業管理系(正取); 國立臺中科技大學企業管理系(正取)"
CAND_3147,113,ncut_ba,國立勤益科技大學,企業管理系(商管群),國立勤益科技大學 企業管理系(商管群),66090149,張*瑄,備取,國立高雄科技大學,國立高雄科技大學航運管理系,其他學校錄取,5,"國立勤益科技大學企業管理系(通過); 國立高雄科技大學觀光管理系(正取); 國立高雄科技大學航運管理系(正取,分發); 國立虎尾科技大學企業管理系(通過); 國立臺中科技大學國際貿易與經營系(通過)"
CAND_3148,113,ncut_ba,國立勤益科技大學,企業管理系(商管群),國立勤益科技大學 企業管理系(商管群),66090181,邵*閎,備取,—,—,未分發或放棄,1,國立勤益科技大學企業管理系(通過)
CAND_3149,113,ncut_ba,國立勤益科技大學,企業管理系(商管群),國立勤益科技大學 企業管理系(商管群),66090221,*婕,備取,國立高雄科技大學,國立高雄科技大學人力資源發展系,其他學校錄取,2,"國立勤益科技大學企業管理系(通過); 國立高雄科技大學人力資源發展系(備取,分發)"
CAND_3150,113,ncut_ba,國立勤益科技大學,企業管理系(商管群),國立勤益科技大學 企業管理系(商管群),66090294,許*甄,備取,—,—,未分發或放棄,1,國立勤益科技大學企業管理系(通過)
CAND_3151,113,ncut_ba,國立勤益科技大學,企業管理系(商管群),國立勤益科技大學 企業管理系(商管群),66090437,*佑,備取,—,—,未分發或放棄,1,國立勤益科技大學企業管理系(通過)
CAND_3152,113,ncut_ba,國立勤益科技大學,企業管理系(商管群),國立勤益科技大學 企業管理系(商管群),67090035,*庭,備取,國立虎尾科技大學,國立虎尾科技大學企業管理系,其他學校錄取,5,"國立勤益科技大學企業管理系(通過); 國立虎尾科技大學企業管理系(正取,分發); 國立臺中科技大學老人服務事業管理系(通過); 朝陽科技大學財務金融系(通過); 國立屏東大學國際經營與貿易學系(通過)"
CAND_3153,113,ncut_ba,國立勤益科技大學,企業管理系(商管群),國立勤益科技大學 企業管理系(商管群),67090036,陳*綺,備取,—,—,未分發或放棄,1,國立勤益科技大學企業管理系(通過)
CAND_3154,113,ncut_ba,國立勤益科技大學,企業管理系(商管群),國立勤益科技大學 企業管理系(商管群),67090158,—,備取,—,—,未分發或放棄,3,國立勤益科技大學企業管理系(通過); 國立屏東科技大學企業管理系(通過); 朝陽科技大學財務金融系(通過)
CAND_3155,113,ncut_ba,國立勤益科技大學,企業管理系(商管群),國立勤益科技大學 企業管理系(商管群),67090366,何*臻,備取,—,—,未分發或放棄,2,國立勤益科技大學企業管理系(通過); 朝陽科技大學企業管理系(通過)
CAND_3156,113,ncut_ba,國立勤益科技大學,企業管理系(商管群),國立勤益科技大學 企業管理系(商管群),68090170,張*永,備取,國立高雄科技大學,國立高雄科技大學商務資訊應用系,其他學校錄取,5,"國立勤益科技大學企業管理系(通過); 國立雲林科技大學應用外語系(通過); 國立高雄科技大學企業管理系(備取); 國立高雄科技大學商務資訊應用系(正取,分發); 國立虎尾科技大學企業管理系(通過)"
CAND_3157,113,ncut_ba,國立勤益科技大學,企業管理系(商管群),國立勤益科技大學 企業管理系(商管群),68090405,張*愷,備取,國立屏東科技大學,國立屏東科技大學資訊管理系,其他學校錄取,4,"國立勤益科技大學企業管理系(通過); 國立屏東科技大學資訊管理系(備取,分發); 國立屏東科技大學工業管理系(備取); 國立屏東科技大學企業管理系(通過)"
CAND_3158,113,ncut_ba,國立勤益科技大學,企業管理系(商管群),國立勤益科技大學 企業管理系(商管群),68090535,翁*評,備取,國立屏東大學,國立屏東大學不動產經營學系,其他學校錄取,3,"國立勤益科技大學企業管理系(通過); 國立屏東大學會計學系(備取); 國立屏東大學不動產經營學系(正取,分發)"
CAND_3159,113,ncut_ba,國立勤益科技大學,企業管理系(商管群),國立勤益科技大學 企業管理系(商管群),68090565,F*禎,備取,—,—,未分發或放棄,2,國立勤益科技大學企業管理系(通過); 國立虎尾科技大學工業管理系(通過)
CAND_3160,113,ncut_ba,國立勤益科技大學,企業管理系(商管群),國立勤益科技大學 企業管理系(商管群),68530036,黄*喻,備取,—,—,未分發或放棄,3,國立勤益科技大學企業管理系(通過); 國立高雄科技大學觀光管理系(通過); 國立屏東大學企業管理學系(通過)
CAND_3161,113,ncut_ba,國立勤益科技大學,企業管理系(商管群),國立勤益科技大學 企業管理系(商管群),68530042,葵*慈,備取,國立屏東大學,國立屏東大學會計學系,其他學校錄取,6,"國立勤益科技大學企業管理系(通過); 國立屏東科技大學企業管理系(通過); 國立屏東大學企業管理學系(通過); 國立屏東大學會計學系(備取,分發); 銘傳大學會計學系(台北校區)(正取); 實踐大學會計學系(臺北校區)(備取)"
CAND_3162,113,ncut_ba,國立勤益科技大學,企業管理系(商管群),國立勤益科技大學 企業管理系(商管群),68530048,朱*璟,備取,國立高雄科技大學,國立高雄科技大學財政稅務系,其他學校錄取,5,"國立勤益科技大學企業管理系(通過); 國立高雄科技大學金融系(備取); 國立高雄科技大學財政稅務系(正取,分發); 國立虎尾科技大學企業管理系(通過); 國立虎尾科技大學財務金融系(通過)"
CAND_3163,113,ncut_ba,國立勤益科技大學,企業管理系(商管群),國立勤益科技大學 企業管理系(商管群),69530005,—,備取,國立臺中科技大學,國立臺中科技大學國際貿易與經營系,其他學校錄取,2,"國立勤益科技大學企業管理系(通過); 國立臺中科技大學國際貿易與經營系(正取,分發)"
CAND_3164,113,ncut_ba,國立勤益科技大學,企業管理系(商管群),國立勤益科技大學 企業管理系(商管群),69530014,—,備取,—,—,未分發或放棄,2,國立勤益科技大學企業管理系(通過); 國立虎尾科技大學企業管理系(正取)
CAND_3165,113,ncut_ba,國立勤益科技大學,企業管理系(商管群),國立勤益科技大學 企業管理系(商管群),70090282,陳*華,備取,國立高雄科技大學,國立高雄科技大學會計資訊系,其他學校錄取,3,"國立勤益科技大學企業管理系(通過); 國立高雄科技大學會計資訊系(備取,分發); 國立屏東大學會計學系(正取)"
CAND_3166,113,ncut_ba,國立勤益科技大學,企業管理系(商管群),國立勤益科技大學 企業管理系(商管群),70090714,陳*,備取,—,—,未分發或放棄,1,國立勤益科技大學企業管理系(通過)
CAND_3167,113,ncut_ba,國立勤益科技大學,企業管理系(商管群),國立勤益科技大學 企業管理系(商管群),70090741,楊*,備取,國立高雄科技大學,國立高雄科技大學金融系,其他學校錄取,2,"國立勤益科技大學企業管理系(通過); 國立高雄科技大學金融系(備取,分發)"
CAND_3168,113,ncut_ba,國立勤益科技大學,企業管理系(商管群),國立勤益科技大學 企業管理系(商管群),70090749,潘*鷹,備取,—,—,未分發或放棄,5,國立勤益科技大學企業管理系(通過); 國立高雄科技大學企業管理系(通過); 國立高雄科技大學財務管理系(通過); 國立臺中科技大學財務金融系(通過); 文藻外語大學翻譯系(通過)
CAND_3169,113,ncut_ba,國立勤益科技大學,企業管理系(商管群),國立勤益科技大學 企業管理系(商管群),70091161,邱*V,備取,—,—,未分發或放棄,1,國立勤益科技大學企業管理系(通過)
CAND_3170,113,ncut_ba,國立勤益科技大學,企業管理系(商管群),國立勤益科技大學 企業管理系(商管群),71090166,凌*盛,備取,—,—,未分發或放棄,3,國立勤益科技大學企業管理系(通過); 國立高雄科技大學金融資訊系(備取); 國立臺中科技大學保險金融管理系(備取)
CAND_3171,113,ncut_ba,國立勤益科技大學,企業管理系(商管群),國立勤益科技大學 企業管理系(商管群),71090174,黄*歆,備取,國立高雄科技大學,國立高雄科技大學人力資源發展系,其他學校錄取,2,"國立勤益科技大學企業管理系(通過); 國立高雄科技大學人力資源發展系(正取,分發)"
CAND_3172,113,ncut_ba,國立勤益科技大學,企業管理系(商管群),國立勤益科技大學 企業管理系(商管群),71090190,F*瑄,備取,國立屏東大學,國立屏東大學企業管理學系,其他學校錄取,5,"國立勤益科技大學企業管理系(通過); 國立屏東科技大學企業管理系(正取); 國立臺中科技大學保險金融管理系(通過); 國立屏東大學企業管理學系(正取,分發); 國立屏東大學會計學系(正取)"
CAND_3173,113,ncut_ba,國立勤益科技大學,企業管理系(商管群),國立勤益科技大學 企業管理系(商管群),71090294,簡*柔,備取,亞洲大學,亞洲大學經營管理學系,其他學校錄取,3,"國立勤益科技大學企業管理系(通過); 亞洲大學經營管理學系(正取,分發); 逢甲大學合作經濟暨社會事業經營學系(備取)"
CAND_3174,113,ncut_ba,國立勤益科技大學,企業管理系(商管群),國立勤益科技大學 企業管理系(商管群),72090112,謝*威,備取,—,—,未分發或放棄,6,國立勤益科技大學企業管理系(通過); 國立高雄科技大學觀光管理系(通過); 國立虎尾科技大學工業管理系(通過); 國立虎尾科技大學企業管理系(通過); 國立臺北護理健康大學健康事業管理系(通過); 國立臺中科技大學財政稅務系(通過)
CAND_3175,113,ncut_ba,國立勤益科技大學,企業管理系(商管群),國立勤益科技大學 企業管理系(商管群),73090002,李*,備取,逢甲大學,逢甲大學會計學系,其他學校錄取,4,"國立勤益科技大學企業管理系(通過); 國立臺中科技大學企業管理系(通過); 逢甲大學財稅學系(正取); 逢甲大學會計學系(正取,分發)"
CAND_3176,113,ncut_ba,國立勤益科技大學,企業管理系(商管群),國立勤益科技大學 企業管理系(商管群),73090007,楊*昀,備取,—,—,未分發或放棄,1,國立勤益科技大學企業管理系(通過)
CAND_3177,113,ncut_ba,國立勤益科技大學,企業管理系(商管群),國立勤益科技大學 企業管理系(商管群),73090295,李*惠,備取,—,—,未分發或放棄,4,國立勤益科技大學企業管理系(通過); 國立臺中科技大學企業管理系(通過); 明志科技大學數位行銷設計學士學位學程(通過); 致理科技大學行銷與流通管理系(通過)
CAND_3178,113,ncut_ba,國立勤益科技大學,企業管理系(商管群),國立勤益科技大學 企業管理系(商管群),74090121,陳*甯,備取,國立高雄科技大學,國立高雄科技大學航運管理系,其他學校錄取,5,"國立勤益科技大學企業管理系(通過); 國立高雄科技大學財政稅務系(正取); 國立高雄科技大學航運管理系(備取,分發); 國立臺中科技大學會計資訊系(通過); 國立臺北商業大學會計資訊系(臺北校區)(備取)"
CAND_3179,113,ncut_ba,國立勤益科技大學,企業管理系(商管群),國立勤益科技大學 企業管理系(商管群),74090255,許*瑞,備取,—,—,未分發或放棄,4,國立勤益科技大學企業管理系(通過); 國立屏東科技大學工業管理系(通過); 國立臺中科技大學企業管理系(通過); 國立屏東大學資訊管理學系(通過)
CAND_3180,114,ncut_ba,國立勤益科技大學,企業管理系(商管群),國立勤益科技大學 企業管理系(商管群),56090348,林*軒,正取,國立臺中科技大學,國立臺中科技大學國際貿易與經營系,其他學校錄取,4,"國立勤益科技大學企業管理系(正取); 國立高雄科技大學運籌管理系(正取); 國立高雄科技大學供應鏈管理系(正取); 國立臺中科技大學國際貿易與經營系(正取,分發)"
CAND_3181,114,ncut_ba,國立勤益科技大學,企業管理系(商管群),國立勤益科技大學 企業管理系(商管群),57090051,吳*晴,正取,國立臺中科技大學,國立臺中科技大學企業管理系,其他學校錄取,4,"國立勤益科技大學企業管理系(正取); 國立高雄科技大學智慧商務系(通過); 國立虎尾科技大學企業管理系(正取); 國立臺中科技大學企業管理系(正取,分發)"
CAND_3182,114,ncut_ba,國立勤益科技大學,企業管理系(商管群),國立勤益科技大學 企業管理系(商管群),51090147,*媗,正取,國立勤益科技大學,國立勤益科技大學企業管理系,原校系/本校留任,2,"國立勤益科技大學企業管理系(正取,分發); 國立虎尾科技大學企業管理系(正取)"
CAND_3183,114,ncut_ba,國立勤益科技大學,企業管理系(商管群),國立勤益科技大學 企業管理系(商管群),55090242,何*綺,正取,國立臺中科技大學,國立臺中科技大學企業管理系,其他學校錄取,4,"國立勤益科技大學企業管理系(正取); 國立虎尾科技大學企業管理系(正取); 國立臺中科技大學企業管理系(正取,分發); 銘傳大學企業管理學系(台北校區)(正取)"
CAND_3184,114,ncut_ba,國立勤益科技大學,企業管理系(商管群),國立勤益科技大學 企業管理系(商管群),61091729,葵*,正取,國立高雄科技大學,國立高雄科技大學航運管理系,其他學校錄取,3,"國立勤益科技大學企業管理系(正取); 國立高雄科技大學航運管理系(正取,分發); 國立臺中科技大學國際貿易與經營系(正取)"
CAND_3185,114,ncut_ba,國立勤益科技大學,企業管理系(商管群),國立勤益科技大學 企業管理系(商管群),57090201,陳*軒,正取,逢甲大學,逢甲大學國際經營與貿易學系,其他學校錄取,3,"國立勤益科技大學企業管理系(正取); 國立臺中科技大學財政稅務系(正取); 逢甲大學國際經營與貿易學系(正取,分發)"
CAND_3186,114,ncut_ba,國立勤益科技大學,企業管理系(商管群),國立勤益科技大學 企業管理系(商管群),52090618,吳*,正取,國立勤益科技大學,國立勤益科技大學企業管理系,原校系/本校留任,1,"國立勤益科技大學企業管理系(正取,分發)"
CAND_3187,114,ncut_ba,國立勤益科技大學,企業管理系(商管群),國立勤益科技大學 企業管理系(商管群),63090241,葵*緁,正取,國立勤益科技大學,國立勤益科技大學企業管理系,原校系/本校留任,4,"國立勤益科技大學企業管理系(正取,分發); 國立高雄科技大學企業管理系(通過); 國立虎尾科技大學企業管理系(通過); 朝陽科技大學企業管理系(正取)"
CAND_3188,114,ncut_ba,國立勤益科技大學,企業管理系(商管群),國立勤益科技大學 企業管理系(商管群),63090225,李*,正取,國立勤益科技大學,國立勤益科技大學企業管理系,原校系/本校留任,2,"國立勤益科技大學企業管理系(正取,分發); 朝陽科技大學企業管理系(正取)"
CAND_3189,114,ncut_ba,國立勤益科技大學,企業管理系(商管群),國立勤益科技大學 企業管理系(商管群),57091005,林*庭,正取,國立臺中科技大學,國立臺中科技大學國際貿易與經營系,其他學校錄取,2,"國立勤益科技大學企業管理系(正取); 國立臺中科技大學國際貿易與經營系(正取,分發)"
CAND_3190,114,ncut_ba,國立勤益科技大學,企業管理系(商管群),國立勤益科技大學 企業管理系(商管群),57090011,徐*,正取,國立勤益科技大學,國立勤益科技大學企業管理系,原校系/本校留任,1,"國立勤益科技大學企業管理系(正取,分發)"
CAND_3191,114,ncut_ba,國立勤益科技大學,企業管理系(商管群),國立勤益科技大學 企業管理系(商管群),61090431,*妤,正取,國立臺中科技大學,國立臺中科技大學保險金融管理系,其他學校錄取,3,"國立勤益科技大學企業管理系(正取); 國立高雄科技大學風險管理與保險系(通過); 國立臺中科技大學保險金融管理系(正取,分發)"
CAND_3192,114,ncut_ba,國立勤益科技大學,企業管理系(商管群),國立勤益科技大學 企業管理系(商管群),64090332,姚*妡,正取,國立勤益科技大學,國立勤益科技大學企業管理系,原校系/本校留任,3,"國立勤益科技大學企業管理系(正取,分發); 逢甲大學合作經濟暨社會事業經營學系(備取); 靜宜大學財務金融學系(正取)"
CAND_3193,114,ncut_ba,國立勤益科技大學,企業管理系(商管群),國立勤益科技大學 企業管理系(商管群),63090257,F*芳,正取,國立臺中科技大學,國立臺中科技大學企業管理系,其他學校錄取,4,"國立勤益科技大學企業管理系(正取); 國立虎尾科技大學工業管理系(正取); 國立虎尾科技大學企業管理系(正取); 國立臺中科技大學企業管理系(正取,分發)"
CAND_3194,114,ncut_ba,國立勤益科技大學,企業管理系(商管群),國立勤益科技大學 企業管理系(商管群),73090008,楊*筑,正取,—,—,未分發或放棄,3,國立勤益科技大學企業管理系(正取); 朝陽科技大學財務金融系(通過); 致理科技大學財務金融系(通過)
CAND_3195,114,ncut_ba,國立勤益科技大學,企業管理系(商管群),國立勤益科技大學 企業管理系(商管群),64090457,林*,正取,國立勤益科技大學,國立勤益科技大學企業管理系,原校系/本校留任,3,"國立勤益科技大學企業管理系(正取,分發); 國立臺中科技大學企業管理系(備取); 朝陽科技大學行銷與流通管理系(通過)"
CAND_3196,114,ncut_ba,國立勤益科技大學,企業管理系(商管群),國立勤益科技大學 企業管理系(商管群),55090258,*方,正取,國立臺中科技大學,國立臺中科技大學保險金融管理系,其他學校錄取,3,"國立勤益科技大學企業管理系(正取); 國立虎尾科技大學企業管理系(正取); 國立臺中科技大學保險金融管理系(正取,分發)"
CAND_3197,114,ncut_ba,國立勤益科技大學,企業管理系(商管群),國立勤益科技大學 企業管理系(商管群),63090141,高*媛,正取,國立臺中科技大學,國立臺中科技大學保險金融管理系,其他學校錄取,3,"國立勤益科技大學企業管理系(正取); 國立虎尾科技大學企業管理系(正取); 國立臺中科技大學保險金融管理系(正取,分發)"
CAND_3198,114,ncut_ba,國立勤益科技大學,企業管理系(商管群),國立勤益科技大學 企業管理系(商管群),61090041,陳*柔,正取,國立勤益科技大學,國立勤益科技大學企業管理系,原校系/本校留任,1,"國立勤益科技大學企業管理系(正取,分發)"
CAND_3199,114,ncut_ba,國立勤益科技大學,企業管理系(商管群),國立勤益科技大學 企業管理系(商管群),61090384,*丞,正取,國立勤益科技大學,國立勤益科技大學企業管理系,原校系/本校留任,2,"國立勤益科技大學企業管理系(正取,分發); 國立虎尾科技大學企業管理系(備取)"
CAND_3200,114,ncut_ba,國立勤益科技大學,企業管理系(商管群),國立勤益科技大學 企業管理系(商管群),61091083,林*均,正取,國立勤益科技大學,國立勤益科技大學企業管理系,原校系/本校留任,5,"國立勤益科技大學企業管理系(正取,分發); 國立高雄科技大學人力資源發展系(正取); 國立高雄科技大學航運管理系(備取); 國立虎尾科技大學企業管理系(備取); 國立臺中科技大學企業管理系(備取)"
CAND_3201,114,ncut_ba,國立勤益科技大學,企業管理系(商管群),國立勤益科技大學 企業管理系(商管群),52090298,李*,正取,銘傳大學,銘傳大學企業管理學系(台北校區),其他學校錄取,3,"國立勤益科技大學企業管理系(正取); 國立臺中科技大學國際貿易與經營系(備取); 銘傳大學企業管理學系(台北校區)(備取,分發)"
CAND_3202,114,ncut_ba,國立勤益科技大學,企業管理系(商管群),國立勤益科技大學 企業管理系(商管群),54090077,陳*湄,正取,國立勤益科技大學,國立勤益科技大學企業管理系,原校系/本校留任,2,"國立勤益科技大學企業管理系(正取,分發); 國立臺中科技大學休閒事業經營系(正取)"
CAND_3203,114,ncut_ba,國立勤益科技大學,企業管理系(商管群),國立勤益科技大學 企業管理系(商管群),61090557,—,正取,國立勤益科技大學,國立勤益科技大學企業管理系,原校系/本校留任,3,"國立勤益科技大學企業管理系(正取,分發); 朝陽科技大學財務金融系(正取); 靜宜大學會計學系(正取)"
CAND_3204,114,ncut_ba,國立勤益科技大學,企業管理系(商管群),國立勤益科技大學 企業管理系(商管群),58090518,陳*靚,正取,國立臺中科技大學,國立臺中科技大學企業管理系,其他學校錄取,3,"國立勤益科技大學企業管理系(正取); 國立臺中科技大學企業管理系(正取,分發); 致理科技大學企業管理系(正取)"
CAND_3205,114,ncut_ba,國立勤益科技大學,企業管理系(商管群),國立勤益科技大學 企業管理系(商管群),67090306,何*,正取,國立勤益科技大學,國立勤益科技大學企業管理系,原校系/本校留任,1,"國立勤益科技大學企業管理系(正取,分發)"
CAND_3206,114,ncut_ba,國立勤益科技大學,企業管理系(商管群),國立勤益科技大學 企業管理系(商管群),57090713,黄*慈,正取,國立勤益科技大學,國立勤益科技大學企業管理系,原校系/本校留任,2,"國立勤益科技大學企業管理系(正取,分發); 銘傳大學企業管理學系(台北校區)(正取)"
CAND_3207,114,ncut_ba,國立勤益科技大學,企業管理系(商管群),國立勤益科技大學 企業管理系(商管群),71090181,高*琪,正取,國立虎尾科技大學,國立虎尾科技大學企業管理系,其他學校錄取,4,"國立勤益科技大學企業管理系(正取); 國立虎尾科技大學企業管理系(正取,分發); 國立屏東大學企業管理學系(備取); 國立屏東大學商業大數據學系(正取)"
CAND_3208,114,ncut_ba,國立勤益科技大學,企業管理系(商管群),國立勤益科技大學 企業管理系(商管群),61090937,*𣘼,正取,國立臺中科技大學,國立臺中科技大學保險金融管理系,其他學校錄取,3,"國立勤益科技大學企業管理系(正取); 國立臺中科技大學保險金融管理系(正取,分發); 朝陽科技大學財務金融系(正取)"
CAND_3209,114,ncut_ba,國立勤益科技大學,企業管理系(商管群),國立勤益科技大學 企業管理系(商管群),63090277,黄*,正取,國立虎尾科技大學,國立虎尾科技大學企業管理系,其他學校錄取,4,"國立勤益科技大學企業管理系(正取); 國立雲林科技大學文化資產維護系(通過); 國立虎尾科技大學企業管理系(正取,分發); 國立臺中科技大學企業管理系(正取)"
CAND_3210,114,ncut_ba,國立勤益科技大學,企業管理系(商管群),國立勤益科技大學 企業管理系(商管群),52090022,李*璇,正取,國立勤益科技大學,國立勤益科技大學企業管理系,原校系/本校留任,2,"國立勤益科技大學企業管理系(正取,分發); 國立虎尾科技大學企業管理系(備取)"
CAND_3211,114,ncut_ba,國立勤益科技大學,企業管理系(商管群),國立勤益科技大學 企業管理系(商管群),58090161,謝*姍,正取,國立臺中科技大學,國立臺中科技大學財務金融系,其他學校錄取,2,"國立勤益科技大學企業管理系(正取); 國立臺中科技大學財務金融系(備取,分發)"
CAND_3212,114,ncut_ba,國立勤益科技大學,企業管理系(商管群),國立勤益科技大學 企業管理系(商管群),61090392,周*,正取,國立勤益科技大學,國立勤益科技大學企業管理系,原校系/本校留任,3,"國立勤益科技大學企業管理系(正取,分發); 嶺東科技大學財務金融系(正取); 嶺東科技大學會計資訊系(通過)"
CAND_3213,114,ncut_ba,國立勤益科技大學,企業管理系(商管群),國立勤益科技大學 企業管理系(商管群),57090581,江*女,正取,國立勤益科技大學,國立勤益科技大學企業管理系,原校系/本校留任,2,"國立勤益科技大學企業管理系(正取,分發); 致理科技大學財務金融系(通過)"
CAND_3214,114,ncut_ba,國立勤益科技大學,企業管理系(商管群),國立勤益科技大學 企業管理系(商管群),67090066,黄*琇,正取,國立臺中科技大學,國立臺中科技大學企業管理系,其他學校錄取,6,"國立勤益科技大學企業管理系(正取); 國立臺中科技大學企業管理系(正取,分發); 朝陽科技大學企業管理系(正取); 靜宜大學行銷與數位經營管理學系(通過); 靜宜大學國際企業學系(通過); 亞洲大學經營管理學系(通過)"
CAND_3215,114,ncut_ba,國立勤益科技大學,企業管理系(商管群),國立勤益科技大學 企業管理系(商管群),59090205,彭*,正取,國立勤益科技大學,國立勤益科技大學企業管理系,原校系/本校留任,3,"國立勤益科技大學企業管理系(正取,分發); 國立聯合大學經營管理學系(備取); 銘傳大學企業管理學系(台北校區)(備取)"
CAND_3216,114,ncut_ba,國立勤益科技大學,企業管理系(商管群),國立勤益科技大學 企業管理系(商管群),67090382,F*源,正取,國立勤益科技大學,國立勤益科技大學企業管理系,原校系/本校留任,2,"國立勤益科技大學企業管理系(正取,分發); 國立高雄科技大學航運管理系(備取)"
CAND_3217,114,ncut_ba,國立勤益科技大學,企業管理系(商管群),國立勤益科技大學 企業管理系(商管群),58090348,彭*暘,正取,國立勤益科技大學,國立勤益科技大學企業管理系,原校系/本校留任,3,"國立勤益科技大學企業管理系(正取,分發); 國立屏東科技大學工業管理系(正取); 國立屏東科技大學企業管理系(通過)"
CAND_3218,114,ncut_ba,國立勤益科技大學,企業管理系(商管群),國立勤益科技大學 企業管理系(商管群),58090137,潘*,正取,國立勤益科技大學,國立勤益科技大學企業管理系,原校系/本校留任,4,"國立勤益科技大學企業管理系(正取,分發); 國立高雄科技大學人力資源發展系(通過); 國立虎尾科技大學企業管理系(備取); 國立臺中科技大學企業管理系(備取)"
CAND_3219,114,ncut_ba,國立勤益科技大學,企業管理系(商管群),國立勤益科技大學 企業管理系(商管群),61090444,陳*慈,正取,—,—,未分發或放棄,4,國立勤益科技大學企業管理系(正取); 國立臺中科技大學應用英語系(備取); 逢甲大學土地管理學系(備取); 亞洲大學心理學系(正取)
CAND_3220,114,ncut_ba,國立勤益科技大學,企業管理系(商管群),國立勤益科技大學 企業管理系(商管群),61090101,何*奇,正取,國立虎尾科技大學,國立虎尾科技大學企業管理系,其他學校錄取,2,"國立勤益科技大學企業管理系(正取); 國立虎尾科技大學企業管理系(備取,分發)"
CAND_3221,114,ncut_ba,國立勤益科技大學,企業管理系(商管群),國立勤益科技大學 企業管理系(商管群),59090282,徐*伶,正取,國立臺中科技大學,國立臺中科技大學國際貿易與經營系,其他學校錄取,3,"國立勤益科技大學企業管理系(正取); 國立高雄科技大學企業管理系(正取); 國立臺中科技大學國際貿易與經營系(正取,分發)"
CAND_3222,114,ncut_ba,國立勤益科技大學,企業管理系(商管群),國立勤益科技大學 企業管理系(商管群),64090098,張*淳,正取,國立勤益科技大學,國立勤益科技大學企業管理系,原校系/本校留任,2,"國立勤益科技大學企業管理系(正取,分發); 國立虎尾科技大學企業管理系(備取)"
CAND_3223,114,ncut_ba,國立勤益科技大學,企業管理系(商管群),國立勤益科技大學 企業管理系(商管群),61090687,陳*淋,正取,逢甲大學,逢甲大學國際經營與貿易學系,其他學校錄取,5,"國立勤益科技大學企業管理系(正取); 國立虎尾科技大學工業管理系(通過); 國立虎尾科技大學應用外語系(通過); 逢甲大學國際經營與貿易學系(正取,分發); 逢甲大學財稅學系(備取)"
CAND_3224,114,ncut_ba,國立勤益科技大學,企業管理系(商管群),國立勤益科技大學 企業管理系(商管群),63090085,陳*均,正取,國立勤益科技大學,國立勤益科技大學企業管理系,原校系/本校留任,3,"國立勤益科技大學企業管理系(正取,分發); 國立虎尾科技大學工業管理系(備取); 國立虎尾科技大學企業管理系(正取)"
CAND_3225,114,ncut_ba,國立勤益科技大學,企業管理系(商管群),國立勤益科技大學 企業管理系(商管群),67090088,蕭*原,正取,國立勤益科技大學,國立勤益科技大學企業管理系,原校系/本校留任,3,"國立勤益科技大學企業管理系(正取,分發); 國立虎尾科技大學企業管理系(備取); 國立臺中科技大學企業管理系(備取)"
CAND_3226,114,ncut_ba,國立勤益科技大學,企業管理系(商管群),國立勤益科技大學 企業管理系(商管群),52090349,*皓,正取,國立高雄科技大學,國立高雄科技大學人力資源發展系,其他學校錄取,3,"國立勤益科技大學企業管理系(正取); 國立高雄科技大學人力資源發展系(正取,分發); 國立虎尾科技大學企業管理系(正取)"
CAND_3227,114,ncut_ba,國立勤益科技大學,企業管理系(商管群),國立勤益科技大學 企業管理系(商管群),63090189,*約,正取,國立勤益科技大學,國立勤益科技大學企業管理系,原校系/本校留任,3,"國立勤益科技大學企業管理系(正取,分發); 國立虎尾科技大學企業管理系(正取); 國立聯合大學資訊管理學系(備取)"
CAND_3228,114,ncut_ba,國立勤益科技大學,企業管理系(商管群),國立勤益科技大學 企業管理系(商管群),61091296,張*,正取,國立勤益科技大學,國立勤益科技大學企業管理系,原校系/本校留任,3,"國立勤益科技大學企業管理系(正取,分發); 國立臺北護理健康大學健康事業管理系(通過); 朝陽科技大學財務金融系(正取)"
CAND_3229,114,ncut_ba,國立勤益科技大學,企業管理系(商管群),國立勤益科技大學 企業管理系(商管群),52090606,蘇*佩,正取,實踐大學,實踐大學財務金融學系(臺北校區),其他學校錄取,3,"國立勤益科技大學企業管理系(正取); 中原大學國際經營與貿易學系(正取); 實踐大學財務金融學系(臺北校區)(正取,分發)"
CAND_3230,114,ncut_ba,國立勤益科技大學,企業管理系(商管群),國立勤益科技大學 企業管理系(商管群),61091214,*臻,正取,國立勤益科技大學,國立勤益科技大學企業管理系,原校系/本校留任,2,"國立勤益科技大學企業管理系(正取,分發); 朝陽科技大學行銷與流通管理系(正取)"
CAND_3231,114,ncut_ba,國立勤益科技大學,企業管理系(商管群),國立勤益科技大學 企業管理系(商管群),68530004,林*岑,正取,國立臺中科技大學,國立臺中科技大學應用統計系,其他學校錄取,4,"國立勤益科技大學企業管理系(正取); 國立高雄科技大學風險管理與保險系(備取); 國立高雄科技大學人力資源發展系(通過); 國立臺中科技大學應用統計系(正取,分發)"
CAND_3232,114,ncut_ba,國立勤益科技大學,企業管理系(商管群),國立勤益科技大學 企業管理系(商管群),61090974,游*銘,正取,國立勤益科技大學,國立勤益科技大學企業管理系,原校系/本校留任,2,"國立勤益科技大學企業管理系(正取,分發); 國立臺中科技大學企業管理系(備取)"
CAND_3233,114,ncut_ba,國立勤益科技大學,企業管理系(商管群),國立勤益科技大學 企業管理系(商管群),70090191,邱*,正取,國立勤益科技大學,國立勤益科技大學企業管理系,原校系/本校留任,2,"國立勤益科技大學企業管理系(正取,分發); 國立高雄科技大學應用英語系(通過)"
CAND_3234,114,ncut_ba,國立勤益科技大學,企業管理系(商管群),國立勤益科技大學 企業管理系(商管群),60090263,葵*,正取,國立勤益科技大學,國立勤益科技大學企業管理系,原校系/本校留任,4,"國立勤益科技大學企業管理系(正取,分發); 國立虎尾科技大學企業管理系(備取); 致理科技大學財務金融系(通過); 國立屏東大學行銷與流通管理學系(備取)"
CAND_3235,114,ncut_ba,國立勤益科技大學,企業管理系(商管群),國立勤益科技大學 企業管理系(商管群),57090714,陳*,正取,國立臺中科技大學,國立臺中科技大學財務金融系,其他學校錄取,3,"國立勤益科技大學企業管理系(正取); 國立臺灣科技大學企業管理系(通過); 國立臺中科技大學財務金融系(正取,分發)"
CAND_3236,114,ncut_ba,國立勤益科技大學,企業管理系(商管群),國立勤益科技大學 企業管理系(商管群),77090025,李*,正取,國立臺北科技大學,國立臺北科技大學經營管理系,其他學校錄取,6,"國立勤益科技大學企業管理系(正取); 國立臺灣科技大學企業管理系(通過); 國立臺北科技大學經營管理系(備取,分發); 國立臺中科技大學國際貿易與經營系(正取); 國立臺北商業大學國際商務系(臺北校區)(正取); 國立金門大學企業管理學系(正取)"
CAND_3237,114,ncut_ba,國立勤益科技大學,企業管理系(商管群),國立勤益科技大學 企業管理系(商管群),76090021,顏*,正取,國立屏東科技大學,國立屏東科技大學休閒運動健康系,其他學校錄取,5,"國立勤益科技大學企業管理系(正取); 國立雲林科技大學財務金融系(備取); 國立屏東科技大學休閒運動健康系(正取,分發); 國立臺北科技大學經營管理系(備取); 國立高雄科技大學財務管理系(通過)"
CAND_3238,114,ncut_ba,國立勤益科技大學,企業管理系(商管群),國立勤益科技大學 企業管理系(商管群),52090155,潘*彤,正取,國立勤益科技大學,國立勤益科技大學企業管理系,原校系/本校留任,3,"國立勤益科技大學企業管理系(正取,分發); 朝陽科技大學企業管理系(正取); 致理科技大學企業管理系(正取)"
CAND_3239,114,ncut_ba,國立勤益科技大學,企業管理系(商管群),國立勤益科技大學 企業管理系(商管群),67090117,陳*婕,正取,國立屏東大學,國立屏東大學國際經營與貿易學系,其他學校錄取,2,"國立勤益科技大學企業管理系(正取); 國立屏東大學國際經營與貿易學系(正取,分發)"
CAND_3240,114,ncut_ba,國立勤益科技大學,企業管理系(商管群),國立勤益科技大學 企業管理系(商管群),61090058,吳*瑄,備取,國立勤益科技大學,國立勤益科技大學企業管理系,原校系/本校留任,2,"國立勤益科技大學企業管理系(備取,分發); 朝陽科技大學財務金融系(通過)"
CAND_3241,114,ncut_ba,國立勤益科技大學,企業管理系(商管群),國立勤益科技大學 企業管理系(商管群),69090010,黄*晴,備取,國立勤益科技大學,國立勤益科技大學企業管理系,原校系/本校留任,4,"國立勤益科技大學企業管理系(備取,分發); 國立屏東科技大學企業管理系(正取); 國立屏東大學企業管理學系(正取); 國立屏東大學商業大數據學系(正取)"
CAND_3242,114,ncut_ba,國立勤益科技大學,企業管理系(商管群),國立勤益科技大學 企業管理系(商管群),64090382,*綺,備取,國立勤益科技大學,國立勤益科技大學企業管理系,原校系/本校留任,3,"國立勤益科技大學企業管理系(備取,分發); 國立虎尾科技大學企業管理系(備取); 國立臺中科技大學企業管理系(備取)"
CAND_3243,114,ncut_ba,國立勤益科技大學,企業管理系(商管群),國立勤益科技大學 企業管理系(商管群),57090726,鄭*晴,備取,國立勤益科技大學,國立勤益科技大學企業管理系,原校系/本校留任,3,"國立勤益科技大學企業管理系(備取,分發); 國立虎尾科技大學企業管理系(備取); 國立屏東大學資訊管理學系(備取)"
CAND_3244,114,ncut_ba,國立勤益科技大學,企業管理系(商管群),國立勤益科技大學 企業管理系(商管群),64090053,謝*慈,備取,國立勤益科技大學,國立勤益科技大學企業管理系,原校系/本校留任,3,"國立勤益科技大學企業管理系(備取,分發); 國立虎尾科技大學企業管理系(備取); 靜宜大學財務金融學系(備取)"
CAND_3245,114,ncut_ba,國立勤益科技大學,企業管理系(商管群),國立勤益科技大學 企業管理系(商管群),56090390,陳*J,備取,國立勤益科技大學,國立勤益科技大學企業管理系,原校系/本校留任,4,"國立勤益科技大學企業管理系(備取,分發); 國立虎尾科技大學企業管理系(正取); 國立臺中科技大學企業管理系(備取); 國立聯合大學資訊管理學系(正取)"
CAND_3246,114,ncut_ba,國立勤益科技大學,企業管理系(商管群),國立勤益科技大學 企業管理系(商管群),61090777,林*住,備取,國立勤益科技大學,國立勤益科技大學企業管理系,原校系/本校留任,3,"國立勤益科技大學企業管理系(備取,分發); 國立虎尾科技大學企業管理系(備取); 國立臺灣體育運動大學運動事業管理學系(備取)"
CAND_3247,114,ncut_ba,國立勤益科技大學,企業管理系(商管群),國立勤益科技大學 企業管理系(商管群),60090039,黄*𡤃,備取,國立勤益科技大學,國立勤益科技大學企業管理系,原校系/本校留任,4,"國立勤益科技大學企業管理系(備取,分發); 朝陽科技大學企業管理系(正取); 嶺東科技大學企業管理系(通過); 致理科技大學企業管理系(通過)"
CAND_3248,114,ncut_ba,國立勤益科技大學,企業管理系(商管群),國立勤益科技大學 企業管理系(商管群),60090019,蕭*倢,備取,國立勤益科技大學,國立勤益科技大學企業管理系,原校系/本校留任,6,"國立勤益科技大學企業管理系(備取,分發); 國立屏東科技大學企業管理系(正取); 朝陽科技大學行銷與流通管理系(備取); 致理科技大學企業管理系(通過); 國立屏東大學國際經營與貿易學系(通過); 靜宜大學行銷與數位經營管理學系(備取)"
CAND_3249,114,ncut_ba,國立勤益科技大學,企業管理系(商管群),國立勤益科技大學 企業管理系(商管群),63090069,林*,備取,國立臺中科技大學,國立臺中科技大學保險金融管理系,其他學校錄取,4,"國立勤益科技大學企業管理系(備取); 國立屏東科技大學財務金融國際學士學位學程(正取); 國立高雄科技大學海洋休閒管理系(備取); 國立臺中科技大學保險金融管理系(備取,分發)"
CAND_3250,114,ncut_ba,國立勤益科技大學,企業管理系(商管群),國立勤益科技大學 企業管理系(商管群),61091439,*璇,備取,國立勤益科技大學,國立勤益科技大學企業管理系,原校系/本校留任,4,"國立勤益科技大學企業管理系(備取,分發); 國立高雄科技大學人力資源發展系(通過); 國立虎尾科技大學企業管理系(正取); 逢甲大學會計學系(備取)"
CAND_3251,114,ncut_ba,國立勤益科技大學,企業管理系(商管群),國立勤益科技大學 企業管理系(商管群),52090706,黄*,備取,國立臺中科技大學,國立臺中科技大學國際貿易與經營系,其他學校錄取,4,"國立勤益科技大學企業管理系(備取); 國立高雄科技大學行銷與流通管理系(通過); 國立臺中科技大學國際貿易與經營系(備取,分發); 國立臺北商業大學商業設計管理系(桃園校區)(備取)"
CAND_3252,114,ncut_ba,國立勤益科技大學,企業管理系(商管群),國立勤益科技大學 企業管理系(商管群),56090130,吳*洋,備取,國立臺中科技大學,國立臺中科技大學企業管理系,其他學校錄取,2,"國立勤益科技大學企業管理系(備取); 國立臺中科技大學企業管理系(備取,分發)"
CAND_3253,114,ncut_ba,國立勤益科技大學,企業管理系(商管群),國立勤益科技大學 企業管理系(商管群),57090817,周*霏,備取,國立勤益科技大學,國立勤益科技大學企業管理系,原校系/本校留任,2,"國立勤益科技大學企業管理系(備取,分發); 銘傳大學企業管理學系(台北校區)(正取)"
CAND_3254,114,ncut_ba,國立勤益科技大學,企業管理系(商管群),國立勤益科技大學 企業管理系(商管群),61090359,吳*羽,備取,—,—,未分發或放棄,1,國立勤益科技大學企業管理系(備取)
CAND_3255,114,ncut_ba,國立勤益科技大學,企業管理系(商管群),國立勤益科技大學 企業管理系(商管群),59090234,周*,備取,國立勤益科技大學,國立勤益科技大學企業管理系,原校系/本校留任,2,"國立勤益科技大學企業管理系(備取,分發); 國立屏東科技大學企業管理系(正取)"
CAND_3256,114,ncut_ba,國立勤益科技大學,企業管理系(商管群),國立勤益科技大學 企業管理系(商管群),64090313,*佑,備取,國立臺中科技大學,國立臺中科技大學會計資訊系,其他學校錄取,3,"國立勤益科技大學企業管理系(備取); 國立臺中科技大學會計資訊系(備取,分發); 朝陽科技大學會計系(通過)"
CAND_3257,114,ncut_ba,國立勤益科技大學,企業管理系(商管群),國立勤益科技大學 企業管理系(商管群),59090290,*逸,備取,國立勤益科技大學,國立勤益科技大學企業管理系,原校系/本校留任,2,"國立勤益科技大學企業管理系(備取,分發); 致理科技大學國際貿易系(通過)"
CAND_3258,114,ncut_ba,國立勤益科技大學,企業管理系(商管群),國立勤益科技大學 企業管理系(商管群),65090093,黄*珍,備取,國立勤益科技大學,國立勤益科技大學企業管理系,原校系/本校留任,3,"國立勤益科技大學企業管理系(備取,分發); 國立虎尾科技大學企業管理系(備取); 靜宜大學財務金融學系(備取)"
CAND_3259,114,ncut_ba,國立勤益科技大學,企業管理系(商管群),國立勤益科技大學 企業管理系(商管群),54090018,*煊,備取,國立勤益科技大學,國立勤益科技大學企業管理系,原校系/本校留任,3,"國立勤益科技大學企業管理系(備取,分發); 朝陽科技大學財務金融系(通過); 致理科技大學財務金融系(通過)"
CAND_3260,114,ncut_ba,國立勤益科技大學,企業管理系(商管群),國立勤益科技大學 企業管理系(商管群),59090330,楊*,備取,國立高雄科技大學,國立高雄科技大學風險管理與保險系,其他學校錄取,3,"國立勤益科技大學企業管理系(備取); 國立高雄科技大學風險管理與保險系(備取,分發); 國立臺中科技大學流通管理系(備取)"
CAND_3261,114,ncut_ba,國立勤益科技大學,企業管理系(商管群),國立勤益科技大學 企業管理系(商管群),66090007,邱*鈊,備取,國立勤益科技大學,國立勤益科技大學企業管理系,原校系/本校留任,3,"國立勤益科技大學企業管理系(備取,分發); 國立屏東科技大學企業管理系(正取); 國立屏東大學企業管理學系(備取)"
CAND_3262,114,ncut_ba,國立勤益科技大學,企業管理系(商管群),國立勤益科技大學 企業管理系(商管群),63090017,林*恩,備取,國立勤益科技大學,國立勤益科技大學企業管理系,原校系/本校留任,2,"國立勤益科技大學企業管理系(備取,分發); 國立臺中科技大學會計資訊系(通過)"
CAND_3263,114,ncut_ba,國立勤益科技大學,企業管理系(商管群),國立勤益科技大學 企業管理系(商管群),59090321,*雅,備取,國立勤益科技大學,國立勤益科技大學企業管理系,原校系/本校留任,4,"國立勤益科技大學企業管理系(備取,分發); 國立虎尾科技大學企業管理系(備取); 國立臺中科技大學流通管理系(備取); 逢甲大學合作經濟暨社會事業經營學系(通過)"
CAND_3264,114,ncut_ba,國立勤益科技大學,企業管理系(商管群),國立勤益科技大學 企業管理系(商管群),69090077,陳*逸,備取,國立虎尾科技大學,國立虎尾科技大學企業管理系,其他學校錄取,5,"國立勤益科技大學企業管理系(備取); 國立屏東科技大學工業管理系(通過); 國立屏東科技大學企業管理系(正取); 國立高雄科技大學漁業科技與管理系(通過); 國立虎尾科技大學企業管理系(正取,分發)"
CAND_3265,114,ncut_ba,國立勤益科技大學,企業管理系(商管群),國立勤益科技大學 企業管理系(商管群),61090938,—,備取,國立臺中科技大學,國立臺中科技大學保險金融管理系,其他學校錄取,2,"國立勤益科技大學企業管理系(備取); 國立臺中科技大學保險金融管理系(備取,分發)"
CAND_3266,114,ncut_ba,國立勤益科技大學,企業管理系(商管群),國立勤益科技大學 企業管理系(商管群),61090746,—,備取,國立勤益科技大學,國立勤益科技大學企業管理系,原校系/本校留任,2,"國立勤益科技大學企業管理系(備取,分發); 朝陽科技大學企業管理系(正取)"
CAND_3267,114,ncut_ba,國立勤益科技大學,企業管理系(商管群),國立勤益科技大學 企業管理系(商管群),56090379,陳*媗,備取,國立臺中科技大學,國立臺中科技大學流通管理系,其他學校錄取,3,"國立勤益科技大學企業管理系(備取); 國立臺中科技大學流通管理系(備取,分發); 朝陽科技大學企業管理系(正取)"
CAND_3268,114,ncut_ba,國立勤益科技大學,企業管理系(商管群),國立勤益科技大學 企業管理系(商管群),64090143,林*女,備取,國立勤益科技大學,國立勤益科技大學企業管理系,原校系/本校留任,3,"國立勤益科技大學企業管理系(備取,分發); 國立虎尾科技大學企業管理系(備取); 國立臺中科技大學保險金融管理系(備取)"
CAND_3269,114,ncut_ba,國立勤益科技大學,企業管理系(商管群),國立勤益科技大學 企業管理系(商管群),61530021,紀*柔,備取,銘傳大學,銘傳大學企業管理學系(台北校區),其他學校錄取,3,"國立勤益科技大學企業管理系(備取); 國立臺中科技大學保險金融管理系(備取); 銘傳大學企業管理學系(台北校區)(備取,分發)"
CAND_3270,114,ncut_ba,國立勤益科技大學,企業管理系(商管群),國立勤益科技大學 企業管理系(商管群),60090261,汪*,備取,國立臺中科技大學,國立臺中科技大學應用統計系,其他學校錄取,4,"國立勤益科技大學企業管理系(備取); 國立臺中科技大學應用統計系(正取,分發); 國立臺北商業大學數位多媒體設計系(桃園校區)(備取); 朝陽科技大學財務金融系(通過)"
CAND_3271,114,ncut_ba,國立勤益科技大學,企業管理系(商管群),國立勤益科技大學 企業管理系(商管群),66090081,陳*,備取,國立虎尾科技大學,國立虎尾科技大學企業管理系,其他學校錄取,3,"國立勤益科技大學企業管理系(備取); 國立屏東科技大學企業管理系(通過); 國立虎尾科技大學企業管理系(備取,分發)"
CAND_3272,114,ncut_ba,國立勤益科技大學,企業管理系(商管群),國立勤益科技大學 企業管理系(商管群),60090194,葉*昕,備取,朝陽科技大學,朝陽科技大學行銷與流通管理系,其他學校錄取,4,"國立勤益科技大學企業管理系(備取); 朝陽科技大學行銷與流通管理系(正取,分發); 南臺科技大學企業管理系(通過); 南臺科技大學行銷與流通管理系(通過)"
CAND_3273,114,ncut_ba,國立勤益科技大學,企業管理系(商管群),國立勤益科技大學 企業管理系(商管群),61090218,黄*淳,備取,國立勤益科技大學,國立勤益科技大學企業管理系,原校系/本校留任,3,"國立勤益科技大學企業管理系(備取,分發); 國立臺中科技大學企業管理系(備取); 朝陽科技大學財務金融系(通過)"
CAND_3274,114,ncut_ba,國立勤益科技大學,企業管理系(商管群),國立勤益科技大學 企業管理系(商管群),57090042,*晴,備取,國立臺中科技大學,國立臺中科技大學企業管理系,其他學校錄取,3,"國立勤益科技大學企業管理系(備取); 國立虎尾科技大學財務金融系(通過); 國立臺中科技大學企業管理系(正取,分發)"
CAND_3275,114,ncut_ba,國立勤益科技大學,企業管理系(商管群),國立勤益科技大學 企業管理系(商管群),68090262,楊*蓉,備取,國立高雄科技大學,國立高雄科技大學財政稅務系,其他學校錄取,6,"國立勤益科技大學企業管理系(備取); 國立高雄科技大學金融系(正取); 國立高雄科技大學財政稅務系(正取,分發); 國立高雄科技大學航運管理系(通過); 國立臺中科技大學財政稅務系(正取); 國立屏東大學財務金融學系(正取)"
CAND_3276,114,ncut_ba,國立勤益科技大學,企業管理系(商管群),國立勤益科技大學 企業管理系(商管群),56090178,張*,備取,靜宜大學,靜宜大學行銷與數位經營管理學系,其他學校錄取,4,"國立勤益科技大學企業管理系(備取); 朝陽科技大學行銷與流通管理系(通過); 致理科技大學行銷與流通管理系(通過); 靜宜大學行銷與數位經營管理學系(備取,分發)"
CAND_3277,114,ncut_ba,國立勤益科技大學,企業管理系(商管群),國立勤益科技大學 企業管理系(商管群),77090020,董*宏,備取,國立臺北商業大學,國立臺北商業大學財政稅務系(臺北校區),其他學校錄取,6,"國立勤益科技大學企業管理系(備取); 國立臺灣科技大學企業管理系(通過); 國立臺北科技大學經營管理系(備取); 國立臺中科技大學財務金融系(備取); 國立臺北商業大學財政稅務系(臺北校區)(正取,分發); 國立金門大學企業管理學系(正取)"
CAND_3278,114,ncut_ba,國立勤益科技大學,企業管理系(商管群),國立勤益科技大學 企業管理系(商管群),77090018,黄*效,備取,南臺科技大學,南臺科技大學行銷與流通管理系,其他學校錄取,4,"國立勤益科技大學企業管理系(備取); 國立雲林科技大學財務金融系(通過); 國立臺中科技大學休閒事業經營系(備取); 南臺科技大學行銷與流通管理系(正取,分發)"
CAND_3279,114,ncut_ba,國立勤益科技大學,企業管理系(商管群),國立勤益科技大學 企業管理系(商管群),77090022,林*瑄,備取,國立臺中科技大學,國立臺中科技大學企業管理系,其他學校錄取,4,"國立勤益科技大學企業管理系(備取); 國立臺中科技大學企業管理系(備取,分發); 朝陽科技大學休閒事業管理系(備取); 中臺科技大學行銷管理系(正取)"
CAND_3280,114,ncut_ba,國立勤益科技大學,企業管理系(商管群),國立勤益科技大學 企業管理系(商管群),77090011,黄*潔,備取,國立臺北商業大學,國立臺北商業大學企業管理系(臺北校區),其他學校錄取,5,"國立勤益科技大學企業管理系(備取); 國立臺灣科技大學企業管理系(通過); 國立臺北科技大學經營管理系(備取); 國立臺中科技大學企業管理系(備取); 國立臺北商業大學企業管理系(臺北校區)(備取,分發)"
CAND_3281,114,ncut_ba,國立勤益科技大學,企業管理系(商管群),國立勤益科技大學 企業管理系(商管群),76090024,許*晟,備取,國立勤益科技大學,國立勤益科技大學企業管理系,原校系/本校留任,2,"國立勤益科技大學企業管理系(備取,分發); 國立臺中科技大學企業管理系(備取)"
CAND_3282,114,ncut_ba,國立勤益科技大學,企業管理系(商管群),國立勤益科技大學 企業管理系(商管群),77090016,陳*新,備取,國立臺中科技大學,國立臺中科技大學休閒事業經營系,其他學校錄取,6,"國立勤益科技大學企業管理系(備取); 國立臺中科技大學休閒事業經營系(備取,分發); 僑光科技大學行銷與流通管理系(備取); 亞東科技大學行銷與流通管理系(正取); 國立金門大學企業管理學系(備取); 國立金門大學觀光管理學系(備取)"
CAND_3283,114,ncut_ba,國立勤益科技大學,企業管理系(商管群),國立勤益科技大學 企業管理系(商管群),65090222,吳*榛,備取,國立勤益科技大學,國立勤益科技大學企業管理系,原校系/本校留任,4,"國立勤益科技大學企業管理系(備取,分發); 國立屏東科技大學企業管理系(正取); 國立臺中科技大學保險金融管理系(備取); 朝陽科技大學財務金融系(正取)"
CAND_3284,114,ncut_ba,國立勤益科技大學,企業管理系(商管群),國立勤益科技大學 企業管理系(商管群),67090121,陳*婷,備取,國立勤益科技大學,國立勤益科技大學企業管理系,原校系/本校留任,2,"國立勤益科技大學企業管理系(備取,分發); 國立屏東大學國際經營與貿易學系(備取)"
CAND_3285,114,ncut_ba,國立勤益科技大學,企業管理系(商管群),國立勤益科技大學 企業管理系(商管群),52090473,維*婕,備取,國立臺中科技大學,國立臺中科技大學保險金融管理系,其他學校錄取,4,"國立勤益科技大學企業管理系(備取); 國立高雄科技大學風險管理與保險系(通過); 國立虎尾科技大學財務金融系(通過); 國立臺中科技大學保險金融管理系(正取,分發)"
CAND_3286,114,ncut_ba,國立勤益科技大學,企業管理系(商管群),國立勤益科技大學 企業管理系(商管群),61090731,*慈,備取,國立勤益科技大學,國立勤益科技大學企業管理系,原校系/本校留任,3,"國立勤益科技大學企業管理系(備取,分發); 國立虎尾科技大學企業管理系(通過); 國立臺中科技大學會計資訊系(備取)"
CAND_3287,114,ncut_ba,國立勤益科技大學,企業管理系(商管群),國立勤益科技大學 企業管理系(商管群),61090631,F*,備取,國立臺中科技大學,國立臺中科技大學企業管理系,其他學校錄取,6,"國立勤益科技大學企業管理系(備取); 國立高雄科技大學智慧商務系(通過); 國立虎尾科技大學資訊管理系(通過); 國立虎尾科技大學企業管理系(通過); 國立臺中科技大學企業管理系(備取,分發); 朝陽科技大學資訊工程系人工智慧組(通過)"
CAND_3288,114,ncut_ba,國立勤益科技大學,企業管理系(商管群),國立勤益科技大學 企業管理系(商管群),51090268,郭*華,備取,國立臺中科技大學,國立臺中科技大學企業管理系,其他學校錄取,2,"國立勤益科技大學企業管理系(通過); 國立臺中科技大學企業管理系(備取,分發)"
CAND_3289,114,ncut_ba,國立勤益科技大學,企業管理系(商管群),國立勤益科技大學 企業管理系(商管群),52090030,顏*,備取,國立臺中科技大學,國立臺中科技大學應用統計系,其他學校錄取,4,"國立勤益科技大學企業管理系(通過); 國立高雄科技大學人力資源發展系(備取); 國立臺中科技大學應用統計系(備取,分發); 銘傳大學企業管理學系(台北校區)(正取)"
CAND_3290,114,ncut_ba,國立勤益科技大學,企業管理系(商管群),國立勤益科技大學 企業管理系(商管群),52090374,張*永,備取,實踐大學,實踐大學財務金融學系(臺北校區),其他學校錄取,5,"國立勤益科技大學企業管理系(通過); 逢甲大學風險管理與保險學系(通過); 銘傳大學企業管理學系(台北校區)(備取); 銘傳大學國際企業學系(台北校區)(備取); 實踐大學財務金融學系(臺北校區)(備取,分發)"
CAND_3291,114,ncut_ba,國立勤益科技大學,企業管理系(商管群),國立勤益科技大學 企業管理系(商管群),52090413,*毅,備取,—,—,未分發或放棄,2,國立勤益科技大學企業管理系(通過); 銘傳大學企業管理學系(台北校區)(通過)
CAND_3292,114,ncut_ba,國立勤益科技大學,企業管理系(商管群),國立勤益科技大學 企業管理系(商管群),52090709,連*閔,備取,—,—,未分發或放棄,3,國立勤益科技大學企業管理系(通過); 逢甲大學國際經營與貿易學系(通過); 銘傳大學企業管理學系(台北校區)(通過)
CAND_3293,114,ncut_ba,國立勤益科技大學,企業管理系(商管群),國立勤益科技大學 企業管理系(商管群),52090734,魏*錚,備取,—,—,未分發或放棄,1,國立勤益科技大學企業管理系(通過)
CAND_3294,114,ncut_ba,國立勤益科技大學,企業管理系(商管群),國立勤益科技大學 企業管理系(商管群),52090906,謝*,備取,銘傳大學,銘傳大學企業管理學系(台北校區),其他學校錄取,4,"國立勤益科技大學企業管理系(通過); 世新大學資訊管理學系資訊管理組(通過); 銘傳大學企業管理學系(台北校區)(備取,分發); 實踐大學企業管理學系(臺北校區)(正取)"
CAND_3295,114,ncut_ba,國立勤益科技大學,企業管理系(商管群),國立勤益科技大學 企業管理系(商管群),53090162,陳*絜,備取,致理科技大學,致理科技大學財務金融系,其他學校錄取,3,"國立勤益科技大學企業管理系(通過); 致理科技大學財務金融系(正取,分發); 銘傳大學國際企業學系(台北校區)(通過)"
CAND_3296,114,ncut_ba,國立勤益科技大學,企業管理系(商管群),國立勤益科技大學 企業管理系(商管群),53530027,翁*紘,備取,世新大學,世新大學資訊管理學系資訊管理組,其他學校錄取,2,"國立勤益科技大學企業管理系(通過); 世新大學資訊管理學系資訊管理組(正取,分發)"
CAND_3297,114,ncut_ba,國立勤益科技大學,企業管理系(商管群),國立勤益科技大學 企業管理系(商管群),54090213,*永,備取,—,—,未分發或放棄,2,國立勤益科技大學企業管理系(通過); 致理科技大學財務金融系(通過)
CAND_3298,114,ncut_ba,國立勤益科技大學,企業管理系(商管群),國立勤益科技大學 企業管理系(商管群),55090190,許*蓉,備取,國立臺北商業大學,國立臺北商業大學商業設計管理系(桃園校區),其他學校錄取,6,"國立勤益科技大學企業管理系(通過); 國立虎尾科技大學企業管理系(通過); 國立臺北護理健康大學生死與健康心理諮商系(通過); 國立臺中科技大學休閒事業經營系(正取); 國立臺北商業大學商業設計管理系(桃園校區)(正取,分發); 朝陽科技大學休閒事業管理系(通過)"
CAND_3299,114,ncut_ba,國立勤益科技大學,企業管理系(商管群),國立勤益科技大學 企業管理系(商管群),55090285,黄*儀,備取,中原大學,中原大學會計學系,其他學校錄取,4,"國立勤益科技大學企業管理系(通過); 國立臺中科技大學會計資訊系(備取); 中原大學會計學系(備取,分發); 逢甲大學會計學系(通過)"
CAND_3300,114,ncut_ba,國立勤益科技大學,企業管理系(商管群),國立勤益科技大學 企業管理系(商管群),56090170,葵*威,備取,—,—,未分發或放棄,3,國立勤益科技大學企業管理系(通過); 國立屏東科技大學財務金融國際學士學位學程(通過); 國立虎尾科技大學財務金融系(備取)
CAND_3301,114,ncut_ba,國立勤益科技大學,企業管理系(商管群),國立勤益科技大學 企業管理系(商管群),56090209,葵*,備取,銘傳大學,銘傳大學會計學系(台北校區),其他學校錄取,2,"國立勤益科技大學企業管理系(通過); 銘傳大學會計學系(台北校區)(備取,分發)"
CAND_3302,114,ncut_ba,國立勤益科技大學,企業管理系(商管群),國立勤益科技大學 企業管理系(商管群),56090264,閻*,備取,國立臺中科技大學,國立臺中科技大學會計資訊系,其他學校錄取,5,"國立勤益科技大學企業管理系(通過); 國立高雄科技大學會計資訊系(備取); 國立高雄科技大學財政稅務系(備取); 國立虎尾科技大學財務金融系(備取); 國立臺中科技大學會計資訊系(備取,分發)"
CAND_3303,114,ncut_ba,國立勤益科技大學,企業管理系(商管群),國立勤益科技大學 企業管理系(商管群),56090364,F*儀,備取,—,—,未分發或放棄,5,國立勤益科技大學企業管理系(通過); 國立高雄科技大學會計資訊系(通過); 國立高雄科技大學財政稅務系(通過); 國立高雄科技大學航運管理系(通過); 國立臺中科技大學會計資訊系(正取)
CAND_3304,114,ncut_ba,國立勤益科技大學,企業管理系(商管群),國立勤益科技大學 企業管理系(商管群),57090106,吳*盲,備取,—,—,未分發或放棄,4,國立勤益科技大學企業管理系(通過); 國立虎尾科技大學財務金融系(通過); 國立臺中科技大學財務金融系(備取); 銘傳大學企業管理學系(台北校區)(正取)
CAND_3305,114,ncut_ba,國立勤益科技大學,企業管理系(商管群),國立勤益科技大學 企業管理系(商管群),57090118,—,備取,國立臺中科技大學,國立臺中科技大學企業管理系,其他學校錄取,4,"國立勤益科技大學企業管理系(通過); 國立高雄科技大學企業管理系(通過); 國立虎尾科技大學企業管理系(通過); 國立臺中科技大學企業管理系(正取,分發)"
CAND_3306,114,ncut_ba,國立勤益科技大學,企業管理系(商管群),國立勤益科技大學 企業管理系(商管群),57090729,陳*愷,備取,—,—,未分發或放棄,3,國立勤益科技大學企業管理系(通過); 國立高雄科技大學風險管理與保險系(通過); 國立高雄科技大學商務資訊應用系(通過)
CAND_3307,114,ncut_ba,國立勤益科技大學,企業管理系(商管群),國立勤益科技大學 企業管理系(商管群),57090873,維*婷,備取,國立高雄科技大學,國立高雄科技大學風險管理與保險系,其他學校錄取,5,"國立勤益科技大學企業管理系(通過); 國立高雄科技大學風險管理與保險系(正取,分發); 國立虎尾科技大學財務金融系(通過); 德明財經科技大學風險管理與財富規劃系(通過); 實踐大學風險管理與保險學系(臺北校區)(通過)"
CAND_3308,114,ncut_ba,國立勤益科技大學,企業管理系(商管群),國立勤益科技大學 企業管理系(商管群),58090091,楊*屏,備取,國立臺中科技大學,國立臺中科技大學國際貿易與經營系,其他學校錄取,6,"國立勤益科技大學企業管理系(通過); 國立高雄科技大學國際企業系(通過); 國立高雄科技大學企業管理系(通過); 國立高雄科技大學人力資源發展系(通過); 國立臺中科技大學國際貿易與經營系(備取,分發); 中原大學國際經營與貿易學系(通過)"
CAND_3309,114,ncut_ba,國立勤益科技大學,企業管理系(商管群),國立勤益科技大學 企業管理系(商管群),58090181,黄*欣,備取,—,—,未分發或放棄,5,國立勤益科技大學企業管理系(通過); 國立高雄科技大學國際企業系(通過); 國立高雄科技大學企業管理系(通過); 國立虎尾科技大學企業管理系(通過); 國立臺中科技大學企業管理系(通過)
CAND_3310,114,ncut_ba,國立勤益科技大學,企業管理系(商管群),國立勤益科技大學 企業管理系(商管群),58090239,葵*恩,備取,國立虎尾科技大學,國立虎尾科技大學企業管理系,其他學校錄取,2,"國立勤益科技大學企業管理系(通過); 國立虎尾科技大學企業管理系(備取,分發)"
CAND_3311,114,ncut_ba,國立勤益科技大學,企業管理系(商管群),國立勤益科技大學 企業管理系(商管群),58090274,黄*珊,備取,—,—,未分發或放棄,3,國立勤益科技大學企業管理系(通過); 國立高雄科技大學企業管理系(通過); 國立虎尾科技大學企業管理系(通過)
CAND_3312,114,ncut_ba,國立勤益科技大學,企業管理系(商管群),國立勤益科技大學 企業管理系(商管群),58090289,邱*,備取,—,—,未分發或放棄,1,國立勤益科技大學企業管理系(通過)
CAND_3313,114,ncut_ba,國立勤益科技大學,企業管理系(商管群),國立勤益科技大學 企業管理系(商管群),59090305,彭*芦,備取,逢甲大學,逢甲大學風險管理與保險學系,其他學校錄取,4,"國立勤益科技大學企業管理系(通過); 國立虎尾科技大學企業管理系(通過); 國立臺中科技大學保險金融管理系(備取); 逢甲大學風險管理與保險學系(備取,分發)"
CAND_3314,114,ncut_ba,國立勤益科技大學,企業管理系(商管群),國立勤益科技大學 企業管理系(商管群),60090123,徐*鴻,備取,—,—,未分發或放棄,3,國立勤益科技大學企業管理系(通過); 朝陽科技大學保險金融管理系(通過); 國立屏東大學會計學系(備取)
CAND_3315,114,ncut_ba,國立勤益科技大學,企業管理系(商管群),國立勤益科技大學 企業管理系(商管群),60090170,姜*,備取,—,—,未分發或放棄,1,國立勤益科技大學企業管理系(通過)
CAND_3316,114,ncut_ba,國立勤益科技大學,企業管理系(商管群),國立勤益科技大學 企業管理系(商管群),61090002,林*,備取,—,—,未分發或放棄,3,國立勤益科技大學企業管理系(通過); 國立臺中科技大學國際貿易與經營系(備取); 逢甲大學國際經營與貿易學系(通過)
CAND_3317,114,ncut_ba,國立勤益科技大學,企業管理系(商管群),國立勤益科技大學 企業管理系(商管群),61090593,胡*渼,備取,逢甲大學,逢甲大學財稅學系,其他學校錄取,6,"國立勤益科技大學企業管理系(通過); 國立臺中科技大學保險金融管理系(正取); 逢甲大學會計學系(通過); 逢甲大學財稅學系(備取,分發); 靜宜大學國際企業學系(正取); 靜宜大學財務金融學系(正取)"
CAND_3318,114,ncut_ba,國立勤益科技大學,企業管理系(商管群),國立勤益科技大學 企業管理系(商管群),61090730,林*,備取,—,—,未分發或放棄,4,國立勤益科技大學企業管理系(通過); 國立臺中科技大學流通管理系(通過); 朝陽科技大學財務金融系(通過); 靜宜大學財務金融學系(通過)
CAND_3319,114,ncut_ba,國立勤益科技大學,企業管理系(商管群),國立勤益科技大學 企業管理系(商管群),61090747,吳*菲,備取,—,—,未分發或放棄,3,國立勤益科技大學企業管理系(通過); 國立高雄科技大學風險管理與保險系(通過); 國立虎尾科技大學企業管理系(通過)
CAND_3320,114,ncut_ba,國立勤益科技大學,企業管理系(商管群),國立勤益科技大學 企業管理系(商管群),61090858,李*,備取,國立臺中科技大學,國立臺中科技大學國際貿易與經營系,其他學校錄取,3,"國立勤益科技大學企業管理系(通過); 國立臺北護理健康大學休閒產業與健康促進系(通過); 國立臺中科技大學國際貿易與經營系(備取,分發)"
CAND_3321,114,ncut_ba,國立勤益科技大學,企業管理系(商管群),國立勤益科技大學 企業管理系(商管群),61090891,陳*彗,備取,國立臺中科技大學,國立臺中科技大學保險金融管理系,其他學校錄取,4,"國立勤益科技大學企業管理系(通過); 國立高雄科技大學金融系(備取); 國立高雄科技大學航運管理系(正取); 國立臺中科技大學保險金融管理系(正取,分發)"
CAND_3322,114,ncut_ba,國立勤益科技大學,企業管理系(商管群),國立勤益科技大學 企業管理系(商管群),61090898,賴*臻,備取,—,—,未分發或放棄,1,國立勤益科技大學企業管理系(通過)
CAND_3323,114,ncut_ba,國立勤益科技大學,企業管理系(商管群),國立勤益科技大學 企業管理系(商管群),61090926,張*溦,備取,國立臺中科技大學,國立臺中科技大學保險金融管理系,其他學校錄取,3,"國立勤益科技大學企業管理系(通過); 國立虎尾科技大學企業管理系(通過); 國立臺中科技大學保險金融管理系(備取,分發)"
CAND_3324,114,ncut_ba,國立勤益科技大學,企業管理系(商管群),國立勤益科技大學 企業管理系(商管群),61091183,郭*吟,備取,國立臺中科技大學,國立臺中科技大學會計資訊系,其他學校錄取,3,"國立勤益科技大學企業管理系(通過); 國立虎尾科技大學企業管理系(通過); 國立臺中科技大學會計資訊系(正取,分發)"
CAND_3325,114,ncut_ba,國立勤益科技大學,企業管理系(商管群),國立勤益科技大學 企業管理系(商管群),61091223,江*,備取,國立臺中科技大學,國立臺中科技大學企業管理系,其他學校錄取,3,"國立勤益科技大學企業管理系(通過); 國立虎尾科技大學企業管理系(備取); 國立臺中科技大學企業管理系(備取,分發)"
CAND_3326,114,ncut_ba,國立勤益科技大學,企業管理系(商管群),國立勤益科技大學 企業管理系(商管群),61091327,周*恩,備取,國立高雄科技大學,國立高雄科技大學人力資源發展系,其他學校錄取,5,"國立勤益科技大學企業管理系(通過); 國立高雄科技大學人力資源發展系(正取,分發); 國立高雄科技大學航運管理系(備取); 僑光科技大學國際貿易系(正取); 國立屏東大學國際經營與貿易學系(正取)"
CAND_3327,114,ncut_ba,國立勤益科技大學,企業管理系(商管群),國立勤益科技大學 企業管理系(商管群),61091643,趙*,備取,—,—,未分發或放棄,2,國立勤益科技大學企業管理系(通過); 國立虎尾科技大學企業管理系(通過)
CAND_3328,114,ncut_ba,國立勤益科技大學,企業管理系(商管群),國立勤益科技大學 企業管理系(商管群),62090094,*君,備取,—,—,未分發或放棄,1,國立勤益科技大學企業管理系(通過)
CAND_3329,114,ncut_ba,國立勤益科技大學,企業管理系(商管群),國立勤益科技大學 企業管理系(商管群),63090038,李*諭,備取,國立臺中科技大學,國立臺中科技大學會計資訊系,其他學校錄取,2,"國立勤益科技大學企業管理系(通過); 國立臺中科技大學會計資訊系(備取,分發)"
CAND_3330,114,ncut_ba,國立勤益科技大學,企業管理系(商管群),國立勤益科技大學 企業管理系(商管群),63090083,徐*勛,備取,國立臺中科技大學,國立臺中科技大學會計資訊系,其他學校錄取,3,"國立勤益科技大學企業管理系(通過); 國立虎尾科技大學企業管理系(正取); 國立臺中科技大學會計資訊系(正取,分發)"
CAND_3331,114,ncut_ba,國立勤益科技大學,企業管理系(商管群),國立勤益科技大學 企業管理系(商管群),63090106,游*瑜,備取,—,—,未分發或放棄,1,國立勤益科技大學企業管理系(通過)
CAND_3332,114,ncut_ba,國立勤益科技大學,企業管理系(商管群),國立勤益科技大學 企業管理系(商管群),63090109,宋*倫,備取,國立屏東科技大學,國立屏東科技大學企業管理系,其他學校錄取,4,"國立勤益科技大學企業管理系(通過); 國立屏東科技大學企業管理系(正取,分發); 國立虎尾科技大學企業管理系(備取); 國立臺中科技大學休閒事業經營系(通過)"
CAND_3333,114,ncut_ba,國立勤益科技大學,企業管理系(商管群),國立勤益科技大學 企業管理系(商管群),63090117,陳*榛,備取,國立臺北護理健康大學,國立臺北護理健康大學生死與健康心理諮商系,其他學校錄取,3,"國立勤益科技大學企業管理系(通過); 國立臺北護理健康大學生死與健康心理諮商系(正取,分發); 國立臺中科技大學國際貿易與經營系(通過)"
CAND_3334,114,ncut_ba,國立勤益科技大學,企業管理系(商管群),國立勤益科技大學 企業管理系(商管群),63090125,何*誠,備取,朝陽科技大學,朝陽科技大學保險金融管理系,其他學校錄取,4,"國立勤益科技大學企業管理系(通過); 國立高雄科技大學風險管理與保險系(通過); 國立臺中科技大學保險金融管理系(備取); 朝陽科技大學保險金融管理系(正取,分發)"
CAND_3335,114,ncut_ba,國立勤益科技大學,企業管理系(商管群),國立勤益科技大學 企業管理系(商管群),63090193,徐*,備取,—,—,未分發或放棄,2,國立勤益科技大學企業管理系(通過); 國立虎尾科技大學企業管理系(通過)
CAND_3336,114,ncut_ba,國立勤益科技大學,企業管理系(商管群),國立勤益科技大學 企業管理系(商管群),63090345,郭*,備取,國立屏東大學,國立屏東大學商業大數據學系,其他學校錄取,3,"國立勤益科技大學企業管理系(通過); 國立屏東大學會計學系(正取); 國立屏東大學商業大數據學系(正取,分發)"
CAND_3337,114,ncut_ba,國立勤益科技大學,企業管理系(商管群),國立勤益科技大學 企業管理系(商管群),63090429,楊*叡,備取,國立屏東大學,國立屏東大學商業大數據學系,其他學校錄取,3,"國立勤益科技大學企業管理系(通過); 國立屏東大學會計學系(備取); 國立屏東大學商業大數據學系(備取,分發)"
CAND_3338,114,ncut_ba,國立勤益科技大學,企業管理系(商管群),國立勤益科技大學 企業管理系(商管群),64090111,葵*,備取,國立臺北護理健康大學,國立臺北護理健康大學生死與健康心理諮商系,其他學校錄取,5,"國立勤益科技大學企業管理系(通過); 國立高雄科技大學財政稅務系(通過); 國立高雄科技大學海洋休閒管理系(通過); 國立臺北護理健康大學生死與健康心理諮商系(正取,分發); 國立臺中科技大學老人服務事業管理系(正取)"
CAND_3339,114,ncut_ba,國立勤益科技大學,企業管理系(商管群),國立勤益科技大學 企業管理系(商管群),64090124,林*彤,備取,國立臺中科技大學,國立臺中科技大學國際貿易與經營系,其他學校錄取,3,"國立勤益科技大學企業管理系(通過); 國立高雄科技大學行銷與流通管理系(通過); 國立臺中科技大學國際貿易與經營系(備取,分發)"
CAND_3340,114,ncut_ba,國立勤益科技大學,企業管理系(商管群),國立勤益科技大學 企業管理系(商管群),64090139,張*魁,備取,國立高雄科技大學,國立高雄科技大學風險管理與保險系,其他學校錄取,5,"國立勤益科技大學企業管理系(通過); 國立高雄科技大學風險管理與保險系(備取,分發); 國立高雄科技大學觀光管理系(通過); 國立虎尾科技大學企業管理系(通過); 國立臺中科技大學應用統計系(正取)"
CAND_3341,114,ncut_ba,國立勤益科技大學,企業管理系(商管群),國立勤益科技大學 企業管理系(商管群),64090220,黄*,備取,國立高雄科技大學,國立高雄科技大學企業管理系,其他學校錄取,5,"國立勤益科技大學企業管理系(通過); 國立高雄科技大學企業管理系(備取,分發); 國立虎尾科技大學企業管理系(通過); 國立虎尾科技大學應用外語系(通過); 國立臺中科技大學應用英語系(備取)"
CAND_3342,114,ncut_ba,國立勤益科技大學,企業管理系(商管群),國立勤益科技大學 企業管理系(商管群),64090342,郭*誠,備取,—,—,未分發或放棄,3,國立勤益科技大學企業管理系(通過); 國立臺北護理健康大學健康事業管理系(通過); 國立臺中科技大學保險金融管理系(備取)
CAND_3343,114,ncut_ba,國立勤益科技大學,企業管理系(商管群),國立勤益科技大學 企業管理系(商管群),64090363,葵*,備取,—,—,未分發或放棄,1,國立勤益科技大學企業管理系(通過)
CAND_3344,114,ncut_ba,國立勤益科技大學,企業管理系(商管群),國立勤益科技大學 企業管理系(商管群),64090416,潘*潔,備取,國立臺中科技大學,國立臺中科技大學企業管理系,其他學校錄取,2,"國立勤益科技大學企業管理系(通過); 國立臺中科技大學企業管理系(正取,分發)"
CAND_3345,114,ncut_ba,國立勤益科技大學,企業管理系(商管群),國立勤益科技大學 企業管理系(商管群),64090539,黄*,備取,國立臺中科技大學,國立臺中科技大學財務金融系,其他學校錄取,3,"國立勤益科技大學企業管理系(通過); 國立臺中科技大學財務金融系(備取,分發); 亞洲大學心理學系(通過)"
CAND_3346,114,ncut_ba,國立勤益科技大學,企業管理系(商管群),國立勤益科技大學 企業管理系(商管群),65090033,賴*茹,備取,國立虎尾科技大學,國立虎尾科技大學應用外語系,其他學校錄取,3,"國立勤益科技大學企業管理系(通過); 國立虎尾科技大學應用外語系(正取,分發); 國立臺中科技大學應用英語系(通過)"
CAND_3347,114,ncut_ba,國立勤益科技大學,企業管理系(商管群),國立勤益科技大學 企業管理系(商管群),65090345,謝*歆,備取,國立臺中科技大學,國立臺中科技大學休閒事業經營系,其他學校錄取,2,"國立勤益科技大學企業管理系(通過); 國立臺中科技大學休閒事業經營系(正取,分發)"
CAND_3348,114,ncut_ba,國立勤益科技大學,企業管理系(商管群),國立勤益科技大學 企業管理系(商管群),66090053,李*,備取,國立虎尾科技大學,國立虎尾科技大學企業管理系,其他學校錄取,3,"國立勤益科技大學企業管理系(通過); 國立虎尾科技大學企業管理系(備取,分發); 國立臺中科技大學保險金融管理系(備取)"
CAND_3349,114,ncut_ba,國立勤益科技大學,企業管理系(商管群),國立勤益科技大學 企業管理系(商管群),66090462,許*誠,備取,國立虎尾科技大學,國立虎尾科技大學財務金融系,其他學校錄取,3,"國立勤益科技大學企業管理系(通過); 國立虎尾科技大學財務金融系(正取,分發); 國立臺中科技大學財務金融系(正取)"
CAND_3350,114,ncut_ba,國立勤益科技大學,企業管理系(商管群),國立勤益科技大學 企業管理系(商管群),67090023,*背,備取,—,—,未分發或放棄,3,國立勤益科技大學企業管理系(通過); 國立高雄科技大學運籌管理系(備取); 國立臺中科技大學應用統計系(備取)
CAND_3351,114,ncut_ba,國立勤益科技大學,企業管理系(商管群),國立勤益科技大學 企業管理系(商管群),67090188,張*鏞,備取,—,—,未分發或放棄,3,國立勤益科技大學企業管理系(通過); 國立屏東科技大學企業管理系(通過); 朝陽科技大學企業管理系(通過)
CAND_3352,114,ncut_ba,國立勤益科技大學,企業管理系(商管群),國立勤益科技大學 企業管理系(商管群),67090243,顏*娃,備取,國立臺中科技大學,國立臺中科技大學休閒事業經營系,其他學校錄取,3,"國立勤益科技大學企業管理系(通過); 國立虎尾科技大學應用外語系(通過); 國立臺中科技大學休閒事業經營系(備取,分發)"
CAND_3353,114,ncut_ba,國立勤益科技大學,企業管理系(商管群),國立勤益科技大學 企業管理系(商管群),67090314,葵*㚬,備取,國立臺中科技大學,國立臺中科技大學財政稅務系,其他學校錄取,4,"國立勤益科技大學企業管理系(通過); 國立高雄科技大學財政稅務系(通過); 國立虎尾科技大學財務金融系(通過); 國立臺中科技大學財政稅務系(正取,分發)"
CAND_3354,114,ncut_ba,國立勤益科技大學,企業管理系(商管群),國立勤益科技大學 企業管理系(商管群),69090095,林*,備取,—,—,未分發或放棄,3,國立勤益科技大學企業管理系(通過); 國立屏東科技大學企業管理系(通過); 國立虎尾科技大學企業管理系(通過)
CAND_3355,114,ncut_ba,國立勤益科技大學,企業管理系(商管群),國立勤益科技大學 企業管理系(商管群),70090006,魏*倢,備取,國立高雄科技大學,國立高雄科技大學財政稅務系,其他學校錄取,3,"國立勤益科技大學企業管理系(通過); 國立高雄科技大學財政稅務系(正取,分發); 國立虎尾科技大學財務金融系(備取)"
CAND_3356,114,ncut_ba,國立勤益科技大學,企業管理系(商管群),國立勤益科技大學 企業管理系(商管群),70090241,黄*瑤,備取,—,—,未分發或放棄,3,國立勤益科技大學企業管理系(通過); 國立高雄科技大學行銷與流通管理系(通過); 國立臺中科技大學會計資訊系(通過)
CAND_3357,114,ncut_ba,國立勤益科技大學,企業管理系(商管群),國立勤益科技大學 企業管理系(商管群),70090249,*承,備取,國立高雄科技大學,國立高雄科技大學智慧商務系,其他學校錄取,5,"國立勤益科技大學企業管理系(通過); 國立屏東科技大學企業管理系(通過); 國立高雄科技大學智慧商務系(備取,分發); 國立虎尾科技大學企業管理系(通過); 國立臺中科技大學保險金融管理系(備取)"
CAND_3358,114,ncut_ba,國立勤益科技大學,企業管理系(商管群),國立勤益科技大學 企業管理系(商管群),70090417,何*玲,備取,—,—,未分發或放棄,1,國立勤益科技大學企業管理系(通過)
CAND_3359,114,ncut_ba,國立勤益科技大學,企業管理系(商管群),國立勤益科技大學 企業管理系(商管群),70090681,*婷,備取,國立屏東大學,國立屏東大學國際經營與貿易學系,其他學校錄取,4,"國立勤益科技大學企業管理系(通過); 國立屏東科技大學企業管理系(正取); 國立屏東大學國際經營與貿易學系(備取,分發); 國立屏東大學會計學系(備取)"
CAND_3360,114,ncut_ba,國立勤益科技大學,企業管理系(商管群),國立勤益科技大學 企業管理系(商管群),70090725,*靜,備取,國立高雄科技大學,國立高雄科技大學供應鏈管理系,其他學校錄取,4,"國立勤益科技大學企業管理系(通過); 國立高雄科技大學供應鏈管理系(正取,分發); 國立臺中科技大學財政稅務系(通過); 國立屏東大學企業管理學系(通過)"
CAND_3361,114,ncut_ba,國立勤益科技大學,企業管理系(商管群),國立勤益科技大學 企業管理系(商管群),70090741,陳*妤,備取,國立高雄科技大學,國立高雄科技大學文化創意產業系,其他學校錄取,3,"國立勤益科技大學企業管理系(通過); 國立屏東科技大學企業管理系(通過); 國立高雄科技大學文化創意產業系(正取,分發)"
CAND_3362,114,ncut_ba,國立勤益科技大學,企業管理系(商管群),國立勤益科技大學 企業管理系(商管群),70090809,黄*永,備取,—,—,未分發或放棄,3,國立勤益科技大學企業管理系(通過); 國立臺中科技大學企業管理系(備取); 國立屏東大學企業管理學系(通過)
CAND_3363,114,ncut_ba,國立勤益科技大學,企業管理系(商管群),國立勤益科技大學 企業管理系(商管群),70090881,李*逸,備取,—,—,未分發或放棄,2,國立勤益科技大學企業管理系(通過); 國立臺北商業大學商業設計管理系(桃園校區)(通過)
CAND_3364,114,ncut_ba,國立勤益科技大學,企業管理系(商管群),國立勤益科技大學 企業管理系(商管群),70099905,張*婷,備取,—,—,未分發或放棄,2,國立勤益科技大學企業管理系(通過); 國立屏東大學企業管理學系(備取)
CAND_3365,114,ncut_ba,國立勤益科技大學,企業管理系(商管群),國立勤益科技大學 企業管理系(商管群),76090018,*婕,備取,嘉南藥理大學,嘉南藥理大學藥粧生技產業系,其他學校錄取,5,"國立勤益科技大學企業管理系(通過); 國立屏東科技大學企業管理系(備取); 國立屏東科技大學社會工作系(通過); 國立高雄科技大學企業管理系(備取); 嘉南藥理大學藥粧生技產業系(正取,分發)"
CAND_3366,114,ncut_ba,國立勤益科技大學,企業管理系(商管群),國立勤益科技大學 企業管理系(商管群),77090002,張*,備取,—,—,未分發或放棄,4,國立勤益科技大學企業管理系(通過); 國立臺中科技大學企業管理系(備取); 國立臺北商業大學財政稅務系(臺北校區)(備取); 國立金門大學企業管理學系(備取)
CAND_3367,114,ncut_ba,國立勤益科技大學,企業管理系(商管群),國立勤益科技大學 企業管理系(商管群),77090026,林*,備取,—,—,未分發或放棄,5,國立勤益科技大學企業管理系(通過); 國立臺灣科技大學企業管理系(通過); 國立臺中科技大學企業管理系(通過); 國立金門大學企業管理學系(通過); 國立金門大學觀光管理學系(通過)
CAND_3368,114,ncut_ba,國立勤益科技大學,企業管理系(英語類),國立勤益科技大學 企業管理系(英語類),52150079,朱*,正取,國立高雄科技大學,國立高雄科技大學行銷與流通管理系,其他學校錄取,2,"國立勤益科技大學企業管理系(正取); 國立高雄科技大學行銷與流通管理系(正取,分發)"
CAND_3369,114,ncut_ba,國立勤益科技大學,企業管理系(英語類),國立勤益科技大學 企業管理系(英語類),58150010,—,正取,國立雲林科技大學,國立雲林科技大學應用外語系,其他學校錄取,5,"國立勤益科技大學企業管理系(正取); 國立雲林科技大學應用外語系(正取,分發); 國立高雄科技大學航運管理系(通過); 國立虎尾科技大學企業管理系(備取); 國立臺中科技大學企業管理系(正取)"
CAND_3370,114,ncut_ba,國立勤益科技大學,企業管理系(英語類),國立勤益科技大學 企業管理系(英語類),56150097,李*諭,正取,國立勤益科技大學,國立勤益科技大學企業管理系,原校系/本校留任,2,"國立勤益科技大學企業管理系(正取,分發); 明志科技大學經營管理系(通過)"
CAND_3371,114,ncut_ba,國立勤益科技大學,企業管理系(英語類),國立勤益科技大學 企業管理系(英語類),61150368,—,正取,國立臺中科技大學,國立臺中科技大學財政稅務系,其他學校錄取,2,"國立勤益科技大學企業管理系(正取); 國立臺中科技大學財政稅務系(正取,分發)"
CAND_3372,114,ncut_ba,國立勤益科技大學,企業管理系(英語類),國立勤益科技大學 企業管理系(英語類),56150031,黄*永,正取,國立勤益科技大學,國立勤益科技大學企業管理系,原校系/本校留任,2,"國立勤益科技大學企業管理系(正取,分發); 國立虎尾科技大學企業管理系(備取)"
CAND_3373,114,ncut_ba,國立勤益科技大學,企業管理系(英語類),國立勤益科技大學 企業管理系(英語類),66150023,楊*潔,正取,—,—,未分發或放棄,2,國立勤益科技大學企業管理系(正取); 國立高雄科技大學漁業科技與管理系(通過)
CAND_3374,114,ncut_ba,國立勤益科技大學,企業管理系(英語類),國立勤益科技大學 企業管理系(英語類),56150006,F*玟,備取,國立勤益科技大學,國立勤益科技大學企業管理系,原校系/本校留任,5,"國立勤益科技大學企業管理系(備取,分發); 國立高雄科技大學應用英語系(通過); 國立虎尾科技大學企業管理系(正取); 國立臺中科技大學企業管理系(備取); 朝陽科技大學行銷與流通管理系(通過)"
CAND_3375,114,ncut_ba,國立勤益科技大學,企業管理系(英語類),國立勤益科技大學 企業管理系(英語類),53150017,饒*,備取,—,—,未分發或放棄,3,國立勤益科技大學企業管理系(通過); 國立虎尾科技大學企業管理系(通過); 致理科技大學商務科技管理系(通過)
CAND_3376,114,ncut_ba,國立勤益科技大學,企業管理系(英語類),國立勤益科技大學 企業管理系(英語類),56150004,黄*恩,備取,實踐大學,實踐大學國際經營與貿易學系(臺北校區),其他學校錄取,4,"國立勤益科技大學企業管理系(通過); 國立臺北科技大學應用英文系(通過); 中原大學國際經營與貿易學系(備取); 實踐大學國際經營與貿易學系(臺北校區)(備取,分發)"
CAND_3377,114,ncut_ba,國立勤益科技大學,企業管理系(英語類),國立勤益科技大學 企業管理系(英語類),56530029,邱*雅,備取,國立臺北護理健康大學,國立臺北護理健康大學高齡健康照護系,其他學校錄取,3,"國立勤益科技大學企業管理系(通過); 國立虎尾科技大學企業管理系(正取); 國立臺北護理健康大學高齡健康照護系(正取,分發)"
CAND_3378,114,ncut_ba,國立勤益科技大學,企業管理系(英語類),國立勤益科技大學 企業管理系(英語類),57150109,楊*媗,備取,—,—,未分發或放棄,2,國立勤益科技大學企業管理系(通過); 國立高雄科技大學企業管理系(通過)
CAND_3379,114,ncut_ba,國立勤益科技大學,企業管理系(英語類),國立勤益科技大學 企業管理系(英語類),57530062,*穎,備取,—,—,未分發或放棄,3,國立勤益科技大學企業管理系(通過); 國立高雄科技大學企業管理系(通過); 國立高雄科技大學行銷與流通管理系(通過)
CAND_3380,114,ncut_ba,國立勤益科技大學,企業管理系(英語類),國立勤益科技大學 企業管理系(英語類),58150025,高*惠,備取,—,—,未分發或放棄,4,國立勤益科技大學企業管理系(通過); 國立高雄科技大學企業管理系(通過); 國立高雄科技大學行銷與流通管理系(通過); 國立虎尾科技大學企業管理系(通過)
CAND_3381,114,ncut_ba,國立勤益科技大學,企業管理系(英語類),國立勤益科技大學 企業管理系(英語類),58150090,*岑,備取,中原大學,中原大學國際經營與貿易學系,其他學校錄取,5,"國立勤益科技大學企業管理系(通過); 國立臺北護理健康大學語言治療與聽力學系(正取); 國立臺中科技大學保險金融管理系(正取); 中原大學國際經營與貿易學系(正取,分發); 實踐大學國際經營與貿易學系(臺北校區)(備取)"
CAND_3382,114,ncut_ba,國立勤益科技大學,企業管理系(英語類),國立勤益科技大學 企業管理系(英語類),61150264,—,備取,—,—,未分發或放棄,2,國立勤益科技大學企業管理系(通過); 國立臺中科技大學財政稅務系(通過)
CAND_3383,114,ncut_ba,國立勤益科技大學,企業管理系(英語類),國立勤益科技大學 企業管理系(英語類),61150397,林*,備取,—,—,未分發或放棄,5,國立勤益科技大學企業管理系(通過); 國立雲林科技大學應用外語系(備取); 國立高雄科技大學行銷與流通管理系(通過); 國立臺北護理健康大學運動保健系(通過); 國立臺中科技大學保險金融管理系(通過)
CAND_3384,114,ncut_ba,國立勤益科技大學,企業管理系(英語類),國立勤益科技大學 企業管理系(英語類),61150405,林*熒,備取,—,—,未分發或放棄,3,國立勤益科技大學企業管理系(通過); 國立澎湖科技大學航運管理系(通過); 朝陽科技大學航空運務系(通過)
CAND_3385,114,ncut_ba,國立勤益科技大學,企業管理系(英語類),國立勤益科技大學 企業管理系(英語類),64150019,李*,備取,國立虎尾科技大學,國立虎尾科技大學企業管理系,其他學校錄取,4,"國立勤益科技大學企業管理系(通過); 國立高雄科技大學國際企業系(通過); 國立高雄科技大學企業管理系(通過); 國立虎尾科技大學企業管理系(備取,分發)"
CAND_3386,114,ncut_ba,國立勤益科技大學,企業管理系(英語類),國立勤益科技大學 企業管理系(英語類),64150044,—,備取,—,—,未分發或放棄,3,國立勤益科技大學企業管理系(通過); 國立虎尾科技大學企業管理系(通過); 國立臺中科技大學國際貿易與經營系(通過)
CAND_3387,114,ncut_ba,國立勤益科技大學,企業管理系(英語類),國立勤益科技大學 企業管理系(英語類),70150026,伊*佈,備取,—,—,未分發或放棄,3,國立勤益科技大學企業管理系(通過); 國立高雄科技大學航運管理系(通過); 萬能科技大學航空暨運輸服務管理系(通過)
CAND_3388,115,ncut_ba,國立勤益科技大學,企業管理系(商管群),國立勤益科技大學 企業管理系(商管群),56090045,邱*綺,正取,國立臺中科技大學,國立臺中科技大學財政稅務系,其他學校錄取,2,"國立勤益科技大學企業管理系(正取); 國立臺中科技大學財政稅務系(正取,分發)"
CAND_3389,115,ncut_ba,國立勤益科技大學,企業管理系(商管群),國立勤益科技大學 企業管理系(商管群),57090175,陳*,正取,—,—,未分發或放棄,5,國立勤益科技大學企業管理系(正取); 國立虎尾科技大學財務金融系(正取); 國立臺中科技大學企業管理系(正取); 明新科技大學財務金融系智慧理財組(通過); 中原大學國際經營與貿易學系(正取)
CAND_3390,115,ncut_ba,國立勤益科技大學,企業管理系(商管群),國立勤益科技大學 企業管理系(商管群),63090228,林*羽,正取,國立臺中科技大學,國立臺中科技大學國際貿易與經營系,其他學校錄取,2,"國立勤益科技大學企業管理系(正取); 國立臺中科技大學國際貿易與經營系(正取,分發)"
CAND_3391,115,ncut_ba,國立勤益科技大學,企業管理系(商管群),國立勤益科技大學 企業管理系(商管群),61091188,*柔,正取,國立勤益科技大學,國立勤益科技大學企業管理系,原校系/本校留任,3,"國立勤益科技大學企業管理系(正取,分發); 國立高雄科技大學航運管理系(備取); 國立高雄科技大學航運技術系(通過)"
CAND_3392,115,ncut_ba,國立勤益科技大學,企業管理系(商管群),國立勤益科技大學 企業管理系(商管群),61090336,薛*女,正取,—,—,未分發或放棄,3,國立勤益科技大學企業管理系(正取); 國立高雄科技大學供應鏈管理系(正取); 國立臺中科技大學國際貿易與經營系(正取)
CAND_3393,115,ncut_ba,國立勤益科技大學,企業管理系(商管群),國立勤益科技大學 企業管理系(商管群),56090111,F*霆,正取,國立臺中科技大學,國立臺中科技大學財政稅務系,其他學校錄取,2,"國立勤益科技大學企業管理系(正取); 國立臺中科技大學財政稅務系(正取,分發)"
CAND_3394,115,ncut_ba,國立勤益科技大學,企業管理系(商管群),國立勤益科技大學 企業管理系(商管群),61090734,*權,正取,國立臺中科技大學,國立臺中科技大學企業管理系,其他學校錄取,6,"國立勤益科技大學企業管理系(正取); 國立高雄科技大學航運管理系(通過); 國立臺中科技大學企業管理系(正取,分發); 逢甲大學土地管理學系(通過); 靜宜大學財務金融學系(通過); 亞洲大學財務金融學系(通過)"
CAND_3395,115,ncut_ba,國立勤益科技大學,企業管理系(商管群),國立勤益科技大學 企業管理系(商管群),65090270,粘*姍,正取,國立臺中科技大學,國立臺中科技大學企業管理系,其他學校錄取,2,"國立勤益科技大學企業管理系(正取); 國立臺中科技大學企業管理系(備取,分發)"
CAND_3396,115,ncut_ba,國立勤益科技大學,企業管理系(商管群),國立勤益科技大學 企業管理系(商管群),56090088,—,正取,國立臺中科技大學,國立臺中科技大學保險金融管理系,其他學校錄取,4,"國立勤益科技大學企業管理系(正取); 國立虎尾科技大學企業管理系(通過); 國立臺中科技大學保險金融管理系(正取,分發); 國立屏東大學企業管理學系(通過)"
CAND_3397,115,ncut_ba,國立勤益科技大學,企業管理系(商管群),國立勤益科技大學 企業管理系(商管群),61090742,林*,正取,國立勤益科技大學,國立勤益科技大學企業管理系,原校系/本校留任,2,"國立勤益科技大學企業管理系(正取,分發); 朝陽科技大學財務金融系(通過)"
CAND_3398,115,ncut_ba,國立勤益科技大學,企業管理系(商管群),國立勤益科技大學 企業管理系(商管群),61090043,周*妤,正取,國立臺中科技大學,國立臺中科技大學應用中文系,其他學校錄取,2,"國立勤益科技大學企業管理系(正取); 國立臺中科技大學應用中文系(正取,分發)"
CAND_3399,115,ncut_ba,國立勤益科技大學,企業管理系(商管群),國立勤益科技大學 企業管理系(商管群),61091170,郭*恩,正取,國立臺中科技大學,國立臺中科技大學財政稅務系,其他學校錄取,3,"國立勤益科技大學企業管理系(正取); 國立虎尾科技大學企業管理系(正取); 國立臺中科技大學財政稅務系(備取,分發)"
CAND_3400,115,ncut_ba,國立勤益科技大學,企業管理系(商管群),國立勤益科技大學 企業管理系(商管群),58090222,賴*璇,正取,國立勤益科技大學,國立勤益科技大學企業管理系,原校系/本校留任,4,"國立勤益科技大學企業管理系(正取,分發); 國立臺中科技大學應用中文系(通過); 朝陽科技大學財務金融系(正取); 致理科技大學財務金融系(正取)"
CAND_3401,115,ncut_ba,國立勤益科技大學,企業管理系(商管群),國立勤益科技大學 企業管理系(商管群),67090138,周*軒,正取,國立臺中科技大學,國立臺中科技大學保險金融管理系,其他學校錄取,2,"國立勤益科技大學企業管理系(正取); 國立臺中科技大學保險金融管理系(正取,分發)"
CAND_3402,115,ncut_ba,國立勤益科技大學,企業管理系(商管群),國立勤益科技大學 企業管理系(商管群),56090168,林*豪,正取,國立臺中科技大學,國立臺中科技大學應用中文系,其他學校錄取,3,"國立勤益科技大學企業管理系(正取); 國立臺中科技大學應用中文系(正取,分發); 國立聯合大學經營管理學系(正取)"
CAND_3403,115,ncut_ba,國立勤益科技大學,企業管理系(商管群),國立勤益科技大學 企業管理系(商管群),56090112,蕭*婷,正取,國立臺中科技大學,國立臺中科技大學會計資訊系,其他學校錄取,4,"國立勤益科技大學企業管理系(正取); 國立高雄科技大學會計資訊系(正取); 國立臺中科技大學會計資訊系(正取,分發); 致理科技大學會計資訊系(通過)"
CAND_3404,115,ncut_ba,國立勤益科技大學,企業管理系(商管群),國立勤益科技大學 企業管理系(商管群),52090290,李*婕,正取,國立勤益科技大學,國立勤益科技大學企業管理系,原校系/本校留任,3,"國立勤益科技大學企業管理系(正取,分發); 國立高雄科技大學會計資訊系(正取); 國立臺中科技大學流通管理系(正取)"
CAND_3405,115,ncut_ba,國立勤益科技大學,企業管理系(商管群),國立勤益科技大學 企業管理系(商管群),55090265,陳*穎,正取,銘傳大學,銘傳大學企業管理學系(台北校區),其他學校錄取,3,"國立勤益科技大學企業管理系(正取); 銘傳大學企業管理學系(台北校區)(備取,分發); 實踐大學財務金融學系(臺北校區)(備取)"
CAND_3406,115,ncut_ba,國立勤益科技大學,企業管理系(商管群),國立勤益科技大學 企業管理系(商管群),57090787,張*晴,正取,國立臺中科技大學,國立臺中科技大學財政稅務系,其他學校錄取,2,"國立勤益科技大學企業管理系(正取); 國立臺中科技大學財政稅務系(正取,分發)"
CAND_3407,115,ncut_ba,國立勤益科技大學,企業管理系(商管群),國立勤益科技大學 企業管理系(商管群),66090381,高*妞,正取,國立虎尾科技大學,國立虎尾科技大學應用外語系,其他學校錄取,4,"國立勤益科技大學企業管理系(正取); 國立虎尾科技大學應用外語系(正取,分發); 南臺科技大學企業管理系(正取); 南臺科技大學財務金融系(正取)"
CAND_3408,115,ncut_ba,國立勤益科技大學,企業管理系(商管群),國立勤益科技大學 企業管理系(商管群),55090249,葵*,正取,國立臺北護理健康大學,國立臺北護理健康大學生死與健康心理諮商系,其他學校錄取,4,"國立勤益科技大學企業管理系(正取); 國立臺北護理健康大學生死與健康心理諮商系(正取,分發); 國立臺中科技大學保險金融管理系(正取); 國立臺北商業大學商業設計管理系(桃園校區)(正取)"
CAND_3409,115,ncut_ba,國立勤益科技大學,企業管理系(商管群),國立勤益科技大學 企業管理系(商管群),60090300,*諺,正取,國立臺中科技大學,國立臺中科技大學應用英語系,其他學校錄取,3,"國立勤益科技大學企業管理系(正取); 國立虎尾科技大學應用外語系(通過); 國立臺中科技大學應用英語系(備取,分發)"
CAND_3410,115,ncut_ba,國立勤益科技大學,企業管理系(商管群),國立勤益科技大學 企業管理系(商管群),66090022,張*,正取,國立屏東大學,國立屏東大學會計學系,其他學校錄取,4,"國立勤益科技大學企業管理系(正取); 朝陽科技大學會計系(正取); 致理科技大學會計資訊系(正取); 國立屏東大學會計學系(正取,分發)"
CAND_3411,115,ncut_ba,國立勤益科技大學,企業管理系(商管群),國立勤益科技大學 企業管理系(商管群),61091113,*蕙,正取,國立勤益科技大學,國立勤益科技大學企業管理系,原校系/本校留任,5,"國立勤益科技大學企業管理系(正取,分發); 國立高雄科技大學漁業科技與管理系(通過); 國立虎尾科技大學企業管理系(正取); 國立屏東大學企業管理學系(正取); 國立屏東大學商業大數據學系(正取)"
CAND_3412,115,ncut_ba,國立勤益科技大學,企業管理系(商管群),國立勤益科技大學 企業管理系(商管群),57090496,李*,正取,國立勤益科技大學,國立勤益科技大學企業管理系,原校系/本校留任,3,"國立勤益科技大學企業管理系(正取,分發); 銘傳大學企業管理學系(台北校區)(通過); 實踐大學企業管理學系(臺北校區)(通過)"
CAND_3413,115,ncut_ba,國立勤益科技大學,企業管理系(商管群),國立勤益科技大學 企業管理系(商管群),59090185,陳*,正取,國立勤益科技大學,國立勤益科技大學企業管理系,原校系/本校留任,4,"國立勤益科技大學企業管理系(正取,分發); 國立屏東科技大學財務金融國際學士學位學程(通過); 崑山科技大學企業管理系(備取); 臺北城市科技大學企業管理系(正取)"
CAND_3414,115,ncut_ba,國立勤益科技大學,企業管理系(商管群),國立勤益科技大學 企業管理系(商管群),55090232,許*峰,正取,國立勤益科技大學,國立勤益科技大學企業管理系,原校系/本校留任,2,"國立勤益科技大學企業管理系(正取,分發); 國立虎尾科技大學工業管理系(正取)"
CAND_3415,115,ncut_ba,國立勤益科技大學,企業管理系(商管群),國立勤益科技大學 企業管理系(商管群),55090290,*恩,正取,國立勤益科技大學,國立勤益科技大學企業管理系,原校系/本校留任,4,"國立勤益科技大學企業管理系(正取,分發); 國立臺北護理健康大學運動保健系(通過); 致理科技大學行銷與流通管理系(正取); 銘傳大學國際企業學系(台北校區)(備取)"
CAND_3416,115,ncut_ba,國立勤益科技大學,企業管理系(商管群),國立勤益科技大學 企業管理系(商管群),61090236,*雅,正取,國立臺中科技大學,國立臺中科技大學會計資訊系,其他學校錄取,3,"國立勤益科技大學企業管理系(正取); 國立臺中科技大學會計資訊系(備取,分發); 中原大學國際經營與貿易學系(備取)"
CAND_3417,115,ncut_ba,國立勤益科技大學,企業管理系(商管群),國立勤益科技大學 企業管理系(商管群),61090158,李*,正取,—,—,未分發或放棄,1,國立勤益科技大學企業管理系(正取)
CAND_3418,115,ncut_ba,國立勤益科技大學,企業管理系(商管群),國立勤益科技大學 企業管理系(商管群),56090177,徐*碩,正取,國立臺中科技大學,國立臺中科技大學企業管理系,其他學校錄取,2,"國立勤益科技大學企業管理系(正取); 國立臺中科技大學企業管理系(備取,分發)"
CAND_3419,115,ncut_ba,國立勤益科技大學,企業管理系(商管群),國立勤益科技大學 企業管理系(商管群),56090178,林*羲,正取,國立臺中科技大學,國立臺中科技大學企業管理系,其他學校錄取,2,"國立勤益科技大學企業管理系(正取); 國立臺中科技大學企業管理系(正取,分發)"
CAND_3420,115,ncut_ba,國立勤益科技大學,企業管理系(商管群),國立勤益科技大學 企業管理系(商管群),61090208,陳*潔,正取,國立臺中科技大學,國立臺中科技大學國際貿易與經營系,其他學校錄取,6,"國立勤益科技大學企業管理系(正取); 國立高雄科技大學文化創意產業系(通過); 國立虎尾科技大學企業管理系(通過); 國立虎尾科技大學應用外語系(通過); 國立臺中科技大學國際貿易與經營系(備取,分發); 朝陽科技大學企業管理系(通過)"
CAND_3421,115,ncut_ba,國立勤益科技大學,企業管理系(商管群),國立勤益科技大學 企業管理系(商管群),61091050,賴*瑜,正取,國立勤益科技大學,國立勤益科技大學企業管理系,原校系/本校留任,4,"國立勤益科技大學企業管理系(正取,分發); 國立虎尾科技大學工業管理系(正取); 國立虎尾科技大學企業管理系(備取); 朝陽科技大學企業管理系(通過)"
CAND_3422,115,ncut_ba,國立勤益科技大學,企業管理系(商管群),國立勤益科技大學 企業管理系(商管群),58090095,梁*珊,正取,國立臺中科技大學,國立臺中科技大學財務金融系,其他學校錄取,6,"國立勤益科技大學企業管理系(正取); 國立虎尾科技大學財務金融系(正取); 國立臺中科技大學財務金融系(備取,分發); 朝陽科技大學財務金融系(通過); 致理科技大學財務金融系(通過); 中原大學會計學系(通過)"
CAND_3423,115,ncut_ba,國立勤益科技大學,企業管理系(商管群),國立勤益科技大學 企業管理系(商管群),59090207,蕭*盲,正取,國立虎尾科技大學,國立虎尾科技大學資訊管理系,其他學校錄取,5,"國立勤益科技大學企業管理系(正取); 國立高雄科技大學企業管理系(正取); 國立虎尾科技大學資訊管理系(備取,分發); 國立虎尾科技大學企業管理系(正取); 國立臺中科技大學資訊管理系(備取)"
CAND_3424,115,ncut_ba,國立勤益科技大學,企業管理系(商管群),國立勤益科技大學 企業管理系(商管群),61090087,胡*榛,正取,國立勤益科技大學,國立勤益科技大學企業管理系,原校系/本校留任,2,"國立勤益科技大學企業管理系(正取,分發); 國立虎尾科技大學企業管理系(正取)"
CAND_3425,115,ncut_ba,國立勤益科技大學,企業管理系(商管群),國立勤益科技大學 企業管理系(商管群),56090184,黄*永,正取,國立勤益科技大學,國立勤益科技大學企業管理系,原校系/本校留任,1,"國立勤益科技大學企業管理系(正取,分發)"
CAND_3426,115,ncut_ba,國立勤益科技大學,企業管理系(商管群),國立勤益科技大學 企業管理系(商管群),61090580,陳*倪,正取,國立高雄科技大學,國立高雄科技大學智慧商務系,其他學校錄取,3,"國立勤益科技大學企業管理系(正取); 國立高雄科技大學智慧商務系(備取,分發); 國立臺中科技大學國際貿易與經營系(備取)"
CAND_3427,115,ncut_ba,國立勤益科技大學,企業管理系(商管群),國立勤益科技大學 企業管理系(商管群),54090440,維*,正取,銘傳大學,銘傳大學企業管理學系(台北校區),其他學校錄取,6,"國立勤益科技大學企業管理系(正取); 明志科技大學經營管理系(通過); 德明財經科技大學財務金融系(通過); 德明財經科技大學風險管理與財富規劃系(通過); 銘傳大學企業管理學系(台北校區)(備取,分發); 實踐大學財務金融學系(臺北校區)(通過)"
CAND_3428,115,ncut_ba,國立勤益科技大學,企業管理系(商管群),國立勤益科技大學 企業管理系(商管群),67090116,陳*羽,正取,國立勤益科技大學,國立勤益科技大學企業管理系,原校系/本校留任,3,"國立勤益科技大學企業管理系(正取,分發); 國立虎尾科技大學企業管理系(正取); 國立臺中科技大學企業管理系(備取)"
CAND_3429,115,ncut_ba,國立勤益科技大學,企業管理系(商管群),國立勤益科技大學 企業管理系(商管群),61090152,林*歆,正取,國立臺中科技大學,國立臺中科技大學保險金融管理系,其他學校錄取,3,"國立勤益科技大學企業管理系(正取); 國立屏東科技大學企業管理系(正取); 國立臺中科技大學保險金融管理系(正取,分發)"
CAND_3430,115,ncut_ba,國立勤益科技大學,企業管理系(商管群),國立勤益科技大學 企業管理系(商管群),52090306,鄭*,正取,國立高雄科技大學,國立高雄科技大學會計資訊系,其他學校錄取,4,"國立勤益科技大學企業管理系(正取); 國立高雄科技大學會計資訊系(備取,分發); 國立屏東大學企業管理學系(正取); 國立屏東大學財務金融學系(備取)"
CAND_3431,115,ncut_ba,國立勤益科技大學,企業管理系(商管群),國立勤益科技大學 企業管理系(商管群),61091128,楊*凱,正取,國立勤益科技大學,國立勤益科技大學企業管理系,原校系/本校留任,4,"國立勤益科技大學企業管理系(正取,分發); 朝陽科技大學銀髮產業管理系(通過); 靜宜大學行銷與數位經營管理學系(備取); 靜宜大學會計學系(通過)"
CAND_3432,115,ncut_ba,國立勤益科技大學,企業管理系(商管群),國立勤益科技大學 企業管理系(商管群),64090124,柯*容,正取,國立勤益科技大學,國立勤益科技大學企業管理系,原校系/本校留任,2,"國立勤益科技大學企業管理系(正取,分發); 朝陽科技大學行銷與流通管理系(通過)"
CAND_3433,115,ncut_ba,國立勤益科技大學,企業管理系(商管群),國立勤益科技大學 企業管理系(商管群),67090124,林*女,正取,—,—,未分發或放棄,3,國立勤益科技大學企業管理系(正取); 國立屏東科技大學企業管理系(通過); 國立高雄科技大學運籌管理系(正取)
CAND_3434,115,ncut_ba,國立勤益科技大學,企業管理系(商管群),國立勤益科技大學 企業管理系(商管群),56090278,*毅,正取,朝陽科技大學,朝陽科技大學行銷與流通管理系,其他學校錄取,3,"國立勤益科技大學企業管理系(正取); 國立臺中科技大學企業管理系(備取); 朝陽科技大學行銷與流通管理系(備取,分發)"
CAND_3435,115,ncut_ba,國立勤益科技大學,企業管理系(商管群),國立勤益科技大學 企業管理系(商管群),61090646,高*瑀,正取,國立勤益科技大學,國立勤益科技大學企業管理系,原校系/本校留任,1,"國立勤益科技大學企業管理系(正取,分發)"
CAND_3436,115,ncut_ba,國立勤益科技大學,企業管理系(商管群),國立勤益科技大學 企業管理系(商管群),68090411,張*,正取,國立勤益科技大學,國立勤益科技大學企業管理系,原校系/本校留任,3,"國立勤益科技大學企業管理系(正取,分發); 國立臺中科技大學會計資訊系(備取); 國立聯合大學經營管理學系(正取)"
CAND_3437,115,ncut_ba,國立勤益科技大學,企業管理系(商管群),國立勤益科技大學 企業管理系(商管群),56090023,楊*柴,正取,國立高雄科技大學,國立高雄科技大學商務資訊應用系,其他學校錄取,2,"國立勤益科技大學企業管理系(正取); 國立高雄科技大學商務資訊應用系(正取,分發)"
CAND_3438,115,ncut_ba,國立勤益科技大學,企業管理系(商管群),國立勤益科技大學 企業管理系(商管群),56090255,葉*岑,正取,國立臺北商業大學,國立臺北商業大學數位多媒體設計系(桃園校區),其他學校錄取,3,"國立勤益科技大學企業管理系(正取); 國立臺中科技大學企業管理系(備取); 國立臺北商業大學數位多媒體設計系(桃園校區)(正取,分發)"
CAND_3439,115,ncut_ba,國立勤益科技大學,企業管理系(商管群),國立勤益科技大學 企業管理系(商管群),61090870,吳*,正取,國立勤益科技大學,國立勤益科技大學企業管理系,原校系/本校留任,1,"國立勤益科技大學企業管理系(正取,分發)"
CAND_3440,115,ncut_ba,國立勤益科技大學,企業管理系(商管群),國立勤益科技大學 企業管理系(商管群),61090640,謝*臻,正取,國立臺中科技大學,國立臺中科技大學企業管理系,其他學校錄取,4,"國立勤益科技大學企業管理系(正取); 國立臺北護理健康大學護理系(通過); 國立臺北護理健康大學高齡健康照護系(正取); 國立臺中科技大學企業管理系(備取,分發)"
CAND_3441,115,ncut_ba,國立勤益科技大學,企業管理系(商管群),國立勤益科技大學 企業管理系(商管群),61090708,—,正取,國立臺中科技大學,國立臺中科技大學休閒事業經營系,其他學校錄取,5,"國立勤益科技大學企業管理系(正取); 國立高雄科技大學文化創意產業系(通過); 國立高雄科技大學航運技術系(通過); 國立臺中科技大學休閒事業經營系(正取,分發); 亞洲大學會計與資訊學系(通過)"
CAND_3442,115,ncut_ba,國立勤益科技大學,企業管理系(商管群),國立勤益科技大學 企業管理系(商管群),70090913,*閔,正取,國立勤益科技大學,國立勤益科技大學企業管理系,原校系/本校留任,2,"國立勤益科技大學企業管理系(正取,分發); 國立臺中科技大學保險金融管理系(正取)"
CAND_3443,115,ncut_ba,國立勤益科技大學,企業管理系(商管群),國立勤益科技大學 企業管理系(商管群),52090519,李*瑄,正取,國立勤益科技大學,國立勤益科技大學企業管理系,原校系/本校留任,2,"國立勤益科技大學企業管理系(正取,分發); 國立虎尾科技大學工業管理系(通過)"
CAND_3444,115,ncut_ba,國立勤益科技大學,企業管理系(商管群),國立勤益科技大學 企業管理系(商管群),61090053,*晴,正取,國立雲林科技大學,國立雲林科技大學會計系,其他學校錄取,5,"國立勤益科技大學企業管理系(正取); 國立雲林科技大學會計系(正取,分發); 國立臺北科技大學經營管理系(通過); 國立臺中科技大學會計資訊系(正取); 國立臺北商業大學會計資訊系(臺北校區)(正取)"
CAND_3445,115,ncut_ba,國立勤益科技大學,企業管理系(商管群),國立勤益科技大學 企業管理系(商管群),55090113,黄*,正取,致理科技大學,致理科技大學行銷與流通管理系,其他學校錄取,2,"國立勤益科技大學企業管理系(正取); 致理科技大學行銷與流通管理系(正取,分發)"
CAND_3446,115,ncut_ba,國立勤益科技大學,企業管理系(商管群),國立勤益科技大學 企業管理系(商管群),59090056,簡*婕,正取,國立臺中科技大學,國立臺中科技大學企業管理系,其他學校錄取,2,"國立勤益科技大學企業管理系(正取); 國立臺中科技大學企業管理系(正取,分發)"
CAND_3447,115,ncut_ba,國立勤益科技大學,企業管理系(商管群),國立勤益科技大學 企業管理系(商管群),70090794,吳*梅,備取,國立勤益科技大學,國立勤益科技大學企業管理系,原校系/本校留任,1,"國立勤益科技大學企業管理系(備取,分發)"
CAND_3448,115,ncut_ba,國立勤益科技大學,企業管理系(商管群),國立勤益科技大學 企業管理系(商管群),55090324,潘*,備取,國立勤益科技大學,國立勤益科技大學企業管理系,原校系/本校留任,3,"國立勤益科技大學企業管理系(備取,分發); 致理科技大學財務金融系(通過); 銘傳大學會計學系(台北校區)(通過)"
CAND_3449,115,ncut_ba,國立勤益科技大學,企業管理系(商管群),國立勤益科技大學 企業管理系(商管群),60090278,*茹,備取,國立勤益科技大學,國立勤益科技大學企業管理系,原校系/本校留任,4,"國立勤益科技大學企業管理系(備取,分發); 國立屏東科技大學企業管理系(通過); 國立虎尾科技大學企業管理系(通過); 致理科技大學企業管理系(通過)"
CAND_3450,115,ncut_ba,國立勤益科技大學,企業管理系(商管群),國立勤益科技大學 企業管理系(商管群),63090337,賴*姍,備取,—,—,未分發或放棄,2,國立勤益科技大學企業管理系(備取); 國立高雄科技大學智慧商務系(通過)
CAND_3451,115,ncut_ba,國立勤益科技大學,企業管理系(商管群),國立勤益科技大學 企業管理系(商管群),61090273,葉*,備取,國立虎尾科技大學,國立虎尾科技大學企業管理系,其他學校錄取,3,"國立勤益科技大學企業管理系(備取); 國立虎尾科技大學企業管理系(備取,分發); 國立臺中科技大學流通管理系(備取)"
CAND_3452,115,ncut_ba,國立勤益科技大學,企業管理系(商管群),國立勤益科技大學 企業管理系(商管群),57090146,李*裕,備取,國立虎尾科技大學,國立虎尾科技大學企業管理系,其他學校錄取,5,"國立勤益科技大學企業管理系(備取); 國立高雄科技大學風險管理與保險系(備取); 國立虎尾科技大學資訊管理系(通過); 國立虎尾科技大學企業管理系(正取,分發); 國立臺中科技大學流通管理系(備取)"
CAND_3453,115,ncut_ba,國立勤益科技大學,企業管理系(商管群),國立勤益科技大學 企業管理系(商管群),63090125,陳*穎,備取,國立勤益科技大學,國立勤益科技大學企業管理系,原校系/本校留任,3,"國立勤益科技大學企業管理系(備取,分發); 國立高雄科技大學漁業科技與管理系(通過); 國立虎尾科技大學企業管理系(通過)"
CAND_3454,115,ncut_ba,國立勤益科技大學,企業管理系(商管群),國立勤益科技大學 企業管理系(商管群),57090910,黄*榛,備取,—,—,未分發或放棄,4,國立勤益科技大學企業管理系(備取); 國立高雄科技大學行銷與流通管理系(備取); 國立高雄科技大學海洋休閒管理系(通過); 國立臺中科技大學應用統計系(正取)
CAND_3455,115,ncut_ba,國立勤益科技大學,企業管理系(商管群),國立勤益科技大學 企業管理系(商管群),55090405,鄧*翔,備取,國立臺中科技大學,國立臺中科技大學保險金融管理系,其他學校錄取,4,"國立勤益科技大學企業管理系(備取); 國立臺中科技大學保險金融管理系(正取,分發); 致理科技大學財務金融系(正取); 銘傳大學國際企業學系(台北校區)(通過)"
CAND_3456,115,ncut_ba,國立勤益科技大學,企業管理系(商管群),國立勤益科技大學 企業管理系(商管群),56090106,*妤,備取,國立勤益科技大學,國立勤益科技大學企業管理系,原校系/本校留任,2,"國立勤益科技大學企業管理系(備取,分發); 國立臺中科技大學企業管理系(備取)"
CAND_3457,115,ncut_ba,國立勤益科技大學,企業管理系(商管群),國立勤益科技大學 企業管理系(商管群),60090185,吳*鈁,備取,國立勤益科技大學,國立勤益科技大學企業管理系,原校系/本校留任,1,"國立勤益科技大學企業管理系(備取,分發)"
CAND_3458,115,ncut_ba,國立勤益科技大學,企業管理系(商管群),國立勤益科技大學 企業管理系(商管群),61090340,許*皓,備取,國立勤益科技大學,國立勤益科技大學企業管理系,原校系/本校留任,2,"國立勤益科技大學企業管理系(備取,分發); 國立臺中科技大學財政稅務系(通過)"
CAND_3459,115,ncut_ba,國立勤益科技大學,企業管理系(商管群),國立勤益科技大學 企業管理系(商管群),56090249,許*儀,備取,國立勤益科技大學,國立勤益科技大學企業管理系,原校系/本校留任,1,"國立勤益科技大學企業管理系(備取,分發)"
CAND_3460,115,ncut_ba,國立勤益科技大學,企業管理系(商管群),國立勤益科技大學 企業管理系(商管群),59090125,吳*,備取,國立臺中科技大學,國立臺中科技大學企業管理系,其他學校錄取,2,"國立勤益科技大學企業管理系(備取); 國立臺中科技大學企業管理系(正取,分發)"
CAND_3461,115,ncut_ba,國立勤益科技大學,企業管理系(商管群),國立勤益科技大學 企業管理系(商管群),55090391,*欣,備取,國立臺中科技大學,國立臺中科技大學多媒體設計系,其他學校錄取,4,"國立勤益科技大學企業管理系(備取); 國立虎尾科技大學企業管理系(備取); 國立臺中科技大學多媒體設計系(備取,分發); 朝陽科技大學資訊管理系數位多媒體組(通過)"
CAND_3462,115,ncut_ba,國立勤益科技大學,企業管理系(商管群),國立勤益科技大學 企業管理系(商管群),59090023,陳*希,備取,國立臺中科技大學,國立臺中科技大學國際貿易與經營系,其他學校錄取,4,"國立勤益科技大學企業管理系(備取); 國立虎尾科技大學應用外語系(通過); 國立臺中科技大學國際貿易與經營系(備取,分發); 朝陽科技大學企業管理系(通過)"
CAND_3463,115,ncut_ba,國立勤益科技大學,企業管理系(商管群),國立勤益科技大學 企業管理系(商管群),57090163,高*鈞,備取,國立勤益科技大學,國立勤益科技大學企業管理系,原校系/本校留任,1,"國立勤益科技大學企業管理系(備取,分發)"
CAND_3464,115,ncut_ba,國立勤益科技大學,企業管理系(商管群),國立勤益科技大學 企業管理系(商管群),61090738,黄*妤,備取,國立勤益科技大學,國立勤益科技大學企業管理系,原校系/本校留任,5,"國立勤益科技大學企業管理系(備取,分發); 國立臺中科技大學企業管理系(備取); 朝陽科技大學企業管理系(通過); 靜宜大學行銷與數位經營管理學系(備取); 靜宜大學國際企業學系(通過)"
CAND_3465,115,ncut_ba,國立勤益科技大學,企業管理系(商管群),國立勤益科技大學 企業管理系(商管群),59090336,黄*浩,備取,國立勤益科技大學,國立勤益科技大學企業管理系,原校系/本校留任,3,"國立勤益科技大學企業管理系(備取,分發); 國立虎尾科技大學企業管理系(備取); 國立虎尾科技大學應用外語系(通過)"
CAND_3466,115,ncut_ba,國立勤益科技大學,企業管理系(商管群),國立勤益科技大學 企業管理系(商管群),56090489,邱*妤,備取,國立勤益科技大學,國立勤益科技大學企業管理系,原校系/本校留任,6,"國立勤益科技大學企業管理系(備取,分發); 國立屏東科技大學企業管理系(正取); 國立虎尾科技大學企業管理系(正取); 朝陽科技大學企業管理系(正取); 致理科技大學企業管理系(正取); 國立屏東大學企業管理學系(備取)"
CAND_3467,115,ncut_ba,國立勤益科技大學,企業管理系(商管群),國立勤益科技大學 企業管理系(商管群),64090002,李*芩,備取,國立臺中科技大學,國立臺中科技大學流通管理系,其他學校錄取,3,"國立勤益科技大學企業管理系(備取); 國立臺中科技大學流通管理系(正取,分發); 靜宜大學財務金融學系(通過)"
CAND_3468,115,ncut_ba,國立勤益科技大學,企業管理系(商管群),國立勤益科技大學 企業管理系(商管群),52090142,黄*,備取,國立勤益科技大學,國立勤益科技大學企業管理系,原校系/本校留任,3,"國立勤益科技大學企業管理系(備取,分發); 銘傳大學企業管理學系(台北校區)(備取); 亞洲大學經營管理學系(通過)"
CAND_3469,115,ncut_ba,國立勤益科技大學,企業管理系(商管群),國立勤益科技大學 企業管理系(商管群),64090573,楊*,備取,國立臺中科技大學,國立臺中科技大學多媒體設計系,其他學校錄取,2,"國立勤益科技大學企業管理系(備取); 國立臺中科技大學多媒體設計系(備取,分發)"
CAND_3470,115,ncut_ba,國立勤益科技大學,企業管理系(商管群),國立勤益科技大學 企業管理系(商管群),64090434,*瑄,備取,朝陽科技大學,朝陽科技大學財務金融系,其他學校錄取,6,"國立勤益科技大學企業管理系(備取); 國立虎尾科技大學企業管理系(備取); 國立臺中科技大學企業管理系(備取); 朝陽科技大學財務金融系(正取,分發); 致理科技大學財務金融系(備取); 亞洲大學財務金融學系(正取)"
CAND_3471,115,ncut_ba,國立勤益科技大學,企業管理系(商管群),國立勤益科技大學 企業管理系(商管群),58090051,—,備取,國立勤益科技大學,國立勤益科技大學企業管理系,原校系/本校留任,3,"國立勤益科技大學企業管理系(備取,分發); 朝陽科技大學財務金融系(正取); 南臺科技大學財務金融系(正取)"
CAND_3472,115,ncut_ba,國立勤益科技大學,企業管理系(商管群),國立勤益科技大學 企業管理系(商管群),61090829,鄭*慈,備取,國立臺中科技大學,國立臺中科技大學流通管理系,其他學校錄取,4,"國立勤益科技大學企業管理系(備取); 國立虎尾科技大學企業管理系(備取); 國立臺中科技大學流通管理系(備取,分發); 朝陽科技大學休閒事業管理系(通過)"
CAND_3473,115,ncut_ba,國立勤益科技大學,企業管理系(商管群),國立勤益科技大學 企業管理系(商管群),61530063,宋*喆,備取,國立高雄科技大學,國立高雄科技大學風險管理與保險系,其他學校錄取,2,"國立勤益科技大學企業管理系(備取); 國立高雄科技大學風險管理與保險系(備取,分發)"
CAND_3474,115,ncut_ba,國立勤益科技大學,企業管理系(商管群),國立勤益科技大學 企業管理系(商管群),61090962,*彤,備取,國立勤益科技大學,國立勤益科技大學企業管理系,原校系/本校留任,2,"國立勤益科技大學企業管理系(備取,分發); 國立臺中科技大學資訊管理系(備取)"
CAND_3475,115,ncut_ba,國立勤益科技大學,企業管理系(商管群),國立勤益科技大學 企業管理系(商管群),61090994,林*,備取,國立臺中科技大學,國立臺中科技大學會計資訊系,其他學校錄取,3,"國立勤益科技大學企業管理系(備取); 國立高雄科技大學會計資訊系(備取); 國立臺中科技大學會計資訊系(正取,分發)"
CAND_3476,115,ncut_ba,國立勤益科技大學,企業管理系(商管群),國立勤益科技大學 企業管理系(商管群),59090301,林*毅,備取,國立勤益科技大學,國立勤益科技大學企業管理系,原校系/本校留任,3,"國立勤益科技大學企業管理系(備取,分發); 國立虎尾科技大學資訊管理系(通過); 國立臺中科技大學資訊工程系(通過)"
CAND_3477,115,ncut_ba,國立勤益科技大學,企業管理系(商管群),國立勤益科技大學 企業管理系(商管群),61090046,*妤,備取,國立勤益科技大學,國立勤益科技大學企業管理系,原校系/本校留任,5,"國立勤益科技大學企業管理系(備取,分發); 國立臺中科技大學保險金融管理系(通過); 南臺科技大學企業管理系(通過); 中臺科技大學視光系(通過); 文藻外語大學東南亞學系(正取)"
CAND_3478,115,ncut_ba,國立勤益科技大學,企業管理系(商管群),國立勤益科技大學 企業管理系(商管群),67090348,*富,備取,國立臺中科技大學,國立臺中科技大學流通管理系,其他學校錄取,3,"國立勤益科技大學企業管理系(備取); 國立高雄科技大學企業管理系(通過); 國立臺中科技大學流通管理系(正取,分發)"
CAND_3479,115,ncut_ba,國立勤益科技大學,企業管理系(商管群),國立勤益科技大學 企業管理系(商管群),63090293,鄭*鈞,備取,國立勤益科技大學,國立勤益科技大學企業管理系,原校系/本校留任,1,"國立勤益科技大學企業管理系(備取,分發)"
CAND_3480,115,ncut_ba,國立勤益科技大學,企業管理系(商管群),國立勤益科技大學 企業管理系(商管群),67090118,吳*銘,備取,國立屏東大學,國立屏東大學行銷與流通管理學系,其他學校錄取,4,"國立勤益科技大學企業管理系(備取); 國立虎尾科技大學企業管理系(正取); 國立屏東大學商業大數據學系(正取); 國立屏東大學行銷與流通管理學系(正取,分發)"
CAND_3481,115,ncut_ba,國立勤益科技大學,企業管理系(商管群),國立勤益科技大學 企業管理系(商管群),64090587,陳*佑,備取,國立勤益科技大學,國立勤益科技大學企業管理系,原校系/本校留任,4,"國立勤益科技大學企業管理系(備取,分發); 國立高雄科技大學智慧商務系(通過); 國立虎尾科技大學企業管理系(備取); 朝陽科技大學企業管理系(通過)"
CAND_3482,115,ncut_ba,國立勤益科技大學,企業管理系(商管群),國立勤益科技大學 企業管理系(商管群),64090126,*喬,備取,國立臺中科技大學,國立臺中科技大學休閒事業經營系,其他學校錄取,2,"國立勤益科技大學企業管理系(備取); 國立臺中科技大學休閒事業經營系(正取,分發)"
CAND_3483,115,ncut_ba,國立勤益科技大學,企業管理系(商管群),國立勤益科技大學 企業管理系(商管群),56090117,張*博,備取,國立勤益科技大學,國立勤益科技大學企業管理系,原校系/本校留任,2,"國立勤益科技大學企業管理系(備取,分發); 致理科技大學財務金融系(通過)"
CAND_3484,115,ncut_ba,國立勤益科技大學,企業管理系(商管群),國立勤益科技大學 企業管理系(商管群),61091082,*翔,備取,國立勤益科技大學,國立勤益科技大學企業管理系,原校系/本校留任,6,"國立勤益科技大學企業管理系(備取,分發); 國立高雄科技大學觀光管理系(通過); 國立高雄科技大學智慧商務系(通過); 國立虎尾科技大學企業管理系(備取); 國立臺中科技大學休閒事業經營系(備取); 朝陽科技大學休閒事業管理系(通過)"
CAND_3485,115,ncut_ba,國立勤益科技大學,企業管理系(商管群),國立勤益科技大學 企業管理系(商管群),51090030,*君,備取,—,—,未分發或放棄,1,國立勤益科技大學企業管理系(通過)
CAND_3486,115,ncut_ba,國立勤益科技大學,企業管理系(商管群),國立勤益科技大學 企業管理系(商管群),52090261,*潼,備取,—,—,未分發或放棄,3,國立勤益科技大學企業管理系(通過); 國立臺中科技大學會計資訊系(通過); 致理科技大學會計資訊系(通過)
CAND_3487,115,ncut_ba,國立勤益科技大學,企業管理系(商管群),國立勤益科技大學 企業管理系(商管群),52090497,李*葳,備取,致理科技大學,致理科技大學財務金融系,其他學校錄取,5,"國立勤益科技大學企業管理系(通過); 德明財經科技大學財務金融系(通過); 致理科技大學財務金融系(正取,分發); 銘傳大學企業管理學系(台北校區)(備取); 銘傳大學國際企業學系(台北校區)(通過)"
CAND_3488,115,ncut_ba,國立勤益科技大學,企業管理系(商管群),國立勤益科技大學 企業管理系(商管群),52090634,阮*,備取,—,—,未分發或放棄,4,國立勤益科技大學企業管理系(通過); 國立臺中科技大學企業管理系(正取); 明志科技大學經營管理系(正取); 實踐大學企業管理學系(臺北校區)(正取)
CAND_3489,115,ncut_ba,國立勤益科技大學,企業管理系(商管群),國立勤益科技大學 企業管理系(商管群),53090170,林*均,備取,—,—,未分發或放棄,1,國立勤益科技大學企業管理系(通過)
CAND_3490,115,ncut_ba,國立勤益科技大學,企業管理系(商管群),國立勤益科技大學 企業管理系(商管群),55090151,—,備取,國立高雄科技大學,國立高雄科技大學財務管理系,其他學校錄取,6,"國立勤益科技大學企業管理系(通過); 國立高雄科技大學財務管理系(正取,分發); 國立高雄科技大學財政稅務系(備取); 國立虎尾科技大學企業管理系(備取); 國立臺中科技大學財政稅務系(通過); 中原大學會計學系(通過)"
CAND_3491,115,ncut_ba,國立勤益科技大學,企業管理系(商管群),國立勤益科技大學 企業管理系(商管群),55090278,李*,備取,國立臺中科技大學,國立臺中科技大學會計資訊系,其他學校錄取,5,"國立勤益科技大學企業管理系(通過); 國立高雄科技大學會計資訊系(備取); 國立虎尾科技大學企業管理系(正取); 國立臺中科技大學會計資訊系(正取,分發); 國立宜蘭大學應用經濟與管理學系(正取)"
CAND_3492,115,ncut_ba,國立勤益科技大學,企業管理系(商管群),國立勤益科技大學 企業管理系(商管群),55090378,*妤,備取,銘傳大學,銘傳大學企業管理學系(台北校區),其他學校錄取,5,"國立勤益科技大學企業管理系(通過); 國立臺中科技大學企業管理系(正取); 致理科技大學財務金融系(通過); 銘傳大學企業管理學系(台北校區)(正取,分發); 實踐大學企業管理學系(臺北校區)(備取)"
CAND_3493,115,ncut_ba,國立勤益科技大學,企業管理系(商管群),國立勤益科技大學 企業管理系(商管群),56090043,—,備取,—,—,未分發或放棄,3,國立勤益科技大學企業管理系(通過); 國立虎尾科技大學財務金融系(通過); 國立聯合大學經營管理學系(通過)
CAND_3494,115,ncut_ba,國立勤益科技大學,企業管理系(商管群),國立勤益科技大學 企業管理系(商管群),56090070,楊*宇,備取,國立臺中科技大學,國立臺中科技大學企業管理系,其他學校錄取,5,"國立勤益科技大學企業管理系(通過); 國立高雄科技大學會計資訊系(通過); 國立虎尾科技大學企業管理系(正取); 國立臺中科技大學企業管理系(備取,分發); 朝陽科技大學會計系(通過)"
CAND_3495,115,ncut_ba,國立勤益科技大學,企業管理系(商管群),國立勤益科技大學 企業管理系(商管群),56090093,李*,備取,國立高雄科技大學,國立高雄科技大學行銷與流通管理系,其他學校錄取,5,"國立勤益科技大學企業管理系(通過); 國立高雄科技大學運籌管理系(正取); 國立高雄科技大學行銷與流通管理系(正取,分發); 國立虎尾科技大學財務金融系(通過); 國立臺中科技大學財政稅務系(通過)"
CAND_3496,115,ncut_ba,國立勤益科技大學,企業管理系(商管群),國立勤益科技大學 企業管理系(商管群),56090143,趙*伶,備取,實踐大學,實踐大學財務金融學系(臺北校區),其他學校錄取,4,"國立勤益科技大學企業管理系(通過); 致理科技大學財務金融系(正取); 銘傳大學企業管理學系(台北校區)(通過); 實踐大學財務金融學系(臺北校區)(備取,分發)"
CAND_3497,115,ncut_ba,國立勤益科技大學,企業管理系(商管群),國立勤益科技大學 企業管理系(商管群),56090235,游*瑜,備取,國立臺北護理健康大學,國立臺北護理健康大學健康事業管理系,其他學校錄取,5,"國立勤益科技大學企業管理系(通過); 國立高雄科技大學行銷與流通管理系(通過); 國立高雄科技大學航運管理系(備取); 國立臺北護理健康大學健康事業管理系(正取,分發); 國立臺中科技大學財政稅務系(正取)"
CAND_3498,115,ncut_ba,國立勤益科技大學,企業管理系(商管群),國立勤益科技大學 企業管理系(商管群),56090348,—,備取,國立虎尾科技大學,國立虎尾科技大學資訊管理系,其他學校錄取,4,"國立勤益科技大學企業管理系(通過); 國立虎尾科技大學資訊管理系(正取,分發); 國立臺中科技大學企業管理系(通過); 致理科技大學財務金融系(通過)"
CAND_3499,115,ncut_ba,國立勤益科技大學,企業管理系(商管群),國立勤益科技大學 企業管理系(商管群),56090370,葵*真,備取,銘傳大學,銘傳大學國際企業學系(台北校區),其他學校錄取,3,"國立勤益科技大學企業管理系(通過); 銘傳大學企業管理學系(台北校區)(通過); 銘傳大學國際企業學系(台北校區)(備取,分發)"
CAND_3500,115,ncut_ba,國立勤益科技大學,企業管理系(商管群),國立勤益科技大學 企業管理系(商管群),56090408,葉*,備取,—,—,未分發或放棄,2,國立勤益科技大學企業管理系(通過); 致理科技大學財務金融系(通過)
CAND_3501,115,ncut_ba,國立勤益科技大學,企業管理系(商管群),國立勤益科技大學 企業管理系(商管群),57090061,林*浩,備取,國立臺中科技大學,國立臺中科技大學企業管理系,其他學校錄取,3,"國立勤益科技大學企業管理系(通過); 國立臺中科技大學企業管理系(正取,分發); 致理科技大學企業管理系(通過)"
CAND_3502,115,ncut_ba,國立勤益科技大學,企業管理系(商管群),國立勤益科技大學 企業管理系(商管群),57090161,黄*珊,備取,國立臺中科技大學,國立臺中科技大學保險金融管理系,其他學校錄取,3,"國立勤益科技大學企業管理系(通過); 國立臺北護理健康大學健康事業管理系(通過); 國立臺中科技大學保險金融管理系(正取,分發)"
CAND_3503,115,ncut_ba,國立勤益科技大學,企業管理系(商管群),國立勤益科技大學 企業管理系(商管群),57090401,賴*妮,備取,國立臺中科技大學,國立臺中科技大學財政稅務系,其他學校錄取,4,"國立勤益科技大學企業管理系(通過); 國立雲林科技大學文化資產維護系(通過); 國立臺中科技大學財政稅務系(正取,分發); 中原大學會計學系(備取)"
CAND_3504,115,ncut_ba,國立勤益科技大學,企業管理系(商管群),國立勤益科技大學 企業管理系(商管群),57090511,*妍,備取,國立臺中科技大學,國立臺中科技大學會計資訊系,其他學校錄取,3,"國立勤益科技大學企業管理系(通過); 國立虎尾科技大學企業管理系(通過); 國立臺中科技大學會計資訊系(正取,分發)"
CAND_3505,115,ncut_ba,國立勤益科技大學,企業管理系(商管群),國立勤益科技大學 企業管理系(商管群),57090623,林*永,備取,國立臺中科技大學,國立臺中科技大學企業管理系,其他學校錄取,5,"國立勤益科技大學企業管理系(通過); 國立屏東科技大學財務金融國際學士學位學程(通過); 國立高雄科技大學行銷與流通管理系(通過); 國立高雄科技大學供應鏈管理系(通過); 國立臺中科技大學企業管理系(正取,分發)"
CAND_3506,115,ncut_ba,國立勤益科技大學,企業管理系(商管群),國立勤益科技大學 企業管理系(商管群),57090671,周*珊,備取,—,—,未分發或放棄,6,國立勤益科技大學企業管理系(通過); 國立虎尾科技大學企業管理系(通過); 國立虎尾科技大學財務金融系(通過); 國立臺北護理健康大學健康事業管理系(通過); 國立臺北護理健康大學健康事業管理系(通過); 國立臺中科技大學財務金融系(通過)
CAND_3507,115,ncut_ba,國立勤益科技大學,企業管理系(商管群),國立勤益科技大學 企業管理系(商管群),57090713,管*妮,備取,—,—,未分發或放棄,6,國立勤益科技大學企業管理系(通過); 國立雲林科技大學企業管理系(通過); 國立雲林科技大學財務金融系(通過); 國立虎尾科技大學企業管理系(通過); 國立虎尾科技大學財務金融系(通過); 國立臺中科技大學財務金融系(通過)
CAND_3508,115,ncut_ba,國立勤益科技大學,企業管理系(商管群),國立勤益科技大學 企業管理系(商管群),57090785,彭*,備取,國立臺中科技大學,國立臺中科技大學財務金融系,其他學校錄取,2,"國立勤益科技大學企業管理系(通過); 國立臺中科技大學財務金融系(備取,分發)"
CAND_3509,115,ncut_ba,國立勤益科技大學,企業管理系(商管群),國立勤益科技大學 企業管理系(商管群),58090073,朱*翔,備取,—,—,未分發或放棄,3,國立勤益科技大學企業管理系(通過); 國立虎尾科技大學企業管理系(備取); 國立臺中科技大學企業管理系(通過)
CAND_3510,115,ncut_ba,國立勤益科技大學,企業管理系(商管群),國立勤益科技大學 企業管理系(商管群),58090074,鮑*晴,備取,國立臺中科技大學,國立臺中科技大學企業管理系,其他學校錄取,3,"國立勤益科技大學企業管理系(通過); 國立臺中科技大學企業管理系(正取,分發); 國立臺北商業大學企業管理系(臺北校區)(備取)"
CAND_3511,115,ncut_ba,國立勤益科技大學,企業管理系(商管群),國立勤益科技大學 企業管理系(商管群),58090524,趙*然,備取,國立臺中科技大學,國立臺中科技大學流通管理系,其他學校錄取,6,"國立勤益科技大學企業管理系(通過); 國立雲林科技大學工業工程與管理系(通過); 國立屏東科技大學企業管理系(通過); 國立高雄科技大學企業管理系(正取); 國立高雄科技大學財務管理系(通過); 國立臺中科技大學流通管理系(正取,分發)"
CAND_3512,115,ncut_ba,國立勤益科技大學,企業管理系(商管群),國立勤益科技大學 企業管理系(商管群),59090090,范*芦,備取,國立虎尾科技大學,國立虎尾科技大學企業管理系,其他學校錄取,3,"國立勤益科技大學企業管理系(通過); 國立虎尾科技大學企業管理系(正取,分發); 致理科技大學企業管理系(通過)"
CAND_3513,115,ncut_ba,國立勤益科技大學,企業管理系(商管群),國立勤益科技大學 企業管理系(商管群),59090190,*然,備取,—,—,未分發或放棄,2,國立勤益科技大學企業管理系(通過); 國立虎尾科技大學企業管理系(通過)
CAND_3514,115,ncut_ba,國立勤益科技大學,企業管理系(商管群),國立勤益科技大學 企業管理系(商管群),60090072,葵*珈,備取,—,—,未分發或放棄,5,國立勤益科技大學企業管理系(通過); 國立高雄科技大學企業管理系(通過); 國立高雄科技大學會計資訊系(通過); 國立高雄科技大學財政稅務系(通過); 中原大學會計學系(通過)
CAND_3515,115,ncut_ba,國立勤益科技大學,企業管理系(商管群),國立勤益科技大學 企業管理系(商管群),60090105,彭*翔,備取,—,—,未分發或放棄,4,國立勤益科技大學企業管理系(通過); 國立虎尾科技大學工業管理系(通過); 國立虎尾科技大學企業管理系(通過); 國立臺中科技大學流通管理系(通過)
CAND_3516,115,ncut_ba,國立勤益科技大學,企業管理系(商管群),國立勤益科技大學 企業管理系(商管群),60090110,—,備取,國立高雄科技大學,國立高雄科技大學會計資訊系,其他學校錄取,3,"國立勤益科技大學企業管理系(通過); 國立高雄科技大學會計資訊系(備取,分發); 國立臺中科技大學會計資訊系(備取)"
CAND_3517,115,ncut_ba,國立勤益科技大學,企業管理系(商管群),國立勤益科技大學 企業管理系(商管群),61090030,楊*軒,備取,朝陽科技大學,朝陽科技大學保險金融管理系,其他學校錄取,5,"國立勤益科技大學企業管理系(通過); 國立虎尾科技大學企業管理系(通過); 國立臺中科技大學保險金融管理系(通過); 朝陽科技大學保險金融管理系(正取,分發); 嶺東科技大學企業管理系(通過)"
CAND_3518,115,ncut_ba,國立勤益科技大學,企業管理系(商管群),國立勤益科技大學 企業管理系(商管群),61090050,陳*昀,備取,國立臺北商業大學,國立臺北商業大學財政稅務系(臺北校區),其他學校錄取,6,"國立勤益科技大學企業管理系(通過); 國立高雄科技大學金融系(備取); 國立高雄科技大學財務管理系(正取); 國立高雄科技大學金融資訊系(通過); 國立臺北商業大學財政稅務系(臺北校區)(正取,分發); 國立臺北商業大學企業管理系(臺北校區)(備取)"
CAND_3519,115,ncut_ba,國立勤益科技大學,企業管理系(商管群),國立勤益科技大學 企業管理系(商管群),61090051,許*欣,備取,國立臺中科技大學,國立臺中科技大學財政稅務系,其他學校錄取,3,"國立勤益科技大學企業管理系(通過); 國立臺中科技大學財政稅務系(正取,分發); 朝陽科技大學財務金融系(通過)"
CAND_3520,115,ncut_ba,國立勤益科技大學,企業管理系(商管群),國立勤益科技大學 企業管理系(商管群),61090055,林*,備取,朝陽科技大學,朝陽科技大學財務金融系,其他學校錄取,2,"國立勤益科技大學企業管理系(通過); 朝陽科技大學財務金融系(正取,分發)"
CAND_3521,115,ncut_ba,國立勤益科技大學,企業管理系(商管群),國立勤益科技大學 企業管理系(商管群),61090060,蕭*鈞,備取,朝陽科技大學,朝陽科技大學航空運務系,其他學校錄取,4,"國立勤益科技大學企業管理系(通過); 國立臺中科技大學資訊管理系(備取); 朝陽科技大學航空運務系(正取,分發); 靜宜大學資訊管理學系(通過)"
CAND_3522,115,ncut_ba,國立勤益科技大學,企業管理系(商管群),國立勤益科技大學 企業管理系(商管群),61090075,江*珊,備取,—,—,未分發或放棄,2,國立勤益科技大學企業管理系(通過); 朝陽科技大學會計系(通過)
CAND_3523,115,ncut_ba,國立勤益科技大學,企業管理系(商管群),國立勤益科技大學 企業管理系(商管群),61090095,張*瑄,備取,—,—,未分發或放棄,3,國立勤益科技大學企業管理系(通過); 朝陽科技大學財務金融系(通過); 靜宜大學財務金融學系(通過)
CAND_3524,115,ncut_ba,國立勤益科技大學,企業管理系(商管群),國立勤益科技大學 企業管理系(商管群),61090134,陳*昕,備取,國立臺中科技大學,國立臺中科技大學國際貿易與經營系,其他學校錄取,4,"國立勤益科技大學企業管理系(通過); 國立高雄科技大學航運管理系(備取); 國立虎尾科技大學應用外語系(正取); 國立臺中科技大學國際貿易與經營系(備取,分發)"
CAND_3525,115,ncut_ba,國立勤益科技大學,企業管理系(商管群),國立勤益科技大學 企業管理系(商管群),61090143,潘*林,備取,—,—,未分發或放棄,2,國立勤益科技大學企業管理系(通過); 亞洲大學心理學系(通過)
CAND_3526,115,ncut_ba,國立勤益科技大學,企業管理系(商管群),國立勤益科技大學 企業管理系(商管群),61090240,林*恩,備取,亞洲大學,亞洲大學會計與資訊學系,其他學校錄取,3,"國立勤益科技大學企業管理系(通過); 亞洲大學會計與資訊學系(正取,分發); 亞洲大學財務金融學系(通過)"
CAND_3527,115,ncut_ba,國立勤益科技大學,企業管理系(商管群),國立勤益科技大學 企業管理系(商管群),61090394,維*玟,備取,國立虎尾科技大學,國立虎尾科技大學企業管理系,其他學校錄取,2,"國立勤益科技大學企業管理系(通過); 國立虎尾科技大學企業管理系(備取,分發)"
CAND_3528,115,ncut_ba,國立勤益科技大學,企業管理系(商管群),國立勤益科技大學 企業管理系(商管群),61090430,葉*華,備取,—,—,未分發或放棄,2,國立勤益科技大學企業管理系(通過); 國立臺中科技大學企業管理系(備取)
CAND_3529,115,ncut_ba,國立勤益科技大學,企業管理系(商管群),國立勤益科技大學 企業管理系(商管群),61090441,張*璇,備取,國立臺中科技大學,國立臺中科技大學財政稅務系,其他學校錄取,3,"國立勤益科技大學企業管理系(通過); 國立臺中科技大學財政稅務系(正取,分發); 國立臺中教育大學國際企業學系(通過)"
CAND_3530,115,ncut_ba,國立勤益科技大學,企業管理系(商管群),國立勤益科技大學 企業管理系(商管群),61090469,顏*,備取,—,—,未分發或放棄,1,國立勤益科技大學企業管理系(通過)
CAND_3531,115,ncut_ba,國立勤益科技大學,企業管理系(商管群),國立勤益科技大學 企業管理系(商管群),61090787,楊*,備取,—,—,未分發或放棄,3,國立勤益科技大學企業管理系(通過); 國立虎尾科技大學財務金融系(通過); 國立臺中科技大學會計資訊系(通過)
CAND_3532,115,ncut_ba,國立勤益科技大學,企業管理系(商管群),國立勤益科技大學 企業管理系(商管群),61091006,何*潔,備取,—,—,未分發或放棄,4,國立勤益科技大學企業管理系(通過); 國立虎尾科技大學企業管理系(通過); 國立臺中科技大學保險金融管理系(通過); 亞洲大學人工智慧學系(通過)
CAND_3533,115,ncut_ba,國立勤益科技大學,企業管理系(商管群),國立勤益科技大學 企業管理系(商管群),61091013,陳*女,備取,國立臺中科技大學,國立臺中科技大學應用日語系,其他學校錄取,2,"國立勤益科技大學企業管理系(通過); 國立臺中科技大學應用日語系(備取,分發)"
CAND_3534,115,ncut_ba,國立勤益科技大學,企業管理系(商管群),國立勤益科技大學 企業管理系(商管群),61091122,張*,備取,—,—,未分發或放棄,3,國立勤益科技大學企業管理系(通過); 國立高雄科技大學行銷與流通管理系(通過); 國立臺中科技大學財政稅務系(通過)
CAND_3535,115,ncut_ba,國立勤益科技大學,企業管理系(商管群),國立勤益科技大學 企業管理系(商管群),61091321,*浤,備取,—,—,未分發或放棄,1,國立勤益科技大學企業管理系(通過)
CAND_3536,115,ncut_ba,國立勤益科技大學,企業管理系(商管群),國立勤益科技大學 企業管理系(商管群),63090025,吳*黛,備取,國立臺中科技大學,國立臺中科技大學會計資訊系,其他學校錄取,4,"國立勤益科技大學企業管理系(通過); 國立高雄科技大學財務管理系(正取); 國立高雄科技大學會計資訊系(通過); 國立臺中科技大學會計資訊系(正取,分發)"
CAND_3537,115,ncut_ba,國立勤益科技大學,企業管理系(商管群),國立勤益科技大學 企業管理系(商管群),63090402,林*瑄,備取,國立高雄科技大學,國立高雄科技大學會計資訊系,其他學校錄取,3,"國立勤益科技大學企業管理系(通過); 國立高雄科技大學會計資訊系(正取,分發); 國立臺中科技大學財務金融系(通過)"
CAND_3538,115,ncut_ba,國立勤益科技大學,企業管理系(商管群),國立勤益科技大學 企業管理系(商管群),64090201,—,備取,逢甲大學,逢甲大學經濟學系,其他學校錄取,4,"國立勤益科技大學企業管理系(通過); 國立高雄科技大學行銷與流通管理系(通過); 國立臺中科技大學國際貿易與經營系(正取); 逢甲大學經濟學系(備取,分發)"
CAND_3539,115,ncut_ba,國立勤益科技大學,企業管理系(商管群),國立勤益科技大學 企業管理系(商管群),64090244,*佑,備取,國立臺中科技大學,國立臺中科技大學保險金融管理系,其他學校錄取,2,"國立勤益科技大學企業管理系(通過); 國立臺中科技大學保險金融管理系(備取,分發)"
CAND_3540,115,ncut_ba,國立勤益科技大學,企業管理系(商管群),國立勤益科技大學 企業管理系(商管群),64090247,陳*,備取,—,—,未分發或放棄,3,國立勤益科技大學企業管理系(通過); 國立高雄科技大學應用英語系(通過); 國立虎尾科技大學企業管理系(通過)
CAND_3541,115,ncut_ba,國立勤益科技大學,企業管理系(商管群),國立勤益科技大學 企業管理系(商管群),64090318,黄*瑄,備取,國立臺中科技大學,國立臺中科技大學財務金融系,其他學校錄取,2,"國立勤益科技大學企業管理系(通過); 國立臺中科技大學財務金融系(備取,分發)"
CAND_3542,115,ncut_ba,國立勤益科技大學,企業管理系(商管群),國立勤益科技大學 企業管理系(商管群),64090480,柯*,備取,國立高雄科技大學,國立高雄科技大學運籌管理系,其他學校錄取,4,"國立勤益科技大學企業管理系(通過); 國立高雄科技大學運籌管理系(正取,分發); 國立高雄科技大學航運管理系(備取); 國立臺中科技大學國際貿易與經營系(正取)"
CAND_3543,115,ncut_ba,國立勤益科技大學,企業管理系(商管群),國立勤益科技大學 企業管理系(商管群),64090513,*宇,備取,—,—,未分發或放棄,2,國立勤益科技大學企業管理系(通過); 國立虎尾科技大學工業管理系(通過)
CAND_3544,115,ncut_ba,國立勤益科技大學,企業管理系(商管群),國立勤益科技大學 企業管理系(商管群),65090038,楊*妤,備取,國立臺中科技大學,國立臺中科技大學企業管理系,其他學校錄取,4,"國立勤益科技大學企業管理系(通過); 國立高雄科技大學風險管理與保險系(通過); 國立虎尾科技大學企業管理系(正取); 國立臺中科技大學企業管理系(正取,分發)"
CAND_3545,115,ncut_ba,國立勤益科技大學,企業管理系(商管群),國立勤益科技大學 企業管理系(商管群),65090200,黄*玲,備取,—,—,未分發或放棄,4,國立勤益科技大學企業管理系(通過); 國立高雄科技大學金融系(備取); 國立虎尾科技大學財務金融系(通過); 國立臺中科技大學財政稅務系(通過)
CAND_3546,115,ncut_ba,國立勤益科技大學,企業管理系(商管群),國立勤益科技大學 企業管理系(商管群),66090098,程*鈞,備取,國立臺中科技大學,國立臺中科技大學會計資訊系,其他學校錄取,3,"國立勤益科技大學企業管理系(通過); 國立虎尾科技大學企業管理系(通過); 國立臺中科技大學會計資訊系(備取,分發)"
CAND_3547,115,ncut_ba,國立勤益科技大學,企業管理系(商管群),國立勤益科技大學 企業管理系(商管群),66090114,*妤,備取,國立虎尾科技大學,國立虎尾科技大學工業管理系,其他學校錄取,5,"國立勤益科技大學企業管理系(通過); 國立高雄科技大學人力資源發展系(通過); 國立虎尾科技大學工業管理系(備取,分發); 國立虎尾科技大學應用外語系(備取); 國立臺中科技大學財政稅務系(通過)"
CAND_3548,115,ncut_ba,國立勤益科技大學,企業管理系(商管群),國立勤益科技大學 企業管理系(商管群),66090245,林*,備取,嶺東科技大學,嶺東科技大學財務金融系會計資訊組,其他學校錄取,6,"國立勤益科技大學企業管理系(通過); 國立臺中科技大學企業管理系(通過); 嶺東科技大學財務金融系財務金融組(備取); 嶺東科技大學財務金融系會計資訊組(正取,分發); 致理科技大學會計資訊系(正取); 國立屏東大學會計學系(通過)"
CAND_3549,115,ncut_ba,國立勤益科技大學,企業管理系(商管群),國立勤益科技大學 企業管理系(商管群),66090290,吳*琪,備取,—,—,未分發或放棄,1,國立勤益科技大學企業管理系(通過)
CAND_3550,115,ncut_ba,國立勤益科技大學,企業管理系(商管群),國立勤益科技大學 企業管理系(商管群),67090045,謝*菫,備取,—,—,未分發或放棄,3,國立勤益科技大學企業管理系(通過); 國立高雄科技大學人力資源發展系(備取); 國立虎尾科技大學工業管理系(通過)
CAND_3551,115,ncut_ba,國立勤益科技大學,企業管理系(商管群),國立勤益科技大學 企業管理系(商管群),67090104,*澄,備取,—,—,未分發或放棄,3,國立勤益科技大學企業管理系(通過); 國立高雄科技大學企業管理系(通過); 國立臺中科技大學企業管理系(通過)
CAND_3552,115,ncut_ba,國立勤益科技大學,企業管理系(商管群),國立勤益科技大學 企業管理系(商管群),67090234,黄*,備取,—,—,未分發或放棄,2,國立勤益科技大學企業管理系(通過); 國立臺中科技大學會計資訊系(備取)
CAND_3553,115,ncut_ba,國立勤益科技大學,企業管理系(商管群),國立勤益科技大學 企業管理系(商管群),67090286,吳*諺,備取,—,—,未分發或放棄,3,國立勤益科技大學企業管理系(通過); 國立臺中科技大學國際貿易與經營系(備取); 逢甲大學國際經營與貿易學系(正取)
CAND_3554,115,ncut_ba,國立勤益科技大學,企業管理系(商管群),國立勤益科技大學 企業管理系(商管群),67090306,賴*,備取,國立臺中科技大學,國立臺中科技大學流通管理系,其他學校錄取,4,"國立勤益科技大學企業管理系(通過); 國立高雄科技大學運籌管理系(通過); 國立高雄科技大學行銷與流通管理系(通過); 國立臺中科技大學流通管理系(正取,分發)"
CAND_3555,115,ncut_ba,國立勤益科技大學,企業管理系(商管群),國立勤益科技大學 企業管理系(商管群),67090332,謝*潔,備取,國立高雄科技大學,國立高雄科技大學智慧商務系,其他學校錄取,5,"國立勤益科技大學企業管理系(通過); 國立高雄科技大學企業管理系(正取); 國立高雄科技大學智慧商務系(正取,分發); 國立虎尾科技大學企業管理系(正取); 國立臺中科技大學資訊管理系(通過)"
CAND_3556,115,ncut_ba,國立勤益科技大學,企業管理系(商管群),國立勤益科技大學 企業管理系(商管群),67090376,*鈞,備取,—,—,未分發或放棄,1,國立勤益科技大學企業管理系(通過)
CAND_3557,115,ncut_ba,國立勤益科技大學,企業管理系(商管群),國立勤益科技大學 企業管理系(商管群),67090391,蕭*謙,備取,國立雲林科技大學,國立雲林科技大學文化資產維護系,其他學校錄取,3,"國立勤益科技大學企業管理系(通過); 國立雲林科技大學文化資產維護系(正取,分發); 國立虎尾科技大學企業管理系(正取)"
CAND_3558,115,ncut_ba,國立勤益科技大學,企業管理系(商管群),國立勤益科技大學 企業管理系(商管群),68090050,徐*岑,備取,國立臺中科技大學,國立臺中科技大學會計資訊系,其他學校錄取,5,"國立勤益科技大學企業管理系(通過); 國立高雄科技大學會計資訊系(備取); 國立高雄科技大學智慧商務系(通過); 國立臺中科技大學會計資訊系(正取,分發); 國立屏東大學行銷與流通管理學系(通過)"
CAND_3559,115,ncut_ba,國立勤益科技大學,企業管理系(商管群),國立勤益科技大學 企業管理系(商管群),68090054,—,備取,—,—,未分發或放棄,1,國立勤益科技大學企業管理系(通過)
CAND_3560,115,ncut_ba,國立勤益科技大學,企業管理系(商管群),國立勤益科技大學 企業管理系(商管群),68090418,吳*純,備取,國立高雄科技大學,國立高雄科技大學行銷與流通管理系,其他學校錄取,5,"國立勤益科技大學企業管理系(通過); 國立高雄科技大學運籌管理系(通過); 國立高雄科技大學行銷與流通管理系(正取,分發); 國立虎尾科技大學財務金融系(通過); 國立臺中科技大學財政稅務系(通過)"
CAND_3561,115,ncut_ba,國立勤益科技大學,企業管理系(商管群),國立勤益科技大學 企業管理系(商管群),68090488,盧*瑄,備取,—,—,未分發或放棄,4,國立勤益科技大學企業管理系(通過); 國立高雄科技大學航運管理系(備取); 國立臺中科技大學國際貿易與經營系(通過); 國立屏東大學財務金融學系(通過)
CAND_3562,115,ncut_ba,國立勤益科技大學,企業管理系(商管群),國立勤益科技大學 企業管理系(商管群),69090081,黄*,備取,國立虎尾科技大學,國立虎尾科技大學企業管理系,其他學校錄取,3,"國立勤益科技大學企業管理系(通過); 國立高雄科技大學漁業科技與管理系(通過); 國立虎尾科技大學企業管理系(備取,分發)"
CAND_3563,115,ncut_ba,國立勤益科技大學,企業管理系(商管群),國立勤益科技大學 企業管理系(商管群),6600600,張*齊,備取,—,—,未分發或放棄,4,國立勤益科技大學企業管理系(通過); 國立屏東科技大學資訊管理系(通過); 國立臺中科技大學保險金融管理系(備取); 國立屏東大學資訊管理學系(通過)
CAND_3564,115,ncut_ba,國立勤益科技大學,企業管理系(商管群),國立勤益科技大學 企業管理系(商管群),70090273,張*婕,備取,國立高雄科技大學,國立高雄科技大學人力資源發展系,其他學校錄取,4,"國立勤益科技大學企業管理系(通過); 國立屏東科技大學工業管理系(通過); 國立屏東科技大學企業管理系(正取); 國立高雄科技大學人力資源發展系(正取,分發)"
CAND_3565,115,ncut_ba,國立勤益科技大學,企業管理系(商管群),國立勤益科技大學 企業管理系(商管群),70090891,歐*哲,備取,國立臺中科技大學,國立臺中科技大學國際貿易與經營系,其他學校錄取,5,"國立勤益科技大學企業管理系(通過); 國立高雄科技大學應用英語系(通過); 國立臺中科技大學國際貿易與經營系(備取,分發); 國立屏東大學國際經營與貿易學系(通過); 國立屏東大學企業管理學系(正取)"
CAND_3566,115,ncut_ba,國立勤益科技大學,企業管理系(英語類),國立勤益科技大學 企業管理系(英語類),58150028,馮*彤,正取,國立虎尾科技大學,國立虎尾科技大學企業管理系,其他學校錄取,3,"國立勤益科技大學企業管理系(正取); 國立虎尾科技大學企業管理系(備取,分發); 國立臺北護理健康大學健康事業管理系(通過)"
CAND_3567,115,ncut_ba,國立勤益科技大學,企業管理系(英語類),國立勤益科技大學 企業管理系(英語類),68150053,吳*錡,正取,國立虎尾科技大學,國立虎尾科技大學應用外語系,其他學校錄取,3,"國立勤益科技大學企業管理系(正取); 國立虎尾科技大學企業管理系(備取); 國立虎尾科技大學應用外語系(正取,分發)"
CAND_3568,115,ncut_ba,國立勤益科技大學,企業管理系(英語類),國立勤益科技大學 企業管理系(英語類),56150068,朱*,正取,國立勤益科技大學,國立勤益科技大學企業管理系,原校系/本校留任,5,"國立勤益科技大學企業管理系(正取,分發); 國立高雄科技大學航運管理系(備取); 國立虎尾科技大學企業管理系(正取); 國立高雄餐旅大學旅運管理系(備取); 朝陽科技大學航空運務系(正取)"
CAND_3569,115,ncut_ba,國立勤益科技大學,企業管理系(英語類),國立勤益科技大學 企業管理系(英語類),60150048,胡*琪,正取,國立高雄科技大學,國立高雄科技大學行銷與流通管理系,其他學校錄取,2,"國立勤益科技大學企業管理系(正取); 國立高雄科技大學行銷與流通管理系(正取,分發)"
CAND_3570,115,ncut_ba,國立勤益科技大學,企業管理系(英語類),國立勤益科技大學 企業管理系(英語類),57530071,*宇,正取,國立勤益科技大學,國立勤益科技大學企業管理系,原校系/本校留任,4,"國立勤益科技大學企業管理系(正取,分發); 國立屏東科技大學應用外語系(備取); 國立虎尾科技大學企業管理系(備取); 國立虎尾科技大學應用外語系(正取)"
CAND_3571,115,ncut_ba,國立勤益科技大學,企業管理系(英語類),國立勤益科技大學 企業管理系(英語類),61150128,—,正取,—,—,未分發或放棄,4,國立勤益科技大學企業管理系(正取); 國立雲林科技大學應用外語系(通過); 國立高雄科技大學航運管理系(備取); 國立高雄科技大學應用英語系(通過)
CAND_3572,115,ncut_ba,國立勤益科技大學,企業管理系(英語類),國立勤益科技大學 企業管理系(英語類),51150036,張*瑀,備取,弘光科技大學,弘光科技大學物理治療系,其他學校錄取,4,"國立勤益科技大學企業管理系(通過); 國立虎尾科技大學企業管理系(正取); 國立臺北護理健康大學健康事業管理系(通過); 弘光科技大學物理治療系(正取,分發)"
CAND_3573,115,ncut_ba,國立勤益科技大學,企業管理系(英語類),國立勤益科技大學 企業管理系(英語類),52150037,李*琦,備取,—,—,未分發或放棄,4,國立勤益科技大學企業管理系(通過); 國立高雄科技大學漁業科技與管理系(通過); 致理科技大學行銷與流通管理系(通過); 實踐大學國際經營與貿易學系(臺北校區)(通過)
CAND_3574,115,ncut_ba,國立勤益科技大學,企業管理系(英語類),國立勤益科技大學 企業管理系(英語類),52150295,陳*靖,備取,弘光科技大學,弘光科技大學物理治療系,其他學校錄取,4,"國立勤益科技大學企業管理系(通過); 弘光科技大學物理治療系(正取,分發); 弘光科技大學語言治療與聽力學系(正取); 文藻外語大學西班牙語文系(通過)"
CAND_3575,115,ncut_ba,國立勤益科技大學,企業管理系(英語類),國立勤益科技大學 企業管理系(英語類),56530037,陳*,備取,—,—,未分發或放棄,2,國立勤益科技大學企業管理系(通過); 國立虎尾科技大學企業管理系(通過)
CAND_3576,115,ncut_ba,國立勤益科技大學,企業管理系(英語類),國立勤益科技大學 企業管理系(英語類),57150054,許*,備取,國立臺北護理健康大學,國立臺北護理健康大學護理系,其他學校錄取,3,"國立勤益科技大學企業管理系(通過); 國立高雄科技大學海洋休閒管理系(通過); 國立臺北護理健康大學護理系(正取,分發)"
CAND_3577,115,ncut_ba,國立勤益科技大學,企業管理系(英語類),國立勤益科技大學 企業管理系(英語類),58150080,葵*哲,備取,—,—,未分發或放棄,1,國立勤益科技大學企業管理系(通過)
CAND_3578,115,ncut_ba,國立勤益科技大學,企業管理系(英語類),國立勤益科技大學 企業管理系(英語類),58150113,林*妍,備取,—,—,未分發或放棄,3,國立勤益科技大學企業管理系(通過); 國立虎尾科技大學企業管理系(通過); 致理科技大學國際貿易系(通過)
CAND_3579,115,ncut_ba,國立勤益科技大學,企業管理系(英語類),國立勤益科技大學 企業管理系(英語類),58150146,蘇*晴,備取,—,—,未分發或放棄,2,國立勤益科技大學企業管理系(通過); 國立臺中科技大學保險金融管理系(通過)
CAND_3580,115,ncut_ba,國立勤益科技大學,企業管理系(英語類),國立勤益科技大學 企業管理系(英語類),61150200,陳*,備取,—,—,未分發或放棄,1,國立勤益科技大學企業管理系(通過)
CAND_3581,115,ncut_ba,國立勤益科技大學,企業管理系(英語類),國立勤益科技大學 企業管理系(英語類),61530018,崔*姍,備取,—,—,未分發或放棄,3,國立勤益科技大學企業管理系(通過); 國立高雄科技大學航運管理系(通過); 僑光科技大學國際貿易系(通過)
CAND_3582,115,ncut_ba,國立勤益科技大學,企業管理系(英語類),國立勤益科技大學 企業管理系(英語類),61530070,楊*炫,備取,—,—,未分發或放棄,1,國立勤益科技大學企業管理系(通過)
CAND_3583,115,ncut_ba,國立勤益科技大學,企業管理系(英語類),國立勤益科技大學 企業管理系(英語類),64150063,蕭*,備取,國立臺北護理健康大學,國立臺北護理健康大學健康事業管理系,其他學校錄取,3,"國立勤益科技大學企業管理系(通過); 國立臺北護理健康大學健康事業管理系(備取,分發); 國立臺中科技大學保險金融管理系(通過)"
CAND_3584,113,nfu_iem,國立虎尾科技大學,工業管理系(機械群),國立虎尾科技大學 工業管理系(機械群),56010379,江*祐,正取,國立勤益科技大學,國立勤益科技大學工業工程與管理系,其他學校錄取,3,"國立虎尾科技大學工業管理系(正取); 國立勤益科技大學工業工程與管理系(正取,分發); 國立臺北商業大學創意科技與產品設計系(桃園校區)(通過)"
CAND_3585,113,nfu_iem,國立虎尾科技大學,工業管理系(機械群),國立虎尾科技大學 工業管理系(機械群),62010043,黄*健,正取,國立虎尾科技大學,國立虎尾科技大學工業管理系,原校系/本校留任,2,"國立虎尾科技大學工業管理系(正取,分發); 國立虎尾科技大學材料科學與工程系(備取)"
CAND_3586,113,nfu_iem,國立虎尾科技大學,工業管理系(機械群),國立虎尾科技大學 工業管理系(機械群),61010313,*展,正取,國立虎尾科技大學,國立虎尾科技大學工業管理系,原校系/本校留任,1,"國立虎尾科技大學工業管理系(正取,分發)"
CAND_3587,113,nfu_iem,國立虎尾科技大學,工業管理系(機械群),國立虎尾科技大學 工業管理系(機械群),61010109,林*欣,正取,國立雲林科技大學,國立雲林科技大學環境與安全衛生工程系,其他學校錄取,5,"國立虎尾科技大學工業管理系(正取); 國立雲林科技大學環境與安全衛生工程系(正取,分發); 國立虎尾科技大學機械設計工程系(通過); 國立勤益科技大學機械工程系(正取); 國立彰化師範大學工業教育與技術學系(通過)"
CAND_3588,113,nfu_iem,國立虎尾科技大學,工業管理系(機械群),國立虎尾科技大學 工業管理系(機械群),61010631,*宇,正取,國立勤益科技大學,國立勤益科技大學工業工程與管理系,其他學校錄取,3,"國立虎尾科技大學工業管理系(正取); 國立虎尾科技大學動力機械工程系(通過); 國立勤益科技大學工業工程與管理系(正取,分發)"
CAND_3589,113,nfu_iem,國立虎尾科技大學,工業管理系(機械群),國立虎尾科技大學 工業管理系(機械群),61010807,林*,正取,國立虎尾科技大學,國立虎尾科技大學工業管理系,原校系/本校留任,3,"國立虎尾科技大學工業管理系(正取,分發); 國立虎尾科技大學動力機械工程系(正取); 國立勤益科技大學工業工程與管理系(正取)"
CAND_3590,113,nfu_iem,國立虎尾科技大學,工業管理系(機械群),國立虎尾科技大學 工業管理系(機械群),57010061,*勛,正取,國立高雄科技大學,國立高雄科技大學造船及海洋工程系,其他學校錄取,5,"國立虎尾科技大學工業管理系(正取); 國立高雄科技大學模具工程系光電模具組(備取); 國立高雄科技大學模具工程系精微模具組(備取); 國立高雄科技大學造船及海洋工程系(正取,分發); 國立虎尾科技大學機械設計工程系(備取)"
CAND_3591,113,nfu_iem,國立虎尾科技大學,工業管理系(機械群),國立虎尾科技大學 工業管理系(機械群),64010033,柯*宇,正取,國立虎尾科技大學,國立虎尾科技大學動力機械工程系,原校系/本校留任,4,"國立虎尾科技大學工業管理系(正取); 國立虎尾科技大學動力機械工程系(備取,分發); 國立勤益科技大學機械工程系(正取); 國立聯合大學機械工程學系(通過)"
CAND_3592,113,nfu_iem,國立虎尾科技大學,工業管理系(機械群),國立虎尾科技大學 工業管理系(機械群),61010060,柯*,正取,國立虎尾科技大學,國立虎尾科技大學工業管理系,原校系/本校留任,3,"國立虎尾科技大學工業管理系(正取,分發); 國立勤益科技大學工業工程與管理系(備取); 朝陽科技大學工業工程與管理系(通過)"
CAND_3593,113,nfu_iem,國立虎尾科技大學,工業管理系(機械群),國立虎尾科技大學 工業管理系(機械群),52010446,顏*,正取,國立虎尾科技大學,國立虎尾科技大學工業管理系,原校系/本校留任,4,"國立虎尾科技大學工業管理系(正取,分發); 國立勤益科技大學工業工程與管理系(通過); 國立彰化師範大學工業教育與技術學系(備取); 國立聯合大學環境與安全衛生工程學系(通過)"
CAND_3594,113,nfu_iem,國立虎尾科技大學,工業管理系(機械群),國立虎尾科技大學 工業管理系(機械群),55010219,*盲,正取,國立高雄科技大學,國立高雄科技大學造船及海洋工程系,其他學校錄取,5,"國立虎尾科技大學工業管理系(正取); 國立屏東科技大學機械工程系(通過); 國立高雄科技大學造船及海洋工程系(正取,分發); 國立勤益科技大學機械工程系(備取); 明志科技大學半導體材料與製程學士學位學程(通過)"
CAND_3595,113,nfu_iem,國立虎尾科技大學,工業管理系(機械群),國立虎尾科技大學 工業管理系(機械群),56010070,陳*廷,正取,國立高雄科技大學,國立高雄科技大學輪機工程系,其他學校錄取,5,"國立虎尾科技大學工業管理系(正取); 國立高雄科技大學輪機工程系(正取,分發); 國立虎尾科技大學動力機械工程系(備取); 國立勤益科技大學工業工程與管理系(正取); 國立聯合大學機械工程學系(通過)"
CAND_3596,113,nfu_iem,國立虎尾科技大學,工業管理系(機械群),國立虎尾科技大學 工業管理系(機械群),70010311,郭*恩,正取,國立勤益科技大學,國立勤益科技大學機械工程系,其他學校錄取,3,"國立虎尾科技大學工業管理系(正取); 國立高雄科技大學造船及海洋工程系(正取); 國立勤益科技大學機械工程系(正取,分發)"
CAND_3597,113,nfu_iem,國立虎尾科技大學,工業管理系(機械群),國立虎尾科技大學 工業管理系(機械群),54010347,F*霆,正取,國立虎尾科技大學,國立虎尾科技大學工業管理系,原校系/本校留任,2,"國立虎尾科技大學工業管理系(正取,分發); 國立高雄科技大學航運技術系(通過)"
CAND_3598,113,nfu_iem,國立虎尾科技大學,工業管理系(機械群),國立虎尾科技大學 工業管理系(機械群),64010057,*哲,正取,國立虎尾科技大學,國立虎尾科技大學動力機械工程系,原校系/本校留任,5,"國立虎尾科技大學工業管理系(正取); 國立高雄科技大學造船及海洋工程系(通過); 國立虎尾科技大學動力機械工程系(備取,分發); 國立勤益科技大學機械工程系(正取); 國立聯合大學機械工程學系(通過)"
CAND_3599,113,nfu_iem,國立虎尾科技大學,工業管理系(機械群),國立虎尾科技大學 工業管理系(機械群),68010202,張*愷,正取,國立勤益科技大學,國立勤益科技大學工業工程與管理系,其他學校錄取,3,"國立虎尾科技大學工業管理系(正取); 國立高雄科技大學造船及海洋工程系(正取); 國立勤益科技大學工業工程與管理系(正取,分發)"
CAND_3600,113,nfu_iem,國立虎尾科技大學,工業管理系(機械群),國立虎尾科技大學 工業管理系(機械群),64010232,*鋅,正取,國立勤益科技大學,國立勤益科技大學工業工程與管理系,其他學校錄取,2,"國立虎尾科技大學工業管理系(正取); 國立勤益科技大學工業工程與管理系(備取,分發)"
CAND_3601,113,nfu_iem,國立虎尾科技大學,工業管理系(機械群),國立虎尾科技大學 工業管理系(機械群),67010277,李*霆,正取,國立虎尾科技大學,國立虎尾科技大學工業管理系,原校系/本校留任,3,"國立虎尾科技大學工業管理系(正取,分發); 國立屏東科技大學機械工程系(通過); 國立高雄科技大學輪機工程系(正取)"
CAND_3602,113,nfu_iem,國立虎尾科技大學,工業管理系(機械群),國立虎尾科技大學 工業管理系(機械群),61010126,*霆,正取,國立高雄科技大學,國立高雄科技大學造船及海洋工程系,其他學校錄取,4,"國立虎尾科技大學工業管理系(正取); 國立高雄科技大學造船及海洋工程系(備取,分發); 國立勤益科技大學工業工程與管理系(通過); 國立彰化師範大學工業教育與技術學系(備取)"
CAND_3603,113,nfu_iem,國立虎尾科技大學,工業管理系(機械群),國立虎尾科技大學 工業管理系(機械群),52010505,—,正取,國立虎尾科技大學,國立虎尾科技大學工業管理系,原校系/本校留任,3,"國立虎尾科技大學工業管理系(正取,分發); 國立勤益科技大學機械工程系(通過); 國立聯合大學機械工程學系(通過)"
CAND_3604,113,nfu_iem,國立虎尾科技大學,工業管理系(機械群),國立虎尾科技大學 工業管理系(機械群),56010177,孫*,正取,國立彰化師範大學,國立彰化師範大學工業教育與技術學系,其他學校錄取,3,"國立虎尾科技大學工業管理系(正取); 國立高雄科技大學工業設計系(備取); 國立彰化師範大學工業教育與技術學系(備取,分發)"
CAND_3605,113,nfu_iem,國立虎尾科技大學,工業管理系(機械群),國立虎尾科技大學 工業管理系(機械群),74010028,印*授,正取,國立高雄科技大學,國立高雄科技大學工業工程與管理系,其他學校錄取,4,"國立虎尾科技大學工業管理系(正取); 國立雲林科技大學機械工程系(正取); 國立高雄科技大學工業工程與管理系(正取,分發); 國立勤益科技大學工業工程與管理系(通過)"
CAND_3606,113,nfu_iem,國立虎尾科技大學,工業管理系(機械群),國立虎尾科技大學 工業管理系(機械群),61010663,*伯,備取,國立虎尾科技大學,國立虎尾科技大學工業管理系,原校系/本校留任,1,"國立虎尾科技大學工業管理系(備取,分發)"
CAND_3607,113,nfu_iem,國立虎尾科技大學,工業管理系(機械群),國立虎尾科技大學 工業管理系(機械群),65010053,張*哲,備取,國立勤益科技大學,國立勤益科技大學工業工程與管理系,其他學校錄取,5,"國立虎尾科技大學工業管理系(備取); 國立勤益科技大學工業工程與管理系(備取,分發); 南臺科技大學機械工程系自動化控制組(通過); 南臺科技大學工業管理與資訊系工業管理組(通過); 台鋼科技大學電機工程系(通過)"
CAND_3608,113,nfu_iem,國立虎尾科技大學,工業管理系(機械群),國立虎尾科技大學 工業管理系(機械群),57010051,湯*鈞,備取,國立勤益科技大學,國立勤益科技大學機械工程系,其他學校錄取,2,"國立虎尾科技大學工業管理系(備取); 國立勤益科技大學機械工程系(備取,分發)"
CAND_3609,113,nfu_iem,國立虎尾科技大學,工業管理系(機械群),國立虎尾科技大學 工業管理系(機械群),68010463,*鈞,備取,國立勤益科技大學,國立勤益科技大學機械工程系,其他學校錄取,2,"國立虎尾科技大學工業管理系(備取); 國立勤益科技大學機械工程系(備取,分發)"
CAND_3610,113,nfu_iem,國立虎尾科技大學,工業管理系(機械群),國立虎尾科技大學 工業管理系(機械群),55010109,黄*豪,備取,明志科技大學,明志科技大學工業工程與管理系,其他學校錄取,2,"國立虎尾科技大學工業管理系(備取); 明志科技大學工業工程與管理系(正取,分發)"
CAND_3611,113,nfu_iem,國立虎尾科技大學,工業管理系(機械群),國立虎尾科技大學 工業管理系(機械群),61010615,蘇*,備取,國立勤益科技大學,國立勤益科技大學工業工程與管理系,其他學校錄取,3,"國立虎尾科技大學工業管理系(備取); 國立勤益科技大學工業工程與管理系(正取,分發); 龍華科技大學半導體工程系(通過)"
CAND_3612,113,nfu_iem,國立虎尾科技大學,工業管理系(機械群),國立虎尾科技大學 工業管理系(機械群),54010028,邱*誠,備取,國立虎尾科技大學,國立虎尾科技大學工業管理系,原校系/本校留任,2,"國立虎尾科技大學工業管理系(備取,分發); 國立屏東科技大學機械工程系(通過)"
CAND_3613,113,nfu_iem,國立虎尾科技大學,工業管理系(機械群),國立虎尾科技大學 工業管理系(機械群),70010057,*翔,備取,國立高雄科技大學,國立高雄科技大學造船及海洋工程系,其他學校錄取,4,"國立虎尾科技大學工業管理系(備取); 國立屏東科技大學機械工程系(通過); 國立高雄科技大學造船及海洋工程系(備取,分發); 國立虎尾科技大學機械設計工程系(備取)"
CAND_3614,113,nfu_iem,國立虎尾科技大學,工業管理系(機械群),國立虎尾科技大學 工業管理系(機械群),52010248,郭*,備取,國立勤益科技大學,國立勤益科技大學機械工程系,其他學校錄取,2,"國立虎尾科技大學工業管理系(備取); 國立勤益科技大學機械工程系(備取,分發)"
CAND_3615,113,nfu_iem,國立虎尾科技大學,工業管理系(機械群),國立虎尾科技大學 工業管理系(機械群),57010075,李*毅,備取,國立勤益科技大學,國立勤益科技大學機械工程系,其他學校錄取,3,"國立虎尾科技大學工業管理系(備取); 國立勤益科技大學機械工程系(備取,分發); 國立聯合大學機械工程學系(通過)"
CAND_3616,113,nfu_iem,國立虎尾科技大學,工業管理系(機械群),國立虎尾科技大學 工業管理系(機械群),70010318,郭*,備取,國立虎尾科技大學,國立虎尾科技大學工業管理系,原校系/本校留任,2,"國立虎尾科技大學工業管理系(備取,分發); 國立屏東科技大學智慧機電學士學位學程(通過)"
CAND_3617,113,nfu_iem,國立虎尾科技大學,工業管理系(機械群),國立虎尾科技大學 工業管理系(機械群),61010206,*淯,備取,國立虎尾科技大學,國立虎尾科技大學工業管理系,原校系/本校留任,1,"國立虎尾科技大學工業管理系(備取,分發)"
CAND_3618,113,nfu_iem,國立虎尾科技大學,工業管理系(機械群),國立虎尾科技大學 工業管理系(機械群),52010195,*劭,備取,國立高雄科技大學,國立高雄科技大學工業設計系,其他學校錄取,4,"國立虎尾科技大學工業管理系(通過); 國立高雄科技大學工業設計系(備取,分發); 國立虎尾科技大學機械與電腦輔助工程系(通過); 國立臺北商業大學創意科技與產品設計系(桃園校區)(通過)"
CAND_3619,113,nfu_iem,國立虎尾科技大學,工業管理系(機械群),國立虎尾科技大學 工業管理系(機械群),52010361,林*女,備取,國立臺北護理健康大學,國立臺北護理健康大學運動保健系,其他學校錄取,2,"國立虎尾科技大學工業管理系(通過); 國立臺北護理健康大學運動保健系(正取,分發)"
CAND_3620,113,nfu_iem,國立虎尾科技大學,工業管理系(機械群),國立虎尾科技大學 工業管理系(機械群),52010462,謝*鈞,備取,國立勤益科技大學,國立勤益科技大學機械工程系,其他學校錄取,2,"國立虎尾科技大學工業管理系(通過); 國立勤益科技大學機械工程系(正取,分發)"
CAND_3621,113,nfu_iem,國立虎尾科技大學,工業管理系(機械群),國立虎尾科技大學 工業管理系(機械群),54010111,楊*永,備取,—,—,未分發或放棄,3,國立虎尾科技大學工業管理系(通過); 國立雲林科技大學工業工程與管理系(正取); 國立高雄科技大學工業工程與管理系(通過)
CAND_3622,113,nfu_iem,國立虎尾科技大學,工業管理系(機械群),國立虎尾科技大學 工業管理系(機械群),54010131,葵*德,正取,國立虎尾科技大學,國立虎尾科技大學機械與電腦輔助工程系,原校系/本校留任,4,"國立虎尾科技大學工業管理系(通過); 國立虎尾科技大學機械與電腦輔助工程系(正取,分發); 龍華科技大學機械工程系(通過); 明新科技大學機械工程系(通過)"
CAND_3623,113,nfu_iem,國立虎尾科技大學,工業管理系(機械群),國立虎尾科技大學 工業管理系(機械群),54010326,林*瑜,備取,—,—,未分發或放棄,2,國立虎尾科技大學工業管理系(通過); 國立勤益科技大學機械工程系(通過)
CAND_3624,113,nfu_iem,國立虎尾科技大學,工業管理系(機械群),國立虎尾科技大學 工業管理系(機械群),55010167,張*瀚,備取,—,—,未分發或放棄,2,國立虎尾科技大學工業管理系(通過); 國立臺北護理健康大學運動保健系(通過)
CAND_3625,113,nfu_iem,國立虎尾科技大學,工業管理系(機械群),國立虎尾科技大學 工業管理系(機械群),56010034,黄*,備取,—,—,未分發或放棄,4,國立虎尾科技大學工業管理系(通過); 國立屏東科技大學智慧機電學士學位學程(通過); 國立勤益科技大學工業工程與管理系(通過); 國立聯合大學環境與安全衛生工程學系(通過)
CAND_3626,113,nfu_iem,國立虎尾科技大學,工業管理系(機械群),國立虎尾科技大學 工業管理系(機械群),56010250,*翔,備取,—,—,未分發或放棄,5,國立虎尾科技大學工業管理系(通過); 國立虎尾科技大學動力機械工程系(通過); 國立勤益科技大學工業工程與管理系(通過); 龍華科技大學機械工程系(通過); 臺北城市科技大學機械工程系(通過)
CAND_3627,113,nfu_iem,國立虎尾科技大學,工業管理系(機械群),國立虎尾科技大學 工業管理系(機械群),56010274,葵*達,備取,—,—,未分發或放棄,3,國立虎尾科技大學工業管理系(通過); 國立屏東科技大學機械工程系(通過); 國立勤益科技大學機械工程系(通過)
CAND_3628,113,nfu_iem,國立虎尾科技大學,工業管理系(機械群),國立虎尾科技大學 工業管理系(機械群),56010365,陳*祐,備取,國立勤益科技大學,國立勤益科技大學機械工程系,其他學校錄取,3,"國立虎尾科技大學工業管理系(通過); 國立勤益科技大學機械工程系(備取,分發); 國立聯合大學機械工程學系(通過)"
CAND_3629,113,nfu_iem,國立虎尾科技大學,工業管理系(機械群),國立虎尾科技大學 工業管理系(機械群),61010266,林*翔,備取,—,—,未分發或放棄,3,國立虎尾科技大學工業管理系(通過); 國立屏東科技大學機械工程系(通過); 國立高雄科技大學造船及海洋工程系(通過)
CAND_3630,113,nfu_iem,國立虎尾科技大學,工業管理系(機械群),國立虎尾科技大學 工業管理系(機械群),61010461,*家,備取,—,—,未分發或放棄,2,國立虎尾科技大學工業管理系(通過); 國立勤益科技大學工業工程與管理系(通過)
CAND_3631,113,nfu_iem,國立虎尾科技大學,工業管理系(機械群),國立虎尾科技大學 工業管理系(機械群),61010579,葵*,備取,—,—,未分發或放棄,3,國立虎尾科技大學工業管理系(通過); 國立虎尾科技大學自動化工程系(通過); 國立勤益科技大學機械工程系(通過)
CAND_3632,113,nfu_iem,國立虎尾科技大學,工業管理系(機械群),國立虎尾科技大學 工業管理系(機械群),64010041,李*,備取,—,—,未分發或放棄,3,國立虎尾科技大學工業管理系(通過); 國立勤益科技大學工業工程與管理系(通過); 建國科技大學機械工程系(通過)
CAND_3633,113,nfu_iem,國立虎尾科技大學,工業管理系(機械群),國立虎尾科技大學 工業管理系(機械群),64010045,*宇,備取,國立高雄科技大學,國立高雄科技大學工業工程與管理系,其他學校錄取,5,"國立虎尾科技大學工業管理系(通過); 國立高雄科技大學工業工程與管理系(正取,分發); 國立高雄科技大學模具工程系光電模具組(正取); 國立虎尾科技大學機械設計工程系(通過); 國立勤益科技大學機械工程系(通過)"
CAND_3634,113,nfu_iem,國立虎尾科技大學,工業管理系(機械群),國立虎尾科技大學 工業管理系(機械群),64010077,林*宇,備取,—,—,未分發或放棄,3,國立虎尾科技大學工業管理系(通過); 國立高雄科技大學造船及海洋工程系(通過); 國立勤益科技大學機械工程系(通過)
CAND_3635,113,nfu_iem,國立虎尾科技大學,工業管理系(機械群),國立虎尾科技大學 工業管理系(機械群),64010092,A*肜,備取,國立彰化師範大學,國立彰化師範大學工業教育與技術學系,其他學校錄取,6,"國立虎尾科技大學工業管理系(通過); 國立高雄科技大學工業工程與管理系(通過); 國立高雄科技大學機電工程系智慧自動化組(通過); 國立虎尾科技大學自動化工程系(通過); 國立勤益科技大學工業工程與管理系(通過); 國立彰化師範大學工業教育與技術學系(正取,分發)"
CAND_3636,113,nfu_iem,國立虎尾科技大學,工業管理系(機械群),國立虎尾科技大學 工業管理系(機械群),64010113,許*彰,備取,國立虎尾科技大學,國立虎尾科技大學飛機工程系機械組,原校系/本校留任,5,"國立虎尾科技大學工業管理系(通過); 國立高雄科技大學工業工程與管理系(備取); 國立高雄科技大學輪機工程系(正取); 國立虎尾科技大學飛機工程系機械組(備取,分發); 國立勤益科技大學智慧自動化工程系(正取)"
CAND_3637,113,nfu_iem,國立虎尾科技大學,工業管理系(機械群),國立虎尾科技大學 工業管理系(機械群),64010131,楊*宏,備取,國立高雄科技大學,國立高雄科技大學工業工程與管理系,其他學校錄取,5,"國立虎尾科技大學工業管理系(通過); 國立高雄科技大學工業工程與管理系(備取,分發); 國立高雄科技大學模具工程系精微模具組(備取); 國立虎尾科技大學機械設計工程系(通過); 國立勤益科技大學工業工程與管理系(正取)"
CAND_3638,113,nfu_iem,國立虎尾科技大學,工業管理系(機械群),國立虎尾科技大學 工業管理系(機械群),64010156,黄*豪,備取,—,—,未分發或放棄,3,國立虎尾科技大學工業管理系(通過); 國立高雄科技大學輪機工程系(通過); 國立勤益科技大學工業工程與管理系(通過)
CAND_3639,113,nfu_iem,國立虎尾科技大學,工業管理系(機械群),國立虎尾科技大學 工業管理系(機械群),64010216,林*,備取,—,—,未分發或放棄,2,國立虎尾科技大學工業管理系(通過); 朝陽科技大學工業設計系(通過)
CAND_3640,113,nfu_iem,國立虎尾科技大學,工業管理系(機械群),國立虎尾科技大學 工業管理系(機械群),64010252,蕭*呈,備取,國立勤益科技大學,國立勤益科技大學工業工程與管理系,其他學校錄取,4,"國立虎尾科技大學工業管理系(通過); 國立高雄科技大學造船及海洋工程系(通過); 國立虎尾科技大學機械與電腦輔助工程系(備取); 國立勤益科技大學工業工程與管理系(正取,分發)"
CAND_3641,113,nfu_iem,國立虎尾科技大學,工業管理系(機械群),國立虎尾科技大學 工業管理系(機械群),64010316,吳*J,正取,國立虎尾科技大學,國立虎尾科技大學機械設計工程系,原校系/本校留任,3,"國立虎尾科技大學工業管理系(通過); 國立高雄科技大學造船及海洋工程系(通過); 國立虎尾科技大學機械設計工程系(正取,分發)"
CAND_3642,113,nfu_iem,國立虎尾科技大學,工業管理系(機械群),國立虎尾科技大學 工業管理系(機械群),64010339,江*,備取,國立勤益科技大學,國立勤益科技大學工業工程與管理系,其他學校錄取,2,"國立虎尾科技大學工業管理系(通過); 國立勤益科技大學工業工程與管理系(正取,分發)"
CAND_3643,113,nfu_iem,國立虎尾科技大學,工業管理系(機械群),國立虎尾科技大學 工業管理系(機械群),64010451,許*銘,備取,—,—,未分發或放棄,2,國立虎尾科技大學工業管理系(通過); 國立勤益科技大學工業工程與管理系(通過)
CAND_3644,113,nfu_iem,國立虎尾科技大學,工業管理系(機械群),國立虎尾科技大學 工業管理系(機械群),66010013,鄭*伸,備取,—,—,未分發或放棄,1,國立虎尾科技大學工業管理系(通過)
CAND_3645,113,nfu_iem,國立虎尾科技大學,工業管理系(機械群),國立虎尾科技大學 工業管理系(機械群),67010225,楊*惠,備取,—,—,未分發或放棄,5,國立虎尾科技大學工業管理系(通過); 國立高雄科技大學模具工程系精微模具組(正取); 國立高雄科技大學航運技術系(通過); 國立高雄科技大學輪機工程系(正取); 國立虎尾科技大學飛機工程系機械組(通過)
CAND_3646,113,nfu_iem,國立虎尾科技大學,工業管理系(機械群),國立虎尾科技大學 工業管理系(機械群),68010198,黄*,備取,國立雲林科技大學,國立雲林科技大學工業工程與管理系,其他學校錄取,6,"國立虎尾科技大學工業管理系(通過); 國立雲林科技大學工業工程與管理系(正取,分發); 國立高雄科技大學工業工程與管理系(通過); 國立高雄科技大學機械工程系(通過); 國立虎尾科技大學動力機械工程系(通過); 國立勤益科技大學工業工程與管理系(通過)"
CAND_3647,113,nfu_iem,國立虎尾科技大學,工業管理系(機械群),國立虎尾科技大學 工業管理系(機械群),68010286,—,備取,國立高雄科技大學,國立高雄科技大學造船及海洋工程系,其他學校錄取,4,"國立虎尾科技大學工業管理系(通過); 國立屏東科技大學機械工程系(正取); 國立高雄科技大學造船及海洋工程系(備取,分發); 南臺科技大學機械工程系先進車輛組(通過)"
CAND_3648,113,nfu_iem,國立虎尾科技大學,工業管理系(機械群),國立虎尾科技大學 工業管理系(機械群),69010055,*凱,備取,朝陽科技大學,朝陽科技大學工業設計系,其他學校錄取,3,"國立虎尾科技大學工業管理系(通過); 國立勤益科技大學工業工程與管理系(正取); 朝陽科技大學工業設計系(正取,分發)"
CAND_3649,113,nfu_iem,國立虎尾科技大學,工業管理系(機械群),國立虎尾科技大學 工業管理系(機械群),70010166,陳*,備取,國立高雄科技大學,國立高雄科技大學造船及海洋工程系,其他學校錄取,4,"國立虎尾科技大學工業管理系(通過); 國立屏東科技大學機械工程系(正取); 國立高雄科技大學造船及海洋工程系(正取,分發); 國立虎尾科技大學材料科學與工程系(通過)"
CAND_3650,113,nfu_iem,國立虎尾科技大學,工業管理系(機械群),國立虎尾科技大學 工業管理系(機械群),71010162,黄*倫,備取,國立高雄科技大學,國立高雄科技大學造船及海洋工程系,其他學校錄取,3,"國立虎尾科技大學工業管理系(通過); 國立屏東科技大學機械工程系(通過); 國立高雄科技大學造船及海洋工程系(正取,分發)"
CAND_3651,113,nfu_iem,國立虎尾科技大學,工業管理系(資電類),國立虎尾科技大學 工業管理系(資電類),59080003,楊*,正取,逢甲大學,逢甲大學工業工程與系統管理學系,其他學校錄取,4,"國立虎尾科技大學工業管理系(正取); 國立高雄科技大學工業工程與管理系(正取); 國立臺中科技大學資訊管理系(正取); 逢甲大學工業工程與系統管理學系(正取,分發)"
CAND_3652,113,nfu_iem,國立虎尾科技大學,工業管理系(資電類),國立虎尾科技大學 工業管理系(資電類),59080035,*倫,正取,國立虎尾科技大學,國立虎尾科技大學工業管理系,原校系/本校留任,4,"國立虎尾科技大學工業管理系(正取,分發); 國立臺中科技大學資訊管理系(通過); 東海大學工業工程與經營資訊學系(通過); 長庚大學資訊工程學系(備取)"
CAND_3653,113,nfu_iem,國立虎尾科技大學,工業管理系(資電類),國立虎尾科技大學 工業管理系(資電類),59080041,沈*羽,備取,國立虎尾科技大學,國立虎尾科技大學工業管理系,原校系/本校留任,4,"國立虎尾科技大學工業管理系(備取,分發); 南臺科技大學工業管理與資訊系工業管理組(正取); 龍華科技大學工業管理系(備取); 靜宜大學資訊傳播工程學系(正取)"
CAND_3654,113,nfu_iem,國立虎尾科技大學,工業管理系(資電類),國立虎尾科技大學 工業管理系(資電類),59080022,林*𢡟,備取,中原大學,中原大學資訊管理學系,其他學校錄取,5,"國立虎尾科技大學工業管理系(備取); 國立屏東科技大學環境工程與科學系(通過); 朝陽科技大學工業工程與管理系(通過); 中原大學資訊管理學系(備取,分發); 逢甲大學工業工程與系統管理學系(正取)"
CAND_3655,113,nfu_iem,國立虎尾科技大學,工業管理系(資電類),國立虎尾科技大學 工業管理系(資電類),59080012,彭*羽,備取,朝陽科技大學,朝陽科技大學工業工程與管理系,其他學校錄取,3,"國立虎尾科技大學工業管理系(備取); 朝陽科技大學工業工程與管理系(備取,分發); 台北海洋科技大學新媒體互動科技應用學士學位學程(淡水校區)(正取)"
CAND_3656,113,nfu_iem,國立虎尾科技大學,工業管理系(資電類),國立虎尾科技大學 工業管理系(資電類),52080011,陳*,備取,中原大學,中原大學資訊管理學系,其他學校錄取,6,"國立虎尾科技大學工業管理系(通過); 國立臺北科技大學材料及資源工程系材料組(備取); 國立高雄科技大學工業工程與管理系(通過); 亞東科技大學工業管理系(通過); 中原大學資訊管理學系(正取,分發); 長庚大學資訊工程學系(通過)"
CAND_3657,113,nfu_iem,國立虎尾科技大學,工業管理系(資電類),國立虎尾科技大學 工業管理系(資電類),59080042,梁*康,備取,靜宜大學,靜宜大學資訊傳播工程學系,其他學校錄取,3,"國立虎尾科技大學工業管理系(通過); 台北海洋科技大學新媒體互動科技應用學士學位學程(淡水校區)(通過); 靜宜大學資訊傳播工程學系(正取,分發)"
CAND_3658,113,nfu_iem,國立虎尾科技大學,工業管理系(商管群),國立虎尾科技大學 工業管理系(商管群),59090022,張*雅,正取,國立高雄科技大學,國立高雄科技大學國際企業系,其他學校錄取,3,"國立虎尾科技大學工業管理系(正取); 國立高雄科技大學國際企業系(正取,分發); 國立高雄科技大學企業管理系(正取)"
CAND_3659,113,nfu_iem,國立虎尾科技大學,工業管理系(商管群),國立虎尾科技大學 工業管理系(商管群),59090106,葉*吴,正取,國立高雄科技大學,國立高雄科技大學工業工程與管理系,其他學校錄取,3,"國立虎尾科技大學工業管理系(正取); 國立高雄科技大學工業工程與管理系(正取,分發); 國立臺中科技大學資訊管理系(正取)"
CAND_3660,113,nfu_iem,國立虎尾科技大學,工業管理系(商管群),國立虎尾科技大學 工業管理系(商管群),64090245,林*慈,正取,—,—,未分發或放棄,2,國立虎尾科技大學工業管理系(正取); 國立勤益科技大學工業工程與管理系(正取)
CAND_3661,113,nfu_iem,國立虎尾科技大學,工業管理系(商管群),國立虎尾科技大學 工業管理系(商管群),65090302,黄*婷,正取,國立勤益科技大學,國立勤益科技大學企業管理系,其他學校錄取,5,"國立虎尾科技大學工業管理系(正取); 國立屏東科技大學企業管理系(通過); 國立高雄科技大學會計資訊系(通過); 國立虎尾科技大學企業管理系(通過); 國立勤益科技大學企業管理系(正取,分發)"
CAND_3662,113,nfu_iem,國立虎尾科技大學,工業管理系(商管群),國立虎尾科技大學 工業管理系(商管群),59090038,黄*,正取,國立雲林科技大學,國立雲林科技大學工業工程與管理系,其他學校錄取,4,"國立虎尾科技大學工業管理系(正取); 國立雲林科技大學工業工程與管理系(正取,分發); 國立高雄科技大學工業工程與管理系(正取); 國立高雄科技大學行銷與流通管理系(正取)"
CAND_3663,113,nfu_iem,國立虎尾科技大學,工業管理系(商管群),國立虎尾科技大學 工業管理系(商管群),67090067,*晨,正取,國立虎尾科技大學,國立虎尾科技大學工業管理系,原校系/本校留任,1,"國立虎尾科技大學工業管理系(正取,分發)"
CAND_3664,113,nfu_iem,國立虎尾科技大學,工業管理系(商管群),國立虎尾科技大學 工業管理系(商管群),66090049,李*,正取,國立高雄科技大學,國立高雄科技大學工業工程與管理系,其他學校錄取,2,"國立虎尾科技大學工業管理系(正取); 國立高雄科技大學工業工程與管理系(正取,分發)"
CAND_3665,113,nfu_iem,國立虎尾科技大學,工業管理系(商管群),國立虎尾科技大學 工業管理系(商管群),64090619,*潔,正取,國立虎尾科技大學,國立虎尾科技大學工業管理系,原校系/本校留任,2,"國立虎尾科技大學工業管理系(正取,分發); 國立臺中科技大學財政稅務系(正取)"
CAND_3666,113,nfu_iem,國立虎尾科技大學,工業管理系(商管群),國立虎尾科技大學 工業管理系(商管群),60090270,—,正取,國立虎尾科技大學,國立虎尾科技大學工業管理系,原校系/本校留任,4,"國立虎尾科技大學工業管理系(正取,分發); 國立高雄科技大學企業管理系(備取); 國立虎尾科技大學資訊管理系(通過); 致理科技大學財務金融系(通過)"
CAND_3667,113,nfu_iem,國立虎尾科技大學,工業管理系(商管群),國立虎尾科技大學 工業管理系(商管群),70091022,馮*𡤃,正取,國立虎尾科技大學,國立虎尾科技大學工業管理系,原校系/本校留任,2,"國立虎尾科技大學工業管理系(正取,分發); 國立勤益科技大學工業工程與管理系(正取)"
CAND_3668,113,nfu_iem,國立虎尾科技大學,工業管理系(商管群),國立虎尾科技大學 工業管理系(商管群),60090004,*凱,正取,國立虎尾科技大學,國立虎尾科技大學工業管理系,原校系/本校留任,2,"國立虎尾科技大學工業管理系(正取,分發); 國立臺中科技大學保險金融管理系(備取)"
CAND_3669,113,nfu_iem,國立虎尾科技大學,工業管理系(商管群),國立虎尾科技大學 工業管理系(商管群),66090129,李*,正取,國立雲林科技大學,國立雲林科技大學文化資產維護系,其他學校錄取,5,"國立虎尾科技大學工業管理系(正取); 國立雲林科技大學文化資產維護系(正取,分發); 國立虎尾科技大學企業管理系(正取); 國立屏東大學會計學系(正取); 國立屏東大學資訊管理學系(正取)"
CAND_3670,113,nfu_iem,國立虎尾科技大學,工業管理系(商管群),國立虎尾科技大學 工業管理系(商管群),57090145,馮*凱,正取,國立虎尾科技大學,國立虎尾科技大學工業管理系,原校系/本校留任,3,"國立虎尾科技大學工業管理系(正取,分發); 國立屏東科技大學資訊管理系(通過); 國立勤益科技大學工業工程與管理系(正取)"
CAND_3671,113,nfu_iem,國立虎尾科技大學,工業管理系(商管群),國立虎尾科技大學 工業管理系(商管群),63090355,陳*鉲,正取,國立雲林科技大學,國立雲林科技大學文化資產維護系,其他學校錄取,3,"國立虎尾科技大學工業管理系(正取); 國立雲林科技大學文化資產維護系(正取,分發); 國立勤益科技大學資訊管理系(通過)"
CAND_3672,113,nfu_iem,國立虎尾科技大學,工業管理系(商管群),國立虎尾科技大學 工業管理系(商管群),59090310,陳*,正取,國立高雄科技大學,國立高雄科技大學資訊管理系,其他學校錄取,4,"國立虎尾科技大學工業管理系(正取); 國立雲林科技大學工業工程與管理系(備取); 國立高雄科技大學資訊管理系(備取,分發); 國立虎尾科技大學資訊管理系(備取)"
CAND_3673,113,nfu_iem,國立虎尾科技大學,工業管理系(商管群),國立虎尾科技大學 工業管理系(商管群),64090163,阮*,正取,國立臺中科技大學,國立臺中科技大學財政稅務系,其他學校錄取,4,"國立虎尾科技大學工業管理系(正取); 國立高雄科技大學金融資訊系(正取); 國立臺中科技大學財政稅務系(備取,分發); 逢甲大學經濟學系(備取)"
CAND_3674,113,nfu_iem,國立虎尾科技大學,工業管理系(商管群),國立虎尾科技大學 工業管理系(商管群),61091731,鄭*紋,正取,國立勤益科技大學,國立勤益科技大學流通管理系,其他學校錄取,3,"國立虎尾科技大學工業管理系(正取); 國立高雄科技大學運籌管理系(正取); 國立勤益科技大學流通管理系(正取,分發)"
CAND_3675,113,nfu_iem,國立虎尾科技大學,工業管理系(商管群),國立虎尾科技大學 工業管理系(商管群),57090445,葉*媗,正取,國立虎尾科技大學,國立虎尾科技大學工業管理系,原校系/本校留任,2,"國立虎尾科技大學工業管理系(正取,分發); 國立勤益科技大學企業管理系(備取)"
CAND_3676,113,nfu_iem,國立虎尾科技大學,工業管理系(商管群),國立虎尾科技大學 工業管理系(商管群),59090018,謝*晟,正取,國立虎尾科技大學,國立虎尾科技大學工業管理系,原校系/本校留任,2,"國立虎尾科技大學工業管理系(正取,分發); 國立勤益科技大學資訊管理系(備取)"
CAND_3677,113,nfu_iem,國立虎尾科技大學,工業管理系(商管群),國立虎尾科技大學 工業管理系(商管群),60090205,蘇*有,正取,國立虎尾科技大學,國立虎尾科技大學工業管理系,原校系/本校留任,4,"國立虎尾科技大學工業管理系(正取,分發); 國立勤益科技大學工業工程與管理系(正取); 朝陽科技大學資訊管理系資訊管理組(通過); 南臺科技大學資訊管理系(通過)"
CAND_3678,113,nfu_iem,國立虎尾科技大學,工業管理系(商管群),國立虎尾科技大學 工業管理系(商管群),59090005,彭*,正取,國立虎尾科技大學,國立虎尾科技大學工業管理系,原校系/本校留任,4,"國立虎尾科技大學工業管理系(正取,分發); 國立高雄科技大學供應鏈管理系(備取); 國立勤益科技大學工業工程與管理系(正取); 國立臺灣海洋大學海洋經營管理學士學位學程(備取)"
CAND_3679,113,nfu_iem,國立虎尾科技大學,工業管理系(商管群),國立虎尾科技大學 工業管理系(商管群),52090401,郝*甯,正取,國立虎尾科技大學,國立虎尾科技大學工業管理系,原校系/本校留任,2,"國立虎尾科技大學工業管理系(正取,分發); 國立雲林科技大學工業工程與管理系(備取)"
CAND_3680,113,nfu_iem,國立虎尾科技大學,工業管理系(商管群),國立虎尾科技大學 工業管理系(商管群),68090041,湯*諺,正取,國立高雄科技大學,國立高雄科技大學工業工程與管理系,其他學校錄取,5,"國立虎尾科技大學工業管理系(正取); 國立雲林科技大學工業工程與管理系(備取); 國立高雄科技大學工業工程與管理系(正取,分發); 國立高雄科技大學智慧商務系(通過); 國立虎尾科技大學資訊管理系(通過)"
CAND_3681,113,nfu_iem,國立虎尾科技大學,工業管理系(商管群),國立虎尾科技大學 工業管理系(商管群),70090374,吳*瑜,正取,國立虎尾科技大學,國立虎尾科技大學工業管理系,原校系/本校留任,4,"國立虎尾科技大學工業管理系(正取,分發); 國立屏東科技大學工業管理系(通過); 國立高雄科技大學人力資源發展系(備取); 國立臺中科技大學財政稅務系(備取)"
CAND_3682,113,nfu_iem,國立虎尾科技大學,工業管理系(商管群),國立虎尾科技大學 工業管理系(商管群),66090374,楊*,正取,國立虎尾科技大學,國立虎尾科技大學工業管理系,原校系/本校留任,2,"國立虎尾科技大學工業管理系(正取,分發); 國立屏東科技大學企業管理系(通過)"
CAND_3683,113,nfu_iem,國立虎尾科技大學,工業管理系(商管群),國立虎尾科技大學 工業管理系(商管群),61091035,房*木,正取,國立虎尾科技大學,國立虎尾科技大學工業管理系,原校系/本校留任,2,"國立虎尾科技大學工業管理系(正取,分發); 國立勤益科技大學流通管理系(通過)"
CAND_3684,113,nfu_iem,國立虎尾科技大學,工業管理系(商管群),國立虎尾科技大學 工業管理系(商管群),68090086,魏*綺,正取,國立高雄科技大學,國立高雄科技大學行銷與流通管理系,其他學校錄取,3,"國立虎尾科技大學工業管理系(正取); 國立高雄科技大學行銷與流通管理系(備取,分發); 國立臺中科技大學國際貿易與經營系(備取)"
CAND_3685,113,nfu_iem,國立虎尾科技大學,工業管理系(商管群),國立虎尾科技大學 工業管理系(商管群),64090585,陳*綾,正取,國立勤益科技大學,國立勤益科技大學企業管理系,其他學校錄取,2,"國立虎尾科技大學工業管理系(正取); 國立勤益科技大學企業管理系(正取,分發)"
CAND_3686,113,nfu_iem,國立虎尾科技大學,工業管理系(商管群),國立虎尾科技大學 工業管理系(商管群),56090358,張*,正取,國立虎尾科技大學,國立虎尾科技大學工業管理系,原校系/本校留任,1,"國立虎尾科技大學工業管理系(正取,分發)"
CAND_3687,113,nfu_iem,國立虎尾科技大學,工業管理系(商管群),國立虎尾科技大學 工業管理系(商管群),61090527,李*慈,正取,國立虎尾科技大學,國立虎尾科技大學工業管理系,原校系/本校留任,3,"國立虎尾科技大學工業管理系(正取,分發); 國立勤益科技大學工業工程與管理系(正取); 國立臺中科技大學保險金融管理系(備取)"
CAND_3688,113,nfu_iem,國立虎尾科技大學,工業管理系(商管群),國立虎尾科技大學 工業管理系(商管群),58090272,陳*齊,正取,國立臺中科技大學,國立臺中科技大學資訊工程系,其他學校錄取,4,"國立虎尾科技大學工業管理系(正取); 國立高雄科技大學企業管理系(備取); 國立勤益科技大學資訊管理系(備取); 國立臺中科技大學資訊工程系(備取,分發)"
CAND_3689,113,nfu_iem,國立虎尾科技大學,工業管理系(商管群),國立虎尾科技大學 工業管理系(商管群),59090449,陳*如,正取,國立勤益科技大學,國立勤益科技大學工業工程與管理系,其他學校錄取,2,"國立虎尾科技大學工業管理系(正取); 國立勤益科技大學工業工程與管理系(正取,分發)"
CAND_3690,113,nfu_iem,國立虎尾科技大學,工業管理系(商管群),國立虎尾科技大學 工業管理系(商管群),68090141,許*迦,正取,國立虎尾科技大學,國立虎尾科技大學工業管理系,原校系/本校留任,3,"國立虎尾科技大學工業管理系(正取,分發); 國立高雄科技大學工業工程與管理系(備取); 國立高雄科技大學智慧商務系(通過)"
CAND_3691,113,nfu_iem,國立虎尾科技大學,工業管理系(商管群),國立虎尾科技大學 工業管理系(商管群),66090386,吳*靜,正取,國立虎尾科技大學,國立虎尾科技大學工業管理系,原校系/本校留任,1,"國立虎尾科技大學工業管理系(正取,分發)"
CAND_3692,113,nfu_iem,國立虎尾科技大學,工業管理系(商管群),國立虎尾科技大學 工業管理系(商管群),67090243,梁*喬,正取,國立虎尾科技大學,國立虎尾科技大學工業管理系,原校系/本校留任,2,"國立虎尾科技大學工業管理系(正取,分發); 國立勤益科技大學工業工程與管理系(備取)"
CAND_3693,113,nfu_iem,國立虎尾科技大學,工業管理系(商管群),國立虎尾科技大學 工業管理系(商管群),60090153,黄*印,正取,國立勤益科技大學,國立勤益科技大學工業工程與管理系,其他學校錄取,3,"國立虎尾科技大學工業管理系(正取); 國立勤益科技大學工業工程與管理系(正取,分發); 國立屏東大學資訊管理學系(通過)"
CAND_3694,113,nfu_iem,國立虎尾科技大學,工業管理系(商管群),國立虎尾科技大學 工業管理系(商管群),69090114,連*琇,正取,國立虎尾科技大學,國立虎尾科技大學工業管理系,原校系/本校留任,1,"國立虎尾科技大學工業管理系(正取,分發)"
CAND_3695,113,nfu_iem,國立虎尾科技大學,工業管理系(商管群),國立虎尾科技大學 工業管理系(商管群),61091758,陳*佁,正取,國立虎尾科技大學,國立虎尾科技大學工業管理系,原校系/本校留任,3,"國立虎尾科技大學工業管理系(正取,分發); 國立屏東科技大學企業管理系(通過); 朝陽科技大學財務金融系(通過)"
CAND_3696,113,nfu_iem,國立虎尾科技大學,工業管理系(商管群),國立虎尾科技大學 工業管理系(商管群),68090154,姚*,正取,國立虎尾科技大學,國立虎尾科技大學工業管理系,原校系/本校留任,3,"國立虎尾科技大學工業管理系(正取,分發); 國立屏東科技大學工業管理系(通過); 國立勤益科技大學資訊工程系(備取)"
CAND_3697,113,nfu_iem,國立虎尾科技大學,工業管理系(商管群),國立虎尾科技大學 工業管理系(商管群),69006009,黄*行,正取,國立虎尾科技大學,國立虎尾科技大學工業管理系,原校系/本校留任,3,"國立虎尾科技大學工業管理系(正取,分發); 國立勤益科技大學工業工程與管理系(正取); 國立臺中科技大學應用統計系(備取)"
CAND_3698,113,nfu_iem,國立虎尾科技大學,工業管理系(商管群),國立虎尾科技大學 工業管理系(商管群),71090241,蕭*軒,正取,國立虎尾科技大學,國立虎尾科技大學工業管理系,原校系/本校留任,4,"國立虎尾科技大學工業管理系(正取,分發); 國立屏東科技大學工業管理系(通過); 國立屏東大學國際經營與貿易學系(通過); 國立屏東大學企業管理學系(正取)"
CAND_3699,113,nfu_iem,國立虎尾科技大學,工業管理系(商管群),國立虎尾科技大學 工業管理系(商管群),61091001,陳*渝,正取,國立虎尾科技大學,國立虎尾科技大學工業管理系,原校系/本校留任,3,"國立虎尾科技大學工業管理系(正取,分發); 國立高雄科技大學運籌管理系(備取); 國立勤益科技大學流通管理系(備取)"
CAND_3700,113,nfu_iem,國立虎尾科技大學,工業管理系(商管群),國立虎尾科技大學 工業管理系(商管群),60090306,林*菁,備取,國立臺中科技大學,國立臺中科技大學應用統計系,其他學校錄取,4,"國立虎尾科技大學工業管理系(備取); 國立屏東科技大學企業管理系(通過); 國立勤益科技大學資訊管理系(通過); 國立臺中科技大學應用統計系(正取,分發)"
CAND_3701,113,nfu_iem,國立虎尾科技大學,工業管理系(商管群),國立虎尾科技大學 工業管理系(商管群),60090267,范*,備取,國立虎尾科技大學,國立虎尾科技大學工業管理系,原校系/本校留任,1,"國立虎尾科技大學工業管理系(備取,分發)"
CAND_3702,113,nfu_iem,國立虎尾科技大學,工業管理系(商管群),國立虎尾科技大學 工業管理系(商管群),64090581,周*妤,備取,國立虎尾科技大學,國立虎尾科技大學工業管理系,原校系/本校留任,2,"國立虎尾科技大學工業管理系(備取,分發); 朝陽科技大學工業工程與管理系(正取)"
CAND_3703,113,nfu_iem,國立虎尾科技大學,工業管理系(商管群),國立虎尾科技大學 工業管理系(商管群),69090093,賴*女,備取,國立屏東大學,國立屏東大學不動產經營學系,其他學校錄取,3,"國立虎尾科技大學工業管理系(備取); 國立高雄科技大學漁業科技與管理系(通過); 國立屏東大學不動產經營學系(正取,分發)"
CAND_3704,113,nfu_iem,國立虎尾科技大學,工業管理系(商管群),國立虎尾科技大學 工業管理系(商管群),61090195,高*賢,備取,靜宜大學,靜宜大學企業管理學系,其他學校錄取,3,"國立虎尾科技大學工業管理系(備取); 朝陽科技大學行銷與流通管理系(備取); 靜宜大學企業管理學系(備取,分發)"
CAND_3705,113,nfu_iem,國立虎尾科技大學,工業管理系(商管群),國立虎尾科技大學 工業管理系(商管群),58090160,陳*琦,備取,國立勤益科技大學,國立勤益科技大學資訊管理系,其他學校錄取,3,"國立虎尾科技大學工業管理系(備取); 國立高雄科技大學資訊管理系(備取); 國立勤益科技大學資訊管理系(正取,分發)"
CAND_3706,113,nfu_iem,國立虎尾科技大學,工業管理系(商管群),國立虎尾科技大學 工業管理系(商管群),68090069,許*媛,備取,國立高雄科技大學,國立高雄科技大學會計資訊系,其他學校錄取,3,"國立虎尾科技大學工業管理系(備取); 國立高雄科技大學會計資訊系(備取,分發); 國立屏東大學會計學系(正取)"
CAND_3707,113,nfu_iem,國立虎尾科技大學,工業管理系(商管群),國立虎尾科技大學 工業管理系(商管群),61090007,湯*甄,備取,國立虎尾科技大學,國立虎尾科技大學工業管理系,原校系/本校留任,3,"國立虎尾科技大學工業管理系(備取,分發); 朝陽科技大學財務金融系(正取); 國立屏東大學不動產經營學系(正取)"
CAND_3708,113,nfu_iem,國立虎尾科技大學,工業管理系(商管群),國立虎尾科技大學 工業管理系(商管群),64090177,黄*程,備取,國立臺中科技大學,國立臺中科技大學應用統計系,其他學校錄取,4,"國立虎尾科技大學工業管理系(備取); 國立勤益科技大學資訊管理系(資安人才)(通過); 國立臺中科技大學應用統計系(正取,分發); 朝陽科技大學財務金融系(通過)"
CAND_3709,113,nfu_iem,國立虎尾科技大學,工業管理系(商管群),國立虎尾科技大學 工業管理系(商管群),61091543,陳*彤,備取,國立高雄科技大學,國立高雄科技大學商務資訊應用系,其他學校錄取,3,"國立虎尾科技大學工業管理系(備取); 國立高雄科技大學商務資訊應用系(備取,分發); 國立臺中科技大學財政稅務系(備取)"
CAND_3710,113,nfu_iem,國立虎尾科技大學,工業管理系(商管群),國立虎尾科技大學 工業管理系(商管群),59090069,彭*欣,備取,國立虎尾科技大學,國立虎尾科技大學工業管理系,原校系/本校留任,2,"國立虎尾科技大學工業管理系(備取,分發); 國立屏東科技大學工業管理系(通過)"
CAND_3711,113,nfu_iem,國立虎尾科技大學,工業管理系(商管群),國立虎尾科技大學 工業管理系(商管群),61090164,李*宇,備取,國立高雄科技大學,國立高雄科技大學商務資訊應用系,其他學校錄取,3,"國立虎尾科技大學工業管理系(備取); 國立高雄科技大學商務資訊應用系(正取,分發); 朝陽科技大學資訊管理系資訊管理組(通過)"
CAND_3712,113,nfu_iem,國立虎尾科技大學,工業管理系(商管群),國立虎尾科技大學 工業管理系(商管群),58090131,盧*彤,備取,國立虎尾科技大學,國立虎尾科技大學工業管理系,原校系/本校留任,3,"國立虎尾科技大學工業管理系(備取,分發); 致理科技大學會計資訊系(通過); 國立屏東大學會計學系(正取)"
CAND_3713,113,nfu_iem,國立虎尾科技大學,工業管理系(商管群),國立虎尾科技大學 工業管理系(商管群),66090234,顏*,備取,國立虎尾科技大學,國立虎尾科技大學工業管理系,原校系/本校留任,3,"國立虎尾科技大學工業管理系(備取,分發); 朝陽科技大學企業管理系(通過); 靜宜大學財務金融學系(通過)"
CAND_3714,113,nfu_iem,國立虎尾科技大學,工業管理系(商管群),國立虎尾科技大學 工業管理系(商管群),69090013,歐*妤,備取,國立虎尾科技大學,國立虎尾科技大學工業管理系,原校系/本校留任,3,"國立虎尾科技大學工業管理系(備取,分發); 國立屏東科技大學工業管理系(正取); 國立勤益科技大學工業工程與管理系(正取)"
CAND_3715,113,nfu_iem,國立虎尾科技大學,工業管理系(商管群),國立虎尾科技大學 工業管理系(商管群),68530078,林*女,備取,國立高雄科技大學,國立高雄科技大學商務資訊應用系,其他學校錄取,3,"國立虎尾科技大學工業管理系(備取); 國立高雄科技大學商務資訊應用系(備取,分發); 國立勤益科技大學人工智慧應用工程系(備取)"
CAND_3716,113,nfu_iem,國立虎尾科技大學,工業管理系(商管群),國立虎尾科技大學 工業管理系(商管群),59090458,*甄,備取,國立臺中科技大學,國立臺中科技大學休閒事業經營系,其他學校錄取,6,"國立虎尾科技大學工業管理系(備取); 國立勤益科技大學企業管理系(備取); 國立臺中科技大學休閒事業經營系(正取,分發); 朝陽科技大學企業管理系(通過); 致理科技大學行銷與流通管理系(通過); 國立聯合大學經營管理學系(正取)"
CAND_3717,113,nfu_iem,國立虎尾科技大學,工業管理系(商管群),國立虎尾科技大學 工業管理系(商管群),61091603,*縈,備取,國立臺中科技大學,國立臺中科技大學應用日語系,其他學校錄取,2,"國立虎尾科技大學工業管理系(備取); 國立臺中科技大學應用日語系(正取,分發)"
CAND_3718,113,nfu_iem,國立虎尾科技大學,工業管理系(商管群),國立虎尾科技大學 工業管理系(商管群),58090180,李*,備取,國立虎尾科技大學,國立虎尾科技大學工業管理系,原校系/本校留任,2,"國立虎尾科技大學工業管理系(備取,分發); 國立勤益科技大學工業工程與管理系(正取)"
CAND_3719,113,nfu_iem,國立虎尾科技大學,工業管理系(商管群),國立虎尾科技大學 工業管理系(商管群),68090121,林*,備取,國立勤益科技大學,國立勤益科技大學工業工程與管理系,其他學校錄取,3,"國立虎尾科技大學工業管理系(備取); 國立屏東科技大學工業管理系(通過); 國立勤益科技大學工業工程與管理系(備取,分發)"
CAND_3720,113,nfu_iem,國立虎尾科技大學,工業管理系(商管群),國立虎尾科技大學 工業管理系(商管群),64090371,黄*伶,備取,國立屏東大學,國立屏東大學國際經營與貿易學系,其他學校錄取,5,"國立虎尾科技大學工業管理系(備取); 國立高雄科技大學商務資訊應用系(資安人才)(備取); 國立勤益科技大學資訊工程系(通過); 國立臺中科技大學老人服務事業管理系(備取); 國立屏東大學國際經營與貿易學系(備取,分發)"
CAND_3721,113,nfu_iem,國立虎尾科技大學,工業管理系(商管群),國立虎尾科技大學 工業管理系(商管群),54090205,汪*郁,備取,國立勤益科技大學,國立勤益科技大學企業管理系,其他學校錄取,2,"國立虎尾科技大學工業管理系(備取); 國立勤益科技大學企業管理系(備取,分發)"
CAND_3722,113,nfu_iem,國立虎尾科技大學,工業管理系(商管群),國立虎尾科技大學 工業管理系(商管群),60090185,*青,備取,國立虎尾科技大學,國立虎尾科技大學工業管理系,原校系/本校留任,4,"國立虎尾科技大學工業管理系(備取,分發); 朝陽科技大學傳播藝術系(通過); 僑光科技大學多媒體與遊戲設計系(通過); 致理科技大學企業管理系(通過)"
CAND_3723,113,nfu_iem,國立虎尾科技大學,工業管理系(商管群),國立虎尾科技大學 工業管理系(商管群),61091794,謝*祥,備取,國立勤益科技大學,國立勤益科技大學工業工程與管理系,其他學校錄取,3,"國立虎尾科技大學工業管理系(備取); 國立勤益科技大學工業工程與管理系(備取,分發); 國立屏東大學企業管理學系(通過)"
CAND_3724,113,nfu_iem,國立虎尾科技大學,工業管理系(商管群),國立虎尾科技大學 工業管理系(商管群),74090170,林*婷,備取,國立虎尾科技大學,國立虎尾科技大學工業管理系,原校系/本校留任,3,"國立虎尾科技大學工業管理系(備取,分發); 國立屏東科技大學企業管理系(通過); 致理科技大學財務金融系(通過)"
CAND_3725,113,nfu_iem,國立虎尾科技大學,工業管理系(商管群),國立虎尾科技大學 工業管理系(商管群),51090244,吳*宇,備取,國立勤益科技大學,國立勤益科技大學工業工程與管理系,其他學校錄取,2,"國立虎尾科技大學工業管理系(通過); 國立勤益科技大學工業工程與管理系(正取,分發)"
CAND_3726,113,nfu_iem,國立虎尾科技大學,工業管理系(商管群),國立虎尾科技大學 工業管理系(商管群),51090303,張*婕,備取,逢甲大學,逢甲大學工業工程與系統管理學系,其他學校錄取,4,"國立虎尾科技大學工業管理系(通過); 國立虎尾科技大學應用外語系(通過); 中原大學資訊管理學系(備取); 逢甲大學工業工程與系統管理學系(備取,分發)"
CAND_3727,113,nfu_iem,國立虎尾科技大學,工業管理系(商管群),國立虎尾科技大學 工業管理系(商管群),52090953,鄭*婷,備取,國立臺中科技大學,國立臺中科技大學企業管理系,其他學校錄取,6,"國立虎尾科技大學工業管理系(通過); 國立高雄科技大學行銷與流通管理系(通過); 國立虎尾科技大學企業管理系(通過); 國立勤益科技大學企業管理系(通過); 國立臺北護理健康大學健康事業管理系(通過); 國立臺中科技大學企業管理系(正取,分發)"
CAND_3728,113,nfu_iem,國立虎尾科技大學,工業管理系(商管群),國立虎尾科技大學 工業管理系(商管群),55090106,李*儀,備取,國立臺中科技大學,國立臺中科技大學資訊工程系,其他學校錄取,4,"國立虎尾科技大學工業管理系(通過); 國立臺北護理健康大學健康事業管理系(正取); 國立臺中科技大學資訊工程系(正取,分發); 明志科技大學經營管理系(通過)"
CAND_3729,113,nfu_iem,國立虎尾科技大學,工業管理系(商管群),國立虎尾科技大學 工業管理系(商管群),56090498,盛*,備取,—,—,未分發或放棄,4,國立虎尾科技大學工業管理系(通過); 國立高雄科技大學風險管理與保險系(通過); 國立勤益科技大學工業工程與管理系(正取); 國立屏東大學會計學系(通過)
CAND_3730,113,nfu_iem,國立虎尾科技大學,工業管理系(商管群),國立虎尾科技大學 工業管理系(商管群),56090530,楊*,備取,國立宜蘭大學,國立宜蘭大學應用經濟與管理學系,其他學校錄取,4,"國立虎尾科技大學工業管理系(通過); 國立勤益科技大學工業工程與管理系(正取); 國立臺中科技大學會計資訊系(備取); 國立宜蘭大學應用經濟與管理學系(正取,分發)"
CAND_3731,113,nfu_iem,國立虎尾科技大學,工業管理系(商管群),國立虎尾科技大學 工業管理系(商管群),57090618,*翎,備取,—,—,未分發或放棄,3,國立虎尾科技大學工業管理系(通過); 國立勤益科技大學工業工程與管理系(通過); 國立臺中科技大學國際貿易與經營系(通過)
CAND_3732,113,nfu_iem,國立虎尾科技大學,工業管理系(商管群),國立虎尾科技大學 工業管理系(商管群),57090963,*么,備取,—,—,未分發或放棄,2,國立虎尾科技大學工業管理系(通過); 國立勤益科技大學工業工程與管理系(通過)
CAND_3733,113,nfu_iem,國立虎尾科技大學,工業管理系(商管群),國立虎尾科技大學 工業管理系(商管群),58090056,—,備取,國立高雄科技大學,國立高雄科技大學運籌管理系,其他學校錄取,4,"國立虎尾科技大學工業管理系(通過); 國立高雄科技大學運籌管理系(備取,分發); 國立勤益科技大學工業工程與管理系(通過); 國立臺中科技大學財政稅務系(備取)"
CAND_3734,113,nfu_iem,國立虎尾科技大學,工業管理系(商管群),國立虎尾科技大學 工業管理系(商管群),58090125,F*,備取,國立勤益科技大學,國立勤益科技大學工業工程與管理系,其他學校錄取,5,"國立虎尾科技大學工業管理系(通過); 國立屏東科技大學工業管理系(正取); 國立屏東科技大學企業管理系(正取); 國立勤益科技大學工業工程與管理系(正取,分發); 國立屏東大學國際經營與貿易學系(正取)"
CAND_3735,113,nfu_iem,國立虎尾科技大學,工業管理系(商管群),國立虎尾科技大學 工業管理系(商管群),58090189,*降,備取,國立臺中科技大學,國立臺中科技大學財政稅務系,其他學校錄取,4,"國立虎尾科技大學工業管理系(通過); 國立高雄科技大學會計資訊系(通過); 國立勤益科技大學資訊管理系(通過); 國立臺中科技大學財政稅務系(正取,分發)"
CAND_3736,113,nfu_iem,國立虎尾科技大學,工業管理系(商管群),國立虎尾科技大學 工業管理系(商管群),58090313,胡*銓,備取,國立臺中科技大學,國立臺中科技大學國際貿易與經營系,其他學校錄取,4,"國立虎尾科技大學工業管理系(通過); 國立虎尾科技大學財務金融系(備取); 國立勤益科技大學流通管理系(通過); 國立臺中科技大學國際貿易與經營系(備取,分發)"
CAND_3737,113,nfu_iem,國立虎尾科技大學,工業管理系(商管群),國立虎尾科技大學 工業管理系(商管群),59090034,林*婕,備取,國立高雄科技大學,國立高雄科技大學工業工程與管理系,其他學校錄取,5,"國立虎尾科技大學工業管理系(通過); 國立高雄科技大學工業工程與管理系(備取,分發); 國立高雄科技大學資訊管理系(備取); 國立虎尾科技大學資訊管理系(通過); 國立臺中科技大學財務金融系(通過)"
CAND_3738,113,nfu_iem,國立虎尾科技大學,工業管理系(商管群),國立虎尾科技大學 工業管理系(商管群),59090118,温*伊,備取,逢甲大學,逢甲大學經濟學系,其他學校錄取,6,"國立虎尾科技大學工業管理系(通過); 國立高雄科技大學運籌管理系(正取); 國立高雄科技大學商務資訊應用系(正取); 國立勤益科技大學資訊管理系(通過); 國立臺中科技大學財政稅務系(正取); 逢甲大學經濟學系(正取,分發)"
CAND_3739,113,nfu_iem,國立虎尾科技大學,工業管理系(商管群),國立虎尾科技大學 工業管理系(商管群),60090065,林*,備取,致理科技大學,致理科技大學企業管理系,其他學校錄取,5,"國立虎尾科技大學工業管理系(通過); 國立臺中科技大學財務金融系(通過); 朝陽科技大學企業管理系(通過); 明志科技大學經營管理系(通過); 致理科技大學企業管理系(正取,分發)"
CAND_3740,113,nfu_iem,國立虎尾科技大學,工業管理系(商管群),國立虎尾科技大學 工業管理系(商管群),61090585,*詒,備取,—,—,未分發或放棄,2,國立虎尾科技大學工業管理系(通過); 國立屏東科技大學工業管理系(通過)
CAND_3741,113,nfu_iem,國立虎尾科技大學,工業管理系(商管群),國立虎尾科技大學 工業管理系(商管群),61090963,陳*靚,備取,國立臺中科技大學,國立臺中科技大學流通管理系,其他學校錄取,6,"國立虎尾科技大學工業管理系(通過); 國立虎尾科技大學企業管理系(通過); 國立勤益科技大學企業管理系(通過); 國立臺中科技大學流通管理系(備取,分發); 僑光科技大學財經法律系(通過); 靜宜大學企業管理學系(通過)"
CAND_3742,113,nfu_iem,國立虎尾科技大學,工業管理系(商管群),國立虎尾科技大學 工業管理系(商管群),61090999,維*欣,備取,國立臺中科技大學,國立臺中科技大學財政稅務系,其他學校錄取,4,"國立虎尾科技大學工業管理系(通過); 國立虎尾科技大學財務金融系(通過); 國立勤益科技大學工業工程與管理系(通過); 國立臺中科技大學財政稅務系(備取,分發)"
CAND_3743,113,nfu_iem,國立虎尾科技大學,工業管理系(商管群),國立虎尾科技大學 工業管理系(商管群),61091003,—,備取,國立勤益科技大學,國立勤益科技大學企業管理系,其他學校錄取,3,"國立虎尾科技大學工業管理系(通過); 國立虎尾科技大學企業管理系(通過); 國立勤益科技大學企業管理系(備取,分發)"
CAND_3744,113,nfu_iem,國立虎尾科技大學,工業管理系(商管群),國立虎尾科技大學 工業管理系(商管群),61091064,林*庭,備取,—,—,未分發或放棄,4,國立虎尾科技大學工業管理系(通過); 國立勤益科技大學資訊管理系(正取); 國立臺北商業大學資訊管理系(臺北校區)(資安人才)(通過); 國立聯合大學資訊管理學系(通過)
CAND_3745,113,nfu_iem,國立虎尾科技大學,工業管理系(商管群),國立虎尾科技大學 工業管理系(商管群),61091289,林*翔,備取,國立臺中科技大學,國立臺中科技大學資訊工程系,其他學校錄取,4,"國立虎尾科技大學工業管理系(通過); 國立高雄科技大學資訊管理系(正取); 國立勤益科技大學資訊管理系(通過); 國立臺中科技大學資訊工程系(正取,分發)"
CAND_3746,113,nfu_iem,國立虎尾科技大學,工業管理系(商管群),國立虎尾科技大學 工業管理系(商管群),61091567,*晴,備取,—,—,未分發或放棄,1,國立虎尾科技大學工業管理系(通過)
CAND_3747,113,nfu_iem,國立虎尾科技大學,工業管理系(商管群),國立虎尾科技大學 工業管理系(商管群),61091717,林*吴,備取,—,—,未分發或放棄,2,國立虎尾科技大學工業管理系(通過); 國立虎尾科技大學資訊管理系(通過)
CAND_3748,113,nfu_iem,國立虎尾科技大學,工業管理系(商管群),國立虎尾科技大學 工業管理系(商管群),61091759,*翔,備取,國立勤益科技大學,國立勤益科技大學工業工程與管理系,其他學校錄取,3,"國立虎尾科技大學工業管理系(通過); 國立勤益科技大學工業工程與管理系(備取,分發); 朝陽科技大學資訊管理系資訊管理組(通過)"
CAND_3749,113,nfu_iem,國立虎尾科技大學,工業管理系(商管群),國立虎尾科技大學 工業管理系(商管群),62090130,吳*紘,備取,—,—,未分發或放棄,1,國立虎尾科技大學工業管理系(通過)
CAND_3750,113,nfu_iem,國立虎尾科技大學,工業管理系(商管群),國立虎尾科技大學 工業管理系(商管群),63090349,簡*,備取,國立臺中科技大學,國立臺中科技大學應用統計系,其他學校錄取,4,"國立虎尾科技大學工業管理系(通過); 國立高雄科技大學風險管理與保險系(通過); 國立勤益科技大學工業工程與管理系(通過); 國立臺中科技大學應用統計系(正取,分發)"
CAND_3751,113,nfu_iem,國立虎尾科技大學,工業管理系(商管群),國立虎尾科技大學 工業管理系(商管群),63090385,黄*諿,備取,國立臺中科技大學,國立臺中科技大學會計資訊系,其他學校錄取,2,"國立虎尾科技大學工業管理系(通過); 國立臺中科技大學會計資訊系(正取,分發)"
CAND_3752,113,nfu_iem,國立虎尾科技大學,工業管理系(商管群),國立虎尾科技大學 工業管理系(商管群),64090053,何*芦,備取,國立勤益科技大學,國立勤益科技大學工業工程與管理系,其他學校錄取,3,"國立虎尾科技大學工業管理系(通過); 國立高雄科技大學漁業科技與管理系(通過); 國立勤益科技大學工業工程與管理系(正取,分發)"
CAND_3753,113,nfu_iem,國立虎尾科技大學,工業管理系(商管群),國立虎尾科技大學 工業管理系(商管群),64090212,*諭,正取,國立虎尾科技大學,國立虎尾科技大學資訊管理系,原校系/本校留任,2,"國立虎尾科技大學工業管理系(通過); 國立虎尾科技大學資訊管理系(正取,分發)"
CAND_3754,113,nfu_iem,國立虎尾科技大學,工業管理系(商管群),國立虎尾科技大學 工業管理系(商管群),64090228,陳*授,備取,—,—,未分發或放棄,3,國立虎尾科技大學工業管理系(通過); 國立虎尾科技大學資訊管理系(通過); 國立臺中科技大學資訊管理系(通過)
CAND_3755,113,nfu_iem,國立虎尾科技大學,工業管理系(商管群),國立虎尾科技大學 工業管理系(商管群),64090376,*鈞,備取,—,—,未分發或放棄,4,國立虎尾科技大學工業管理系(通過); 國立高雄科技大學企業管理系(通過); 國立高雄科技大學風險管理與保險系(通過); 國立臺中科技大學保險金融管理系(備取)
CAND_3756,113,nfu_iem,國立虎尾科技大學,工業管理系(商管群),國立虎尾科技大學 工業管理系(商管群),64090574,李*如,備取,—,—,未分發或放棄,5,國立虎尾科技大學工業管理系(通過); 國立虎尾科技大學財務金融系(通過); 國立臺灣體育運動大學運動事業管理學系(通過); 國立屏東大學財務金融學系(通過); 國立屏東大學會計學系(通過)
CAND_3757,113,nfu_iem,國立虎尾科技大學,工業管理系(商管群),國立虎尾科技大學 工業管理系(商管群),65090011,*城,備取,國立屏東大學,國立屏東大學行銷與流通管理學系,其他學校錄取,3,"國立虎尾科技大學工業管理系(通過); 國立屏東大學不動產經營學系(通過); 國立屏東大學行銷與流通管理學系(備取,分發)"
CAND_3758,113,nfu_iem,國立虎尾科技大學,工業管理系(商管群),國立虎尾科技大學 工業管理系(商管群),65090021,*璋,備取,—,—,未分發或放棄,3,國立虎尾科技大學工業管理系(通過); 國立勤益科技大學工業工程與管理系(通過); 朝陽科技大學財務金融系(通過)
CAND_3759,113,nfu_iem,國立虎尾科技大學,工業管理系(商管群),國立虎尾科技大學 工業管理系(商管群),65090054,許*華,備取,國立高雄科技大學,國立高雄科技大學漁業科技與管理系,其他學校錄取,6,"國立虎尾科技大學工業管理系(通過); 國立屏東科技大學植物醫學系(通過); 國立屏東科技大學工業管理系(通過); 國立高雄科技大學漁業科技與管理系(備取,分發); 國立臺中科技大學智慧生產工程系(通過); 國立聯合大學經營管理學系(通過)"
CAND_3760,113,nfu_iem,國立虎尾科技大學,工業管理系(商管群),國立虎尾科技大學 工業管理系(商管群),65090096,黄*墉,備取,國立臺中科技大學,國立臺中科技大學會計資訊系,其他學校錄取,4,"國立虎尾科技大學工業管理系(通過); 國立虎尾科技大學資訊工程系(通過); 國立勤益科技大學工業工程與管理系(通過); 國立臺中科技大學會計資訊系(備取,分發)"
CAND_3761,113,nfu_iem,國立虎尾科技大學,工業管理系(商管群),國立虎尾科技大學 工業管理系(商管群),65090437,袁*智,備取,國立勤益科技大學,國立勤益科技大學資訊管理系,其他學校錄取,3,"國立虎尾科技大學工業管理系(通過); 國立勤益科技大學資訊管理系(備取,分發); 國立臺中科技大學流通管理系(通過)"
CAND_3762,113,nfu_iem,國立虎尾科技大學,工業管理系(商管群),國立虎尾科技大學 工業管理系(商管群),66090045,吳*琳,備取,—,—,未分發或放棄,2,國立虎尾科技大學工業管理系(通過); 國立勤益科技大學流通管理系(通過)
CAND_3763,113,nfu_iem,國立虎尾科技大學,工業管理系(商管群),國立虎尾科技大學 工業管理系(商管群),67090007,*綉,備取,國立虎尾科技大學,國立虎尾科技大學企業管理系,原校系/本校留任,5,"國立虎尾科技大學工業管理系(通過); 國立虎尾科技大學企業管理系(備取,分發); 國立勤益科技大學企業管理系(備取); 國立臺中科技大學企業管理系(備取); 朝陽科技大學企業管理系(通過)"
CAND_3764,113,nfu_iem,國立虎尾科技大學,工業管理系(商管群),國立虎尾科技大學 工業管理系(商管群),67090052,吳*瑄,備取,國立臺灣體育運動大學,國立臺灣體育運動大學運動事業管理學系,其他學校錄取,4,"國立虎尾科技大學工業管理系(通過); 國立勤益科技大學流通管理系(正取); 國立臺中科技大學休閒事業經營系(正取); 國立臺灣體育運動大學運動事業管理學系(正取,分發)"
CAND_3765,113,nfu_iem,國立虎尾科技大學,工業管理系(商管群),國立虎尾科技大學 工業管理系(商管群),67090258,吳*小,備取,—,—,未分發或放棄,3,國立虎尾科技大學工業管理系(通過); 國立高雄科技大學智慧商務系(通過); 國立臺中科技大學保險金融管理系(通過)
CAND_3766,113,nfu_iem,國立虎尾科技大學,工業管理系(商管群),國立虎尾科技大學 工業管理系(商管群),67090357,*智,備取,國立屏東大學,國立屏東大學會計學系,其他學校錄取,4,"國立虎尾科技大學工業管理系(通過); 國立屏東科技大學工業管理系(通過); 國立屏東大學會計學系(備取,分發); 國立屏東大學商業大數據學系(通過)"
CAND_3767,113,nfu_iem,國立虎尾科技大學,工業管理系(商管群),國立虎尾科技大學 工業管理系(商管群),67090375,*淞,備取,國立屏東大學,國立屏東大學資訊管理學系,其他學校錄取,5,"國立虎尾科技大學工業管理系(通過); 國立屏東科技大學資訊管理系(正取); 國立屏東科技大學工業管理系(正取); 朝陽科技大學資訊管理系資訊管理組(通過); 國立屏東大學資訊管理學系(備取,分發)"
CAND_3768,113,nfu_iem,國立虎尾科技大學,工業管理系(商管群),國立虎尾科技大學 工業管理系(商管群),67090383,方*,備取,國立屏東大學,國立屏東大學資訊管理學系,其他學校錄取,5,"國立虎尾科技大學工業管理系(通過); 國立屏東科技大學資訊管理系(正取); 國立勤益科技大學資訊管理系(備取); 國立臺中科技大學資訊工程系(備取); 國立屏東大學資訊管理學系(備取,分發)"
CAND_3769,113,nfu_iem,國立虎尾科技大學,工業管理系(商管群),國立虎尾科技大學 工業管理系(商管群),67090399,許*,備取,國立高雄科技大學,國立高雄科技大學智慧商務系,其他學校錄取,4,"國立虎尾科技大學工業管理系(通過); 國立高雄科技大學智慧商務系(正取,分發); 國立高雄科技大學商務資訊應用系(通過); 國立勤益科技大學資訊管理系(備取)"
CAND_3770,113,nfu_iem,國立虎尾科技大學,工業管理系(商管群),國立虎尾科技大學 工業管理系(商管群),68090002,沈*女,備取,—,—,未分發或放棄,1,國立虎尾科技大學工業管理系(通過)
CAND_3771,113,nfu_iem,國立虎尾科技大學,工業管理系(商管群),國立虎尾科技大學 工業管理系(商管群),68090029,陳*良,備取,國立高雄科技大學,國立高雄科技大學資訊管理系,其他學校錄取,4,"國立虎尾科技大學工業管理系(通過); 國立高雄科技大學工業工程與管理系(通過); 國立高雄科技大學資訊管理系(正取,分發); 國立虎尾科技大學資訊管理系(通過)"
CAND_3772,113,nfu_iem,國立虎尾科技大學,工業管理系(商管群),國立虎尾科技大學 工業管理系(商管群),68090073,張*翔,備取,國立高雄科技大學,國立高雄科技大學應用日語系,其他學校錄取,4,"國立虎尾科技大學工業管理系(通過); 國立高雄科技大學智慧商務系(備取); 國立高雄科技大學應用日語系(正取,分發); 國立虎尾科技大學應用外語系(通過)"
CAND_3773,113,nfu_iem,國立虎尾科技大學,工業管理系(商管群),國立虎尾科技大學 工業管理系(商管群),68090129,鄧*彤,備取,國立高雄科技大學,國立高雄科技大學會計資訊系,其他學校錄取,3,"國立虎尾科技大學工業管理系(通過); 國立高雄科技大學會計資訊系(備取,分發); 國立臺中科技大學財政稅務系(備取)"
CAND_3774,113,nfu_iem,國立虎尾科技大學,工業管理系(商管群),國立虎尾科技大學 工業管理系(商管群),68090497,—,備取,—,—,未分發或放棄,1,國立虎尾科技大學工業管理系(通過)
CAND_3775,113,nfu_iem,國立虎尾科技大學,工業管理系(商管群),國立虎尾科技大學 工業管理系(商管群),68090565,F*禎,備取,—,—,未分發或放棄,2,國立虎尾科技大學工業管理系(通過); 國立勤益科技大學企業管理系(通過)
CAND_3776,113,nfu_iem,國立虎尾科技大學,工業管理系(商管群),國立虎尾科技大學 工業管理系(商管群),68090618,汪*緯,正取,國立高雄科技大學,國立高雄科技大學文化創意產業系,其他學校錄取,4,"國立虎尾科技大學工業管理系(通過); 國立高雄科技大學商務資訊應用系(正取); 國立高雄科技大學文化創意產業系(正取,分發); 國立虎尾科技大學企業管理系(正取)"
CAND_3777,113,nfu_iem,國立虎尾科技大學,工業管理系(商管群),國立虎尾科技大學 工業管理系(商管群),68530059,陳*,備取,國立臺中科技大學,國立臺中科技大學資訊管理系,其他學校錄取,2,"國立虎尾科技大學工業管理系(通過); 國立臺中科技大學資訊管理系(備取,分發)"
CAND_3778,113,nfu_iem,國立虎尾科技大學,工業管理系(商管群),國立虎尾科技大學 工業管理系(商管群),69090090,謝*倢,備取,—,—,未分發或放棄,3,國立虎尾科技大學工業管理系(通過); 國立屏東科技大學工業管理系(通過); 國立勤益科技大學工業工程與管理系(通過)
CAND_3779,113,nfu_iem,國立虎尾科技大學,工業管理系(商管群),國立虎尾科技大學 工業管理系(商管群),69090117,邱*婷,備取,—,—,未分發或放棄,1,國立虎尾科技大學工業管理系(通過)
CAND_3780,113,nfu_iem,國立虎尾科技大學,工業管理系(商管群),國立虎尾科技大學 工業管理系(商管群),70090030,鄭*心,備取,—,—,未分發或放棄,3,國立虎尾科技大學工業管理系(通過); 國立高雄科技大學風險管理與保險系(備取); 國立高雄科技大學金融資訊系(備取)
CAND_3781,113,nfu_iem,國立虎尾科技大學,工業管理系(商管群),國立虎尾科技大學 工業管理系(商管群),70090162,*哈,備取,—,—,未分發或放棄,3,國立虎尾科技大學工業管理系(通過); 國立臺中科技大學保險金融管理系(備取); 國立屏東大學不動產經營學系(通過)
CAND_3782,113,nfu_iem,國立虎尾科技大學,工業管理系(商管群),國立虎尾科技大學 工業管理系(商管群),70090445,*愷,備取,—,—,未分發或放棄,2,國立虎尾科技大學工業管理系(通過); 國立勤益科技大學流通管理系(通過)
CAND_3783,113,nfu_iem,國立虎尾科技大學,工業管理系(商管群),國立虎尾科技大學 工業管理系(商管群),70090961,*榕,正取,國立虎尾科技大學,國立虎尾科技大學企業管理系,原校系/本校留任,4,"國立虎尾科技大學工業管理系(通過); 國立高雄科技大學供應鏈管理系(備取); 國立虎尾科技大學企業管理系(正取,分發); 國立臺中科技大學保險金融管理系(備取)"
CAND_3784,113,nfu_iem,國立虎尾科技大學,工業管理系(商管群),國立虎尾科技大學 工業管理系(商管群),71090114,*軒,備取,—,—,未分發或放棄,2,國立虎尾科技大學工業管理系(通過); 國立勤益科技大學工業工程與管理系(通過)
CAND_3785,113,nfu_iem,國立虎尾科技大學,工業管理系(商管群),國立虎尾科技大學 工業管理系(商管群),71090127,徐*琦,備取,國立雲林科技大學,國立雲林科技大學工業工程與管理系,其他學校錄取,6,"國立虎尾科技大學工業管理系(通過); 國立雲林科技大學工業工程與管理系(正取,分發); 國立屏東科技大學工業管理系(通過); 國立臺北科技大學工業工程與管理系(通過); 國立高雄科技大學工業工程與管理系(正取); 國立勤益科技大學工業工程與管理系(通過)"
CAND_3786,113,nfu_iem,國立虎尾科技大學,工業管理系(商管群),國立虎尾科技大學 工業管理系(商管群),72090112,謝*威,備取,—,—,未分發或放棄,6,國立虎尾科技大學工業管理系(通過); 國立高雄科技大學觀光管理系(通過); 國立虎尾科技大學企業管理系(通過); 國立勤益科技大學企業管理系(通過); 國立臺北護理健康大學健康事業管理系(通過); 國立臺中科技大學財政稅務系(通過)
CAND_3787,113,nfu_iem,國立虎尾科技大學,工業管理系(商管群),國立虎尾科技大學 工業管理系(商管群),73090091,吳*,備取,明志科技大學,明志科技大學經營管理系,其他學校錄取,5,"國立虎尾科技大學工業管理系(通過); 國立虎尾科技大學企業管理系(備取); 國立臺中科技大學會計資訊系(通過); 明志科技大學經營管理系(正取,分發); 明志科技大學數位行銷設計學士學位學程(通過)"
CAND_3788,113,nfu_iem,國立虎尾科技大學,工業管理系(商管群),國立虎尾科技大學 工業管理系(商管群),73090218,*恩,備取,—,—,未分發或放棄,3,國立虎尾科技大學工業管理系(通過); 銘傳大學企業管理學系(台北校區)(通過); 實踐大學財務金融學系(臺北校區)(通過)
CAND_3789,113,nfu_iem,國立虎尾科技大學,工業管理系(商管群),國立虎尾科技大學 工業管理系(商管群),73090261,張*庭,備取,國立臺中科技大學,國立臺中科技大學應用統計系,其他學校錄取,5,"國立虎尾科技大學工業管理系(通過); 國立高雄科技大學運籌管理系(通過); 國立臺中科技大學應用統計系(正取,分發); 致理科技大學財務金融系(通過); 實踐大學會計學系(臺北校區)(通過)"
CAND_3790,114,nfu_iem,國立虎尾科技大學,工業管理系(機械群),國立虎尾科技大學 工業管理系(機械群),64010188,蕭*蕙,正取,國立高雄科技大學,國立高雄科技大學模具工程系精微模具組,其他學校錄取,4,"國立虎尾科技大學工業管理系(正取); 國立高雄科技大學模具工程系光電模具組(通過); 國立高雄科技大學模具工程系精微模具組(備取,分發); 國立彰化師範大學電機與機械科技學系(通過)"
CAND_3791,114,nfu_iem,國立虎尾科技大學,工業管理系(機械群),國立虎尾科技大學 工業管理系(機械群),61010488,許*,正取,—,—,未分發或放棄,3,國立虎尾科技大學工業管理系(正取); 國立高雄科技大學造船及海洋工程系(通過); 國立勤益科技大學工業工程與管理系(正取)
CAND_3792,114,nfu_iem,國立虎尾科技大學,工業管理系(機械群),國立虎尾科技大學 工業管理系(機械群),58010205,*遠,正取,國立虎尾科技大學,國立虎尾科技大學機械與電腦輔助工程系,原校系/本校留任,5,"國立虎尾科技大學工業管理系(正取); 國立虎尾科技大學機械與電腦輔助工程系(正取,分發); 國立勤益科技大學工業工程與管理系(正取); 明新科技大學工業工程與管理系(通過); 國立聯合大學機械工程學系(通過)"
CAND_3793,114,nfu_iem,國立虎尾科技大學,工業管理系(機械群),國立虎尾科技大學 工業管理系(機械群),70010084,吳*豪,正取,國立屏東科技大學,國立屏東科技大學機械工程系,其他學校錄取,3,"國立虎尾科技大學工業管理系(正取); 國立屏東科技大學機械工程系(備取,分發); 國立勤益科技大學工業工程與管理系(通過)"
CAND_3794,114,nfu_iem,國立虎尾科技大學,工業管理系(機械群),國立虎尾科技大學 工業管理系(機械群),60010146,A*閎,正取,國立虎尾科技大學,國立虎尾科技大學工業管理系,原校系/本校留任,3,"國立虎尾科技大學工業管理系(正取,分發); 國立高雄科技大學造船及海洋工程系(通過); 國立勤益科技大學機械工程系(備取)"
CAND_3795,114,nfu_iem,國立虎尾科技大學,工業管理系(機械群),國立虎尾科技大學 工業管理系(機械群),57010169,盧*,正取,國立虎尾科技大學,國立虎尾科技大學工業管理系,原校系/本校留任,1,"國立虎尾科技大學工業管理系(正取,分發)"
CAND_3796,114,nfu_iem,國立虎尾科技大學,工業管理系(機械群),國立虎尾科技大學 工業管理系(機械群),61010426,林*宏,正取,國立雲林科技大學,國立雲林科技大學環境與安全衛生工程系,其他學校錄取,6,"國立虎尾科技大學工業管理系(正取); 國立雲林科技大學環境與安全衛生工程系(正取,分發); 國立高雄科技大學工業工程與管理系(通過); 國立虎尾科技大學材料科學與工程系(備取); 國立勤益科技大學工業工程與管理系(正取); 逢甲大學工業工程與系統管理學系(通過)"
CAND_3797,114,nfu_iem,國立虎尾科技大學,工業管理系(機械群),國立虎尾科技大學 工業管理系(機械群),54010166,魏*佑,正取,國立高雄科技大學,國立高雄科技大學模具工程系光電模具組,其他學校錄取,5,"國立虎尾科技大學工業管理系(正取); 國立高雄科技大學模具工程系光電模具組(備取,分發); 國立高雄科技大學模具工程系精微模具組(通過); 國立虎尾科技大學機械與電腦輔助工程系(備取); 國立勤益科技大學工業工程與管理系(通過)"
CAND_3798,114,nfu_iem,國立虎尾科技大學,工業管理系(機械群),國立虎尾科技大學 工業管理系(機械群),61010595,陳*愷,正取,國立虎尾科技大學,國立虎尾科技大學工業管理系,原校系/本校留任,2,"國立虎尾科技大學工業管理系(正取,分發); 國立勤益科技大學工業工程與管理系(通過)"
CAND_3799,114,nfu_iem,國立虎尾科技大學,工業管理系(機械群),國立虎尾科技大學 工業管理系(機械群),70010119,張*豪,正取,國立虎尾科技大學,國立虎尾科技大學工業管理系,原校系/本校留任,4,"國立虎尾科技大學工業管理系(正取,分發); 國立雲林科技大學環境與安全衛生工程系(通過); 國立高雄科技大學工業工程與管理系(通過); 國立勤益科技大學工業工程與管理系(正取)"
CAND_3800,114,nfu_iem,國立虎尾科技大學,工業管理系(機械群),國立虎尾科技大學 工業管理系(機械群),61010124,謝*佑,正取,國立勤益科技大學,國立勤益科技大學工業工程與管理系,其他學校錄取,2,"國立虎尾科技大學工業管理系(正取); 國立勤益科技大學工業工程與管理系(備取,分發)"
CAND_3801,114,nfu_iem,國立虎尾科技大學,工業管理系(機械群),國立虎尾科技大學 工業管理系(機械群),61010581,陳*,正取,國立虎尾科技大學,國立虎尾科技大學機械與電腦輔助工程系,原校系/本校留任,3,"國立虎尾科技大學工業管理系(正取); 國立虎尾科技大學機械與電腦輔助工程系(正取,分發); 國立勤益科技大學機械工程系(正取)"
CAND_3802,114,nfu_iem,國立虎尾科技大學,工業管理系(機械群),國立虎尾科技大學 工業管理系(機械群),52010439,董*木,正取,國立高雄科技大學,國立高雄科技大學造船及海洋工程系,其他學校錄取,5,"國立虎尾科技大學工業管理系(正取); 國立屏東科技大學機械工程系(正取); 國立高雄科技大學造船及海洋工程系(備取,分發); 國立虎尾科技大學機械與電腦輔助工程系(備取); 國立勤益科技大學機械工程系(正取)"
CAND_3803,114,nfu_iem,國立虎尾科技大學,工業管理系(機械群),國立虎尾科技大學 工業管理系(機械群),62010018,陳*,正取,國立虎尾科技大學,國立虎尾科技大學工業管理系,原校系/本校留任,3,"國立虎尾科技大學工業管理系(正取,分發); 國立高雄科技大學工業設計系(通過); 國立虎尾科技大學機械設計工程系(通過)"
CAND_3804,114,nfu_iem,國立虎尾科技大學,工業管理系(機械群),國立虎尾科技大學 工業管理系(機械群),62010189,謝*洵,正取,國立虎尾科技大學,國立虎尾科技大學工業管理系,原校系/本校留任,5,"國立虎尾科技大學工業管理系(正取,分發); 國立高雄科技大學造船及海洋工程系(通過); 國立勤益科技大學工業工程與管理系(正取); 國立聯合大學機械工程學系(通過); 逢甲大學機械與電腦輔助工程學系(通過)"
CAND_3805,114,nfu_iem,國立虎尾科技大學,工業管理系(機械群),國立虎尾科技大學 工業管理系(機械群),56010367,邱*翔,正取,國立高雄科技大學,國立高雄科技大學造船及海洋工程系,其他學校錄取,4,"國立虎尾科技大學工業管理系(正取); 國立屏東科技大學機械工程系(備取); 國立高雄科技大學造船及海洋工程系(正取,分發); 國立勤益科技大學工業工程與管理系(通過)"
CAND_3806,114,nfu_iem,國立虎尾科技大學,工業管理系(機械群),國立虎尾科技大學 工業管理系(機械群),68010208,趙*翔,正取,國立虎尾科技大學,國立虎尾科技大學工業管理系,原校系/本校留任,3,"國立虎尾科技大學工業管理系(正取,分發); 國立勤益科技大學工業工程與管理系(備取); 南臺科技大學機械工程系自動化控制組(通過)"
CAND_3807,114,nfu_iem,國立虎尾科技大學,工業管理系(機械群),國立虎尾科技大學 工業管理系(機械群),67010194,陳*均,正取,國立虎尾科技大學,國立虎尾科技大學工業管理系,原校系/本校留任,1,"國立虎尾科技大學工業管理系(正取,分發)"
CAND_3808,114,nfu_iem,國立虎尾科技大學,工業管理系(機械群),國立虎尾科技大學 工業管理系(機械群),68010275,黄*桓,正取,國立虎尾科技大學,國立虎尾科技大學自動化工程系,原校系/本校留任,3,"國立虎尾科技大學工業管理系(正取); 國立虎尾科技大學自動化工程系(正取,分發); 國立臺北護理健康大學運動保健系(通過)"
CAND_3809,114,nfu_iem,國立虎尾科技大學,工業管理系(機械群),國立虎尾科技大學 工業管理系(機械群),67010145,鄭*住,備取,國立虎尾科技大學,國立虎尾科技大學工業管理系,原校系/本校留任,2,"國立虎尾科技大學工業管理系(備取,分發); 國立虎尾科技大學機械與電腦輔助工程系(正取)"
CAND_3810,114,nfu_iem,國立虎尾科技大學,工業管理系(機械群),國立虎尾科技大學 工業管理系(機械群),52010079,林*翔,備取,國立高雄科技大學,國立高雄科技大學造船及海洋工程系,其他學校錄取,3,"國立虎尾科技大學工業管理系(備取); 國立屏東科技大學機械工程系(通過); 國立高雄科技大學造船及海洋工程系(備取,分發)"
CAND_3811,114,nfu_iem,國立虎尾科技大學,工業管理系(機械群),國立虎尾科技大學 工業管理系(機械群),57010154,*佑,備取,國立虎尾科技大學,國立虎尾科技大學機械與電腦輔助工程系,原校系/本校留任,2,"國立虎尾科技大學工業管理系(備取); 國立虎尾科技大學機械與電腦輔助工程系(正取,分發)"
CAND_3812,114,nfu_iem,國立虎尾科技大學,工業管理系(機械群),國立虎尾科技大學 工業管理系(機械群),64010248,藍*,備取,國立勤益科技大學,國立勤益科技大學機械工程系,其他學校錄取,4,"國立虎尾科技大學工業管理系(備取); 國立高雄科技大學造船及海洋工程系(備取); 國立高雄科技大學航運技術系(備取); 國立勤益科技大學機械工程系(正取,分發)"
CAND_3813,114,nfu_iem,國立虎尾科技大學,工業管理系(機械群),國立虎尾科技大學 工業管理系(機械群),56010056,李*澄,備取,國立虎尾科技大學,國立虎尾科技大學工業管理系,原校系/本校留任,3,"國立虎尾科技大學工業管理系(備取,分發); 國立高雄科技大學造船及海洋工程系(正取); 國立勤益科技大學工業工程與管理系(正取)"
CAND_3814,114,nfu_iem,國立虎尾科技大學,工業管理系(機械群),國立虎尾科技大學 工業管理系(機械群),60010058,林*廷,備取,國立勤益科技大學,國立勤益科技大學工業工程與管理系,其他學校錄取,3,"國立虎尾科技大學工業管理系(備取); 國立虎尾科技大學機械與電腦輔助工程系(通過); 國立勤益科技大學工業工程與管理系(正取,分發)"
CAND_3815,114,nfu_iem,國立虎尾科技大學,工業管理系(機械群),國立虎尾科技大學 工業管理系(機械群),61010270,*諒,備取,國立高雄科技大學,國立高雄科技大學造船及海洋工程系,其他學校錄取,3,"國立虎尾科技大學工業管理系(備取); 國立高雄科技大學造船及海洋工程系(正取,分發); 國立勤益科技大學機械工程系(備取)"
CAND_3816,114,nfu_iem,國立虎尾科技大學,工業管理系(機械群),國立虎尾科技大學 工業管理系(機械群),63010050,*洋,備取,國立虎尾科技大學,國立虎尾科技大學工業管理系,原校系/本校留任,2,"國立虎尾科技大學工業管理系(備取,分發); 中臺科技大學環境與安全衛生工程系(通過)"
CAND_3817,114,nfu_iem,國立虎尾科技大學,工業管理系(機械群),國立虎尾科技大學 工業管理系(機械群),54010108,維*宏,備取,國立虎尾科技大學,國立虎尾科技大學工業管理系,原校系/本校留任,3,"國立虎尾科技大學工業管理系(備取,分發); 國立勤益科技大學工業工程與管理系(備取); 國立臺東專科學校動力機械科車輛組(通過)"
CAND_3818,114,nfu_iem,國立虎尾科技大學,工業管理系(機械群),國立虎尾科技大學 工業管理系(機械群),62010150,林*伯,備取,國立虎尾科技大學,國立虎尾科技大學工業管理系,原校系/本校留任,2,"國立虎尾科技大學工業管理系(備取,分發); 國立勤益科技大學工業工程與管理系(正取)"
CAND_3819,114,nfu_iem,國立虎尾科技大學,工業管理系(機械群),國立虎尾科技大學 工業管理系(機械群),67010035,簡*偉,備取,國立虎尾科技大學,國立虎尾科技大學工業管理系,原校系/本校留任,3,"國立虎尾科技大學工業管理系(備取,分發); 國立虎尾科技大學機械與電腦輔助工程系(正取); 國立勤益科技大學冷凍空調與能源系環境控制組(通過)"
CAND_3820,114,nfu_iem,國立虎尾科技大學,工業管理系(機械群),國立虎尾科技大學 工業管理系(機械群),61010365,林*廷,備取,國立高雄科技大學,國立高雄科技大學航運技術系,其他學校錄取,4,"國立虎尾科技大學工業管理系(備取); 國立高雄科技大學航運技術系(正取,分發); 國立高雄科技大學輪機工程系(正取); 國立勤益科技大學工業工程與管理系(正取)"
CAND_3821,114,nfu_iem,國立虎尾科技大學,工業管理系(機械群),國立虎尾科技大學 工業管理系(機械群),58010034,—,備取,國立勤益科技大學,國立勤益科技大學機械工程系,其他學校錄取,5,"國立虎尾科技大學工業管理系(備取); 國立虎尾科技大學機械與電腦輔助工程系(備取); 國立勤益科技大學機械工程系(備取,分發); 朝陽科技大學航空機械系(通過); 國立聯合大學機械工程學系(正取)"
CAND_3822,114,nfu_iem,國立虎尾科技大學,工業管理系(機械群),國立虎尾科技大學 工業管理系(機械群),68010088,何*邦,備取,國立虎尾科技大學,國立虎尾科技大學工業管理系,原校系/本校留任,2,"國立虎尾科技大學工業管理系(備取,分發); 國立勤益科技大學工業工程與管理系(通過)"
CAND_3823,114,nfu_iem,國立虎尾科技大學,工業管理系(機械群),國立虎尾科技大學 工業管理系(機械群),62010183,趙*航,備取,國立虎尾科技大學,國立虎尾科技大學機械與電腦輔助工程系,原校系/本校留任,2,"國立虎尾科技大學工業管理系(備取); 國立虎尾科技大學機械與電腦輔助工程系(備取,分發)"
CAND_3824,114,nfu_iem,國立虎尾科技大學,工業管理系(機械群),國立虎尾科技大學 工業管理系(機械群),56010163,F*,備取,國立虎尾科技大學,國立虎尾科技大學工業管理系,原校系/本校留任,1,"國立虎尾科技大學工業管理系(備取,分發)"
CAND_3825,114,nfu_iem,國立虎尾科技大學,工業管理系(機械群),國立虎尾科技大學 工業管理系(機械群),52010111,—,備取,國立勤益科技大學,國立勤益科技大學機械工程系,其他學校錄取,4,"國立虎尾科技大學工業管理系(備取); 國立虎尾科技大學自動化工程系(正取); 國立勤益科技大學機械工程系(正取,分發); 國立聯合大學機械工程學系(正取)"
CAND_3826,114,nfu_iem,國立虎尾科技大學,工業管理系(機械群),國立虎尾科技大學 工業管理系(機械群),64010371,賴*宏,備取,國立虎尾科技大學,國立虎尾科技大學機械與電腦輔助工程系,原校系/本校留任,4,"國立虎尾科技大學工業管理系(備取); 國立高雄科技大學高瞻科技不分系學士學位學程(通過); 國立虎尾科技大學機械與電腦輔助工程系(備取,分發); 國立勤益科技大學機械工程系(備取)"
CAND_3827,114,nfu_iem,國立虎尾科技大學,工業管理系(機械群),國立虎尾科技大學 工業管理系(機械群),52010158,林*恩,備取,—,—,未分發或放棄,2,國立虎尾科技大學工業管理系(通過); 國立高雄科技大學造船及海洋工程系(通過)
CAND_3828,114,nfu_iem,國立虎尾科技大學,工業管理系(機械群),國立虎尾科技大學 工業管理系(機械群),54010167,張*綾,備取,—,—,未分發或放棄,3,國立虎尾科技大學工業管理系(通過); 國立虎尾科技大學自動化工程系(通過); 國立勤益科技大學工業工程與管理系(正取)
CAND_3829,114,nfu_iem,國立虎尾科技大學,工業管理系(機械群),國立虎尾科技大學 工業管理系(機械群),54010303,林*浚,備取,國立雲林科技大學,國立雲林科技大學工業工程與管理系,其他學校錄取,5,"國立虎尾科技大學工業管理系(通過); 國立雲林科技大學工業工程與管理系(正取,分發); 國立高雄科技大學工業工程與管理系(備取); 國立高雄科技大學機電工程系精密機械組(通過); 國立虎尾科技大學機械與電腦輔助工程系(通過)"
CAND_3830,114,nfu_iem,國立虎尾科技大學,工業管理系(機械群),國立虎尾科技大學 工業管理系(機械群),55010069,李*女,備取,—,—,未分發或放棄,4,國立虎尾科技大學工業管理系(通過); 明志科技大學環境與安全衛生工程系(通過); 明志科技大學材料工程系(通過); 明志科技大學半導體材料與製程學士學位學程(通過)
CAND_3831,114,nfu_iem,國立虎尾科技大學,工業管理系(機械群),國立虎尾科技大學 工業管理系(機械群),58010026,黄*熙,備取,—,—,未分發或放棄,3,國立虎尾科技大學工業管理系(通過); 國立勤益科技大學機械工程系(通過); 逢甲大學機械與電腦輔助工程學系(通過)
CAND_3832,114,nfu_iem,國立虎尾科技大學,工業管理系(機械群),國立虎尾科技大學 工業管理系(機械群),60010060,黄*富,備取,—,—,未分發或放棄,4,國立虎尾科技大學工業管理系(通過); 朝陽科技大學工業設計系(通過); 明新科技大學工業工程與管理系(通過); 健行科技大學機械工程系(通過)
CAND_3833,114,nfu_iem,國立虎尾科技大學,工業管理系(機械群),國立虎尾科技大學 工業管理系(機械群),61010192,吳*,備取,國立勤益科技大學,國立勤益科技大學工業工程與管理系,其他學校錄取,4,"國立虎尾科技大學工業管理系(通過); 國立勤益科技大學工業工程與管理系(正取,分發); 國立彰化師範大學電機與機械科技學系(正取); 逢甲大學工業工程與系統管理學系(通過)"
CAND_3834,114,nfu_iem,國立虎尾科技大學,工業管理系(機械群),國立虎尾科技大學 工業管理系(機械群),61010370,李*,備取,國立勤益科技大學,國立勤益科技大學工業工程與管理系,其他學校錄取,2,"國立虎尾科技大學工業管理系(通過); 國立勤益科技大學工業工程與管理系(正取,分發)"
CAND_3835,114,nfu_iem,國立虎尾科技大學,工業管理系(機械群),國立虎尾科技大學 工業管理系(機械群),61010633,徐*潔,備取,—,—,未分發或放棄,5,國立虎尾科技大學工業管理系(通過); 國立高雄科技大學工業工程與管理系(通過); 國立高雄科技大學機電工程系精密機械組(通過); 國立虎尾科技大學自動化工程系(通過); 國立勤益科技大學工業工程與管理系(通過)
CAND_3836,114,nfu_iem,國立虎尾科技大學,工業管理系(機械群),國立虎尾科技大學 工業管理系(機械群),62010059,潘*女,備取,國立勤益科技大學,國立勤益科技大學機械工程系,其他學校錄取,3,"國立虎尾科技大學工業管理系(通過); 國立虎尾科技大學機械與電腦輔助工程系(備取); 國立勤益科技大學機械工程系(備取,分發)"
CAND_3837,114,nfu_iem,國立虎尾科技大學,工業管理系(機械群),國立虎尾科技大學 工業管理系(機械群),62010122,*妤,備取,—,—,未分發或放棄,3,國立虎尾科技大學工業管理系(通過); 國立虎尾科技大學機械與電腦輔助工程系(通過); 國立勤益科技大學智慧自動化工程系(通過)
CAND_3838,114,nfu_iem,國立虎尾科技大學,工業管理系(機械群),國立虎尾科技大學 工業管理系(機械群),62010134,陳*與,正取,國立虎尾科技大學,國立虎尾科技大學機械設計工程系,原校系/本校留任,2,"國立虎尾科技大學工業管理系(通過); 國立虎尾科技大學機械設計工程系(正取,分發)"
CAND_3839,114,nfu_iem,國立虎尾科技大學,工業管理系(機械群),國立虎尾科技大學 工業管理系(機械群),62010161,董*駿,備取,—,—,未分發或放棄,1,國立虎尾科技大學工業管理系(通過)
CAND_3840,114,nfu_iem,國立虎尾科技大學,工業管理系(機械群),國立虎尾科技大學 工業管理系(機械群),64010140,—,備取,—,—,未分發或放棄,3,國立虎尾科技大學工業管理系(通過); 國立勤益科技大學工業工程與管理系(通過); 國立臺北護理健康大學運動保健系(通過)
CAND_3841,114,nfu_iem,國立虎尾科技大學,工業管理系(機械群),國立虎尾科技大學 工業管理系(機械群),66010090,蕭*,備取,國立高雄科技大學,國立高雄科技大學造船及海洋工程系,其他學校錄取,4,"國立虎尾科技大學工業管理系(通過); 國立雲林科技大學工業工程與管理系(通過); 國立高雄科技大學造船及海洋工程系(正取,分發); 國立勤益科技大學工業工程與管理系(通過)"
CAND_3842,114,nfu_iem,國立虎尾科技大學,工業管理系(機械群),國立虎尾科技大學 工業管理系(機械群),67010158,林*蕙,正取,國立虎尾科技大學,國立虎尾科技大學機械設計工程系,原校系/本校留任,2,"國立虎尾科技大學工業管理系(通過); 國立虎尾科技大學機械設計工程系(正取,分發)"
CAND_3843,114,nfu_iem,國立虎尾科技大學,工業管理系(機械群),國立虎尾科技大學 工業管理系(機械群),68010291,鄭*佑,備取,國立高雄科技大學,國立高雄科技大學模具工程系光電模具組,其他學校錄取,4,"國立虎尾科技大學工業管理系(通過); 國立屏東科技大學機械工程系(通過); 國立高雄科技大學模具工程系光電模具組(備取,分發); 國立高雄科技大學模具工程系精微模具組(備取)"
CAND_3844,114,nfu_iem,國立虎尾科技大學,工業管理系(機械群),國立虎尾科技大學 工業管理系(機械群),68010337,寇*勛,備取,國立高雄科技大學,國立高雄科技大學模具工程系,其他學校錄取,4,"國立虎尾科技大學工業管理系(通過); 國立屏東科技大學機械工程系(通過); 國立高雄科技大學模具工程系(備取,分發); 國立高雄科技大學造船及海洋工程系(正取)"
CAND_3845,114,nfu_iem,國立虎尾科技大學,工業管理系(機械群),國立虎尾科技大學 工業管理系(機械群),68010518,黄*,備取,—,—,未分發或放棄,1,國立虎尾科技大學工業管理系(通過)
CAND_3846,114,nfu_iem,國立虎尾科技大學,工業管理系(機械群),國立虎尾科技大學 工業管理系(機械群),68010526,林*修,備取,—,—,未分發或放棄,3,國立虎尾科技大學工業管理系(通過); 南臺科技大學機械工程系自動化控制組(通過); 南臺科技大學機械工程系智慧製造組(通過)
CAND_3847,114,nfu_iem,國立虎尾科技大學,工業管理系(機械群),國立虎尾科技大學 工業管理系(機械群),70010018,吳*,備取,國立屏東大學,國立屏東大學智慧機器人學系,其他學校錄取,5,"國立虎尾科技大學工業管理系(通過); 國立屏東科技大學機械工程系(正取); 國立屏東科技大學智慧機電學士學位學程(正取); 國立虎尾科技大學機械與電腦輔助工程系(通過); 國立屏東大學智慧機器人學系(備取,分發)"
CAND_3848,114,nfu_iem,國立虎尾科技大學,工業管理系(機械群),國立虎尾科技大學 工業管理系(機械群),70010293,方*鈞,備取,—,—,未分發或放棄,1,國立虎尾科技大學工業管理系(通過)
CAND_3849,114,nfu_iem,國立虎尾科技大學,工業管理系(機械群),國立虎尾科技大學 工業管理系(機械群),71010122,李*錳,備取,國立勤益科技大學,國立勤益科技大學工業工程與管理系,其他學校錄取,4,"國立虎尾科技大學工業管理系(通過); 國立屏東科技大學機械工程系(通過); 國立高雄科技大學造船及海洋工程系(通過); 國立勤益科技大學工業工程與管理系(正取,分發)"
CAND_3850,114,nfu_iem,國立虎尾科技大學,工業管理系(資電類),國立虎尾科技大學 工業管理系(資電類),59080020,*琦,正取,國立虎尾科技大學,國立虎尾科技大學工業管理系,原校系/本校留任,2,"國立虎尾科技大學工業管理系(正取,分發); 長庚大學資訊工程學系(正取)"
CAND_3851,114,nfu_iem,國立虎尾科技大學,工業管理系(資電類),國立虎尾科技大學 工業管理系(資電類),59080017,謝*諺,正取,中原大學,中原大學資訊管理學系,其他學校錄取,5,"國立虎尾科技大學工業管理系(正取); 國立臺中科技大學資訊管理系(通過); 國立臺中教育大學國際企業學系(通過); 中原大學資訊管理學系(正取,分發); 逢甲大學工業工程與系統管理學系(正取)"
CAND_3852,114,nfu_iem,國立虎尾科技大學,工業管理系(資電類),國立虎尾科技大學 工業管理系(資電類),59080007,黄*,正取,國立虎尾科技大學,國立虎尾科技大學工業管理系,原校系/本校留任,2,"國立虎尾科技大學工業管理系(正取,分發); 國立臺中科技大學資訊管理系(正取)"
CAND_3853,114,nfu_iem,國立虎尾科技大學,工業管理系(資電類),國立虎尾科技大學 工業管理系(資電類),59080019,鄧*宇,備取,國立高雄科技大學,國立高雄科技大學工業工程與管理系,其他學校錄取,5,"國立虎尾科技大學工業管理系(備取); 國立高雄科技大學工業工程與管理系(正取,分發); 國立臺中教育大學國際企業學系(通過); 逢甲大學工業工程與系統管理學系(備取); 靜宜大學人工智慧應用學系(通過)"
CAND_3854,114,nfu_iem,國立虎尾科技大學,工業管理系(資電類),國立虎尾科技大學 工業管理系(資電類),59080008,葵*,備取,國立臺中科技大學,國立臺中科技大學資訊管理系,其他學校錄取,5,"國立虎尾科技大學工業管理系(備取); 國立臺中科技大學資訊管理系(備取,分發); 朝陽科技大學工業工程與管理系(通過); 中原大學資訊管理學系(正取); 靜宜大學人工智慧應用學系(備取)"
CAND_3855,114,nfu_iem,國立虎尾科技大學,工業管理系(資電類),國立虎尾科技大學 工業管理系(資電類),59080016,楊*,備取,國立虎尾科技大學,國立虎尾科技大學工業管理系,原校系/本校留任,3,"國立虎尾科技大學工業管理系(備取,分發); 朝陽科技大學工業工程與管理系(正取); 龍華科技大學工業管理系(通過)"
CAND_3856,114,nfu_iem,國立虎尾科技大學,工業管理系(資電類),國立虎尾科技大學 工業管理系(資電類),59080003,葵*丞,備取,國立臺北科技大學,國立臺北科技大學材料及資源工程系材料組,其他學校錄取,4,"國立虎尾科技大學工業管理系(通過); 國立屏東科技大學環境工程與科學系(通過); 國立臺北科技大學材料及資源工程系材料組(正取,分發); 國立高雄科技大學工業工程與管理系(正取)"
CAND_3857,114,nfu_iem,國立虎尾科技大學,工業管理系(資電類),國立虎尾科技大學 工業管理系(資電類),59080021,温*,備取,—,—,未分發或放棄,1,國立虎尾科技大學工業管理系(通過)
CAND_3858,114,nfu_iem,國立虎尾科技大學,工業管理系(資電類),國立虎尾科技大學 工業管理系(資電類),61080002,謝*,備取,—,—,未分發或放棄,5,國立虎尾科技大學工業管理系(通過); 國立高雄科技大學工業工程與管理系(通過); 國立臺中教育大學國際企業學系(通過); 逢甲大學工業工程與系統管理學系(通過); 臺北醫學大學生物醫學工程學系(備取)
CAND_3859,114,nfu_iem,國立虎尾科技大學,工業管理系(商管群),國立虎尾科技大學 工業管理系(商管群),67090060,陳*稜,正取,國立虎尾科技大學,國立虎尾科技大學工業管理系,原校系/本校留任,3,"國立虎尾科技大學工業管理系(正取,分發); 國立虎尾科技大學企業管理系(正取); 國立臺中科技大學企業管理系(正取)"
CAND_3860,114,nfu_iem,國立虎尾科技大學,工業管理系(商管群),國立虎尾科技大學 工業管理系(商管群),67090401,伍*妤,正取,國立高雄科技大學,國立高雄科技大學資訊管理系,其他學校錄取,5,"國立虎尾科技大學工業管理系(正取); 國立高雄科技大學工業工程與管理系(正取); 國立高雄科技大學資訊管理系(備取,分發); 國立高雄科技大學智慧商務系(通過); 國立臺中科技大學資訊管理系(正取)"
CAND_3861,114,nfu_iem,國立虎尾科技大學,工業管理系(商管群),國立虎尾科技大學 工業管理系(商管群),67090341,涂*丞,正取,國立高雄科技大學,國立高雄科技大學工業工程與管理系,其他學校錄取,4,"國立虎尾科技大學工業管理系(正取); 國立高雄科技大學工業工程與管理系(正取,分發); 國立高雄科技大學智慧商務系(通過); 國立臺中科技大學資訊管理系(備取)"
CAND_3862,114,nfu_iem,國立虎尾科技大學,工業管理系(商管群),國立虎尾科技大學 工業管理系(商管群),61090683,陳*淳,正取,國立高雄科技大學,國立高雄科技大學會計資訊系,其他學校錄取,3,"國立虎尾科技大學工業管理系(正取); 國立高雄科技大學會計資訊系(正取,分發); 國立屏東大學會計學系(正取)"
CAND_3863,114,nfu_iem,國立虎尾科技大學,工業管理系(商管群),國立虎尾科技大學 工業管理系(商管群),63090257,F*芳,正取,國立臺中科技大學,國立臺中科技大學企業管理系,其他學校錄取,4,"國立虎尾科技大學工業管理系(正取); 國立虎尾科技大學企業管理系(正取); 國立勤益科技大學企業管理系(正取); 國立臺中科技大學企業管理系(正取,分發)"
CAND_3864,114,nfu_iem,國立虎尾科技大學,工業管理系(商管群),國立虎尾科技大學 工業管理系(商管群),66090338,陳*瑄,正取,國立虎尾科技大學,國立虎尾科技大學工業管理系,原校系/本校留任,2,"國立虎尾科技大學工業管理系(正取,分發); 國立虎尾科技大學企業管理系(備取)"
CAND_3865,114,nfu_iem,國立虎尾科技大學,工業管理系(商管群),國立虎尾科技大學 工業管理系(商管群),68090394,陳*丞,正取,國立虎尾科技大學,國立虎尾科技大學工業管理系,原校系/本校留任,2,"國立虎尾科技大學工業管理系(正取,分發); 國立高雄科技大學運籌管理系(正取)"
CAND_3866,114,nfu_iem,國立虎尾科技大學,工業管理系(商管群),國立虎尾科技大學 工業管理系(商管群),59090168,黄*笙,正取,國立虎尾科技大學,國立虎尾科技大學工業管理系,原校系/本校留任,2,"國立虎尾科技大學工業管理系(正取,分發); 國立臺中科技大學財務金融系(通過)"
CAND_3867,114,nfu_iem,國立虎尾科技大學,工業管理系(商管群),國立虎尾科技大學 工業管理系(商管群),59090172,徐*廷,正取,國立勤益科技大學,國立勤益科技大學工業工程與管理系,其他學校錄取,2,"國立虎尾科技大學工業管理系(正取); 國立勤益科技大學工業工程與管理系(正取,分發)"
CAND_3868,114,nfu_iem,國立虎尾科技大學,工業管理系(商管群),國立虎尾科技大學 工業管理系(商管群),68090422,*儀,正取,國立虎尾科技大學,國立虎尾科技大學工業管理系,原校系/本校留任,3,"國立虎尾科技大學工業管理系(正取,分發); 國立高雄科技大學航運技術系(通過); 國立虎尾科技大學財務金融系(通過)"
CAND_3869,114,nfu_iem,國立虎尾科技大學,工業管理系(商管群),國立虎尾科技大學 工業管理系(商管群),57090418,林*永,正取,國立虎尾科技大學,國立虎尾科技大學工業管理系,原校系/本校留任,2,"國立虎尾科技大學工業管理系(正取,分發); 中原大學會計學系(備取)"
CAND_3870,114,nfu_iem,國立虎尾科技大學,工業管理系(商管群),國立虎尾科技大學 工業管理系(商管群),57090818,郭*,正取,國立虎尾科技大學,國立虎尾科技大學工業管理系,原校系/本校留任,1,"國立虎尾科技大學工業管理系(正取,分發)"
CAND_3871,114,nfu_iem,國立虎尾科技大學,工業管理系(商管群),國立虎尾科技大學 工業管理系(商管群),68090310,潘*旭,正取,國立虎尾科技大學,國立虎尾科技大學工業管理系,原校系/本校留任,2,"國立虎尾科技大學工業管理系(正取,分發); 中華醫事科技大學運動健康與休閒系(通過)"
CAND_3872,114,nfu_iem,國立虎尾科技大學,工業管理系(商管群),國立虎尾科技大學 工業管理系(商管群),66090087,黄*鉲,正取,國立虎尾科技大學,國立虎尾科技大學工業管理系,原校系/本校留任,1,"國立虎尾科技大學工業管理系(正取,分發)"
CAND_3873,114,nfu_iem,國立虎尾科技大學,工業管理系(商管群),國立虎尾科技大學 工業管理系(商管群),66090410,吳*晟,正取,國立虎尾科技大學,國立虎尾科技大學工業管理系,原校系/本校留任,2,"國立虎尾科技大學工業管理系(正取,分發); 國立虎尾科技大學企業管理系(正取)"
CAND_3874,114,nfu_iem,國立虎尾科技大學,工業管理系(商管群),國立虎尾科技大學 工業管理系(商管群),64090365,陳*,正取,國立臺中科技大學,國立臺中科技大學會計資訊系,其他學校錄取,4,"國立虎尾科技大學工業管理系(正取); 國立高雄科技大學會計資訊系(備取); 國立勤益科技大學工業工程與管理系(通過); 國立臺中科技大學會計資訊系(備取,分發)"
CAND_3875,114,nfu_iem,國立虎尾科技大學,工業管理系(商管群),國立虎尾科技大學 工業管理系(商管群),65090095,江*朋,正取,國立虎尾科技大學,國立虎尾科技大學工業管理系,原校系/本校留任,2,"國立虎尾科技大學工業管理系(正取,分發); 靜宜大學財務金融學系(通過)"
CAND_3876,114,nfu_iem,國立虎尾科技大學,工業管理系(商管群),國立虎尾科技大學 工業管理系(商管群),59090096,賀*軒,正取,國立虎尾科技大學,國立虎尾科技大學工業管理系,原校系/本校留任,2,"國立虎尾科技大學工業管理系(正取,分發); 國立虎尾科技大學企業管理系(通過)"
CAND_3877,114,nfu_iem,國立虎尾科技大學,工業管理系(商管群),國立虎尾科技大學 工業管理系(商管群),57090416,黄*永,正取,國立高雄科技大學,國立高雄科技大學工業工程與管理系,其他學校錄取,5,"國立虎尾科技大學工業管理系(正取); 國立高雄科技大學工業工程與管理系(正取,分發); 國立高雄科技大學金融資訊系(通過); 國立勤益科技大學工業工程與管理系(通過); 國立臺中科技大學企業管理系(備取)"
CAND_3878,114,nfu_iem,國立虎尾科技大學,工業管理系(商管群),國立虎尾科技大學 工業管理系(商管群),68530027,*玹,正取,國立高雄科技大學,國立高雄科技大學風險管理與保險系,其他學校錄取,5,"國立虎尾科技大學工業管理系(正取); 國立高雄科技大學風險管理與保險系(正取,分發); 國立勤益科技大學工業工程與管理系(通過); 國立臺中科技大學保險金融管理系(備取); 國立屏東大學行銷與流通管理學系(通過)"
CAND_3879,114,nfu_iem,國立虎尾科技大學,工業管理系(商管群),國立虎尾科技大學 工業管理系(商管群),61091423,高*廷,正取,國立高雄科技大學,國立高雄科技大學運籌管理系,其他學校錄取,3,"國立虎尾科技大學工業管理系(正取); 國立高雄科技大學運籌管理系(備取,分發); 國立高雄科技大學商務資訊應用系(資安人才)(正取)"
CAND_3880,114,nfu_iem,國立虎尾科技大學,工業管理系(商管群),國立虎尾科技大學 工業管理系(商管群),68530008,張*𤨪,正取,國立高雄科技大學,國立高雄科技大學航運管理系,其他學校錄取,4,"國立虎尾科技大學工業管理系(正取); 國立高雄科技大學企業管理系(正取); 國立高雄科技大學航運管理系(備取,分發); 國立臺中科技大學企業管理系(備取)"
CAND_3881,114,nfu_iem,國立虎尾科技大學,工業管理系(商管群),國立虎尾科技大學 工業管理系(商管群),57090440,楊*翔,正取,國立勤益科技大學,國立勤益科技大學工業工程與管理系,其他學校錄取,3,"國立虎尾科技大學工業管理系(正取); 國立勤益科技大學工業工程與管理系(正取,分發); 國立臺中科技大學企業管理系(備取)"
CAND_3882,114,nfu_iem,國立虎尾科技大學,工業管理系(商管群),國立虎尾科技大學 工業管理系(商管群),61091481,*禹,正取,國立虎尾科技大學,國立虎尾科技大學工業管理系,原校系/本校留任,2,"國立虎尾科技大學工業管理系(正取,分發); 國立臺北護理健康大學生死與健康心理諮商系(通過)"
CAND_3883,114,nfu_iem,國立虎尾科技大學,工業管理系(商管群),國立虎尾科技大學 工業管理系(商管群),55090230,簡*芳,正取,國立臺中科技大學,國立臺中科技大學應用統計系,其他學校錄取,3,"國立虎尾科技大學工業管理系(正取); 國立勤益科技大學工業工程與管理系(通過); 國立臺中科技大學應用統計系(正取,分發)"
CAND_3884,114,nfu_iem,國立虎尾科技大學,工業管理系(商管群),國立虎尾科技大學 工業管理系(商管群),64090278,賴*佑,正取,國立高雄科技大學,國立高雄科技大學風險管理與保險系,其他學校錄取,4,"國立虎尾科技大學工業管理系(正取); 國立高雄科技大學工業工程與管理系(備取); 國立高雄科技大學風險管理與保險系(正取,分發); 國立臺中科技大學保險金融管理系(正取)"
CAND_3885,114,nfu_iem,國立虎尾科技大學,工業管理系(商管群),國立虎尾科技大學 工業管理系(商管群),61090143,張*筑,正取,國立虎尾科技大學,國立虎尾科技大學工業管理系,原校系/本校留任,2,"國立虎尾科技大學工業管理系(正取,分發); 國立高雄科技大學人力資源發展系(通過)"
CAND_3886,114,nfu_iem,國立虎尾科技大學,工業管理系(商管群),國立虎尾科技大學 工業管理系(商管群),64090399,*有,正取,國立虎尾科技大學,國立虎尾科技大學工業管理系,原校系/本校留任,1,"國立虎尾科技大學工業管理系(正取,分發)"
CAND_3887,114,nfu_iem,國立虎尾科技大學,工業管理系(商管群),國立虎尾科技大學 工業管理系(商管群),68090567,*駿,正取,國立勤益科技大學,國立勤益科技大學工業工程與管理系,其他學校錄取,3,"國立虎尾科技大學工業管理系(正取); 國立勤益科技大學工業工程與管理系(正取,分發); 國立臺中科技大學保險金融管理系(備取)"
CAND_3888,114,nfu_iem,國立虎尾科技大學,工業管理系(商管群),國立虎尾科技大學 工業管理系(商管群),65090337,楊*慈,正取,國立虎尾科技大學,國立虎尾科技大學工業管理系,原校系/本校留任,2,"國立虎尾科技大學工業管理系(正取,分發); 國立勤益科技大學工業工程與管理系(備取)"
CAND_3889,114,nfu_iem,國立虎尾科技大學,工業管理系(商管群),國立虎尾科技大學 工業管理系(商管群),61091041,*羽,正取,國立虎尾科技大學,國立虎尾科技大學工業管理系,原校系/本校留任,2,"國立虎尾科技大學工業管理系(正取,分發); 國立臺中科技大學財政稅務系(備取)"
CAND_3890,114,nfu_iem,國立虎尾科技大學,工業管理系(商管群),國立虎尾科技大學 工業管理系(商管群),66090185,徐*,正取,國立高雄科技大學,國立高雄科技大學會計資訊系,其他學校錄取,2,"國立虎尾科技大學工業管理系(正取); 國立高雄科技大學會計資訊系(備取,分發)"
CAND_3891,114,nfu_iem,國立虎尾科技大學,工業管理系(商管群),國立虎尾科技大學 工業管理系(商管群),59090080,黄*豪,正取,國立虎尾科技大學,國立虎尾科技大學工業管理系,原校系/本校留任,2,"國立虎尾科技大學工業管理系(正取,分發); 國立虎尾科技大學財務金融系(通過)"
CAND_3892,114,nfu_iem,國立虎尾科技大學,工業管理系(商管群),國立虎尾科技大學 工業管理系(商管群),68090637,張*瑜,正取,國立高雄科技大學,國立高雄科技大學運籌管理系,其他學校錄取,3,"國立虎尾科技大學工業管理系(正取); 國立屏東科技大學工業管理系(通過); 國立高雄科技大學運籌管理系(備取,分發)"
CAND_3893,114,nfu_iem,國立虎尾科技大學,工業管理系(商管群),國立虎尾科技大學 工業管理系(商管群),60090035,吳*恩,正取,國立虎尾科技大學,國立虎尾科技大學工業管理系,原校系/本校留任,3,"國立虎尾科技大學工業管理系(正取,分發); 國立屏東科技大學資訊管理系(正取); 國立臺中科技大學應用統計系(備取)"
CAND_3894,114,nfu_iem,國立虎尾科技大學,工業管理系(商管群),國立虎尾科技大學 工業管理系(商管群),58090530,吳*,正取,國立臺中科技大學,國立臺中科技大學保險金融管理系,其他學校錄取,3,"國立虎尾科技大學工業管理系(正取); 國立臺中科技大學保險金融管理系(正取,分發); 國立聯合大學資訊管理學系(正取)"
CAND_3895,114,nfu_iem,國立虎尾科技大學,工業管理系(商管群),國立虎尾科技大學 工業管理系(商管群),66090079,張*,正取,國立虎尾科技大學,國立虎尾科技大學工業管理系,原校系/本校留任,2,"國立虎尾科技大學工業管理系(正取,分發); 國立勤益科技大學資訊管理系(備取)"
CAND_3896,114,nfu_iem,國立虎尾科技大學,工業管理系(商管群),國立虎尾科技大學 工業管理系(商管群),58090337,彭*,正取,國立勤益科技大學,國立勤益科技大學工業工程與管理系,其他學校錄取,3,"國立虎尾科技大學工業管理系(正取); 國立勤益科技大學工業工程與管理系(正取,分發); 國立臺中科技大學財政稅務系(備取)"
CAND_3897,114,nfu_iem,國立虎尾科技大學,工業管理系(商管群),國立虎尾科技大學 工業管理系(商管群),68090358,*妤,正取,國立虎尾科技大學,國立虎尾科技大學工業管理系,原校系/本校留任,2,"國立虎尾科技大學工業管理系(正取,分發); 國立勤益科技大學工業工程與管理系(正取)"
CAND_3898,114,nfu_iem,國立虎尾科技大學,工業管理系(商管群),國立虎尾科技大學 工業管理系(商管群),66090160,林*竹,正取,國立虎尾科技大學,國立虎尾科技大學工業管理系,原校系/本校留任,4,"國立虎尾科技大學工業管理系(正取,分發); 國立屏東科技大學工業管理系(通過); 國立勤益科技大學工業工程與管理系(通過); 朝陽科技大學工業工程與管理系(通過)"
CAND_3899,114,nfu_iem,國立虎尾科技大學,工業管理系(商管群),國立虎尾科技大學 工業管理系(商管群),68090369,周*葳,正取,國立虎尾科技大學,國立虎尾科技大學工業管理系,原校系/本校留任,2,"國立虎尾科技大學工業管理系(正取,分發); 國立勤益科技大學工業工程與管理系(通過)"
CAND_3900,114,nfu_iem,國立虎尾科技大學,工業管理系(商管群),國立虎尾科技大學 工業管理系(商管群),60090185,林*,正取,國立勤益科技大學,國立勤益科技大學工業工程與管理系,其他學校錄取,2,"國立虎尾科技大學工業管理系(正取); 國立勤益科技大學工業工程與管理系(正取,分發)"
CAND_3901,114,nfu_iem,國立虎尾科技大學,工業管理系(商管群),國立虎尾科技大學 工業管理系(商管群),52090746,*妮,正取,國立臺北護理健康大學,國立臺北護理健康大學資訊管理系,其他學校錄取,3,"國立虎尾科技大學工業管理系(正取); 國立臺北護理健康大學資訊管理系(備取,分發); 國立臺中科技大學資訊管理系(備取)"
CAND_3902,114,nfu_iem,國立虎尾科技大學,工業管理系(商管群),國立虎尾科技大學 工業管理系(商管群),63090253,許*恩,備取,國立臺中科技大學,國立臺中科技大學會計資訊系,其他學校錄取,4,"國立虎尾科技大學工業管理系(備取); 國立高雄科技大學會計資訊系(備取); 國立高雄科技大學文化創意產業系(正取); 國立臺中科技大學會計資訊系(正取,分發)"
CAND_3903,114,nfu_iem,國立虎尾科技大學,工業管理系(商管群),國立虎尾科技大學 工業管理系(商管群),61099905,游*皜,備取,國立勤益科技大學,國立勤益科技大學資訊管理系,其他學校錄取,4,"國立虎尾科技大學工業管理系(備取); 國立虎尾科技大學資訊管理系(備取); 國立勤益科技大學資訊管理系(正取,分發); 國立臺中科技大學保險金融管理系(備取)"
CAND_3904,114,nfu_iem,國立虎尾科技大學,工業管理系(商管群),國立虎尾科技大學 工業管理系(商管群),64090407,許*棋,備取,國立臺中科技大學,國立臺中科技大學應用統計系,其他學校錄取,3,"國立虎尾科技大學工業管理系(備取); 國立臺北護理健康大學健康事業管理系(備取); 國立臺中科技大學應用統計系(備取,分發)"
CAND_3905,114,nfu_iem,國立虎尾科技大學,工業管理系(商管群),國立虎尾科技大學 工業管理系(商管群),63090085,陳*均,備取,國立勤益科技大學,國立勤益科技大學企業管理系,其他學校錄取,3,"國立虎尾科技大學工業管理系(備取); 國立虎尾科技大學企業管理系(正取); 國立勤益科技大學企業管理系(正取,分發)"
CAND_3906,114,nfu_iem,國立虎尾科技大學,工業管理系(商管群),國立虎尾科技大學 工業管理系(商管群),68530017,*永,備取,國立臺中科技大學,國立臺中科技大學資訊工程系,其他學校錄取,4,"國立虎尾科技大學工業管理系(備取); 國立臺中科技大學資訊工程系(備取,分發); 國立聯合大學資訊管理學系(正取); 國立屏東大學資訊管理學系(正取)"
CAND_3907,114,nfu_iem,國立虎尾科技大學,工業管理系(商管群),國立虎尾科技大學 工業管理系(商管群),57090941,黄*鉲,備取,實踐大學,實踐大學國際經營與貿易學系(臺北校區),其他學校錄取,4,"國立虎尾科技大學工業管理系(備取); 國立高雄科技大學風險管理與保險系(通過); 世新大學資訊管理學系資訊管理組(備取); 實踐大學國際經營與貿易學系(臺北校區)(備取,分發)"
CAND_3908,114,nfu_iem,國立虎尾科技大學,工業管理系(商管群),國立虎尾科技大學 工業管理系(商管群),60090195,陳*珊,備取,國立勤益科技大學,國立勤益科技大學工業工程與管理系,其他學校錄取,4,"國立虎尾科技大學工業管理系(備取); 國立勤益科技大學工業工程與管理系(正取,分發); 朝陽科技大學保險金融管理系(通過); 致理科技大學財務金融系(通過)"
CAND_3909,114,nfu_iem,國立虎尾科技大學,工業管理系(商管群),國立虎尾科技大學 工業管理系(商管群),68090350,陳*女,備取,國立虎尾科技大學,國立虎尾科技大學工業管理系,原校系/本校留任,3,"國立虎尾科技大學工業管理系(備取,分發); 國立虎尾科技大學企業管理系(備取); 國立勤益科技大學工業工程與管理系(正取)"
CAND_3910,114,nfu_iem,國立虎尾科技大學,工業管理系(商管群),國立虎尾科技大學 工業管理系(商管群),68090254,林*,備取,國立高雄科技大學,國立高雄科技大學運籌管理系,其他學校錄取,4,"國立虎尾科技大學工業管理系(備取); 國立高雄科技大學運籌管理系(備取,分發); 國立高雄科技大學供應鏈管理系(正取); 國立臺中科技大學應用統計系(備取)"
CAND_3911,114,nfu_iem,國立虎尾科技大學,工業管理系(商管群),國立虎尾科技大學 工業管理系(商管群),58090079,*宇,備取,國立虎尾科技大學,國立虎尾科技大學工業管理系,原校系/本校留任,2,"國立虎尾科技大學工業管理系(備取,分發); 國立屏東大學國際經營與貿易學系(正取)"
CAND_3912,114,nfu_iem,國立虎尾科技大學,工業管理系(商管群),國立虎尾科技大學 工業管理系(商管群),61091395,陳*瑄,備取,國立臺中科技大學,國立臺中科技大學資訊管理系,其他學校錄取,3,"國立虎尾科技大學工業管理系(備取); 國立高雄科技大學航運管理系(備取); 國立臺中科技大學資訊管理系(正取,分發)"
CAND_3913,114,nfu_iem,國立虎尾科技大學,工業管理系(商管群),國立虎尾科技大學 工業管理系(商管群),65090077,*羚,備取,國立虎尾科技大學,國立虎尾科技大學工業管理系,原校系/本校留任,1,"國立虎尾科技大學工業管理系(備取,分發)"
CAND_3914,114,nfu_iem,國立虎尾科技大學,工業管理系(商管群),國立虎尾科技大學 工業管理系(商管群),61090466,葉*毓,備取,國立臺中科技大學,國立臺中科技大學應用統計系,其他學校錄取,2,"國立虎尾科技大學工業管理系(備取); 國立臺中科技大學應用統計系(備取,分發)"
CAND_3915,114,nfu_iem,國立虎尾科技大學,工業管理系(商管群),國立虎尾科技大學 工業管理系(商管群),67090239,簡*永,備取,國立高雄科技大學,國立高雄科技大學商務資訊應用系(資安人才),其他學校錄取,2,"國立虎尾科技大學工業管理系(備取); 國立高雄科技大學商務資訊應用系(資安人才)(正取,分發)"
CAND_3916,114,nfu_iem,國立虎尾科技大學,工業管理系(商管群),國立虎尾科技大學 工業管理系(商管群),61090477,顏*住,備取,朝陽科技大學,朝陽科技大學工業工程與管理系,其他學校錄取,3,"國立虎尾科技大學工業管理系(備取); 國立勤益科技大學工業工程與管理系(備取); 朝陽科技大學工業工程與管理系(正取,分發)"
CAND_3917,114,nfu_iem,國立虎尾科技大學,工業管理系(商管群),國立虎尾科技大學 工業管理系(商管群),62090031,陳*,備取,國立高雄科技大學,國立高雄科技大學運籌管理系,其他學校錄取,2,"國立虎尾科技大學工業管理系(備取); 國立高雄科技大學運籌管理系(正取,分發)"
CAND_3918,114,nfu_iem,國立虎尾科技大學,工業管理系(商管群),國立虎尾科技大學 工業管理系(商管群),68090245,黄*程,備取,國立虎尾科技大學,國立虎尾科技大學工業管理系,原校系/本校留任,2,"國立虎尾科技大學工業管理系(備取,分發); 國立臺中科技大學休閒事業經營系(備取)"
CAND_3919,114,nfu_iem,國立虎尾科技大學,工業管理系(商管群),國立虎尾科技大學 工業管理系(商管群),52090275,陳*融,備取,國立虎尾科技大學,國立虎尾科技大學工業管理系,原校系/本校留任,2,"國立虎尾科技大學工業管理系(備取,分發); 國立勤益科技大學工業工程與管理系(備取)"
CAND_3920,114,nfu_iem,國立虎尾科技大學,工業管理系(商管群),國立虎尾科技大學 工業管理系(商管群),51090232,夏*喬,備取,國立虎尾科技大學,國立虎尾科技大學工業管理系,原校系/本校留任,2,"國立虎尾科技大學工業管理系(備取,分發); 國立屏東科技大學企業管理系(通過)"
CAND_3921,114,nfu_iem,國立虎尾科技大學,工業管理系(商管群),國立虎尾科技大學 工業管理系(商管群),64090100,黄*崇,備取,國立屏東科技大學,國立屏東科技大學財務金融國際學士學位學程,其他學校錄取,2,"國立虎尾科技大學工業管理系(備取); 國立屏東科技大學財務金融國際學士學位學程(正取,分發)"
CAND_3922,114,nfu_iem,國立虎尾科技大學,工業管理系(商管群),國立虎尾科技大學 工業管理系(商管群),55090313,*靜,備取,國立虎尾科技大學,國立虎尾科技大學工業管理系,原校系/本校留任,2,"國立虎尾科技大學工業管理系(備取,分發); 國立臺中科技大學應用統計系(備取)"
CAND_3923,114,nfu_iem,國立虎尾科技大學,工業管理系(商管群),國立虎尾科技大學 工業管理系(商管群),60090107,邱*,備取,國立虎尾科技大學,國立虎尾科技大學工業管理系,原校系/本校留任,3,"國立虎尾科技大學工業管理系(備取,分發); 國立屏東科技大學工業管理系(通過); 致理科技大學財務金融系(通過)"
CAND_3924,114,nfu_iem,國立虎尾科技大學,工業管理系(商管群),國立虎尾科技大學 工業管理系(商管群),65090297,邱*承,備取,國立虎尾科技大學,國立虎尾科技大學工業管理系,原校系/本校留任,2,"國立虎尾科技大學工業管理系(備取,分發); 國立勤益科技大學工業工程與管理系(備取)"
CAND_3925,114,nfu_iem,國立虎尾科技大學,工業管理系(商管群),國立虎尾科技大學 工業管理系(商管群),57090598,林*皇,備取,國立臺中科技大學,國立臺中科技大學應用統計系,其他學校錄取,4,"國立虎尾科技大學工業管理系(備取); 國立勤益科技大學資訊管理系(資安人才)(備取); 國立臺中科技大學應用統計系(正取,分發); 朝陽科技大學企業管理系(正取)"
CAND_3926,114,nfu_iem,國立虎尾科技大學,工業管理系(商管群),國立虎尾科技大學 工業管理系(商管群),68090142,黄*,備取,國立虎尾科技大學,國立虎尾科技大學工業管理系,原校系/本校留任,4,"國立虎尾科技大學工業管理系(備取,分發); 國立屏東科技大學社會工作系(通過); 國立高雄科技大學工業工程與管理系(備取); 國立屏東大學國際經營與貿易學系(通過)"
CAND_3927,114,nfu_iem,國立虎尾科技大學,工業管理系(商管群),國立虎尾科技大學 工業管理系(商管群),64090071,陳*,備取,國立臺中科技大學,國立臺中科技大學流通管理系,其他學校錄取,5,"國立虎尾科技大學工業管理系(備取); 國立高雄科技大學運籌管理系(備取); 國立高雄科技大學行銷與流通管理系(備取); 國立臺中科技大學流通管理系(備取,分發); 逢甲大學合作經濟暨社會事業經營學系(備取)"
CAND_3928,114,nfu_iem,國立虎尾科技大學,工業管理系(商管群),國立虎尾科技大學 工業管理系(商管群),64090211,周*煜,備取,國立高雄科技大學,國立高雄科技大學運籌管理系,其他學校錄取,4,"國立虎尾科技大學工業管理系(備取); 國立高雄科技大學運籌管理系(正取,分發); 國立勤益科技大學工業工程與管理系(通過); 朝陽科技大學資訊工程系人工智慧組(正取)"
CAND_3929,114,nfu_iem,國立虎尾科技大學,工業管理系(商管群),國立虎尾科技大學 工業管理系(商管群),65090150,黄*縈,備取,國立高雄科技大學,國立高雄科技大學運籌管理系,其他學校錄取,4,"國立虎尾科技大學工業管理系(備取); 國立高雄科技大學運籌管理系(正取,分發); 國立臺中科技大學休閒事業經營系(備取); 國立屏東大學休閒事業經營學系(正取)"
CAND_3930,114,nfu_iem,國立虎尾科技大學,工業管理系(商管群),國立虎尾科技大學 工業管理系(商管群),51090278,張*晴,備取,—,—,未分發或放棄,2,國立虎尾科技大學工業管理系(通過); 國立臺北護理健康大學健康事業管理系(通過)
CAND_3931,114,nfu_iem,國立虎尾科技大學,工業管理系(商管群),國立虎尾科技大學 工業管理系(商管群),52090019,張*庭,備取,—,—,未分發或放棄,3,國立虎尾科技大學工業管理系(通過); 國立虎尾科技大學資訊管理系(通過); 國立臺中科技大學資訊管理系(通過)
CAND_3932,114,nfu_iem,國立虎尾科技大學,工業管理系(商管群),國立虎尾科技大學 工業管理系(商管群),52099905,郭*,備取,國立虎尾科技大學,國立虎尾科技大學資訊管理系,原校系/本校留任,4,"國立虎尾科技大學工業管理系(通過); 國立虎尾科技大學資訊管理系(備取,分發); 明志科技大學工業工程與管理系(通過); 實踐大學資訊科技與管理學系(臺北校區)(通過)"
CAND_3933,114,nfu_iem,國立虎尾科技大學,工業管理系(商管群),國立虎尾科技大學 工業管理系(商管群),55090116,*祥,備取,—,—,未分發或放棄,2,國立虎尾科技大學工業管理系(通過); 國立屏東科技大學工業管理系(通過)
CAND_3934,114,nfu_iem,國立虎尾科技大學,工業管理系(商管群),國立虎尾科技大學 工業管理系(商管群),55090281,程*皓,備取,—,—,未分發或放棄,2,國立虎尾科技大學工業管理系(通過); 國立臺中科技大學保險金融管理系(備取)
CAND_3935,114,nfu_iem,國立虎尾科技大學,工業管理系(商管群),國立虎尾科技大學 工業管理系(商管群),55090365,沙*諺,備取,國立高雄科技大學,國立高雄科技大學財務管理系,其他學校錄取,3,"國立虎尾科技大學工業管理系(通過); 國立高雄科技大學財務管理系(備取,分發); 國立臺中科技大學財務金融系(備取)"
CAND_3936,114,nfu_iem,國立虎尾科技大學,工業管理系(商管群),國立虎尾科技大學 工業管理系(商管群),56090090,翁*謙,備取,—,—,未分發或放棄,1,國立虎尾科技大學工業管理系(通過)
CAND_3937,114,nfu_iem,國立虎尾科技大學,工業管理系(商管群),國立虎尾科技大學 工業管理系(商管群),56090252,簡*銘,備取,國立高雄科技大學,國立高雄科技大學金融系,其他學校錄取,5,"國立虎尾科技大學工業管理系(通過); 國立雲林科技大學工業工程與管理系(備取); 國立高雄科技大學金融系(備取,分發); 國立臺中科技大學財務金融系(備取); 朝陽科技大學財務金融系(正取)"
CAND_3938,114,nfu_iem,國立虎尾科技大學,工業管理系(商管群),國立虎尾科技大學 工業管理系(商管群),57090162,—,備取,國立高雄科技大學,國立高雄科技大學風險管理與保險系,其他學校錄取,4,"國立虎尾科技大學工業管理系(通過); 國立高雄科技大學風險管理與保險系(正取,分發); 國立高雄科技大學金融資訊系(備取); 國立臺中科技大學保險金融管理系(備取)"
CAND_3939,114,nfu_iem,國立虎尾科技大學,工業管理系(商管群),國立虎尾科技大學 工業管理系(商管群),57090412,楊*語,備取,國立勤益科技大學,國立勤益科技大學工業工程與管理系,其他學校錄取,2,"國立虎尾科技大學工業管理系(通過); 國立勤益科技大學工業工程與管理系(正取,分發)"
CAND_3940,114,nfu_iem,國立虎尾科技大學,工業管理系(商管群),國立虎尾科技大學 工業管理系(商管群),58090129,張*,備取,—,—,未分發或放棄,4,國立虎尾科技大學工業管理系(通過); 國立虎尾科技大學資訊管理系(通過); 國立勤益科技大學工業工程與管理系(通過); 朝陽科技大學資訊管理系資訊管理組(通過)
CAND_3941,114,nfu_iem,國立虎尾科技大學,工業管理系(商管群),國立虎尾科技大學 工業管理系(商管群),58090163,黄*哲,備取,—,—,未分發或放棄,4,國立虎尾科技大學工業管理系(通過); 國立虎尾科技大學資訊工程系(通過); 國立勤益科技大學工業工程與管理系(通過); 國立臺中科技大學資訊工程系(通過)
CAND_3942,114,nfu_iem,國立虎尾科技大學,工業管理系(商管群),國立虎尾科技大學 工業管理系(商管群),58090429,—,備取,—,—,未分發或放棄,4,國立虎尾科技大學工業管理系(通過); 國立屏東科技大學資訊管理系(通過); 國立屏東科技大學工業管理系(通過); 國立屏東科技大學企業管理系(通過)
CAND_3943,114,nfu_iem,國立虎尾科技大學,工業管理系(商管群),國立虎尾科技大學 工業管理系(商管群),59090022,—,備取,德明財經科技大學,德明財經科技大學財務金融系,其他學校錄取,4,"國立虎尾科技大學工業管理系(通過); 國立勤益科技大學資訊管理系(通過); 國立臺中科技大學保險金融管理系(備取); 德明財經科技大學財務金融系(備取,分發)"
CAND_3944,114,nfu_iem,國立虎尾科技大學,工業管理系(商管群),國立虎尾科技大學 工業管理系(商管群),59090152,宋*恩,備取,國立臺中科技大學,國立臺中科技大學企業管理系,其他學校錄取,3,"國立虎尾科技大學工業管理系(通過); 國立勤益科技大學資訊管理系(備取); 國立臺中科技大學企業管理系(備取,分發)"
CAND_3945,114,nfu_iem,國立虎尾科技大學,工業管理系(商管群),國立虎尾科技大學 工業管理系(商管群),60090073,葉*,備取,—,—,未分發或放棄,1,國立虎尾科技大學工業管理系(通過)
CAND_3946,114,nfu_iem,國立虎尾科技大學,工業管理系(商管群),國立虎尾科技大學 工業管理系(商管群),60090183,楊*昇,備取,國立高雄科技大學,國立高雄科技大學財務管理系,其他學校錄取,4,"國立虎尾科技大學工業管理系(通過); 國立高雄科技大學財務管理系(備取,分發); 國立高雄科技大學會計資訊系(通過); 國立臺中科技大學保險金融管理系(正取)"
CAND_3947,114,nfu_iem,國立虎尾科技大學,工業管理系(商管群),國立虎尾科技大學 工業管理系(商管群),61090461,陳*,備取,國立高雄科技大學,國立高雄科技大學商務資訊應用系(資安人才),其他學校錄取,2,"國立虎尾科技大學工業管理系(通過); 國立高雄科技大學商務資訊應用系(資安人才)(正取,分發)"
CAND_3948,114,nfu_iem,國立虎尾科技大學,工業管理系(商管群),國立虎尾科技大學 工業管理系(商管群),61090509,—,備取,國立雲林科技大學,國立雲林科技大學文化資產維護系,其他學校錄取,4,"國立虎尾科技大學工業管理系(通過); 國立雲林科技大學文化資產維護系(正取,分發); 國立高雄科技大學財政稅務系(通過); 國立虎尾科技大學財務金融系(通過)"
CAND_3949,114,nfu_iem,國立虎尾科技大學,工業管理系(商管群),國立虎尾科技大學 工業管理系(商管群),61090519,賴*臻,備取,國立臺中科技大學,國立臺中科技大學應用統計系,其他學校錄取,6,"國立虎尾科技大學工業管理系(通過); 國立雲林科技大學文化資產維護系(正取); 國立勤益科技大學行銷與流通管理系(正取); 國立臺中科技大學應用統計系(正取,分發); 朝陽科技大學行銷與流通管理系(通過); 國立聯合大學經營管理學系(正取)"
CAND_3950,114,nfu_iem,國立虎尾科技大學,工業管理系(商管群),國立虎尾科技大學 工業管理系(商管群),61090679,李*妍,正取,國立高雄科技大學,國立高雄科技大學財務管理系,其他學校錄取,5,"國立虎尾科技大學工業管理系(通過); 國立高雄科技大學風險管理與保險系(通過); 國立高雄科技大學財務管理系(正取,分發); 國立虎尾科技大學財務金融系(正取); 國立臺中科技大學財務金融系(正取)"
CAND_3951,114,nfu_iem,國立虎尾科技大學,工業管理系(商管群),國立虎尾科技大學 工業管理系(商管群),61090687,陳*淋,備取,逢甲大學,逢甲大學國際經營與貿易學系,其他學校錄取,5,"國立虎尾科技大學工業管理系(通過); 國立虎尾科技大學應用外語系(通過); 國立勤益科技大學企業管理系(正取); 逢甲大學國際經營與貿易學系(正取,分發); 逢甲大學財稅學系(備取)"
CAND_3952,114,nfu_iem,國立虎尾科技大學,工業管理系(商管群),國立虎尾科技大學 工業管理系(商管群),61090715,蕭*翔,備取,國立高雄科技大學,國立高雄科技大學智慧商務系,其他學校錄取,6,"國立虎尾科技大學工業管理系(通過); 國立高雄科技大學工業工程與管理系(通過); 國立高雄科技大學風險管理與保險系(通過); 國立高雄科技大學智慧商務系(備取,分發); 國立勤益科技大學工業工程與管理系(通過); 國立臺中科技大學流通管理系(通過)"
CAND_3953,114,nfu_iem,國立虎尾科技大學,工業管理系(商管群),國立虎尾科技大學 工業管理系(商管群),61090832,陸*𨫋,備取,國立勤益科技大學,國立勤益科技大學工業工程與管理系,其他學校錄取,2,"國立虎尾科技大學工業管理系(通過); 國立勤益科技大學工業工程與管理系(正取,分發)"
CAND_3954,114,nfu_iem,國立虎尾科技大學,工業管理系(商管群),國立虎尾科技大學 工業管理系(商管群),61090914,張*,備取,—,—,未分發或放棄,1,國立虎尾科技大學工業管理系(通過)
CAND_3955,114,nfu_iem,國立虎尾科技大學,工業管理系(商管群),國立虎尾科技大學 工業管理系(商管群),61090923,*婕,備取,—,—,未分發或放棄,1,國立虎尾科技大學工業管理系(通過)
CAND_3956,114,nfu_iem,國立虎尾科技大學,工業管理系(商管群),國立虎尾科技大學 工業管理系(商管群),61091093,*雅,備取,國立臺中科技大學,國立臺中科技大學應用統計系,其他學校錄取,3,"國立虎尾科技大學工業管理系(通過); 國立臺中科技大學應用統計系(正取,分發); 朝陽科技大學工業工程與管理系(通過)"
CAND_3957,114,nfu_iem,國立虎尾科技大學,工業管理系(商管群),國立虎尾科技大學 工業管理系(商管群),61091231,張*,備取,國立臺中科技大學,國立臺中科技大學財政稅務系,其他學校錄取,3,"國立虎尾科技大學工業管理系(通過); 國立勤益科技大學工業工程與管理系(正取); 國立臺中科技大學財政稅務系(備取,分發)"
CAND_3958,114,nfu_iem,國立虎尾科技大學,工業管理系(商管群),國立虎尾科技大學 工業管理系(商管群),61091457,吳*淳,備取,—,—,未分發或放棄,4,國立虎尾科技大學工業管理系(通過); 國立高雄科技大學會計資訊系(通過); 國立臺中科技大學老人服務事業管理系(通過); 國立屏東大學應用日語學系(通過)
CAND_3959,114,nfu_iem,國立虎尾科技大學,工業管理系(商管群),國立虎尾科技大學 工業管理系(商管群),61091601,林*賢,備取,—,—,未分發或放棄,3,國立虎尾科技大學工業管理系(通過); 國立高雄科技大學商務資訊應用系(通過); 國立臺北護理健康大學健康事業管理系(通過)
CAND_3960,114,nfu_iem,國立虎尾科技大學,工業管理系(商管群),國立虎尾科技大學 工業管理系(商管群),61091647,李*叡,備取,—,—,未分發或放棄,4,國立虎尾科技大學工業管理系(通過); 國立勤益科技大學行銷與流通管理系(備取); 國立臺中科技大學保險金融管理系(備取); 國立屏東大學企業管理學系(通過)
CAND_3961,114,nfu_iem,國立虎尾科技大學,工業管理系(商管群),國立虎尾科技大學 工業管理系(商管群),63090137,陳*廷,正取,國立屏東科技大學,國立屏東科技大學企業管理系,其他學校錄取,4,"國立虎尾科技大學工業管理系(通過); 國立屏東科技大學農企業管理系(通過); 國立屏東科技大學企業管理系(正取,分發); 國立虎尾科技大學企業管理系(正取)"
CAND_3962,114,nfu_iem,國立虎尾科技大學,工業管理系(商管群),國立虎尾科技大學 工業管理系(商管群),64090077,張*瑄,備取,—,—,未分發或放棄,1,國立虎尾科技大學工業管理系(通過)
CAND_3963,114,nfu_iem,國立虎尾科技大學,工業管理系(商管群),國立虎尾科技大學 工業管理系(商管群),64090105,黄*婷,備取,國立高雄科技大學,國立高雄科技大學航運技術系,其他學校錄取,3,"國立虎尾科技大學工業管理系(通過); 國立高雄科技大學航運技術系(正取,分發); 國立臺中科技大學國際貿易與經營系(通過)"
CAND_3964,114,nfu_iem,國立虎尾科技大學,工業管理系(商管群),國立虎尾科技大學 工業管理系(商管群),64090107,*如,備取,—,—,未分發或放棄,3,國立虎尾科技大學工業管理系(通過); 國立高雄科技大學漁業科技與管理系(通過); 國立屏東大學資訊管理學系(通過)
CAND_3965,114,nfu_iem,國立虎尾科技大學,工業管理系(商管群),國立虎尾科技大學 工業管理系(商管群),64090141,李*,備取,—,—,未分發或放棄,2,國立虎尾科技大學工業管理系(通過); 國立高雄科技大學航運管理系(備取)
CAND_3966,114,nfu_iem,國立虎尾科技大學,工業管理系(商管群),國立虎尾科技大學 工業管理系(商管群),64090347,蘇*甯,備取,國立臺中科技大學,國立臺中科技大學財政稅務系,其他學校錄取,3,"國立虎尾科技大學工業管理系(通過); 國立高雄科技大學運籌管理系(通過); 國立臺中科技大學財政稅務系(正取,分發)"
CAND_3967,114,nfu_iem,國立虎尾科技大學,工業管理系(商管群),國立虎尾科技大學 工業管理系(商管群),64090378,許*恩,備取,國立勤益科技大學,國立勤益科技大學工業工程與管理系,其他學校錄取,5,"國立虎尾科技大學工業管理系(通過); 國立高雄科技大學運籌管理系(備取); 國立高雄科技大學行銷與流通管理系(備取); 國立勤益科技大學工業工程與管理系(備取,分發); 國立臺中科技大學保險金融管理系(備取)"
CAND_3968,114,nfu_iem,國立虎尾科技大學,工業管理系(商管群),國立虎尾科技大學 工業管理系(商管群),64090414,黄*有,備取,國立臺中科技大學,國立臺中科技大學流通管理系,其他學校錄取,6,"國立虎尾科技大學工業管理系(通過); 國立屏東科技大學工業管理系(通過); 國立高雄科技大學風險管理與保險系(通過); 國立高雄科技大學會計資訊系(通過); 國立高雄科技大學智慧商務系(通過); 國立臺中科技大學流通管理系(正取,分發)"
CAND_3969,114,nfu_iem,國立虎尾科技大學,工業管理系(商管群),國立虎尾科技大學 工業管理系(商管群),65090067,陳*豪,備取,—,—,未分發或放棄,2,國立虎尾科技大學工業管理系(通過); 國立勤益科技大學工業工程與管理系(通過)
CAND_3970,114,nfu_iem,國立虎尾科技大學,工業管理系(商管群),國立虎尾科技大學 工業管理系(商管群),65090079,*綺,備取,國立高雄科技大學,國立高雄科技大學運籌管理系,其他學校錄取,3,"國立虎尾科技大學工業管理系(通過); 國立高雄科技大學運籌管理系(備取,分發); 國立屏東大學會計學系(正取)"
CAND_3971,114,nfu_iem,國立虎尾科技大學,工業管理系(商管群),國立虎尾科技大學 工業管理系(商管群),65090121,*恩,備取,國立臺中科技大學,國立臺中科技大學保險金融管理系,其他學校錄取,3,"國立虎尾科技大學工業管理系(通過); 國立勤益科技大學工業工程與管理系(通過); 國立臺中科技大學保險金融管理系(正取,分發)"
CAND_3972,114,nfu_iem,國立虎尾科技大學,工業管理系(商管群),國立虎尾科技大學 工業管理系(商管群),65090129,賴*臻,備取,—,—,未分發或放棄,3,國立虎尾科技大學工業管理系(通過); 國立虎尾科技大學財務金融系(通過); 國立臺中科技大學會計資訊系(通過)
CAND_3973,114,nfu_iem,國立虎尾科技大學,工業管理系(商管群),國立虎尾科技大學 工業管理系(商管群),65090152,江*,備取,國立臺中科技大學,國立臺中科技大學國際貿易與經營系,其他學校錄取,5,"國立虎尾科技大學工業管理系(通過); 國立高雄科技大學運籌管理系(通過); 國立高雄科技大學航運管理系(備取); 國立高雄科技大學商務資訊應用系(通過); 國立臺中科技大學國際貿易與經營系(備取,分發)"
CAND_3974,114,nfu_iem,國立虎尾科技大學,工業管理系(商管群),國立虎尾科技大學 工業管理系(商管群),65090173,*永,備取,國立高雄科技大學,國立高雄科技大學運籌管理系,其他學校錄取,3,"國立虎尾科技大學工業管理系(通過); 國立高雄科技大學運籌管理系(備取,分發); 國立勤益科技大學工業工程與管理系(正取)"
CAND_3975,114,nfu_iem,國立虎尾科技大學,工業管理系(商管群),國立虎尾科技大學 工業管理系(商管群),67090202,李*潔,備取,國立高雄科技大學,國立高雄科技大學會計資訊系,其他學校錄取,5,"國立虎尾科技大學工業管理系(通過); 國立高雄科技大學會計資訊系(備取,分發); 國立臺中科技大學會計資訊系(備取); 國立屏東大學會計學系(正取); 中原大學會計學系(通過)"
CAND_3976,114,nfu_iem,國立虎尾科技大學,工業管理系(商管群),國立虎尾科技大學 工業管理系(商管群),68090025,吳*祐,備取,國立臺中科技大學,國立臺中科技大學資訊工程系,其他學校錄取,5,"國立虎尾科技大學工業管理系(通過); 國立高雄科技大學工業工程與管理系(正取); 國立高雄科技大學商務資訊應用系(正取); 國立虎尾科技大學資訊管理系(通過); 國立臺中科技大學資訊工程系(正取,分發)"
CAND_3977,114,nfu_iem,國立虎尾科技大學,工業管理系(商管群),國立虎尾科技大學 工業管理系(商管群),68090050,陳*元,備取,—,—,未分發或放棄,2,國立虎尾科技大學工業管理系(通過); 國立臺中科技大學財政稅務系(備取)
CAND_3978,114,nfu_iem,國立虎尾科技大學,工業管理系(商管群),國立虎尾科技大學 工業管理系(商管群),68090162,黄*,備取,國立高雄科技大學,國立高雄科技大學商務資訊應用系,其他學校錄取,4,"國立虎尾科技大學工業管理系(通過); 國立高雄科技大學運籌管理系(通過); 國立高雄科技大學商務資訊應用系(備取,分發); 國立屏東大學資訊管理學系(正取)"
CAND_3979,114,nfu_iem,國立虎尾科技大學,工業管理系(商管群),國立虎尾科技大學 工業管理系(商管群),68090314,梁*庭,備取,—,—,未分發或放棄,2,國立虎尾科技大學工業管理系(通過); 國立高雄科技大學會計資訊系(通過)
CAND_3980,114,nfu_iem,國立虎尾科技大學,工業管理系(商管群),國立虎尾科技大學 工業管理系(商管群),68090334,郭*均,備取,國立高雄科技大學,國立高雄科技大學財政稅務系,其他學校錄取,5,"國立虎尾科技大學工業管理系(通過); 國立高雄科技大學會計資訊系(通過); 國立高雄科技大學財政稅務系(備取,分發); 國立臺中科技大學保險金融管理系(通過); 國立臺北商業大學商業設計管理系(桃園校區)(通過)"
CAND_3981,114,nfu_iem,國立虎尾科技大學,工業管理系(商管群),國立虎尾科技大學 工業管理系(商管群),68090346,朱*誼,備取,國立高雄科技大學,國立高雄科技大學行銷與流通管理系,其他學校錄取,6,"國立虎尾科技大學工業管理系(通過); 國立高雄科技大學行銷與流通管理系(備取,分發); 國立高雄科技大學金融系(備取); 國立高雄科技大學財政稅務系(備取); 國立臺中科技大學財政稅務系(通過); 南臺科技大學行銷與流通管理系(通過)"
CAND_3982,114,nfu_iem,國立虎尾科技大學,工業管理系(商管群),國立虎尾科技大學 工業管理系(商管群),68090373,魏*,備取,—,—,未分發或放棄,5,國立虎尾科技大學工業管理系(通過); 國立高雄科技大學風險管理與保險系(通過); 國立高雄科技大學會計資訊系(通過); 國立虎尾科技大學企業管理系(通過); 國立臺中科技大學流通管理系(通過)
CAND_3983,114,nfu_iem,國立虎尾科技大學,工業管理系(商管群),國立虎尾科技大學 工業管理系(商管群),68090446,薛*恩,備取,—,—,未分發或放棄,2,國立虎尾科技大學工業管理系(通過); 南臺科技大學資訊工程系(通過)
CAND_3984,114,nfu_iem,國立虎尾科技大學,工業管理系(商管群),國立虎尾科技大學 工業管理系(商管群),68090465,歐*伶,備取,—,—,未分發或放棄,2,國立虎尾科技大學工業管理系(通過); 國立臺中科技大學財政稅務系(備取)
CAND_3985,114,nfu_iem,國立虎尾科技大學,工業管理系(商管群),國立虎尾科技大學 工業管理系(商管群),68090469,歐*妤,備取,—,—,未分發或放棄,3,國立虎尾科技大學工業管理系(通過); 國立高雄科技大學會計資訊系(通過); 國立臺中科技大學會計資訊系(通過)
CAND_3986,114,nfu_iem,國立虎尾科技大學,工業管理系(商管群),國立虎尾科技大學 工業管理系(商管群),68090726,楊*瑄,備取,國立高雄科技大學,國立高雄科技大學商務資訊應用系(資安人才),其他學校錄取,4,"國立虎尾科技大學工業管理系(通過); 國立屏東科技大學資訊管理系(通過); 國立屏東科技大學工業管理系(通過); 國立高雄科技大學商務資訊應用系(資安人才)(正取,分發)"
CAND_3987,114,nfu_iem,國立虎尾科技大學,工業管理系(商管群),國立虎尾科技大學 工業管理系(商管群),68530042,許*絜,正取,國立雲林科技大學,國立雲林科技大學工業工程與管理系,其他學校錄取,6,"國立虎尾科技大學工業管理系(通過); 國立雲林科技大學工業工程與管理系(正取,分發); 國立高雄科技大學財務管理系(備取); 國立高雄科技大學金融資訊系(正取); 國立高雄科技大學智慧商務系(正取); 國立虎尾科技大學資訊管理系(正取)"
CAND_3988,114,nfu_iem,國立虎尾科技大學,工業管理系(商管群),國立虎尾科技大學 工業管理系(商管群),70090015,黄*柔,備取,國立臺中科技大學,國立臺中科技大學應用統計系,其他學校錄取,3,"國立虎尾科技大學工業管理系(通過); 國立臺中科技大學應用統計系(正取,分發); 國立屏東大學資訊管理學系(備取)"
CAND_3989,114,nfu_iem,國立虎尾科技大學,工業管理系(商管群),國立虎尾科技大學 工業管理系(商管群),70090297,朱*,備取,國立臺中科技大學,國立臺中科技大學應用中文系,其他學校錄取,3,"國立虎尾科技大學工業管理系(通過); 國立臺中科技大學應用中文系(正取,分發); 國立屏東大學會計學系(通過)"
CAND_3990,114,nfu_iem,國立虎尾科技大學,工業管理系(商管群),國立虎尾科技大學 工業管理系(商管群),70090301,朱*,正取,—,—,未分發或放棄,5,國立虎尾科技大學工業管理系(通過); 國立高雄科技大學行銷與流通管理系(正取); 國立高雄科技大學人力資源發展系(通過); 國立虎尾科技大學企業管理系(正取); 銘傳大學企業管理學系(台北校區)(通過)
CAND_3991,114,nfu_iem,國立虎尾科技大學,工業管理系(商管群),國立虎尾科技大學 工業管理系(商管群),70091012,金*昀,備取,—,—,未分發或放棄,3,國立虎尾科技大學工業管理系(通過); 國立勤益科技大學工業工程與管理系(備取); 國立臺中科技大學保險金融管理系(備取)
CAND_3992,115,nfu_iem,國立虎尾科技大學,工業管理系(機械群),國立虎尾科技大學 工業管理系(機械群),55010147,吳*𤩅,正取,—,—,未分發或放棄,3,國立虎尾科技大學工業管理系(正取); 國立虎尾科技大學機械與電腦輔助工程系(正取); 國立勤益科技大學機械工程系(通過)
CAND_3993,115,nfu_iem,國立虎尾科技大學,工業管理系(機械群),國立虎尾科技大學 工業管理系(機械群),58010124,*齊,正取,國立虎尾科技大學,國立虎尾科技大學機械與電腦輔助工程系,原校系/本校留任,6,"國立虎尾科技大學工業管理系(正取); 國立雲林科技大學工業工程與管理系(正取); 國立虎尾科技大學機械與電腦輔助工程系(正取,分發); 國立勤益科技大學機械工程系(正取); 南臺科技大學機械工程系自動化控制組(正取); 逢甲大學機械與電腦輔助工程學系(備取)"
CAND_3994,115,nfu_iem,國立虎尾科技大學,工業管理系(機械群),國立虎尾科技大學 工業管理系(機械群),73010026,林*,正取,國立雲林科技大學,國立雲林科技大學工業工程與管理系,其他學校錄取,4,"國立虎尾科技大學工業管理系(正取); 國立雲林科技大學工業工程與管理系(正取,分發); 國立虎尾科技大學機械設計工程系(正取); 國立勤益科技大學工業工程與管理系(通過)"
CAND_3995,115,nfu_iem,國立虎尾科技大學,工業管理系(機械群),國立虎尾科技大學 工業管理系(機械群),70010346,*柴,正取,國立虎尾科技大學,國立虎尾科技大學工業管理系,原校系/本校留任,2,"國立虎尾科技大學工業管理系(正取,分發); 國立虎尾科技大學機械與電腦輔助工程系(正取)"
CAND_3996,115,nfu_iem,國立虎尾科技大學,工業管理系(機械群),國立虎尾科技大學 工業管理系(機械群),56010241,賴*,正取,國立勤益科技大學,國立勤益科技大學機械工程系,其他學校錄取,3,"國立虎尾科技大學工業管理系(正取); 國立勤益科技大學機械工程系(備取,分發); 國立聯合大學機械工程學系(正取)"
CAND_3997,115,nfu_iem,國立虎尾科技大學,工業管理系(機械群),國立虎尾科技大學 工業管理系(機械群),61010620,黄*綸,正取,國立虎尾科技大學,國立虎尾科技大學工業管理系,原校系/本校留任,2,"國立虎尾科技大學工業管理系(正取,分發); 國立虎尾科技大學動力機械工程系(備取)"
CAND_3998,115,nfu_iem,國立虎尾科技大學,工業管理系(機械群),國立虎尾科技大學 工業管理系(機械群),66010116,*晴,正取,國立虎尾科技大學,國立虎尾科技大學工業管理系,原校系/本校留任,4,"國立虎尾科技大學工業管理系(正取,分發); 國立屏東科技大學機械工程系(通過); 國立高雄科技大學造船及海洋工程系(通過); 朝陽科技大學環境工程與管理系(通過)"
CAND_3999,115,nfu_iem,國立虎尾科技大學,工業管理系(機械群),國立虎尾科技大學 工業管理系(機械群),56010120,林*言,正取,國立高雄科技大學,國立高雄科技大學工業工程與管理系,其他學校錄取,4,"國立虎尾科技大學工業管理系(正取); 國立高雄科技大學工業工程與管理系(備取,分發); 國立虎尾科技大學機械與電腦輔助工程系(正取); 國立彰化師範大學電機與機械科技學系(備取)"
CAND_4000,115,nfu_iem,國立虎尾科技大學,工業管理系(機械群),國立虎尾科技大學 工業管理系(機械群),56010324,張*碩,正取,國立虎尾科技大學,國立虎尾科技大學工業管理系,原校系/本校留任,3,"國立虎尾科技大學工業管理系(正取,分發); 國立虎尾科技大學機械與電腦輔助工程系(正取); 大葉大學機械與自動化工程學系(通過)"
CAND_4001,115,nfu_iem,國立虎尾科技大學,工業管理系(機械群),國立虎尾科技大學 工業管理系(機械群),62010106,*菲,正取,逢甲大學,逢甲大學機械與電腦輔助工程學系,其他學校錄取,5,"國立虎尾科技大學工業管理系(正取); 國立虎尾科技大學機械與電腦輔助工程系(正取); 國立勤益科技大學工業工程與管理系(正取); 朝陽科技大學航空機械系(通過); 逢甲大學機械與電腦輔助工程學系(正取,分發)"
CAND_4002,115,nfu_iem,國立虎尾科技大學,工業管理系(機械群),國立虎尾科技大學 工業管理系(機械群),64010457,林*,正取,國立虎尾科技大學,國立虎尾科技大學工業管理系,原校系/本校留任,4,"國立虎尾科技大學工業管理系(正取,分發); 國立虎尾科技大學機械與電腦輔助工程系(備取); 國立勤益科技大學機械工程系(備取); 國立聯合大學機械工程學系(備取)"
CAND_4003,115,nfu_iem,國立虎尾科技大學,工業管理系(機械群),國立虎尾科技大學 工業管理系(機械群),52010232,李*呈,正取,國立虎尾科技大學,國立虎尾科技大學機械與電腦輔助工程系,原校系/本校留任,5,"國立虎尾科技大學工業管理系(正取); 國立虎尾科技大學機械與電腦輔助工程系(備取,分發); 國立勤益科技大學工業工程與管理系(正取); 明志科技大學機械工程系精密機械組(正取); 明志科技大學機械工程系光機電組(正取)"
CAND_4004,115,nfu_iem,國立虎尾科技大學,工業管理系(機械群),國立虎尾科技大學 工業管理系(機械群),58010209,葵*,正取,國立虎尾科技大學,國立虎尾科技大學工業管理系,原校系/本校留任,3,"國立虎尾科技大學工業管理系(正取,分發); 國立高雄科技大學模具工程系光電模具組(備取); 國立高雄科技大學模具工程系精微模具組(備取)"
CAND_4005,115,nfu_iem,國立虎尾科技大學,工業管理系(機械群),國立虎尾科技大學 工業管理系(機械群),54010076,李*,正取,國立虎尾科技大學,國立虎尾科技大學工業管理系,原校系/本校留任,1,"國立虎尾科技大學工業管理系(正取,分發)"
CAND_4006,115,nfu_iem,國立虎尾科技大學,工業管理系(機械群),國立虎尾科技大學 工業管理系(機械群),68010256,黄*喆,正取,國立虎尾科技大學,國立虎尾科技大學工業管理系,原校系/本校留任,2,"國立虎尾科技大學工業管理系(正取,分發); 國立高雄科技大學高瞻科技不分系學士學位學程(通過)"
CAND_4007,115,nfu_iem,國立虎尾科技大學,工業管理系(機械群),國立虎尾科技大學 工業管理系(機械群),68010114,李*易,正取,國立虎尾科技大學,國立虎尾科技大學工業管理系,原校系/本校留任,2,"國立虎尾科技大學工業管理系(正取,分發); 國立勤益科技大學工業工程與管理系(正取)"
CAND_4008,115,nfu_iem,國立虎尾科技大學,工業管理系(機械群),國立虎尾科技大學 工業管理系(機械群),56010280,鄧*佑,正取,國立虎尾科技大學,國立虎尾科技大學工業管理系,原校系/本校留任,3,"國立虎尾科技大學工業管理系(正取,分發); 國立高雄科技大學造船及海洋工程系(正取); 國立勤益科技大學冷凍空調與能源系能源應用組(正取)"
CAND_4009,115,nfu_iem,國立虎尾科技大學,工業管理系(機械群),國立虎尾科技大學 工業管理系(機械群),63010076,何*,正取,國立勤益科技大學,國立勤益科技大學機械工程系,其他學校錄取,5,"國立虎尾科技大學工業管理系(正取); 國立屏東科技大學機械工程系(通過); 國立高雄科技大學造船及海洋工程系(通過); 國立虎尾科技大學機械與電腦輔助工程系(備取); 國立勤益科技大學機械工程系(備取,分發)"
CAND_4010,115,nfu_iem,國立虎尾科技大學,工業管理系(機械群),國立虎尾科技大學 工業管理系(機械群),66010171,吳*賢,正取,國立虎尾科技大學,國立虎尾科技大學工業管理系,原校系/本校留任,2,"國立虎尾科技大學工業管理系(正取,分發); 國立勤益科技大學工業工程與管理系(正取)"
CAND_4011,115,nfu_iem,國立虎尾科技大學,工業管理系(機械群),國立虎尾科技大學 工業管理系(機械群),62010161,林*婷,正取,國立虎尾科技大學,國立虎尾科技大學動力機械工程系,原校系/本校留任,4,"國立虎尾科技大學工業管理系(正取); 國立屏東科技大學機械工程系(通過); 國立虎尾科技大學動力機械工程系(正取,分發); 國立勤益科技大學機械工程系(正取)"
CAND_4012,115,nfu_iem,國立虎尾科技大學,工業管理系(機械群),國立虎尾科技大學 工業管理系(機械群),62010173,維*,備取,國立虎尾科技大學,國立虎尾科技大學工業管理系,原校系/本校留任,4,"國立虎尾科技大學工業管理系(備取,分發); 國立屏東科技大學智慧機電學士學位學程(通過); 國立虎尾科技大學機械與電腦輔助工程系(正取); 國立勤益科技大學工業工程與管理系(通過)"
CAND_4013,115,nfu_iem,國立虎尾科技大學,工業管理系(機械群),國立虎尾科技大學 工業管理系(機械群),68010208,郭*,備取,國立虎尾科技大學,國立虎尾科技大學工業管理系,原校系/本校留任,4,"國立虎尾科技大學工業管理系(備取,分發); 國立高雄科技大學模具工程系(備取); 國立高雄科技大學高瞻科技不分系學士學位學程(通過); 國立虎尾科技大學飛機工程系機械組(備取)"
CAND_4014,115,nfu_iem,國立虎尾科技大學,工業管理系(機械群),國立虎尾科技大學 工業管理系(機械群),64010120,許*鈞,備取,—,—,未分發或放棄,1,國立虎尾科技大學工業管理系(備取)
CAND_4015,115,nfu_iem,國立虎尾科技大學,工業管理系(機械群),國立虎尾科技大學 工業管理系(機械群),52010176,林*龍,備取,國立虎尾科技大學,國立虎尾科技大學工業管理系,原校系/本校留任,3,"國立虎尾科技大學工業管理系(備取,分發); 亞東科技大學機械工程系(通過); 亞東科技大學工商業設計系(通過)"
CAND_4016,115,nfu_iem,國立虎尾科技大學,工業管理系(機械群),國立虎尾科技大學 工業管理系(機械群),52010413,康*元,備取,國立虎尾科技大學,國立虎尾科技大學工業管理系,原校系/本校留任,3,"國立虎尾科技大學工業管理系(備取,分發); 國立勤益科技大學機械工程系(通過); 朝陽科技大學航空機械系(通過)"
CAND_4017,115,nfu_iem,國立虎尾科技大學,工業管理系(機械群),國立虎尾科技大學 工業管理系(機械群),71010137,房*洋,備取,—,—,未分發或放棄,2,國立虎尾科技大學工業管理系(備取); 國立虎尾科技大學機械與電腦輔助工程系(備取)
CAND_4018,115,nfu_iem,國立虎尾科技大學,工業管理系(機械群),國立虎尾科技大學 工業管理系(機械群),68010481,郭*,備取,國立高雄科技大學,國立高雄科技大學車輛工程系,其他學校錄取,2,"國立虎尾科技大學工業管理系(備取); 國立高雄科技大學車輛工程系(備取,分發)"
CAND_4019,115,nfu_iem,國立虎尾科技大學,工業管理系(機械群),國立虎尾科技大學 工業管理系(機械群),60010046,*鈞,備取,國立虎尾科技大學,國立虎尾科技大學工業管理系,原校系/本校留任,1,"國立虎尾科技大學工業管理系(備取,分發)"
CAND_4020,115,nfu_iem,國立虎尾科技大學,工業管理系(機械群),國立虎尾科技大學 工業管理系(機械群),56010054,吳*威,備取,國立虎尾科技大學,國立虎尾科技大學機械設計工程系,原校系/本校留任,3,"國立虎尾科技大學工業管理系(備取); 國立虎尾科技大學機械設計工程系(正取,分發); 國立勤益科技大學工業工程與管理系(通過)"
CAND_4021,115,nfu_iem,國立虎尾科技大學,工業管理系(機械群),國立虎尾科技大學 工業管理系(機械群),66010145,吳*哲,備取,國立虎尾科技大學,國立虎尾科技大學工業管理系,原校系/本校留任,2,"國立虎尾科技大學工業管理系(備取,分發); 國立虎尾科技大學機械設計工程系(備取)"
CAND_4022,115,nfu_iem,國立虎尾科技大學,工業管理系(機械群),國立虎尾科技大學 工業管理系(機械群),56010326,潘*勛,備取,國立勤益科技大學,國立勤益科技大學冷凍空調與能源系環境控制組,其他學校錄取,4,"國立虎尾科技大學工業管理系(備取); 國立高雄科技大學工業設計系(通過); 國立高雄科技大學航運技術系(正取); 國立勤益科技大學冷凍空調與能源系環境控制組(正取,分發)"
CAND_4023,115,nfu_iem,國立虎尾科技大學,工業管理系(機械群),國立虎尾科技大學 工業管理系(機械群),68010422,翁*,備取,國立高雄科技大學,國立高雄科技大學造船及海洋工程系,其他學校錄取,3,"國立虎尾科技大學工業管理系(備取); 國立屏東科技大學機械工程系(通過); 國立高雄科技大學造船及海洋工程系(備取,分發)"
CAND_4024,115,nfu_iem,國立虎尾科技大學,工業管理系(機械群),國立虎尾科技大學 工業管理系(機械群),56010103,F*穎,備取,國立虎尾科技大學,國立虎尾科技大學工業管理系,原校系/本校留任,1,"國立虎尾科技大學工業管理系(備取,分發)"
CAND_4025,115,nfu_iem,國立虎尾科技大學,工業管理系(機械群),國立虎尾科技大學 工業管理系(機械群),64010326,蕭*,備取,國立虎尾科技大學,國立虎尾科技大學工業管理系,原校系/本校留任,2,"國立虎尾科技大學工業管理系(備取,分發); 國立勤益科技大學工業工程與管理系(備取)"
CAND_4026,115,nfu_iem,國立虎尾科技大學,工業管理系(機械群),國立虎尾科技大學 工業管理系(機械群),58010070,賴*碩,備取,—,—,未分發或放棄,5,國立虎尾科技大學工業管理系(備取); 國立勤益科技大學工業工程與管理系(備取); 龍華科技大學半導體工程系(通過); 明志科技大學機械工程系光機電組(通過); 明志科技大學半導體材料與製程學士學位學程(通過)
CAND_4027,115,nfu_iem,國立虎尾科技大學,工業管理系(機械群),國立虎尾科技大學 工業管理系(機械群),64010136,陳*錥,備取,國立虎尾科技大學,國立虎尾科技大學動力機械工程系,原校系/本校留任,4,"國立虎尾科技大學工業管理系(備取); 國立虎尾科技大學動力機械工程系(備取,分發); 國立勤益科技大學機械工程系(備取); 朝陽科技大學環境工程與管理系(通過)"
CAND_4028,115,nfu_iem,國立虎尾科技大學,工業管理系(機械群),國立虎尾科技大學 工業管理系(機械群),61010349,賴*,備取,—,—,未分發或放棄,2,國立虎尾科技大學工業管理系(備取); 國立勤益科技大學機械工程系(通過)
CAND_4029,115,nfu_iem,國立虎尾科技大學,工業管理系(機械群),國立虎尾科技大學 工業管理系(機械群),52010104,汪*喬,備取,國立勤益科技大學,國立勤益科技大學機械工程系,其他學校錄取,4,"國立虎尾科技大學工業管理系(通過); 國立屏東科技大學機械工程系(備取); 國立高雄科技大學造船及海洋工程系(備取); 國立勤益科技大學機械工程系(正取,分發)"
CAND_4030,115,nfu_iem,國立虎尾科技大學,工業管理系(機械群),國立虎尾科技大學 工業管理系(機械群),52010305,*哲,備取,國立勤益科技大學,國立勤益科技大學機械工程系,其他學校錄取,4,"國立虎尾科技大學工業管理系(通過); 國立高雄科技大學造船及海洋工程系(通過); 國立虎尾科技大學機械與電腦輔助工程系(通過); 國立勤益科技大學機械工程系(備取,分發)"
CAND_4031,115,nfu_iem,國立虎尾科技大學,工業管理系(機械群),國立虎尾科技大學 工業管理系(機械群),52010406,黎*,備取,—,—,未分發或放棄,2,國立虎尾科技大學工業管理系(通過); 國立高雄科技大學造船及海洋工程系(通過)
CAND_4032,115,nfu_iem,國立虎尾科技大學,工業管理系(機械群),國立虎尾科技大學 工業管理系(機械群),56010081,黄*宇,正取,國立虎尾科技大學,國立虎尾科技大學機械設計工程系,原校系/本校留任,3,"國立虎尾科技大學工業管理系(通過); 國立虎尾科技大學機械設計工程系(正取,分發); 國立勤益科技大學機械工程系(通過)"
CAND_4033,115,nfu_iem,國立虎尾科技大學,工業管理系(機械群),國立虎尾科技大學 工業管理系(機械群),56010194,李*珮,備取,醒吾科技大學,醒吾科技大學商業設計系,其他學校錄取,5,"國立虎尾科技大學工業管理系(通過); 萬能科技大學室內設計與營建科技系室內設計與管理組(通過); 萬能科技大學精密機械與工業工程系(通過); 萬能科技大學商業設計系(通過); 醒吾科技大學商業設計系(正取,分發)"
CAND_4034,115,nfu_iem,國立虎尾科技大學,工業管理系(機械群),國立虎尾科技大學 工業管理系(機械群),58010162,鄭*,備取,國立勤益科技大學,國立勤益科技大學冷凍空調與能源系環境控制組,其他學校錄取,5,"國立虎尾科技大學工業管理系(通過); 國立勤益科技大學冷凍空調與能源系環境控制組(備取,分發); 朝陽科技大學環境工程與管理系(正取); 龍華科技大學半導體工程系(正取); 中臺科技大學環境與安全衛生工程系(通過)"
CAND_4035,115,nfu_iem,國立虎尾科技大學,工業管理系(機械群),國立虎尾科技大學 工業管理系(機械群),58010232,温*儀,正取,國立虎尾科技大學,國立虎尾科技大學機械與電腦輔助工程系,原校系/本校留任,2,"國立虎尾科技大學工業管理系(通過); 國立虎尾科技大學機械與電腦輔助工程系(正取,分發)"
CAND_4036,115,nfu_iem,國立虎尾科技大學,工業管理系(機械群),國立虎尾科技大學 工業管理系(機械群),61010168,*修,備取,國立勤益科技大學,國立勤益科技大學機械工程系,其他學校錄取,3,"國立虎尾科技大學工業管理系(通過); 國立勤益科技大學機械工程系(備取,分發); 國立聯合大學機械工程學系(通過)"
CAND_4037,115,nfu_iem,國立虎尾科技大學,工業管理系(機械群),國立虎尾科技大學 工業管理系(機械群),61010177,盧*恩,備取,—,—,未分發或放棄,3,國立虎尾科技大學工業管理系(通過); 國立虎尾科技大學機械設計工程系(通過); 國立勤益科技大學工業工程與管理系(通過)
CAND_4038,115,nfu_iem,國立虎尾科技大學,工業管理系(機械群),國立虎尾科技大學 工業管理系(機械群),61010273,陳*宏,正取,國立虎尾科技大學,國立虎尾科技大學材料科學與工程系,原校系/本校留任,6,"國立虎尾科技大學工業管理系(通過); 國立雲林科技大學工業工程與管理系(備取); 國立高雄科技大學模具工程系光電模具組(通過); 國立高雄科技大學模具工程系精微模具組(通過); 國立高雄科技大學造船及海洋工程系(通過); 國立虎尾科技大學材料科學與工程系(正取,分發)"
CAND_4039,115,nfu_iem,國立虎尾科技大學,工業管理系(機械群),國立虎尾科技大學 工業管理系(機械群),61010381,李*,備取,國立高雄科技大學,國立高雄科技大學造船及海洋工程系,其他學校錄取,4,"國立虎尾科技大學工業管理系(通過); 國立高雄科技大學工業設計系(通過); 國立高雄科技大學造船及海洋工程系(備取,分發); 國立高雄科技大學航運技術系(通過)"
CAND_4040,115,nfu_iem,國立虎尾科技大學,工業管理系(機械群),國立虎尾科技大學 工業管理系(機械群),61010390,林*謙,備取,—,—,未分發或放棄,4,國立虎尾科技大學工業管理系(通過); 國立高雄科技大學造船及海洋工程系(備取); 國立高雄科技大學航運技術系(通過); 國立勤益科技大學人工智慧應用工程系(通過)
CAND_4041,115,nfu_iem,國立虎尾科技大學,工業管理系(機械群),國立虎尾科技大學 工業管理系(機械群),61010527,吳*私,備取,朝陽科技大學,朝陽科技大學航空機械系,其他學校錄取,3,"國立虎尾科技大學工業管理系(通過); 國立勤益科技大學冷凍空調與能源系環境控制組(通過); 朝陽科技大學航空機械系(正取,分發)"
CAND_4042,115,nfu_iem,國立虎尾科技大學,工業管理系(機械群),國立虎尾科技大學 工業管理系(機械群),61010564,潘*,備取,國立勤益科技大學,國立勤益科技大學機械工程系,其他學校錄取,4,"國立虎尾科技大學工業管理系(通過); 國立虎尾科技大學機械與電腦輔助工程系(通過); 國立勤益科技大學機械工程系(備取,分發); 國立聯合大學機械工程學系(通過)"
CAND_4043,115,nfu_iem,國立虎尾科技大學,工業管理系(機械群),國立虎尾科技大學 工業管理系(機械群),61010746,邱*有,備取,—,—,未分發或放棄,1,國立虎尾科技大學工業管理系(通過)
CAND_4044,115,nfu_iem,國立虎尾科技大學,工業管理系(機械群),國立虎尾科技大學 工業管理系(機械群),64010362,林*毅,備取,—,—,未分發或放棄,1,國立虎尾科技大學工業管理系(通過)
CAND_4045,115,nfu_iem,國立虎尾科技大學,工業管理系(機械群),國立虎尾科技大學 工業管理系(機械群),66010012,*芃,備取,南臺科技大學,南臺科技大學機械工程系自動化控制組,其他學校錄取,5,"國立虎尾科技大學工業管理系(通過); 朝陽科技大學航空機械系(通過); 南臺科技大學機械工程系自動化控制組(正取,分發); 南臺科技大學工業管理與資訊系(正取); 明志科技大學機械工程系精密機械組(通過)"
CAND_4046,115,nfu_iem,國立虎尾科技大學,工業管理系(機械群),國立虎尾科技大學 工業管理系(機械群),67010182,彭*翔,備取,國立高雄科技大學,國立高雄科技大學航運技術系,其他學校錄取,3,"國立虎尾科技大學工業管理系(通過); 國立高雄科技大學造船及海洋工程系(正取); 國立高雄科技大學航運技術系(正取,分發)"
CAND_4047,115,nfu_iem,國立虎尾科技大學,工業管理系(機械群),國立虎尾科技大學 工業管理系(機械群),67010185,*呈,備取,—,—,未分發或放棄,2,國立虎尾科技大學工業管理系(通過); 國立勤益科技大學工業工程與管理系(通過)
CAND_4048,115,nfu_iem,國立虎尾科技大學,工業管理系(機械群),國立虎尾科技大學 工業管理系(機械群),68010154,楊*女,正取,國立高雄科技大學,國立高雄科技大學工業工程與管理系,其他學校錄取,5,"國立虎尾科技大學工業管理系(通過); 國立屏東科技大學材料工程系(正取); 國立高雄科技大學工業工程與管理系(備取,分發); 國立虎尾科技大學機械與電腦輔助工程系(正取); 國立勤益科技大學工業工程與管理系(通過)"
CAND_4049,115,nfu_iem,國立虎尾科技大學,工業管理系(機械群),國立虎尾科技大學 工業管理系(機械群),68010377,陳*廷,備取,國立彰化師範大學,國立彰化師範大學電機與機械科技學系,其他學校錄取,2,"國立虎尾科技大學工業管理系(通過); 國立彰化師範大學電機與機械科技學系(正取,分發)"
CAND_4050,115,nfu_iem,國立虎尾科技大學,工業管理系(機械群),國立虎尾科技大學 工業管理系(機械群),70010077,高*J,備取,—,—,未分發或放棄,2,國立虎尾科技大學工業管理系(通過); 國立虎尾科技大學機械與電腦輔助工程系(通過)
CAND_4051,115,nfu_iem,國立虎尾科技大學,工業管理系(機械群),國立虎尾科技大學 工業管理系(機械群),70010372,維*,備取,—,—,未分發或放棄,3,國立虎尾科技大學工業管理系(通過); 國立虎尾科技大學機械與電腦輔助工程系(通過); 國立彰化師範大學電機與機械科技學系(通過)
CAND_4052,115,nfu_iem,國立虎尾科技大學,工業管理系(機械群),國立虎尾科技大學 工業管理系(機械群),70010373,陳*凱,備取,國立高雄科技大學,國立高雄科技大學模具工程系,其他學校錄取,6,"國立虎尾科技大學工業管理系(通過); 國立高雄科技大學工業工程與管理系(備取); 國立高雄科技大學模具工程系(備取,分發); 國立高雄科技大學模具工程系光電模具組(通過); 國立虎尾科技大學機械與電腦輔助工程系(通過); 國立彰化師範大學電機與機械科技學系(通過)"
CAND_4053,115,nfu_iem,國立虎尾科技大學,工業管理系(商管群),國立虎尾科技大學 工業管理系(商管群),66090275,林*,正取,國立虎尾科技大學,國立虎尾科技大學企業管理系,原校系/本校留任,4,"國立虎尾科技大學工業管理系(正取); 國立高雄科技大學風險管理與保險系(通過); 國立虎尾科技大學企業管理系(正取,分發); 國立臺中科技大學財務金融系(備取)"
CAND_4054,115,nfu_iem,國立虎尾科技大學,工業管理系(商管群),國立虎尾科技大學 工業管理系(商管群),54090398,陳*,正取,國立虎尾科技大學,國立虎尾科技大學工業管理系,原校系/本校留任,4,"國立虎尾科技大學工業管理系(正取,分發); 國立虎尾科技大學企業管理系(備取); 國立臺北護理健康大學生死與健康心理諮商系(通過); 國立臺中科技大學財政稅務系(正取)"
CAND_4055,115,nfu_iem,國立虎尾科技大學,工業管理系(商管群),國立虎尾科技大學 工業管理系(商管群),65090110,林*羚,正取,國立勤益科技大學,國立勤益科技大學工業工程與管理系,其他學校錄取,3,"國立虎尾科技大學工業管理系(正取); 國立勤益科技大學工業工程與管理系(正取,分發); 國立臺中科技大學應用統計系(正取)"
CAND_4056,115,nfu_iem,國立虎尾科技大學,工業管理系(商管群),國立虎尾科技大學 工業管理系(商管群),70090427,郭*源,正取,國立高雄科技大學,國立高雄科技大學會計資訊系,其他學校錄取,5,"國立虎尾科技大學工業管理系(正取); 國立高雄科技大學會計資訊系(正取,分發); 國立勤益科技大學工業工程與管理系(通過); 國立臺中科技大學會計資訊系(備取); 國立屏東大學會計學系(正取)"
CAND_4057,115,nfu_iem,國立虎尾科技大學,工業管理系(商管群),國立虎尾科技大學 工業管理系(商管群),56090499,F*綺,正取,國立虎尾科技大學,國立虎尾科技大學工業管理系,原校系/本校留任,3,"國立虎尾科技大學工業管理系(正取,分發); 國立勤益科技大學資訊管理系(通過); 國立臺中科技大學財務金融系(通過)"
CAND_4058,115,nfu_iem,國立虎尾科技大學,工業管理系(商管群),國立虎尾科技大學 工業管理系(商管群),61090465,湯*羲,正取,國立高雄科技大學,國立高雄科技大學運籌管理系,其他學校錄取,2,"國立虎尾科技大學工業管理系(正取); 國立高雄科技大學運籌管理系(正取,分發)"
CAND_4059,115,nfu_iem,國立虎尾科技大學,工業管理系(商管群),國立虎尾科技大學 工業管理系(商管群),61090426,李*恩,正取,國立虎尾科技大學,國立虎尾科技大學工業管理系,原校系/本校留任,5,"國立虎尾科技大學工業管理系(正取,分發); 國立高雄科技大學航運管理系(正取); 國立勤益科技大學行銷與流通管理系(正取); 國立臺中科技大學財務金融系(備取); 朝陽科技大學環境工程與管理系(正取)"
CAND_4060,115,nfu_iem,國立虎尾科技大學,工業管理系(商管群),國立虎尾科技大學 工業管理系(商管群),57090566,謝*,正取,—,—,未分發或放棄,2,國立虎尾科技大學工業管理系(正取); 國立勤益科技大學資訊管理系(正取)
CAND_4061,115,nfu_iem,國立虎尾科技大學,工業管理系(商管群),國立虎尾科技大學 工業管理系(商管群),68530061,葉*恩,正取,國立虎尾科技大學,國立虎尾科技大學工業管理系,原校系/本校留任,3,"國立虎尾科技大學工業管理系(正取,分發); 國立高雄科技大學資訊管理系(通過); 國立高雄科技大學智慧商務系(通過)"
CAND_4062,115,nfu_iem,國立虎尾科技大學,工業管理系(商管群),國立虎尾科技大學 工業管理系(商管群),52090580,*綸,正取,國立屏東科技大學,國立屏東科技大學工業管理系,其他學校錄取,5,"國立虎尾科技大學工業管理系(正取); 國立屏東科技大學工業管理系(正取,分發); 國立高雄科技大學運籌管理系(正取); 國立澎湖科技大學航運管理系(正取); 國立勤益科技大學工業工程與管理系(通過)"
CAND_4063,115,nfu_iem,國立虎尾科技大學,工業管理系(商管群),國立虎尾科技大學 工業管理系(商管群),61090702,賴*均,正取,國立雲林科技大學,國立雲林科技大學工業工程與管理系,其他學校錄取,4,"國立虎尾科技大學工業管理系(正取); 國立雲林科技大學工業工程與管理系(正取,分發); 國立高雄科技大學工業工程與管理系(正取); 國立高雄科技大學智慧商務系(正取)"
CAND_4064,115,nfu_iem,國立虎尾科技大學,工業管理系(商管群),國立虎尾科技大學 工業管理系(商管群),59090288,張*,正取,國立勤益科技大學,國立勤益科技大學資訊管理系,其他學校錄取,3,"國立虎尾科技大學工業管理系(正取); 國立勤益科技大學資訊管理系(正取,分發); 國立臺中科技大學應用日語系(正取)"
CAND_4065,115,nfu_iem,國立虎尾科技大學,工業管理系(商管群),國立虎尾科技大學 工業管理系(商管群),68090502,黄*媛,正取,—,—,未分發或放棄,4,國立虎尾科技大學工業管理系(正取); 國立屏東科技大學資訊管理系(通過); 國立高雄科技大學航運管理系(備取); 國立臺中科技大學財政稅務系(備取)
CAND_4066,115,nfu_iem,國立虎尾科技大學,工業管理系(商管群),國立虎尾科技大學 工業管理系(商管群),56090496,邱*婷,正取,國立虎尾科技大學,國立虎尾科技大學工業管理系,原校系/本校留任,4,"國立虎尾科技大學工業管理系(正取,分發); 國立屏東科技大學工業管理系(通過); 國立臺北護理健康大學資訊管理系(備取); 國立臺中科技大學資訊工程系(通過)"
CAND_4067,115,nfu_iem,國立虎尾科技大學,工業管理系(商管群),國立虎尾科技大學 工業管理系(商管群),64090281,林*智,正取,國立虎尾科技大學,國立虎尾科技大學工業管理系,原校系/本校留任,2,"國立虎尾科技大學工業管理系(正取,分發); 國立臺中科技大學人工智慧應用工程學士學位學程(通過)"
CAND_4068,115,nfu_iem,國立虎尾科技大學,工業管理系(商管群),國立虎尾科技大學 工業管理系(商管群),68090569,葵*大,正取,國立高雄科技大學,國立高雄科技大學運籌管理系,其他學校錄取,4,"國立虎尾科技大學工業管理系(正取); 國立屏東科技大學工業管理系(通過); 國立高雄科技大學運籌管理系(備取,分發); 國立臺中科技大學財政稅務系(備取)"
CAND_4069,115,nfu_iem,國立虎尾科技大學,工業管理系(商管群),國立虎尾科技大學 工業管理系(商管群),61090953,黄*勛,正取,國立虎尾科技大學,國立虎尾科技大學財務金融系,原校系/本校留任,2,"國立虎尾科技大學工業管理系(正取); 國立虎尾科技大學財務金融系(正取,分發)"
CAND_4070,115,nfu_iem,國立虎尾科技大學,工業管理系(商管群),國立虎尾科技大學 工業管理系(商管群),61091050,賴*瑜,正取,國立勤益科技大學,國立勤益科技大學企業管理系,其他學校錄取,4,"國立虎尾科技大學工業管理系(正取); 國立虎尾科技大學企業管理系(備取); 國立勤益科技大學企業管理系(正取,分發); 朝陽科技大學企業管理系(通過)"
CAND_4071,115,nfu_iem,國立虎尾科技大學,工業管理系(商管群),國立虎尾科技大學 工業管理系(商管群),56090139,—,正取,國立屏東大學,國立屏東大學會計學系,其他學校錄取,3,"國立虎尾科技大學工業管理系(正取); 朝陽科技大學會計系(正取); 國立屏東大學會計學系(正取,分發)"
CAND_4072,115,nfu_iem,國立虎尾科技大學,工業管理系(商管群),國立虎尾科技大學 工業管理系(商管群),56090167,陳*瑄,正取,國立勤益科技大學,國立勤益科技大學工業工程與管理系,其他學校錄取,2,"國立虎尾科技大學工業管理系(正取); 國立勤益科技大學工業工程與管理系(正取,分發)"
CAND_4073,115,nfu_iem,國立虎尾科技大學,工業管理系(商管群),國立虎尾科技大學 工業管理系(商管群),71090181,江*綺,正取,國立勤益科技大學,國立勤益科技大學工業工程與管理系,其他學校錄取,3,"國立虎尾科技大學工業管理系(正取); 國立勤益科技大學工業工程與管理系(備取,分發); 國立屏東大學企業管理學系(通過)"
CAND_4074,115,nfu_iem,國立虎尾科技大學,工業管理系(商管群),國立虎尾科技大學 工業管理系(商管群),57090497,*源,正取,國立虎尾科技大學,國立虎尾科技大學工業管理系,原校系/本校留任,2,"國立虎尾科技大學工業管理系(正取,分發); 國立勤益科技大學資訊管理系(正取)"
CAND_4075,115,nfu_iem,國立虎尾科技大學,工業管理系(商管群),國立虎尾科技大學 工業管理系(商管群),52090394,郭*宗,正取,國立虎尾科技大學,國立虎尾科技大學工業管理系,原校系/本校留任,2,"國立虎尾科技大學工業管理系(正取,分發); 國立臺中科技大學財政稅務系(備取)"
CAND_4076,115,nfu_iem,國立虎尾科技大學,工業管理系(商管群),國立虎尾科技大學 工業管理系(商管群),63090364,林*臻,正取,—,—,未分發或放棄,3,國立虎尾科技大學工業管理系(正取); 國立勤益科技大學工業工程與管理系(備取); 嶺東科技大學時尚經營系(通過)
CAND_4077,115,nfu_iem,國立虎尾科技大學,工業管理系(商管群),國立虎尾科技大學 工業管理系(商管群),70090710,林*喬,正取,國立虎尾科技大學,國立虎尾科技大學工業管理系,原校系/本校留任,2,"國立虎尾科技大學工業管理系(正取,分發); 國立屏東大學休閒事業經營學系(通過)"
CAND_4078,115,nfu_iem,國立虎尾科技大學,工業管理系(商管群),國立虎尾科技大學 工業管理系(商管群),57090833,李*婕,正取,國立虎尾科技大學,國立虎尾科技大學工業管理系,原校系/本校留任,4,"國立虎尾科技大學工業管理系(正取,分發); 國立臺中科技大學應用統計系(正取); 國立屏東大學國際經營與貿易學系(通過); 逢甲大學合作經濟暨社會事業經營學系(備取)"
CAND_4079,115,nfu_iem,國立虎尾科技大學,工業管理系(商管群),國立虎尾科技大學 工業管理系(商管群),64090311,周*如,正取,國立虎尾科技大學,國立虎尾科技大學工業管理系,原校系/本校留任,3,"國立虎尾科技大學工業管理系(正取,分發); 國立勤益科技大學工業工程與管理系(備取); 銘傳大學會計學系(台北校區)(備取)"
CAND_4080,115,nfu_iem,國立虎尾科技大學,工業管理系(商管群),國立虎尾科技大學 工業管理系(商管群),61091009,張*,正取,國立虎尾科技大學,國立虎尾科技大學財務金融系,原校系/本校留任,3,"國立虎尾科技大學工業管理系(正取); 國立高雄科技大學應用日語系(通過); 國立虎尾科技大學財務金融系(正取,分發)"
CAND_4081,115,nfu_iem,國立虎尾科技大學,工業管理系(商管群),國立虎尾科技大學 工業管理系(商管群),57090371,*誼,正取,國立勤益科技大學,國立勤益科技大學工業工程與管理系,其他學校錄取,3,"國立虎尾科技大學工業管理系(正取); 國立勤益科技大學工業工程與管理系(正取,分發); 國立臺中科技大學保險金融管理系(正取)"
CAND_4082,115,nfu_iem,國立虎尾科技大學,工業管理系(商管群),國立虎尾科技大學 工業管理系(商管群),58090109,林*,正取,國立虎尾科技大學,國立虎尾科技大學工業管理系,原校系/本校留任,2,"國立虎尾科技大學工業管理系(正取,分發); 國立臺中科技大學企業管理系(正取)"
CAND_4083,115,nfu_iem,國立虎尾科技大學,工業管理系(商管群),國立虎尾科技大學 工業管理系(商管群),68090153,林*哈,正取,國立高雄科技大學,國立高雄科技大學會計資訊系,其他學校錄取,3,"國立虎尾科技大學工業管理系(正取); 國立高雄科技大學會計資訊系(備取,分發); 國立勤益科技大學工業工程與管理系(備取)"
CAND_4084,115,nfu_iem,國立虎尾科技大學,工業管理系(商管群),國立虎尾科技大學 工業管理系(商管群),61090625,葵*昕,正取,—,—,未分發或放棄,1,國立虎尾科技大學工業管理系(正取)
CAND_4085,115,nfu_iem,國立虎尾科技大學,工業管理系(商管群),國立虎尾科技大學 工業管理系(商管群),66090247,張*宏,正取,國立勤益科技大學,國立勤益科技大學工業工程與管理系,其他學校錄取,3,"國立虎尾科技大學工業管理系(正取); 國立屏東科技大學工業管理系(通過); 國立勤益科技大學工業工程與管理系(正取,分發)"
CAND_4086,115,nfu_iem,國立虎尾科技大學,工業管理系(商管群),國立虎尾科技大學 工業管理系(商管群),55090232,許*峰,正取,國立勤益科技大學,國立勤益科技大學企業管理系,其他學校錄取,2,"國立虎尾科技大學工業管理系(正取); 國立勤益科技大學企業管理系(正取,分發)"
CAND_4087,115,nfu_iem,國立虎尾科技大學,工業管理系(商管群),國立虎尾科技大學 工業管理系(商管群),56090501,簡*哲,正取,國立臺中科技大學,國立臺中科技大學資訊工程系,其他學校錄取,5,"國立虎尾科技大學工業管理系(正取); 國立屏東科技大學企業管理系(通過); 國立勤益科技大學工業工程與管理系(正取); 國立臺中科技大學資訊工程系(正取,分發); 國立屏東大學資訊管理學系(正取)"
CAND_4088,115,nfu_iem,國立虎尾科技大學,工業管理系(商管群),國立虎尾科技大學 工業管理系(商管群),58090525,*婍,正取,國立勤益科技大學,國立勤益科技大學工業工程與管理系,其他學校錄取,2,"國立虎尾科技大學工業管理系(正取); 國立勤益科技大學工業工程與管理系(正取,分發)"
CAND_4089,115,nfu_iem,國立虎尾科技大學,工業管理系(商管群),國立虎尾科技大學 工業管理系(商管群),59090381,—,正取,國立虎尾科技大學,國立虎尾科技大學工業管理系,原校系/本校留任,3,"國立虎尾科技大學工業管理系(正取,分發); 國立臺中科技大學保險金融管理系(備取); 致理科技大學財務金融系(正取)"
CAND_4090,115,nfu_iem,國立虎尾科技大學,工業管理系(商管群),國立虎尾科技大學 工業管理系(商管群),56090414,黄*茹,正取,國立虎尾科技大學,國立虎尾科技大學工業管理系,原校系/本校留任,1,"國立虎尾科技大學工業管理系(正取,分發)"
CAND_4091,115,nfu_iem,國立虎尾科技大學,工業管理系(商管群),國立虎尾科技大學 工業管理系(商管群),65090114,林*淇,正取,國立虎尾科技大學,國立虎尾科技大學工業管理系,原校系/本校留任,2,"國立虎尾科技大學工業管理系(正取,分發); 國立臺中科技大學應用統計系(備取)"
CAND_4092,115,nfu_iem,國立虎尾科技大學,工業管理系(商管群),國立虎尾科技大學 工業管理系(商管群),64090588,張*語,正取,國立虎尾科技大學,國立虎尾科技大學財務金融系,原校系/本校留任,4,"國立虎尾科技大學工業管理系(正取); 國立高雄科技大學運籌管理系(備取); 國立虎尾科技大學財務金融系(正取,分發); 國立勤益科技大學工業工程與管理系(正取)"
CAND_4093,115,nfu_iem,國立虎尾科技大學,工業管理系(商管群),國立虎尾科技大學 工業管理系(商管群),61090945,陳*璇,正取,國立虎尾科技大學,國立虎尾科技大學工業管理系,原校系/本校留任,2,"國立虎尾科技大學工業管理系(正取,分發); 國立高雄科技大學商務資訊應用系(正取)"
CAND_4094,115,nfu_iem,國立虎尾科技大學,工業管理系(商管群),國立虎尾科技大學 工業管理系(商管群),59090181,何*岑,正取,國立虎尾科技大學,國立虎尾科技大學工業管理系,原校系/本校留任,2,"國立虎尾科技大學工業管理系(正取,分發); 國立臺中科技大學財政稅務系(備取)"
CAND_4095,115,nfu_iem,國立虎尾科技大學,工業管理系(商管群),國立虎尾科技大學 工業管理系(商管群),59090051,*舫,正取,國立勤益科技大學,國立勤益科技大學工業工程與管理系,其他學校錄取,3,"國立虎尾科技大學工業管理系(正取); 國立勤益科技大學工業工程與管理系(備取,分發); 國立臺中科技大學財政稅務系(備取)"
CAND_4096,115,nfu_iem,國立虎尾科技大學,工業管理系(商管群),國立虎尾科技大學 工業管理系(商管群),61090853,*楨,正取,國立虎尾科技大學,國立虎尾科技大學工業管理系,原校系/本校留任,1,"國立虎尾科技大學工業管理系(正取,分發)"
CAND_4097,115,nfu_iem,國立虎尾科技大學,工業管理系(商管群),國立虎尾科技大學 工業管理系(商管群),60090305,黄*豪,正取,國立虎尾科技大學,國立虎尾科技大學工業管理系,原校系/本校留任,3,"國立虎尾科技大學工業管理系(正取,分發); 朝陽科技大學企業管理系(通過); 南臺科技大學財務金融系(通過)"
CAND_4098,115,nfu_iem,國立虎尾科技大學,工業管理系(商管群),國立虎尾科技大學 工業管理系(商管群),57090962,謝*,正取,國立臺中科技大學,國立臺中科技大學國際貿易與經營系,其他學校錄取,4,"國立虎尾科技大學工業管理系(正取); 國立高雄科技大學運籌管理系(備取); 國立高雄科技大學航運管理系(備取); 國立臺中科技大學國際貿易與經營系(正取,分發)"
CAND_4099,115,nfu_iem,國立虎尾科技大學,工業管理系(商管群),國立虎尾科技大學 工業管理系(商管群),56090203,楊*婷,備取,國立虎尾科技大學,國立虎尾科技大學工業管理系,原校系/本校留任,4,"國立虎尾科技大學工業管理系(備取,分發); 國立屏東大學會計學系(正取); 銘傳大學會計學系(台北校區)(備取); 實踐大學會計學系(臺北校區)(通過)"
CAND_4100,115,nfu_iem,國立虎尾科技大學,工業管理系(商管群),國立虎尾科技大學 工業管理系(商管群),52090433,盧*,備取,國立勤益科技大學,國立勤益科技大學工業工程與管理系,其他學校錄取,4,"國立虎尾科技大學工業管理系(備取); 國立勤益科技大學工業工程與管理系(正取,分發); 國立臺中科技大學保險金融管理系(正取); 國立屏東大學商業大數據學系(正取)"
CAND_4101,115,nfu_iem,國立虎尾科技大學,工業管理系(商管群),國立虎尾科技大學 工業管理系(商管群),59090227,維*永,備取,國立虎尾科技大學,國立虎尾科技大學工業管理系,原校系/本校留任,2,"國立虎尾科技大學工業管理系(備取,分發); 國立臺中科技大學老人服務事業管理系(正取)"
CAND_4102,115,nfu_iem,國立虎尾科技大學,工業管理系(商管群),國立虎尾科技大學 工業管理系(商管群),61090833,鄧*騰,備取,國立臺中科技大學,國立臺中科技大學老人服務事業管理系,其他學校錄取,2,"國立虎尾科技大學工業管理系(備取); 國立臺中科技大學老人服務事業管理系(備取,分發)"
CAND_4103,115,nfu_iem,國立虎尾科技大學,工業管理系(商管群),國立虎尾科技大學 工業管理系(商管群),52090285,林*聿,備取,國立虎尾科技大學,國立虎尾科技大學工業管理系,原校系/本校留任,2,"國立虎尾科技大學工業管理系(備取,分發); 國立屏東大學會計學系(通過)"
CAND_4104,115,nfu_iem,國立虎尾科技大學,工業管理系(商管群),國立虎尾科技大學 工業管理系(商管群),67090248,李*穎,備取,國立虎尾科技大學,國立虎尾科技大學工業管理系,原校系/本校留任,3,"國立虎尾科技大學工業管理系(備取,分發); 國立高雄科技大學運籌管理系(通過); 國立臺中科技大學國際貿易與經營系(備取)"
CAND_4105,115,nfu_iem,國立虎尾科技大學,工業管理系(商管群),國立虎尾科技大學 工業管理系(商管群),65090214,張*程,備取,國立虎尾科技大學,國立虎尾科技大學工業管理系,原校系/本校留任,2,"國立虎尾科技大學工業管理系(備取,分發); 國立臺中科技大學國際貿易與經營系(備取)"
CAND_4106,115,nfu_iem,國立虎尾科技大學,工業管理系(商管群),國立虎尾科技大學 工業管理系(商管群),68090099,吳*輝,備取,國立虎尾科技大學,國立虎尾科技大學工業管理系,原校系/本校留任,3,"國立虎尾科技大學工業管理系(備取,分發); 國立屏東大學不動產經營學系(通過); 國立屏東大學應用日語學系(通過)"
CAND_4107,115,nfu_iem,國立虎尾科技大學,工業管理系(商管群),國立虎尾科技大學 工業管理系(商管群),59090418,朱*柔,備取,國立高雄科技大學,國立高雄科技大學商務資訊應用系,其他學校錄取,2,"國立虎尾科技大學工業管理系(備取); 國立高雄科技大學商務資訊應用系(正取,分發)"
CAND_4108,115,nfu_iem,國立虎尾科技大學,工業管理系(商管群),國立虎尾科技大學 工業管理系(商管群),66090114,*妤,備取,國立虎尾科技大學,國立虎尾科技大學工業管理系,原校系/本校留任,5,"國立虎尾科技大學工業管理系(備取,分發); 國立高雄科技大學人力資源發展系(通過); 國立虎尾科技大學應用外語系(備取); 國立勤益科技大學企業管理系(通過); 國立臺中科技大學財政稅務系(通過)"
CAND_4109,115,nfu_iem,國立虎尾科技大學,工業管理系(商管群),國立虎尾科技大學 工業管理系(商管群),61090410,葵*菲,備取,國立臺中科技大學,國立臺中科技大學國際貿易與經營系,其他學校錄取,2,"國立虎尾科技大學工業管理系(備取); 國立臺中科技大學國際貿易與經營系(備取,分發)"
CAND_4110,115,nfu_iem,國立虎尾科技大學,工業管理系(商管群),國立虎尾科技大學 工業管理系(商管群),64090305,—,備取,國立虎尾科技大學,國立虎尾科技大學工業管理系,原校系/本校留任,3,"國立虎尾科技大學工業管理系(備取,分發); 國立臺中科技大學保險金融管理系(備取); 銘傳大學會計學系(台北校區)(備取)"
CAND_4111,115,nfu_iem,國立虎尾科技大學,工業管理系(商管群),國立虎尾科技大學 工業管理系(商管群),67090386,趙*女,備取,國立勤益科技大學,國立勤益科技大學工業工程與管理系,其他學校錄取,3,"國立虎尾科技大學工業管理系(備取); 國立勤益科技大學工業工程與管理系(正取,分發); 國立屏東大學資訊管理學系(通過)"
CAND_4112,115,nfu_iem,國立虎尾科技大學,工業管理系(商管群),國立虎尾科技大學 工業管理系(商管群),57090928,F*穎,備取,逢甲大學,逢甲大學合作經濟暨社會事業經營學系,其他學校錄取,4,"國立虎尾科技大學工業管理系(備取); 國立勤益科技大學行銷與流通管理系(正取); 逢甲大學合作經濟暨社會事業經營學系(正取,分發); 銘傳大學國際企業學系(台北校區)(備取)"
CAND_4113,115,nfu_iem,國立虎尾科技大學,工業管理系(商管群),國立虎尾科技大學 工業管理系(商管群),58090298,*女,備取,國立臺中科技大學,國立臺中科技大學企業管理系,其他學校錄取,5,"國立虎尾科技大學工業管理系(備取); 國立高雄科技大學航運技術系(通過); 國立勤益科技大學資訊管理系(備取); 國立臺中科技大學企業管理系(正取,分發); 致理科技大學財務金融系(通過)"
CAND_4114,115,nfu_iem,國立虎尾科技大學,工業管理系(商管群),國立虎尾科技大學 工業管理系(商管群),65090134,吳*蓉,備取,國立虎尾科技大學,國立虎尾科技大學工業管理系,原校系/本校留任,1,"國立虎尾科技大學工業管理系(備取,分發)"
CAND_4115,115,nfu_iem,國立虎尾科技大學,工業管理系(商管群),國立虎尾科技大學 工業管理系(商管群),61091026,*儀,備取,國立虎尾科技大學,國立虎尾科技大學工業管理系,原校系/本校留任,4,"國立虎尾科技大學工業管理系(備取,分發); 朝陽科技大學航空運務系(通過); 嘉南藥理大學醫務管理系(通過); 國立屏東大學行銷與流通管理學系(通過)"
CAND_4116,115,nfu_iem,國立虎尾科技大學,工業管理系(商管群),國立虎尾科技大學 工業管理系(商管群),67090344,陳*銓,備取,國立高雄科技大學,國立高雄科技大學智慧商務系,其他學校錄取,2,"國立虎尾科技大學工業管理系(備取); 國立高雄科技大學智慧商務系(備取,分發)"
CAND_4117,115,nfu_iem,國立虎尾科技大學,工業管理系(商管群),國立虎尾科技大學 工業管理系(商管群),66090253,黄*恩,備取,國立虎尾科技大學,國立虎尾科技大學工業管理系,原校系/本校留任,6,"國立虎尾科技大學工業管理系(備取,分發); 國立屏東科技大學工業管理系(通過); 國立勤益科技大學工業工程與管理系(通過); 朝陽科技大學工業工程與管理系(通過); 南臺科技大學資訊管理系(正取); 崑山科技大學資訊工程系(正取)"
CAND_4118,115,nfu_iem,國立虎尾科技大學,工業管理系(商管群),國立虎尾科技大學 工業管理系(商管群),65090219,蕭*莛,備取,國立虎尾科技大學,國立虎尾科技大學工業管理系,原校系/本校留任,2,"國立虎尾科技大學工業管理系(備取,分發); 朝陽科技大學財務金融系(通過)"
CAND_4119,115,nfu_iem,國立虎尾科技大學,工業管理系(商管群),國立虎尾科技大學 工業管理系(商管群),56090404,李*,備取,國立虎尾科技大學,國立虎尾科技大學工業管理系,原校系/本校留任,2,"國立虎尾科技大學工業管理系(備取,分發); 國立屏東大學會計學系(通過)"
CAND_4120,115,nfu_iem,國立虎尾科技大學,工業管理系(商管群),國立虎尾科技大學 工業管理系(商管群),68090141,陳*臻,備取,國立虎尾科技大學,國立虎尾科技大學工業管理系,原校系/本校留任,3,"國立虎尾科技大學工業管理系(備取,分發); 國立屏東科技大學工業管理系(正取); 國立屏東科技大學企業管理系(通過)"
CAND_4121,115,nfu_iem,國立虎尾科技大學,工業管理系(商管群),國立虎尾科技大學 工業管理系(商管群),61090326,許*禎,備取,國立虎尾科技大學,國立虎尾科技大學工業管理系,原校系/本校留任,2,"國立虎尾科技大學工業管理系(備取,分發); 國立勤益科技大學工業工程與管理系(備取)"
CAND_4122,115,nfu_iem,國立虎尾科技大學,工業管理系(商管群),國立虎尾科技大學 工業管理系(商管群),60090301,李*,備取,國立虎尾科技大學,國立虎尾科技大學工業管理系,原校系/本校留任,1,"國立虎尾科技大學工業管理系(備取,分發)"
CAND_4123,115,nfu_iem,國立虎尾科技大學,工業管理系(商管群),國立虎尾科技大學 工業管理系(商管群),59090015,徐*,備取,國立高雄科技大學,國立高雄科技大學商務資訊應用系,其他學校錄取,2,"國立虎尾科技大學工業管理系(備取); 國立高雄科技大學商務資訊應用系(備取,分發)"
CAND_4124,115,nfu_iem,國立虎尾科技大學,工業管理系(商管群),國立虎尾科技大學 工業管理系(商管群),56090141,翁*琁,備取,國立虎尾科技大學,國立虎尾科技大學工業管理系,原校系/本校留任,3,"國立虎尾科技大學工業管理系(備取,分發); 致理科技大學財務金融系(通過); 國立屏東大學不動產經營學系(通過)"
CAND_4125,115,nfu_iem,國立虎尾科技大學,工業管理系(商管群),國立虎尾科技大學 工業管理系(商管群),64090377,葵*璇,備取,國立高雄科技大學,國立高雄科技大學金融資訊系,其他學校錄取,3,"國立虎尾科技大學工業管理系(備取); 國立高雄科技大學金融資訊系(備取,分發); 國立臺中科技大學資訊工程系(通過)"
CAND_4126,115,nfu_iem,國立虎尾科技大學,工業管理系(商管群),國立虎尾科技大學 工業管理系(商管群),64090104,梁*𣂷,備取,國立虎尾科技大學,國立虎尾科技大學工業管理系,原校系/本校留任,2,"國立虎尾科技大學工業管理系(備取,分發); 國立虎尾科技大學應用外語系(通過)"
CAND_4127,115,nfu_iem,國立虎尾科技大學,工業管理系(商管群),國立虎尾科技大學 工業管理系(商管群),60090265,彭*愷,備取,國立虎尾科技大學,國立虎尾科技大學工業管理系,原校系/本校留任,2,"國立虎尾科技大學工業管理系(備取,分發); 國立臺中科技大學保險金融管理系(備取)"
CAND_4128,115,nfu_iem,國立虎尾科技大學,工業管理系(商管群),國立虎尾科技大學 工業管理系(商管群),57090857,楊*芮,備取,國立虎尾科技大學,國立虎尾科技大學工業管理系,原校系/本校留任,3,"國立虎尾科技大學工業管理系(備取,分發); 國立臺北護理健康大學健康事業管理系(備取); 國立臺北護理健康大學運動保健系(備取)"
CAND_4129,115,nfu_iem,國立虎尾科技大學,工業管理系(商管群),國立虎尾科技大學 工業管理系(商管群),64090283,張*禎,備取,國立虎尾科技大學,國立虎尾科技大學工業管理系,原校系/本校留任,2,"國立虎尾科技大學工業管理系(備取,分發); 朝陽科技大學航空運務系(通過)"
CAND_4130,115,nfu_iem,國立虎尾科技大學,工業管理系(商管群),國立虎尾科技大學 工業管理系(商管群),60090299,吳*葳,備取,國立虎尾科技大學,國立虎尾科技大學工業管理系,原校系/本校留任,3,"國立虎尾科技大學工業管理系(備取,分發); 國立屏東科技大學工業管理系(通過); 國立屏東大學商業大數據學系(正取)"
CAND_4131,115,nfu_iem,國立虎尾科技大學,工業管理系(商管群),國立虎尾科技大學 工業管理系(商管群),61090698,才*宇,備取,國立高雄科技大學,國立高雄科技大學運籌管理系,其他學校錄取,3,"國立虎尾科技大學工業管理系(備取); 國立高雄科技大學運籌管理系(備取,分發); 國立屏東大學商業大數據學系(通過)"
CAND_4132,115,nfu_iem,國立虎尾科技大學,工業管理系(商管群),國立虎尾科技大學 工業管理系(商管群),57090699,林*榛,備取,國立雲林科技大學,國立雲林科技大學工業工程與管理系,其他學校錄取,5,"國立虎尾科技大學工業管理系(備取); 國立雲林科技大學工業工程與管理系(正取,分發); 國立勤益科技大學行銷與流通管理系(備取); 明志科技大學經營管理系(正取); 致理科技大學行銷與流通管理系(正取)"
CAND_4133,115,nfu_iem,國立虎尾科技大學,工業管理系(商管群),國立虎尾科技大學 工業管理系(商管群),65090162,葵*,備取,國立臺中科技大學,國立臺中科技大學保險金融管理系,其他學校錄取,3,"國立虎尾科技大學工業管理系(備取); 國立臺中科技大學保險金融管理系(正取,分發); 朝陽科技大學行銷與流通管理系(通過)"
CAND_4134,115,nfu_iem,國立虎尾科技大學,工業管理系(商管群),國立虎尾科技大學 工業管理系(商管群),61090977,周*,備取,國立虎尾科技大學,國立虎尾科技大學工業管理系,原校系/本校留任,2,"國立虎尾科技大學工業管理系(備取,分發); 國立臺中科技大學保險金融管理系(備取)"
CAND_4135,115,nfu_iem,國立虎尾科技大學,工業管理系(商管群),國立虎尾科技大學 工業管理系(商管群),64090445,張*,備取,國立高雄科技大學,國立高雄科技大學航運管理系,其他學校錄取,6,"國立虎尾科技大學工業管理系(備取); 國立高雄科技大學運籌管理系(備取); 國立高雄科技大學航運管理系(正取,分發); 國立高雄科技大學供應鏈管理系(備取); 國立臺中科技大學老人服務事業管理系(通過); 長榮大學航運管理學系(通過)"
CAND_4136,115,nfu_iem,國立虎尾科技大學,工業管理系(商管群),國立虎尾科技大學 工業管理系(商管群),52090455,—,備取,國立臺中科技大學,國立臺中科技大學資訊工程系,其他學校錄取,4,"國立虎尾科技大學工業管理系(通過); 國立高雄科技大學資訊管理系(備取); 國立勤益科技大學資訊管理系(通過); 國立臺中科技大學資訊工程系(正取,分發)"
CAND_4137,115,nfu_iem,國立虎尾科技大學,工業管理系(商管群),國立虎尾科技大學 工業管理系(商管群),52090466,鄭*,備取,國立臺中科技大學,國立臺中科技大學財政稅務系,其他學校錄取,4,"國立虎尾科技大學工業管理系(通過); 國立高雄科技大學金融系(備取); 國立高雄科技大學財政稅務系(備取); 國立臺中科技大學財政稅務系(備取,分發)"
CAND_4138,115,nfu_iem,國立虎尾科技大學,工業管理系(商管群),國立虎尾科技大學 工業管理系(商管群),52090519,李*瑄,備取,國立勤益科技大學,國立勤益科技大學企業管理系,其他學校錄取,2,"國立虎尾科技大學工業管理系(通過); 國立勤益科技大學企業管理系(正取,分發)"
CAND_4139,115,nfu_iem,國立虎尾科技大學,工業管理系(商管群),國立虎尾科技大學 工業管理系(商管群),54090304,簡*庭,備取,國立臺中科技大學,國立臺中科技大學應用統計系,其他學校錄取,3,"國立虎尾科技大學工業管理系(通過); 國立臺中科技大學應用統計系(正取,分發); 實踐大學財務金融學系(臺北校區)(備取)"
CAND_4140,115,nfu_iem,國立虎尾科技大學,工業管理系(商管群),國立虎尾科技大學 工業管理系(商管群),56090051,游*丞,備取,—,—,未分發或放棄,2,國立虎尾科技大學工業管理系(通過); 國立臺中科技大學會計資訊系(通過)
CAND_4141,115,nfu_iem,國立虎尾科技大學,工業管理系(商管群),國立虎尾科技大學 工業管理系(商管群),56090072,邱*紘,備取,國立高雄科技大學,國立高雄科技大學行銷與流通管理系,其他學校錄取,5,"國立虎尾科技大學工業管理系(通過); 國立高雄科技大學行銷與流通管理系(備取,分發); 國立高雄科技大學商務資訊應用系(正取); 國立勤益科技大學行銷與流通管理系(備取); 國立臺中科技大學保險金融管理系(通過)"
CAND_4142,115,nfu_iem,國立虎尾科技大學,工業管理系(商管群),國立虎尾科技大學 工業管理系(商管群),56090129,女*,備取,國立臺中科技大學,國立臺中科技大學應用統計系,其他學校錄取,2,"國立虎尾科技大學工業管理系(通過); 國立臺中科技大學應用統計系(正取,分發)"
CAND_4143,115,nfu_iem,國立虎尾科技大學,工業管理系(商管群),國立虎尾科技大學 工業管理系(商管群),56090392,*鈞,備取,—,—,未分發或放棄,2,國立虎尾科技大學工業管理系(通過); 國立臺中科技大學保險金融管理系(通過)
CAND_4144,115,nfu_iem,國立虎尾科技大學,工業管理系(商管群),國立虎尾科技大學 工業管理系(商管群),57090753,*翊,備取,—,—,未分發或放棄,3,國立虎尾科技大學工業管理系(通過); 國立勤益科技大學工業工程與管理系(通過); 國立臺中科技大學應用統計系(通過)
CAND_4145,115,nfu_iem,國立虎尾科技大學,工業管理系(商管群),國立虎尾科技大學 工業管理系(商管群),57090935,徐*暘,備取,—,—,未分發或放棄,5,國立虎尾科技大學工業管理系(通過); 國立高雄科技大學行銷與流通管理系(通過); 國立高雄科技大學風險管理與保險系(通過); 國立勤益科技大學工業工程與管理系(通過); 國立臺中科技大學保險金融管理系(通過)
CAND_4146,115,nfu_iem,國立虎尾科技大學,工業管理系(商管群),國立虎尾科技大學 工業管理系(商管群),57090949,陳*宇,備取,國立體育大學,國立體育大學休閒產業經營學系,其他學校錄取,5,"國立虎尾科技大學工業管理系(通過); 國立高雄科技大學行銷與流通管理系(通過); 國立勤益科技大學工業工程與管理系(通過); 國立臺中科技大學保險金融管理系(通過); 國立體育大學休閒產業經營學系(正取,分發)"
CAND_4147,115,nfu_iem,國立虎尾科技大學,工業管理系(商管群),國立虎尾科技大學 工業管理系(商管群),58090101,林*宏,備取,—,—,未分發或放棄,3,國立虎尾科技大學工業管理系(通過); 國立勤益科技大學行銷與流通管理系(正取); 致理科技大學行銷與流通管理系(通過)
CAND_4148,115,nfu_iem,國立虎尾科技大學,工業管理系(商管群),國立虎尾科技大學 工業管理系(商管群),58090541,*崇,備取,國立高雄科技大學,國立高雄科技大學供應鏈管理系,其他學校錄取,2,"國立虎尾科技大學工業管理系(通過); 國立高雄科技大學供應鏈管理系(備取,分發)"
CAND_4149,115,nfu_iem,國立虎尾科技大學,工業管理系(商管群),國立虎尾科技大學 工業管理系(商管群),59090002,彭*愷,備取,國立高雄科技大學,國立高雄科技大學供應鏈管理系,其他學校錄取,3,"國立虎尾科技大學工業管理系(通過); 國立高雄科技大學供應鏈管理系(正取,分發); 國立臺中科技大學應用統計系(通過)"
CAND_4150,115,nfu_iem,國立虎尾科技大學,工業管理系(商管群),國立虎尾科技大學 工業管理系(商管群),59090073,*溦,備取,—,—,未分發或放棄,2,國立虎尾科技大學工業管理系(通過); 國立高雄科技大學商務資訊應用系(通過)
CAND_4151,115,nfu_iem,國立虎尾科技大學,工業管理系(商管群),國立虎尾科技大學 工業管理系(商管群),59090419,*豪,備取,—,—,未分發或放棄,4,國立虎尾科技大學工業管理系(通過); 國立高雄科技大學智慧商務系(通過); 國立勤益科技大學人工智慧應用工程系(通過); 國立臺中科技大學國際貿易與經營系(通過)
CAND_4152,115,nfu_iem,國立虎尾科技大學,工業管理系(商管群),國立虎尾科技大學 工業管理系(商管群),60090105,彭*翔,備取,—,—,未分發或放棄,4,國立虎尾科技大學工業管理系(通過); 國立虎尾科技大學企業管理系(通過); 國立勤益科技大學企業管理系(通過); 國立臺中科技大學流通管理系(通過)
CAND_4153,115,nfu_iem,國立虎尾科技大學,工業管理系(商管群),國立虎尾科技大學 工業管理系(商管群),60090108,許*碩,備取,—,—,未分發或放棄,2,國立虎尾科技大學工業管理系(通過); 朝陽科技大學航空運務系(通過)
CAND_4154,115,nfu_iem,國立虎尾科技大學,工業管理系(商管群),國立虎尾科技大學 工業管理系(商管群),60090194,李*妤,備取,國立勤益科技大學,國立勤益科技大學工業工程與管理系,其他學校錄取,2,"國立虎尾科技大學工業管理系(通過); 國立勤益科技大學工業工程與管理系(正取,分發)"
CAND_4155,115,nfu_iem,國立虎尾科技大學,工業管理系(商管群),國立虎尾科技大學 工業管理系(商管群),61090111,—,備取,—,—,未分發或放棄,1,國立虎尾科技大學工業管理系(通過)
CAND_4156,115,nfu_iem,國立虎尾科技大學,工業管理系(商管群),國立虎尾科技大學 工業管理系(商管群),61090234,楊*婕,備取,—,—,未分發或放棄,3,國立虎尾科技大學工業管理系(通過); 國立高雄科技大學會計資訊系(通過); 國立臺中科技大學財務金融系(通過)
CAND_4157,115,nfu_iem,國立虎尾科技大學,工業管理系(商管群),國立虎尾科技大學 工業管理系(商管群),61090322,黄*宏,備取,—,—,未分發或放棄,1,國立虎尾科技大學工業管理系(通過)
CAND_4158,115,nfu_iem,國立虎尾科技大學,工業管理系(商管群),國立虎尾科技大學 工業管理系(商管群),61090398,許*,備取,—,—,未分發或放棄,2,國立虎尾科技大學工業管理系(通過); 中國科技大學企業管理系(臺北校區)(通過)
CAND_4159,115,nfu_iem,國立虎尾科技大學,工業管理系(商管群),國立虎尾科技大學 工業管理系(商管群),61090446,游*以,備取,—,—,未分發或放棄,3,國立虎尾科技大學工業管理系(通過); 國立高雄科技大學智慧商務系(通過); 國立臺北護理健康大學資訊管理系(通過)
CAND_4160,115,nfu_iem,國立虎尾科技大學,工業管理系(商管群),國立虎尾科技大學 工業管理系(商管群),61090478,江*,備取,國立虎尾科技大學,國立虎尾科技大學財務金融系,原校系/本校留任,4,"國立虎尾科技大學工業管理系(通過); 國立高雄科技大學會計資訊系(備取); 國立虎尾科技大學財務金融系(備取,分發); 國立勤益科技大學工業工程與管理系(正取)"
CAND_4161,115,nfu_iem,國立虎尾科技大學,工業管理系(商管群),國立虎尾科技大學 工業管理系(商管群),61090514,林*融,備取,國立臺中科技大學,國立臺中科技大學財政稅務系,其他學校錄取,5,"國立虎尾科技大學工業管理系(通過); 國立高雄科技大學會計資訊系(通過); 國立高雄科技大學財政稅務系(備取); 國立高雄餐旅大學航空暨運輸服務管理系(通過); 國立臺中科技大學財政稅務系(正取,分發)"
CAND_4162,115,nfu_iem,國立虎尾科技大學,工業管理系(商管群),國立虎尾科技大學 工業管理系(商管群),61090586,林*誼,備取,國立高雄科技大學,國立高雄科技大學航運管理系,其他學校錄取,4,"國立虎尾科技大學工業管理系(通過); 國立高雄科技大學人力資源發展系(正取); 國立高雄科技大學航運管理系(正取,分發); 國立臺中科技大學國際貿易與經營系(正取)"
CAND_4163,115,nfu_iem,國立虎尾科技大學,工業管理系(商管群),國立虎尾科技大學 工業管理系(商管群),61090622,林*亞,備取,—,—,未分發或放棄,2,國立虎尾科技大學工業管理系(通過); 國立臺中科技大學保險金融管理系(通過)
CAND_4164,115,nfu_iem,國立虎尾科技大學,工業管理系(商管群),國立虎尾科技大學 工業管理系(商管群),61091133,謝*丞,備取,—,—,未分發或放棄,4,國立虎尾科技大學工業管理系(通過); 國立高雄科技大學工業工程與管理系(正取); 國立高雄科技大學航運管理系(通過); 國立勤益科技大學工業工程與管理系(通過)
CAND_4165,115,nfu_iem,國立虎尾科技大學,工業管理系(商管群),國立虎尾科技大學 工業管理系(商管群),62090011,楊*永,備取,國立臺中科技大學,國立臺中科技大學應用統計系,其他學校錄取,2,"國立虎尾科技大學工業管理系(通過); 國立臺中科技大學應用統計系(備取,分發)"
CAND_4166,115,nfu_iem,國立虎尾科技大學,工業管理系(商管群),國立虎尾科技大學 工業管理系(商管群),63090141,鄭*喬,備取,—,—,未分發或放棄,1,國立虎尾科技大學工業管理系(通過)
CAND_4167,115,nfu_iem,國立虎尾科技大學,工業管理系(商管群),國立虎尾科技大學 工業管理系(商管群),63090347,張*,備取,國立高雄科技大學,國立高雄科技大學會計資訊系,其他學校錄取,4,"國立虎尾科技大學工業管理系(通過); 國立高雄科技大學會計資訊系(備取,分發); 國立勤益科技大學資訊管理系(通過); 國立臺中科技大學會計資訊系(備取)"
CAND_4168,115,nfu_iem,國立虎尾科技大學,工業管理系(商管群),國立虎尾科技大學 工業管理系(商管群),63090357,余*,備取,國立臺中科技大學,國立臺中科技大學會計資訊系,其他學校錄取,5,"國立虎尾科技大學工業管理系(通過); 國立虎尾科技大學財務金融系(通過); 國立勤益科技大學工業工程與管理系(正取); 國立臺中科技大學會計資訊系(正取,分發); 朝陽科技大學財務金融系(通過)"
CAND_4169,115,nfu_iem,國立虎尾科技大學,工業管理系(商管群),國立虎尾科技大學 工業管理系(商管群),63090442,蕭*J,備取,國立勤益科技大學,國立勤益科技大學行銷與流通管理系,其他學校錄取,3,"國立虎尾科技大學工業管理系(通過); 國立高雄科技大學行銷與流通管理系(通過); 國立勤益科技大學行銷與流通管理系(正取,分發)"
CAND_4170,115,nfu_iem,國立虎尾科技大學,工業管理系(商管群),國立虎尾科技大學 工業管理系(商管群),64090077,許*榕,備取,國立高雄科技大學,國立高雄科技大學運籌管理系,其他學校錄取,2,"國立虎尾科技大學工業管理系(通過); 國立高雄科技大學運籌管理系(備取,分發)"
CAND_4171,115,nfu_iem,國立虎尾科技大學,工業管理系(商管群),國立虎尾科技大學 工業管理系(商管群),64090125,李*駿,備取,國立高雄科技大學,國立高雄科技大學行銷與流通管理系,其他學校錄取,3,"國立虎尾科技大學工業管理系(通過); 國立高雄科技大學行銷與流通管理系(備取,分發); 國立勤益科技大學工業工程與管理系(通過)"
CAND_4172,115,nfu_iem,國立虎尾科技大學,工業管理系(商管群),國立虎尾科技大學 工業管理系(商管群),64090169,葉*妤,備取,—,—,未分發或放棄,3,國立虎尾科技大學工業管理系(通過); 國立臺北護理健康大學健康事業管理系(正取); 國立臺中科技大學財政稅務系(備取)
CAND_4173,115,nfu_iem,國立虎尾科技大學,工業管理系(商管群),國立虎尾科技大學 工業管理系(商管群),64090182,陳*,備取,—,—,未分發或放棄,2,國立虎尾科技大學工業管理系(通過); 國立屏東科技大學工業管理系(通過)
CAND_4174,115,nfu_iem,國立虎尾科技大學,工業管理系(商管群),國立虎尾科技大學 工業管理系(商管群),64090238,林*程,備取,—,—,未分發或放棄,4,國立虎尾科技大學工業管理系(通過); 國立高雄科技大學運籌管理系(通過); 國立高雄科技大學行銷與流通管理系(通過); 國立臺中科技大學財政稅務系(備取)
CAND_4175,115,nfu_iem,國立虎尾科技大學,工業管理系(商管群),國立虎尾科技大學 工業管理系(商管群),64090256,陳*宇,備取,—,—,未分發或放棄,3,國立虎尾科技大學工業管理系(通過); 國立臺中科技大學保險金融管理系(備取); 國立臺北商業大學數位多媒體設計系(桃園校區)(通過)
CAND_4176,115,nfu_iem,國立虎尾科技大學,工業管理系(商管群),國立虎尾科技大學 工業管理系(商管群),64090321,葵*女,備取,國立臺中科技大學,國立臺中科技大學應用中文系,其他學校錄取,2,"國立虎尾科技大學工業管理系(通過); 國立臺中科技大學應用中文系(正取,分發)"
CAND_4177,115,nfu_iem,國立虎尾科技大學,工業管理系(商管群),國立虎尾科技大學 工業管理系(商管群),64090355,涂*豪,備取,—,—,未分發或放棄,5,國立虎尾科技大學工業管理系(通過); 國立屏東科技大學休閒運動健康系(通過); 國立勤益科技大學工業工程與管理系(通過); 國立臺中科技大學應用統計系(備取); 國立屏東大學會計學系(通過)
CAND_4178,115,nfu_iem,國立虎尾科技大學,工業管理系(商管群),國立虎尾科技大學 工業管理系(商管群),64090513,*宇,備取,—,—,未分發或放棄,2,國立虎尾科技大學工業管理系(通過); 國立勤益科技大學企業管理系(通過)
CAND_4179,115,nfu_iem,國立虎尾科技大學,工業管理系(商管群),國立虎尾科技大學 工業管理系(商管群),64090520,*珊,備取,國立高雄科技大學,國立高雄科技大學運籌管理系,其他學校錄取,4,"國立虎尾科技大學工業管理系(通過); 國立高雄科技大學運籌管理系(正取,分發); 國立高雄科技大學行銷與流通管理系(正取); 國立勤益科技大學工業工程與管理系(通過)"
CAND_4180,115,nfu_iem,國立虎尾科技大學,工業管理系(商管群),國立虎尾科技大學 工業管理系(商管群),64090564,吳*育,備取,—,—,未分發或放棄,3,國立虎尾科技大學工業管理系(通過); 國立勤益科技大學行銷與流通管理系(備取); 國立臺中科技大學應用統計系(備取)
CAND_4181,115,nfu_iem,國立虎尾科技大學,工業管理系(商管群),國立虎尾科技大學 工業管理系(商管群),64090576,吳*珈,備取,國立臺中科技大學,國立臺中科技大學保險金融管理系,其他學校錄取,3,"國立虎尾科技大學工業管理系(通過); 國立高雄科技大學運籌管理系(通過); 國立臺中科技大學保險金融管理系(正取,分發)"
CAND_4182,115,nfu_iem,國立虎尾科技大學,工業管理系(商管群),國立虎尾科技大學 工業管理系(商管群),65090014,鄭*輝,備取,國立勤益科技大學,國立勤益科技大學工業工程與管理系,其他學校錄取,3,"國立虎尾科技大學工業管理系(通過); 國立勤益科技大學工業工程與管理系(正取,分發); 朝陽科技大學工業工程與管理系(通過)"
CAND_4183,115,nfu_iem,國立虎尾科技大學,工業管理系(商管群),國立虎尾科技大學 工業管理系(商管群),65090366,趙*,備取,國立高雄科技大學,國立高雄科技大學財政稅務系,其他學校錄取,5,"國立虎尾科技大學工業管理系(通過); 國立高雄科技大學會計資訊系(備取); 國立高雄科技大學財政稅務系(正取,分發); 國立虎尾科技大學財務金融系(通過); 國立臺中科技大學會計資訊系(通過)"
CAND_4184,115,nfu_iem,國立虎尾科技大學,工業管理系(商管群),國立虎尾科技大學 工業管理系(商管群),67090045,謝*菫,備取,—,—,未分發或放棄,3,國立虎尾科技大學工業管理系(通過); 國立高雄科技大學人力資源發展系(備取); 國立勤益科技大學企業管理系(通過)
CAND_4185,115,nfu_iem,國立虎尾科技大學,工業管理系(商管群),國立虎尾科技大學 工業管理系(商管群),67090256,葵*毅,備取,國立屏東科技大學,國立屏東科技大學財務金融國際學士學位學程,其他學校錄取,2,"國立虎尾科技大學工業管理系(通過); 國立屏東科技大學財務金融國際學士學位學程(備取,分發)"
CAND_4186,115,nfu_iem,國立虎尾科技大學,工業管理系(商管群),國立虎尾科技大學 工業管理系(商管群),67090290,林*妏,備取,國立高雄科技大學,國立高雄科技大學人力資源發展系,其他學校錄取,3,"國立虎尾科技大學工業管理系(通過); 國立雲林科技大學文化資產維護系(通過); 國立高雄科技大學人力資源發展系(備取,分發)"
CAND_4187,115,nfu_iem,國立虎尾科技大學,工業管理系(商管群),國立虎尾科技大學 工業管理系(商管群),68090037,林*妤,備取,國立高雄科技大學,國立高雄科技大學行銷與流通管理系,其他學校錄取,4,"國立虎尾科技大學工業管理系(通過); 國立高雄科技大學行銷與流通管理系(正取,分發); 國立屏東大學企業管理學系(通過); 國立屏東大學休閒事業經營學系(通過)"
CAND_4188,115,nfu_iem,國立虎尾科技大學,工業管理系(商管群),國立虎尾科技大學 工業管理系(商管群),68090149,葵*畇,備取,—,—,未分發或放棄,1,國立虎尾科技大學工業管理系(通過)
CAND_4189,115,nfu_iem,國立虎尾科技大學,工業管理系(商管群),國立虎尾科技大學 工業管理系(商管群),68090169,簡*,備取,—,—,未分發或放棄,1,國立虎尾科技大學工業管理系(通過)
CAND_4190,115,nfu_iem,國立虎尾科技大學,工業管理系(商管群),國立虎尾科技大學 工業管理系(商管群),68090515,陳*,備取,國立高雄科技大學,國立高雄科技大學工業工程與管理系,其他學校錄取,3,"國立虎尾科技大學工業管理系(通過); 國立高雄科技大學工業工程與管理系(備取,分發); 國立高雄科技大學金融系(通過)"
CAND_4191,115,nfu_iem,國立虎尾科技大學,工業管理系(商管群),國立虎尾科技大學 工業管理系(商管群),68530019,—,備取,—,—,未分發或放棄,4,國立虎尾科技大學工業管理系(通過); 國立高雄科技大學會計資訊系(通過); 國立勤益科技大學工業工程與管理系(通過); 國立臺中科技大學財務金融系(通過)
CAND_4192,115,nfu_iem,國立虎尾科技大學,工業管理系(商管群),國立虎尾科技大學 工業管理系(商管群),68530040,葵*妤,備取,國立高雄科技大學,國立高雄科技大學行銷與流通管理系,其他學校錄取,3,"國立虎尾科技大學工業管理系(通過); 國立高雄科技大學行銷與流通管理系(正取,分發); 國立虎尾科技大學財務金融系(備取)"
CAND_4193,115,nfu_iem,國立虎尾科技大學,工業管理系(商管群),國立虎尾科技大學 工業管理系(商管群),68530095,—,備取,國立高雄科技大學,國立高雄科技大學風險管理與保險系,其他學校錄取,6,"國立虎尾科技大學工業管理系(通過); 國立高雄科技大學工業工程與管理系(備取); 國立高雄科技大學運籌管理系(通過); 國立高雄科技大學風險管理與保險系(正取,分發); 國立虎尾科技大學企業管理系(通過); 國立臺中科技大學企業管理系(通過)"
CAND_4194,115,nfu_iem,國立虎尾科技大學,工業管理系(商管群),國立虎尾科技大學 工業管理系(商管群),70090013,*潔,備取,國立屏東科技大學,國立屏東科技大學農企業管理系,其他學校錄取,3,"國立虎尾科技大學工業管理系(通過); 國立屏東科技大學農企業管理系(正取,分發); 國立屏東大學休閒事業經營學系(正取)"
CAND_4195,115,nfu_iem,國立虎尾科技大學,工業管理系(商管群),國立虎尾科技大學 工業管理系(商管群),70090149,楊*永,備取,國立高雄科技大學,國立高雄科技大學運籌管理系,其他學校錄取,4,"國立虎尾科技大學工業管理系(通過); 國立高雄科技大學運籌管理系(備取,分發); 國立高雄科技大學供應鏈管理系(備取); 國立勤益科技大學工業工程與管理系(通過)"
CAND_4196,115,nfu_iem,國立虎尾科技大學,工業管理系(商管群),國立虎尾科技大學 工業管理系(商管群),70090341,陳*,備取,國立勤益科技大學,國立勤益科技大學工業工程與管理系,其他學校錄取,3,"國立虎尾科技大學工業管理系(通過); 國立勤益科技大學工業工程與管理系(備取,分發); 國立臺中科技大學保險金融管理系(通過)"
CAND_4197,115,nfu_iem,國立虎尾科技大學,工業管理系(商管群),國立虎尾科技大學 工業管理系(商管群),70090596,薛*銘,備取,—,—,未分發或放棄,3,國立虎尾科技大學工業管理系(通過); 國立高雄科技大學運籌管理系(通過); 國立臺中科技大學企業管理系(通過)
CAND_4198,115,nfu_iem,國立虎尾科技大學,工業管理系(商管群),國立虎尾科技大學 工業管理系(商管群),70090602,黄*廷,備取,—,—,未分發或放棄,1,國立虎尾科技大學工業管理系(通過)
CAND_4199,115,nfu_iem,國立虎尾科技大學,工業管理系(商管群),國立虎尾科技大學 工業管理系(商管群),70090622,朱*愷,備取,—,—,未分發或放棄,1,國立虎尾科技大學工業管理系(通過)
CAND_4200,115,nfu_iem,國立虎尾科技大學,工業管理系(商管群),國立虎尾科技大學 工業管理系(商管群),71090259,葵*欣,備取,國立屏東大學,國立屏東大學會計學系,其他學校錄取,2,"國立虎尾科技大學工業管理系(通過); 國立屏東大學會計學系(正取,分發)"
CAND_4201,115,nfu_iem,國立虎尾科技大學,工業管理系(商管群),國立虎尾科技大學 工業管理系(商管群),71090304,黄*淨,備取,國立屏東大學,國立屏東大學會計學系,其他學校錄取,4,"國立虎尾科技大學工業管理系(通過); 國立勤益科技大學工業工程與管理系(通過); 國立屏東大學會計學系(備取,分發); 國立屏東大學行銷與流通管理學系(通過)"
CAND_4202,115,nfu_iem,國立虎尾科技大學,工業管理系(商管群),國立虎尾科技大學 工業管理系(商管群),74090115,向*穎,備取,國立高雄科技大學,國立高雄科技大學金融資訊系,其他學校錄取,3,"國立虎尾科技大學工業管理系(通過); 國立高雄科技大學金融資訊系(正取,分發); 國立屏東大學行銷與流通管理學系(備取)"
CAND_4203,113,nfu_ba,國立虎尾科技大學,企業管理系(商管群),國立虎尾科技大學 企業管理系(商管群),66090058,—,正取,—,—,未分發或放棄,1,國立虎尾科技大學企業管理系(正取)
CAND_4204,113,nfu_ba,國立虎尾科技大學,企業管理系(商管群),國立虎尾科技大學 企業管理系(商管群),64090133,黄*永,正取,國立虎尾科技大學,國立虎尾科技大學應用外語系,原校系/本校留任,4,"國立虎尾科技大學企業管理系(正取); 國立高雄科技大學漁業科技與管理系(通過); 國立虎尾科技大學應用外語系(正取,分發); 國立勤益科技大學應用英語系(正取)"
CAND_4205,113,nfu_ba,國立虎尾科技大學,企業管理系(商管群),國立虎尾科技大學 企業管理系(商管群),61090039,林*鈞,正取,致理科技大學,致理科技大學財務金融系,其他學校錄取,2,"國立虎尾科技大學企業管理系(正取); 致理科技大學財務金融系(正取,分發)"
CAND_4206,113,nfu_ba,國立虎尾科技大學,企業管理系(商管群),國立虎尾科技大學 企業管理系(商管群),68090618,汪*緯,正取,國立高雄科技大學,國立高雄科技大學文化創意產業系,其他學校錄取,4,"國立虎尾科技大學企業管理系(正取); 國立高雄科技大學商務資訊應用系(正取); 國立高雄科技大學文化創意產業系(正取,分發); 國立虎尾科技大學工業管理系(通過)"
CAND_4207,113,nfu_ba,國立虎尾科技大學,企業管理系(商管群),國立虎尾科技大學 企業管理系(商管群),66090129,李*,正取,國立雲林科技大學,國立雲林科技大學文化資產維護系,其他學校錄取,5,"國立虎尾科技大學企業管理系(正取); 國立雲林科技大學文化資產維護系(正取,分發); 國立虎尾科技大學工業管理系(正取); 國立屏東大學會計學系(正取); 國立屏東大學資訊管理學系(正取)"
CAND_4208,113,nfu_ba,國立虎尾科技大學,企業管理系(商管群),國立虎尾科技大學 企業管理系(商管群),61091032,林*亮,正取,國立勤益科技大學,國立勤益科技大學企業管理系,其他學校錄取,3,"國立虎尾科技大學企業管理系(正取); 國立高雄科技大學航運管理系(備取); 國立勤益科技大學企業管理系(正取,分發)"
CAND_4209,113,nfu_ba,國立虎尾科技大學,企業管理系(商管群),國立虎尾科技大學 企業管理系(商管群),73090258,鄭*穎,正取,逢甲大學,逢甲大學合作經濟暨社會事業經營學系,其他學校錄取,4,"國立虎尾科技大學企業管理系(正取); 逢甲大學風險管理與保險學系(正取); 逢甲大學合作經濟暨社會事業經營學系(正取,分發); 逢甲大學會計學系(備取)"
CAND_4210,113,nfu_ba,國立虎尾科技大學,企業管理系(商管群),國立虎尾科技大學 企業管理系(商管群),64090403,*伶,正取,國立臺中科技大學,國立臺中科技大學國際貿易與經營系,其他學校錄取,4,"國立虎尾科技大學企業管理系(正取); 國立高雄科技大學運籌管理系(備取); 國立高雄科技大學供應鏈管理系(正取); 國立臺中科技大學國際貿易與經營系(備取,分發)"
CAND_4211,113,nfu_ba,國立虎尾科技大學,企業管理系(商管群),國立虎尾科技大學 企業管理系(商管群),61091002,*融,正取,國立虎尾科技大學,國立虎尾科技大學企業管理系,原校系/本校留任,2,"國立虎尾科技大學企業管理系(正取,分發); 國立聯合大學經營管理學系(通過)"
CAND_4212,113,nfu_ba,國立虎尾科技大學,企業管理系(商管群),國立虎尾科技大學 企業管理系(商管群),60090073,張*茹,正取,—,—,未分發或放棄,2,國立虎尾科技大學企業管理系(正取); 國立臺中科技大學保險金融管理系(正取)
CAND_4213,113,nfu_ba,國立虎尾科技大學,企業管理系(商管群),國立虎尾科技大學 企業管理系(商管群),74090016,藍*瑄,正取,國立虎尾科技大學,國立虎尾科技大學企業管理系,原校系/本校留任,2,"國立虎尾科技大學企業管理系(正取,分發); 致理科技大學企業管理系(通過)"
CAND_4214,113,nfu_ba,國立虎尾科技大學,企業管理系(商管群),國立虎尾科技大學 企業管理系(商管群),61091698,林*,正取,國立高雄科技大學,國立高雄科技大學人力資源發展系,其他學校錄取,3,"國立虎尾科技大學企業管理系(正取); 國立高雄科技大學人力資源發展系(備取,分發); 國立勤益科技大學企業管理系(正取)"
CAND_4215,113,nfu_ba,國立虎尾科技大學,企業管理系(商管群),國立虎尾科技大學 企業管理系(商管群),63090365,葉*晨,正取,國立高雄科技大學,國立高雄科技大學人力資源發展系,其他學校錄取,5,"國立虎尾科技大學企業管理系(正取); 國立屏東科技大學企業管理系(通過); 國立高雄科技大學人力資源發展系(備取,分發); 國立勤益科技大學企業管理系(通過); 國立臺中科技大學財政稅務系(備取)"
CAND_4216,113,nfu_ba,國立虎尾科技大學,企業管理系(商管群),國立虎尾科技大學 企業管理系(商管群),66090082,—,正取,國立高雄科技大學,國立高雄科技大學行銷與流通管理系,其他學校錄取,5,"國立虎尾科技大學企業管理系(正取); 國立高雄科技大學行銷與流通管理系(正取,分發); 國立高雄科技大學智慧商務系(通過); 國立勤益科技大學企業管理系(通過); 國立臺中科技大學企業管理系(正取)"
CAND_4217,113,nfu_ba,國立虎尾科技大學,企業管理系(商管群),國立虎尾科技大學 企業管理系(商管群),52090866,李*泰,正取,國立臺中科技大學,國立臺中科技大學企業管理系,其他學校錄取,4,"國立虎尾科技大學企業管理系(正取); 國立虎尾科技大學財務金融系(通過); 國立臺中科技大學企業管理系(正取,分發); 銘傳大學企業管理學系(台北校區)(正取)"
CAND_4218,113,nfu_ba,國立虎尾科技大學,企業管理系(商管群),國立虎尾科技大學 企業管理系(商管群),61090529,江*軒,正取,逢甲大學,逢甲大學風險管理與保險學系,其他學校錄取,5,"國立虎尾科技大學企業管理系(正取); 國立高雄科技大學企業管理系(正取); 國立高雄科技大學人力資源發展系(通過); 國立臺中科技大學應用中文系(正取); 逢甲大學風險管理與保險學系(備取,分發)"
CAND_4219,113,nfu_ba,國立虎尾科技大學,企業管理系(商管群),國立虎尾科技大學 企業管理系(商管群),64090253,顏*筑,正取,—,—,未分發或放棄,2,國立虎尾科技大學企業管理系(正取); 國立勤益科技大學流通管理系(正取)
CAND_4220,113,nfu_ba,國立虎尾科技大學,企業管理系(商管群),國立虎尾科技大學 企業管理系(商管群),59090438,段*,正取,國立勤益科技大學,國立勤益科技大學企業管理系,其他學校錄取,2,"國立虎尾科技大學企業管理系(正取); 國立勤益科技大學企業管理系(正取,分發)"
CAND_4221,113,nfu_ba,國立虎尾科技大學,企業管理系(商管群),國立虎尾科技大學 企業管理系(商管群),67090035,*庭,正取,國立虎尾科技大學,國立虎尾科技大學企業管理系,原校系/本校留任,5,"國立虎尾科技大學企業管理系(正取,分發); 國立勤益科技大學企業管理系(通過); 國立臺中科技大學老人服務事業管理系(通過); 朝陽科技大學財務金融系(通過); 國立屏東大學國際經營與貿易學系(通過)"
CAND_4222,113,nfu_ba,國立虎尾科技大學,企業管理系(商管群),國立虎尾科技大學 企業管理系(商管群),61090975,張*禎,正取,國立高雄科技大學,國立高雄科技大學會計資訊系,其他學校錄取,3,"國立虎尾科技大學企業管理系(正取); 國立高雄科技大學會計資訊系(備取,分發); 國立勤益科技大學企業管理系(正取)"
CAND_4223,113,nfu_ba,國立虎尾科技大學,企業管理系(商管群),國立虎尾科技大學 企業管理系(商管群),59090178,A*姿,正取,國立高雄科技大學,國立高雄科技大學風險管理與保險系,其他學校錄取,2,"國立虎尾科技大學企業管理系(正取); 國立高雄科技大學風險管理與保險系(正取,分發)"
CAND_4224,113,nfu_ba,國立虎尾科技大學,企業管理系(商管群),國立虎尾科技大學 企業管理系(商管群),60090013,林*軒,正取,國立虎尾科技大學,國立虎尾科技大學企業管理系,原校系/本校留任,4,"國立虎尾科技大學企業管理系(正取,分發); 國立勤益科技大學企業管理系(備取); 國立臺中科技大學保險金融管理系(備取); 朝陽科技大學財務金融系(正取)"
CAND_4225,113,nfu_ba,國立虎尾科技大學,企業管理系(商管群),國立虎尾科技大學 企業管理系(商管群),65090354,許*瑜,正取,國立臺中科技大學,國立臺中科技大學企業管理系,其他學校錄取,2,"國立虎尾科技大學企業管理系(正取); 國立臺中科技大學企業管理系(正取,分發)"
CAND_4226,113,nfu_ba,國立虎尾科技大學,企業管理系(商管群),國立虎尾科技大學 企業管理系(商管群),60090323,宋*芳,正取,國立虎尾科技大學,國立虎尾科技大學財務金融系,原校系/本校留任,4,"國立虎尾科技大學企業管理系(正取); 國立虎尾科技大學財務金融系(備取,分發); 國立臺中科技大學會計資訊系(備取); 中原大學會計學系(備取)"
CAND_4227,113,nfu_ba,國立虎尾科技大學,企業管理系(商管群),國立虎尾科技大學 企業管理系(商管群),64090145,林*婷,正取,國立勤益科技大學,國立勤益科技大學企業管理系,其他學校錄取,4,"國立虎尾科技大學企業管理系(正取); 國立虎尾科技大學財務金融系(備取); 國立勤益科技大學企業管理系(備取,分發); 國立臺中科技大學企業管理系(備取)"
CAND_4228,113,nfu_ba,國立虎尾科技大學,企業管理系(商管群),國立虎尾科技大學 企業管理系(商管群),65090061,蕭*璇,正取,國立虎尾科技大學,國立虎尾科技大學財務金融系,原校系/本校留任,5,"國立虎尾科技大學企業管理系(正取); 國立高雄科技大學財政稅務系(備取); 國立虎尾科技大學財務金融系(備取,分發); 國立勤益科技大學企業管理系(備取); 國立臺中科技大學財政稅務系(備取)"
CAND_4229,113,nfu_ba,國立虎尾科技大學,企業管理系(商管群),國立虎尾科技大學 企業管理系(商管群),66090046,*棋,正取,國立虎尾科技大學,國立虎尾科技大學企業管理系,原校系/本校留任,2,"國立虎尾科技大學企業管理系(正取,分發); 國立屏東大學財務金融學系(通過)"
CAND_4230,113,nfu_ba,國立虎尾科技大學,企業管理系(商管群),國立虎尾科技大學 企業管理系(商管群),61090767,林*誼,正取,國立虎尾科技大學,國立虎尾科技大學企業管理系,原校系/本校留任,4,"國立虎尾科技大學企業管理系(正取,分發); 國立虎尾科技大學應用外語系(正取); 國立勤益科技大學企業管理系(正取); 國立聯合大學經營管理學系(通過)"
CAND_4231,113,nfu_ba,國立虎尾科技大學,企業管理系(商管群),國立虎尾科技大學 企業管理系(商管群),65090068,*嬅,正取,國立勤益科技大學,國立勤益科技大學企業管理系,其他學校錄取,3,"國立虎尾科技大學企業管理系(正取); 國立屏東科技大學企業管理系(通過); 國立勤益科技大學企業管理系(正取,分發)"
CAND_4232,113,nfu_ba,國立虎尾科技大學,企業管理系(商管群),國立虎尾科技大學 企業管理系(商管群),65090083,葵*翔,正取,國立勤益科技大學,國立勤益科技大學流通管理系,其他學校錄取,5,"國立虎尾科技大學企業管理系(正取); 國立高雄科技大學運籌管理系(通過); 國立高雄科技大學商務資訊應用系(通過); 國立勤益科技大學流通管理系(備取,分發); 國立臺中科技大學保險金融管理系(備取)"
CAND_4233,113,nfu_ba,國立虎尾科技大學,企業管理系(商管群),國立虎尾科技大學 企業管理系(商管群),59090204,張*惠,正取,國立勤益科技大學,國立勤益科技大學企業管理系,其他學校錄取,3,"國立虎尾科技大學企業管理系(正取); 國立勤益科技大學企業管理系(正取,分發); 國立聯合大學經營管理學系(正取)"
CAND_4234,113,nfu_ba,國立虎尾科技大學,企業管理系(商管群),國立虎尾科技大學 企業管理系(商管群),56090434,吳*,正取,國立虎尾科技大學,國立虎尾科技大學企業管理系,原校系/本校留任,1,"國立虎尾科技大學企業管理系(正取,分發)"
CAND_4235,113,nfu_ba,國立虎尾科技大學,企業管理系(商管群),國立虎尾科技大學 企業管理系(商管群),56090518,*言,正取,國立虎尾科技大學,國立虎尾科技大學財務金融系,原校系/本校留任,3,"國立虎尾科技大學企業管理系(正取); 國立虎尾科技大學財務金融系(正取,分發); 國立臺中科技大學國際貿易與經營系(正取)"
CAND_4236,113,nfu_ba,國立虎尾科技大學,企業管理系(商管群),國立虎尾科技大學 企業管理系(商管群),59090026,陳*羽,正取,國立臺中科技大學,國立臺中科技大學企業管理系,其他學校錄取,4,"國立虎尾科技大學企業管理系(正取); 國立高雄科技大學人力資源發展系(正取); 國立勤益科技大學企業管理系(正取); 國立臺中科技大學企業管理系(正取,分發)"
CAND_4237,113,nfu_ba,國立虎尾科技大學,企業管理系(商管群),國立虎尾科技大學 企業管理系(商管群),66090126,許*婕,正取,國立虎尾科技大學,國立虎尾科技大學企業管理系,原校系/本校留任,4,"國立虎尾科技大學企業管理系(正取,分發); 國立高雄科技大學企業管理系(正取); 國立勤益科技大學企業管理系(正取); 國立屏東大學企業管理學系(通過)"
CAND_4238,113,nfu_ba,國立虎尾科技大學,企業管理系(商管群),國立虎尾科技大學 企業管理系(商管群),60090070,邱*綸,正取,國立臺中科技大學,國立臺中科技大學保險金融管理系,其他學校錄取,3,"國立虎尾科技大學企業管理系(正取); 國立勤益科技大學企業管理系(通過); 國立臺中科技大學保險金融管理系(正取,分發)"
CAND_4239,113,nfu_ba,國立虎尾科技大學,企業管理系(商管群),國立虎尾科技大學 企業管理系(商管群),64090186,黄*,正取,國立虎尾科技大學,國立虎尾科技大學企業管理系,原校系/本校留任,3,"國立虎尾科技大學企業管理系(正取,分發); 國立勤益科技大學企業管理系(備取); 朝陽科技大學財務金融系(通過)"
CAND_4240,113,nfu_ba,國立虎尾科技大學,企業管理系(商管群),國立虎尾科技大學 企業管理系(商管群),61090667,簡*靜,正取,國立臺中科技大學,國立臺中科技大學國際貿易與經營系,其他學校錄取,4,"國立虎尾科技大學企業管理系(正取); 國立高雄科技大學行銷與流通管理系(備取); 國立勤益科技大學企業管理系(正取); 國立臺中科技大學國際貿易與經營系(正取,分發)"
CAND_4241,113,nfu_ba,國立虎尾科技大學,企業管理系(商管群),國立虎尾科技大學 企業管理系(商管群),55090005,楊*穎,正取,國立虎尾科技大學,國立虎尾科技大學企業管理系,原校系/本校留任,2,"國立虎尾科技大學企業管理系(正取,分發); 國立勤益科技大學企業管理系(通過)"
CAND_4242,113,nfu_ba,國立虎尾科技大學,企業管理系(商管群),國立虎尾科技大學 企業管理系(商管群),69530014,—,正取,—,—,未分發或放棄,2,國立虎尾科技大學企業管理系(正取); 國立勤益科技大學企業管理系(通過)
CAND_4243,113,nfu_ba,國立虎尾科技大學,企業管理系(商管群),國立虎尾科技大學 企業管理系(商管群),65090421,張*永,正取,國立臺中科技大學,國立臺中科技大學流通管理系,其他學校錄取,2,"國立虎尾科技大學企業管理系(正取); 國立臺中科技大學流通管理系(正取,分發)"
CAND_4244,113,nfu_ba,國立虎尾科技大學,企業管理系(商管群),國立虎尾科技大學 企業管理系(商管群),56090493,蕭*瑜,正取,致理科技大學,致理科技大學行銷與流通管理系,其他學校錄取,4,"國立虎尾科技大學企業管理系(正取); 朝陽科技大學行銷與流通管理系(通過); 台南應用科技大學國際企業經營系(通過); 致理科技大學行銷與流通管理系(正取,分發)"
CAND_4245,113,nfu_ba,國立虎尾科技大學,企業管理系(商管群),國立虎尾科技大學 企業管理系(商管群),58090094,*芦,正取,國立勤益科技大學,國立勤益科技大學企業管理系,其他學校錄取,4,"國立虎尾科技大學企業管理系(正取); 國立勤益科技大學企業管理系(正取,分發); 致理科技大學財務金融系(正取); 靜宜大學財務金融學系(正取)"
CAND_4246,113,nfu_ba,國立虎尾科技大學,企業管理系(商管群),國立虎尾科技大學 企業管理系(商管群),61090388,陳*蓉,正取,國立虎尾科技大學,國立虎尾科技大學財務金融系,原校系/本校留任,5,"國立虎尾科技大學企業管理系(正取); 國立虎尾科技大學財務金融系(正取,分發); 國立勤益科技大學企業管理系(正取); 靜宜大學財務金融學系(正取); 逢甲大學經濟學系(備取)"
CAND_4247,113,nfu_ba,國立虎尾科技大學,企業管理系(商管群),國立虎尾科技大學 企業管理系(商管群),63090250,*瑄,正取,—,—,未分發或放棄,1,國立虎尾科技大學企業管理系(正取)
CAND_4248,113,nfu_ba,國立虎尾科技大學,企業管理系(商管群),國立虎尾科技大學 企業管理系(商管群),65090345,葵*,正取,國立臺中科技大學,國立臺中科技大學國際貿易與經營系,其他學校錄取,5,"國立虎尾科技大學企業管理系(正取); 國立高雄科技大學運籌管理系(通過); 國立高雄科技大學供應鏈管理系(通過); 國立虎尾科技大學財務金融系(備取); 國立臺中科技大學國際貿易與經營系(備取,分發)"
CAND_4249,113,nfu_ba,國立虎尾科技大學,企業管理系(商管群),國立虎尾科技大學 企業管理系(商管群),70090961,*榕,正取,國立虎尾科技大學,國立虎尾科技大學企業管理系,原校系/本校留任,4,"國立虎尾科技大學企業管理系(正取,分發); 國立高雄科技大學供應鏈管理系(備取); 國立虎尾科技大學工業管理系(通過); 國立臺中科技大學保險金融管理系(備取)"
CAND_4250,113,nfu_ba,國立虎尾科技大學,企業管理系(商管群),國立虎尾科技大學 企業管理系(商管群),64090097,*彤,正取,逢甲大學,逢甲大學會計學系,其他學校錄取,5,"國立虎尾科技大學企業管理系(正取); 國立勤益科技大學企業管理系(備取); 國立聯合大學經營管理學系(通過); 靜宜大學會計學系(通過); 逢甲大學會計學系(備取,分發)"
CAND_4251,113,nfu_ba,國立虎尾科技大學,企業管理系(商管群),國立虎尾科技大學 企業管理系(商管群),74530001,都*婕,正取,—,—,未分發或放棄,5,國立虎尾科技大學企業管理系(正取); 國立屏東科技大學企業管理系(通過); 國立虎尾科技大學應用外語系(備取); 朝陽科技大學企業管理系(通過); 文藻外語大學國際企業管理系(通過)
CAND_4252,113,nfu_ba,國立虎尾科技大學,企業管理系(商管群),國立虎尾科技大學 企業管理系(商管群),74090109,潘*瑀,正取,國立虎尾科技大學,國立虎尾科技大學企業管理系,原校系/本校留任,4,"國立虎尾科技大學企業管理系(正取,分發); 朝陽科技大學企業管理系(通過); 南臺科技大學幼兒保育系(通過); 台南應用科技大學企業管理系(通過)"
CAND_4253,113,nfu_ba,國立虎尾科技大學,企業管理系(商管群),國立虎尾科技大學 企業管理系(商管群),54090297,*琦,正取,國立臺中科技大學,國立臺中科技大學流通管理系,其他學校錄取,4,"國立虎尾科技大學企業管理系(正取); 國立高雄科技大學風險管理與保險系(通過); 國立勤益科技大學流通管理系(正取); 國立臺中科技大學流通管理系(正取,分發)"
CAND_4254,113,nfu_ba,國立虎尾科技大學,企業管理系(商管群),國立虎尾科技大學 企業管理系(商管群),58090205,葵*鈞,備取,國立勤益科技大學,國立勤益科技大學企業管理系,其他學校錄取,2,"國立虎尾科技大學企業管理系(備取); 國立勤益科技大學企業管理系(備取,分發)"
CAND_4255,113,nfu_ba,國立虎尾科技大學,企業管理系(商管群),國立虎尾科技大學 企業管理系(商管群),61091167,宋*,備取,國立勤益科技大學,國立勤益科技大學企業管理系,其他學校錄取,5,"國立虎尾科技大學企業管理系(備取); 國立高雄科技大學運籌管理系(備取); 國立勤益科技大學企業管理系(正取,分發); 國立臺北護理健康大學生死與健康心理諮商系(通過); 國立臺中科技大學財政稅務系(備取)"
CAND_4256,113,nfu_ba,國立虎尾科技大學,企業管理系(商管群),國立虎尾科技大學 企業管理系(商管群),69530009,*閔,備取,國立高雄科技大學,國立高雄科技大學人力資源發展系,其他學校錄取,3,"國立虎尾科技大學企業管理系(備取); 國立高雄科技大學人力資源發展系(備取,分發); 國立屏東大學國際經營與貿易學系(正取)"
CAND_4257,113,nfu_ba,國立虎尾科技大學,企業管理系(商管群),國立虎尾科技大學 企業管理系(商管群),61091275,—,備取,國立勤益科技大學,國立勤益科技大學企業管理系,其他學校錄取,2,"國立虎尾科技大學企業管理系(備取); 國立勤益科技大學企業管理系(備取,分發)"
CAND_4258,113,nfu_ba,國立虎尾科技大學,企業管理系(商管群),國立虎尾科技大學 企業管理系(商管群),73090091,吳*,備取,明志科技大學,明志科技大學經營管理系,其他學校錄取,5,"國立虎尾科技大學企業管理系(備取); 國立虎尾科技大學工業管理系(通過); 國立臺中科技大學會計資訊系(通過); 明志科技大學經營管理系(正取,分發); 明志科技大學數位行銷設計學士學位學程(通過)"
CAND_4259,113,nfu_ba,國立虎尾科技大學,企業管理系(商管群),國立虎尾科技大學 企業管理系(商管群),57090522,謝*永,備取,國立勤益科技大學,國立勤益科技大學企業管理系,其他學校錄取,2,"國立虎尾科技大學企業管理系(備取); 國立勤益科技大學企業管理系(正取,分發)"
CAND_4260,113,nfu_ba,國立虎尾科技大學,企業管理系(商管群),國立虎尾科技大學 企業管理系(商管群),61091027,林*晉,備取,國立虎尾科技大學,國立虎尾科技大學企業管理系,原校系/本校留任,3,"國立虎尾科技大學企業管理系(備取,分發); 國立屏東科技大學財務金融國際學士學位學程(通過); 國立臺中科技大學休閒事業經營系(通過)"
CAND_4261,113,nfu_ba,國立虎尾科技大學,企業管理系(商管群),國立虎尾科技大學 企業管理系(商管群),67090347,*華,備取,國立高雄科技大學,國立高雄科技大學商務資訊應用系,其他學校錄取,2,"國立虎尾科技大學企業管理系(備取); 國立高雄科技大學商務資訊應用系(備取,分發)"
CAND_4262,113,nfu_ba,國立虎尾科技大學,企業管理系(商管群),國立虎尾科技大學 企業管理系(商管群),64090542,宋*相,備取,國立虎尾科技大學,國立虎尾科技大學企業管理系,原校系/本校留任,3,"國立虎尾科技大學企業管理系(備取,分發); 國立勤益科技大學企業管理系(備取); 國立屏東大學應用日語學系(正取)"
CAND_4263,113,nfu_ba,國立虎尾科技大學,企業管理系(商管群),國立虎尾科技大學 企業管理系(商管群),67090007,*綉,備取,國立虎尾科技大學,國立虎尾科技大學企業管理系,原校系/本校留任,5,"國立虎尾科技大學企業管理系(備取,分發); 國立虎尾科技大學工業管理系(通過); 國立勤益科技大學企業管理系(備取); 國立臺中科技大學企業管理系(備取); 朝陽科技大學企業管理系(通過)"
CAND_4264,113,nfu_ba,國立虎尾科技大學,企業管理系(商管群),國立虎尾科技大學 企業管理系(商管群),61090024,黄*閎,備取,國立虎尾科技大學,國立虎尾科技大學企業管理系,原校系/本校留任,2,"國立虎尾科技大學企業管理系(備取,分發); 國立勤益科技大學企業管理系(備取)"
CAND_4265,113,nfu_ba,國立虎尾科技大學,企業管理系(商管群),國立虎尾科技大學 企業管理系(商管群),74090080,*女,備取,國立虎尾科技大學,國立虎尾科技大學企業管理系,原校系/本校留任,3,"國立虎尾科技大學企業管理系(備取,分發); 致理科技大學資訊管理系(正取); 亞東科技大學資訊管理系(通過)"
CAND_4266,113,nfu_ba,國立虎尾科技大學,企業管理系(商管群),國立虎尾科技大學 企業管理系(商管群),52090049,林*廷,備取,—,—,未分發或放棄,1,國立虎尾科技大學企業管理系(通過)
CAND_4267,113,nfu_ba,國立虎尾科技大學,企業管理系(商管群),國立虎尾科技大學 企業管理系(商管群),52090089,葵*盲,備取,—,—,未分發或放棄,3,國立虎尾科技大學企業管理系(通過); 銘傳大學企業管理學系(台北校區)(通過); 實踐大學企業管理學系(臺北校區)(通過)
CAND_4268,113,nfu_ba,國立虎尾科技大學,企業管理系(商管群),國立虎尾科技大學 企業管理系(商管群),52090653,葵*,備取,國立臺中科技大學,國立臺中科技大學休閒事業經營系,其他學校錄取,4,"國立虎尾科技大學企業管理系(通過); 國立臺中科技大學休閒事業經營系(正取,分發); 銘傳大學企業管理學系(台北校區)(通過); 亞洲大學經營管理學系(通過)"
CAND_4269,113,nfu_ba,國立虎尾科技大學,企業管理系(商管群),國立虎尾科技大學 企業管理系(商管群),52090665,葉*翔,備取,國立臺中科技大學,國立臺中科技大學企業管理系,其他學校錄取,4,"國立虎尾科技大學企業管理系(通過); 國立勤益科技大學企業管理系(通過); 國立臺北護理健康大學資訊管理系(正取); 國立臺中科技大學企業管理系(備取,分發)"
CAND_4270,113,nfu_ba,國立虎尾科技大學,企業管理系(商管群),國立虎尾科技大學 企業管理系(商管群),52090953,鄭*婷,備取,國立臺中科技大學,國立臺中科技大學企業管理系,其他學校錄取,6,"國立虎尾科技大學企業管理系(通過); 國立高雄科技大學行銷與流通管理系(通過); 國立虎尾科技大學工業管理系(通過); 國立勤益科技大學企業管理系(通過); 國立臺北護理健康大學健康事業管理系(通過); 國立臺中科技大學企業管理系(正取,分發)"
CAND_4271,113,nfu_ba,國立虎尾科技大學,企業管理系(商管群),國立虎尾科技大學 企業管理系(商管群),52090969,張*瑜,備取,—,—,未分發或放棄,3,國立虎尾科技大學企業管理系(通過); 國立屏東科技大學企業管理系(通過); 國立勤益科技大學企業管理系(通過)
CAND_4272,113,nfu_ba,國立虎尾科技大學,企業管理系(商管群),國立虎尾科技大學 企業管理系(商管群),54090146,陳*盈,備取,國立勤益科技大學,國立勤益科技大學企業管理系,其他學校錄取,5,"國立虎尾科技大學企業管理系(通過); 國立高雄科技大學企業管理系(正取); 國立高雄科技大學會計資訊系(通過); 國立勤益科技大學企業管理系(正取,分發); 國立臺中科技大學企業管理系(通過)"
CAND_4273,113,nfu_ba,國立虎尾科技大學,企業管理系(商管群),國立虎尾科技大學 企業管理系(商管群),55090130,唐*,備取,國立臺北護理健康大學,國立臺北護理健康大學健康事業管理系,其他學校錄取,4,"國立虎尾科技大學企業管理系(通過); 國立臺北護理健康大學健康事業管理系(正取,分發); 明志科技大學經營管理系(正取); 銘傳大學企業管理學系(台北校區)(備取)"
CAND_4274,113,nfu_ba,國立虎尾科技大學,企業管理系(商管群),國立虎尾科技大學 企業管理系(商管群),56090363,柯*,備取,國立臺中科技大學,國立臺中科技大學企業管理系,其他學校錄取,5,"國立虎尾科技大學企業管理系(通過); 國立臺北護理健康大學休閒產業與健康促進系(通過); 國立臺中科技大學企業管理系(正取,分發); 銘傳大學企業管理學系(台北校區)(正取); 實踐大學企業管理學系(臺北校區)(備取)"
CAND_4275,113,nfu_ba,國立虎尾科技大學,企業管理系(商管群),國立虎尾科技大學 企業管理系(商管群),56090380,吳*駿,備取,國立勤益科技大學,國立勤益科技大學企業管理系,其他學校錄取,2,"國立虎尾科技大學企業管理系(通過); 國立勤益科技大學企業管理系(正取,分發)"
CAND_4276,113,nfu_ba,國立虎尾科技大學,企業管理系(商管群),國立虎尾科技大學 企業管理系(商管群),56090430,孫*丞,備取,國立臺中科技大學,國立臺中科技大學會計資訊系,其他學校錄取,2,"國立虎尾科技大學企業管理系(通過); 國立臺中科技大學會計資訊系(備取,分發)"
CAND_4277,113,nfu_ba,國立虎尾科技大學,企業管理系(商管群),國立虎尾科技大學 企業管理系(商管群),57090081,葉*楷,備取,—,—,未分發或放棄,2,國立虎尾科技大學企業管理系(通過); 國立臺中科技大學企業管理系(通過)
CAND_4278,113,nfu_ba,國立虎尾科技大學,企業管理系(商管群),國立虎尾科技大學 企業管理系(商管群),57090139,*婷,備取,國立臺北護理健康大學,國立臺北護理健康大學生死與健康心理諮商系,其他學校錄取,4,"國立虎尾科技大學企業管理系(通過); 國立高雄科技大學金融資訊系(備取); 國立勤益科技大學流通管理系(正取); 國立臺北護理健康大學生死與健康心理諮商系(正取,分發)"
CAND_4279,113,nfu_ba,國立虎尾科技大學,企業管理系(商管群),國立虎尾科技大學 企業管理系(商管群),57090410,李*欣,備取,國立臺中科技大學,國立臺中科技大學保險金融管理系,其他學校錄取,3,"國立虎尾科技大學企業管理系(通過); 國立勤益科技大學企業管理系(通過); 國立臺中科技大學保險金融管理系(正取,分發)"
CAND_4280,113,nfu_ba,國立虎尾科技大學,企業管理系(商管群),國立虎尾科技大學 企業管理系(商管群),57090737,*洋,備取,—,—,未分發或放棄,3,國立虎尾科技大學企業管理系(通過); 國立高雄科技大學金融資訊系(備取); 國立勤益科技大學企業管理系(通過)
CAND_4281,113,nfu_ba,國立虎尾科技大學,企業管理系(商管群),國立虎尾科技大學 企業管理系(商管群),57090754,黄*,備取,—,—,未分發或放棄,1,國立虎尾科技大學企業管理系(通過)
CAND_4282,113,nfu_ba,國立虎尾科技大學,企業管理系(商管群),國立虎尾科技大學 企業管理系(商管群),58090276,—,備取,國立勤益科技大學,國立勤益科技大學企業管理系,其他學校錄取,5,"國立虎尾科技大學企業管理系(通過); 國立虎尾科技大學應用外語系(通過); 國立勤益科技大學企業管理系(正取,分發); 國立臺中科技大學流通管理系(正取); 致理科技大學應用日語系(通過)"
CAND_4283,113,nfu_ba,國立虎尾科技大學,企業管理系(商管群),國立虎尾科技大學 企業管理系(商管群),58090373,*仰,備取,國立臺北護理健康大學,國立臺北護理健康大學資訊管理系,其他學校錄取,3,"國立虎尾科技大學企業管理系(通過); 國立臺北護理健康大學資訊管理系(正取,分發); 國立臺中科技大學國際貿易與經營系(正取)"
CAND_4284,113,nfu_ba,國立虎尾科技大學,企業管理系(商管群),國立虎尾科技大學 企業管理系(商管群),59090273,沈*翔,備取,—,—,未分發或放棄,2,國立虎尾科技大學企業管理系(通過); 國立勤益科技大學資訊管理系(通過)
CAND_4285,113,nfu_ba,國立虎尾科技大學,企業管理系(商管群),國立虎尾科技大學 企業管理系(商管群),59090312,郭*,備取,靜宜大學,靜宜大學國際企業學系,其他學校錄取,4,"國立虎尾科技大學企業管理系(通過); 國立高雄科技大學商務資訊應用系(通過); 國立臺北護理健康大學生死與健康心理諮商系(備取); 靜宜大學國際企業學系(正取,分發)"
CAND_4286,113,nfu_ba,國立虎尾科技大學,企業管理系(商管群),國立虎尾科技大學 企業管理系(商管群),61090003,何*錚,備取,國立高雄科技大學,國立高雄科技大學金融資訊系,其他學校錄取,5,"國立虎尾科技大學企業管理系(通過); 國立高雄科技大學會計資訊系(正取); 國立高雄科技大學金融資訊系(備取,分發); 國立虎尾科技大學財務金融系(通過); 國立臺中科技大學財務金融系(通過)"
CAND_4287,113,nfu_ba,國立虎尾科技大學,企業管理系(商管群),國立虎尾科技大學 企業管理系(商管群),61090555,江*綾,備取,國立臺中科技大學,國立臺中科技大學企業管理系,其他學校錄取,5,"國立虎尾科技大學企業管理系(通過); 國立雲林科技大學企業管理系(通過); 國立勤益科技大學文化創意事業系(通過); 國立臺中科技大學企業管理系(正取,分發); 國立臺北商業大學商業設計管理系(桃園校區)(通過)"
CAND_4288,113,nfu_ba,國立虎尾科技大學,企業管理系(商管群),國立虎尾科技大學 企業管理系(商管群),61090645,黄*淇,備取,國立臺中科技大學,國立臺中科技大學財政稅務系,其他學校錄取,2,"國立虎尾科技大學企業管理系(通過); 國立臺中科技大學財政稅務系(正取,分發)"
CAND_4289,113,nfu_ba,國立虎尾科技大學,企業管理系(商管群),國立虎尾科技大學 企業管理系(商管群),61090753,吳*盲,備取,—,—,未分發或放棄,5,國立虎尾科技大學企業管理系(通過); 國立高雄科技大學企業管理系(通過); 國立高雄科技大學風險管理與保險系(通過); 國立勤益科技大學工業工程與管理系(通過); 國立臺中科技大學企業管理系(通過)
CAND_4290,113,nfu_ba,國立虎尾科技大學,企業管理系(商管群),國立虎尾科技大學 企業管理系(商管群),61090799,陳*心,備取,—,—,未分發或放棄,3,國立虎尾科技大學企業管理系(通過); 國立高雄科技大學企業管理系(通過); 國立臺中科技大學企業管理系(通過)
CAND_4291,113,nfu_ba,國立虎尾科技大學,企業管理系(商管群),國立虎尾科技大學 企業管理系(商管群),61090925,*閎,正取,國立虎尾科技大學,國立虎尾科技大學財務金融系,原校系/本校留任,3,"國立虎尾科技大學企業管理系(通過); 國立虎尾科技大學財務金融系(正取,分發); 國立臺中科技大學財務金融系(通過)"
CAND_4292,113,nfu_ba,國立虎尾科技大學,企業管理系(商管群),國立虎尾科技大學 企業管理系(商管群),61090963,陳*靚,備取,國立臺中科技大學,國立臺中科技大學流通管理系,其他學校錄取,6,"國立虎尾科技大學企業管理系(通過); 國立虎尾科技大學工業管理系(通過); 國立勤益科技大學企業管理系(通過); 國立臺中科技大學流通管理系(備取,分發); 僑光科技大學財經法律系(通過); 靜宜大學企業管理學系(通過)"
CAND_4293,113,nfu_ba,國立虎尾科技大學,企業管理系(商管群),國立虎尾科技大學 企業管理系(商管群),61090998,林*婷,備取,國立虎尾科技大學,國立虎尾科技大學財務金融系,原校系/本校留任,4,"國立虎尾科技大學企業管理系(通過); 國立虎尾科技大學財務金融系(備取,分發); 國立勤益科技大學企業管理系(正取); 國立臺中科技大學保險金融管理系(備取)"
CAND_4294,113,nfu_ba,國立虎尾科技大學,企業管理系(商管群),國立虎尾科技大學 企業管理系(商管群),61091003,—,備取,國立勤益科技大學,國立勤益科技大學企業管理系,其他學校錄取,3,"國立虎尾科技大學企業管理系(通過); 國立虎尾科技大學工業管理系(通過); 國立勤益科技大學企業管理系(備取,分發)"
CAND_4295,113,nfu_ba,國立虎尾科技大學,企業管理系(商管群),國立虎尾科技大學 企業管理系(商管群),61091038,蕭*珊,備取,—,—,未分發或放棄,4,國立虎尾科技大學企業管理系(通過); 國立高雄科技大學風險管理與保險系(通過); 國立勤益科技大學企業管理系(通過); 國立臺中科技大學會計資訊系(通過)
CAND_4296,113,nfu_ba,國立虎尾科技大學,企業管理系(商管群),國立虎尾科技大學 企業管理系(商管群),61091078,張*永,備取,國立勤益科技大學,國立勤益科技大學企業管理系,其他學校錄取,3,"國立虎尾科技大學企業管理系(通過); 國立勤益科技大學企業管理系(正取,分發); 國立臺中科技大學保險金融管理系(備取)"
CAND_4297,113,nfu_ba,國立虎尾科技大學,企業管理系(商管群),國立虎尾科技大學 企業管理系(商管群),61091263,吳*婷,備取,國立臺北商業大學,國立臺北商業大學國際商務系(臺北校區),其他學校錄取,5,"國立虎尾科技大學企業管理系(通過); 國立雲林科技大學企業管理系(正取); 國立勤益科技大學企業管理系(通過); 國立臺中科技大學國際貿易與經營系(通過); 國立臺北商業大學國際商務系(臺北校區)(正取,分發)"
CAND_4298,113,nfu_ba,國立虎尾科技大學,企業管理系(商管群),國立虎尾科技大學 企業管理系(商管群),61091279,*晨,備取,—,—,未分發或放棄,4,國立虎尾科技大學企業管理系(通過); 國立高雄科技大學金融資訊系(通過); 國立高雄科技大學財政稅務系(通過); 朝陽科技大學企業管理系(通過)
CAND_4299,113,nfu_ba,國立虎尾科技大學,企業管理系(商管群),國立虎尾科技大學 企業管理系(商管群),61091585,林*琪,備取,國立高雄科技大學,國立高雄科技大學運籌管理系,其他學校錄取,4,"國立虎尾科技大學企業管理系(通過); 國立高雄科技大學運籌管理系(備取,分發); 國立勤益科技大學流通管理系(備取); 國立臺中科技大學保險金融管理系(備取)"
CAND_4300,113,nfu_ba,國立虎尾科技大學,企業管理系(商管群),國立虎尾科技大學 企業管理系(商管群),61091595,黄*歆,備取,國立臺中科技大學,國立臺中科技大學財政稅務系,其他學校錄取,3,"國立虎尾科技大學企業管理系(通過); 國立高雄科技大學會計資訊系(正取); 國立臺中科技大學財政稅務系(正取,分發)"
CAND_4301,113,nfu_ba,國立虎尾科技大學,企業管理系(商管群),國立虎尾科技大學 企業管理系(商管群),61091609,葵*日,備取,國立高雄科技大學,國立高雄科技大學會計資訊系,其他學校錄取,5,"國立虎尾科技大學企業管理系(通過); 國立高雄科技大學會計資訊系(備取,分發); 國立高雄科技大學智慧商務系(正取); 國立勤益科技大學資訊管理系(通過); 國立臺中科技大學財政稅務系(備取)"
CAND_4302,113,nfu_ba,國立虎尾科技大學,企業管理系(商管群),國立虎尾科技大學 企業管理系(商管群),61091742,*慈,備取,國立屏東大學,國立屏東大學會計學系,其他學校錄取,4,"國立虎尾科技大學企業管理系(通過); 國立虎尾科技大學財務金融系(備取); 朝陽科技大學會計系(通過); 國立屏東大學會計學系(正取,分發)"
CAND_4303,113,nfu_ba,國立虎尾科技大學,企業管理系(商管群),國立虎尾科技大學 企業管理系(商管群),61091771,賴*軒,備取,—,—,未分發或放棄,2,國立虎尾科技大學企業管理系(通過); 國立勤益科技大學企業管理系(通過)
CAND_4304,113,nfu_ba,國立虎尾科技大學,企業管理系(商管群),國立虎尾科技大學 企業管理系(商管群),61091786,徐*哲,備取,國立臺中科技大學,國立臺中科技大學休閒事業經營系,其他學校錄取,5,"國立虎尾科技大學企業管理系(通過); 國立高雄科技大學航運管理系(通過); 國立高雄科技大學文化創意產業系(通過); 國立勤益科技大學文化創意事業系(正取); 國立臺中科技大學休閒事業經營系(正取,分發)"
CAND_4305,113,nfu_ba,國立虎尾科技大學,企業管理系(商管群),國立虎尾科技大學 企業管理系(商管群),62090070,*玲,備取,—,—,未分發或放棄,2,國立虎尾科技大學企業管理系(通過); 國立勤益科技大學企業管理系(通過)
CAND_4306,113,nfu_ba,國立虎尾科技大學,企業管理系(商管群),國立虎尾科技大學 企業管理系(商管群),62090074,李*,備取,國立臺中科技大學,國立臺中科技大學休閒事業經營系,其他學校錄取,4,"國立虎尾科技大學企業管理系(通過); 國立高雄科技大學人力資源發展系(通過); 國立勤益科技大學企業管理系(通過); 國立臺中科技大學休閒事業經營系(正取,分發)"
CAND_4307,113,nfu_ba,國立虎尾科技大學,企業管理系(商管群),國立虎尾科技大學 企業管理系(商管群),62090082,李*筠,備取,—,—,未分發或放棄,3,國立虎尾科技大學企業管理系(通過); 國立勤益科技大學企業管理系(通過); 逢甲大學會計學系(備取)
CAND_4308,113,nfu_ba,國立虎尾科技大學,企業管理系(商管群),國立虎尾科技大學 企業管理系(商管群),62090098,易*銓,備取,—,—,未分發或放棄,5,國立虎尾科技大學企業管理系(通過); 國立屏東科技大學企業管理系(通過); 國立高雄科技大學企業管理系(通過); 國立勤益科技大學資訊管理系(通過); 國立臺中科技大學企業管理系(通過)
CAND_4309,113,nfu_ba,國立虎尾科技大學,企業管理系(商管群),國立虎尾科技大學 企業管理系(商管群),62090102,陳*,備取,—,—,未分發或放棄,4,國立虎尾科技大學企業管理系(通過); 國立屏東科技大學資訊管理系(通過); 國立勤益科技大學企業管理系(通過); 國立臺中科技大學企業管理系(通過)
CAND_4310,113,nfu_ba,國立虎尾科技大學,企業管理系(商管群),國立虎尾科技大學 企業管理系(商管群),63090125,維*筑,備取,國立勤益科技大學,國立勤益科技大學流通管理系,其他學校錄取,2,"國立虎尾科技大學企業管理系(通過); 國立勤益科技大學流通管理系(備取,分發)"
CAND_4311,113,nfu_ba,國立虎尾科技大學,企業管理系(商管群),國立虎尾科技大學 企業管理系(商管群),63090321,許*,備取,國立臺中科技大學,國立臺中科技大學會計資訊系,其他學校錄取,4,"國立虎尾科技大學企業管理系(通過); 國立臺中科技大學會計資訊系(備取,分發); 國立屏東大學會計學系(正取); 銘傳大學會計學系(台北校區)(通過)"
CAND_4312,113,nfu_ba,國立虎尾科技大學,企業管理系(商管群),國立虎尾科技大學 企業管理系(商管群),63090373,葉*筠,備取,國立勤益科技大學,國立勤益科技大學流通管理系,其他學校錄取,2,"國立虎尾科技大學企業管理系(通過); 國立勤益科技大學流通管理系(備取,分發)"
CAND_4313,113,nfu_ba,國立虎尾科技大學,企業管理系(商管群),國立虎尾科技大學 企業管理系(商管群),63090486,李*住,備取,國立高雄科技大學,國立高雄科技大學商務資訊應用系,其他學校錄取,3,"國立虎尾科技大學企業管理系(通過); 國立高雄科技大學商務資訊應用系(正取,分發); 國立勤益科技大學流通管理系(正取)"
CAND_4314,113,nfu_ba,國立虎尾科技大學,企業管理系(商管群),國立虎尾科技大學 企業管理系(商管群),64090201,李*如,正取,國立臺中科技大學,國立臺中科技大學保險金融管理系,其他學校錄取,3,"國立虎尾科技大學企業管理系(通過); 國立虎尾科技大學財務金融系(正取); 國立臺中科技大學保險金融管理系(正取,分發)"
CAND_4315,113,nfu_ba,國立虎尾科技大學,企業管理系(商管群),國立虎尾科技大學 企業管理系(商管群),64090277,陳*婷,備取,—,—,未分發或放棄,1,國立虎尾科技大學企業管理系(通過)
CAND_4316,113,nfu_ba,國立虎尾科技大學,企業管理系(商管群),國立虎尾科技大學 企業管理系(商管群),64090324,楊*凱,備取,國立高雄科技大學,國立高雄科技大學智慧商務系,其他學校錄取,3,"國立虎尾科技大學企業管理系(通過); 國立高雄科技大學智慧商務系(備取,分發); 國立高雄科技大學商務資訊應用系(正取)"
CAND_4317,113,nfu_ba,國立虎尾科技大學,企業管理系(商管群),國立虎尾科技大學 企業管理系(商管群),64090531,黄*崇,備取,國立臺中科技大學,國立臺中科技大學會計資訊系,其他學校錄取,4,"國立虎尾科技大學企業管理系(通過); 國立高雄科技大學人力資源發展系(通過); 國立高雄科技大學會計資訊系(通過); 國立臺中科技大學會計資訊系(備取,分發)"
CAND_4318,113,nfu_ba,國立虎尾科技大學,企業管理系(商管群),國立虎尾科技大學 企業管理系(商管群),64090559,陳*,備取,國立臺中科技大學,國立臺中科技大學國際貿易與經營系,其他學校錄取,4,"國立虎尾科技大學企業管理系(通過); 國立高雄科技大學國際企業系(通過); 國立高雄科技大學人力資源發展系(通過); 國立臺中科技大學國際貿易與經營系(正取,分發)"
CAND_4319,113,nfu_ba,國立虎尾科技大學,企業管理系(商管群),國立虎尾科技大學 企業管理系(商管群),64090562,陳*宇,備取,國立臺北護理健康大學,國立臺北護理健康大學健康事業管理系,其他學校錄取,2,"國立虎尾科技大學企業管理系(通過); 國立臺北護理健康大學健康事業管理系(正取,分發)"
CAND_4320,113,nfu_ba,國立虎尾科技大學,企業管理系(商管群),國立虎尾科技大學 企業管理系(商管群),64090570,陳*靜,備取,—,—,未分發或放棄,1,國立虎尾科技大學企業管理系(通過)
CAND_4321,113,nfu_ba,國立虎尾科技大學,企業管理系(商管群),國立虎尾科技大學 企業管理系(商管群),65090075,陳*,備取,國立臺中科技大學,國立臺中科技大學流通管理系,其他學校錄取,4,"國立虎尾科技大學企業管理系(通過); 國立高雄科技大學風險管理與保險系(備取); 國立勤益科技大學企業管理系(通過); 國立臺中科技大學流通管理系(備取,分發)"
CAND_4322,113,nfu_ba,國立虎尾科技大學,企業管理系(商管群),國立虎尾科技大學 企業管理系(商管群),65090133,蕭*軒,備取,—,—,未分發或放棄,1,國立虎尾科技大學企業管理系(通過)
CAND_4323,113,nfu_ba,國立虎尾科技大學,企業管理系(商管群),國立虎尾科技大學 企業管理系(商管群),65090169,楊*永,正取,國立虎尾科技大學,國立虎尾科技大學財務金融系,原校系/本校留任,2,"國立虎尾科技大學企業管理系(通過); 國立虎尾科技大學財務金融系(正取,分發)"
CAND_4324,113,nfu_ba,國立虎尾科技大學,企業管理系(商管群),國立虎尾科技大學 企業管理系(商管群),65090177,張*豪,備取,國立臺中科技大學,國立臺中科技大學財政稅務系,其他學校錄取,3,"國立虎尾科技大學企業管理系(通過); 國立勤益科技大學企業管理系(備取); 國立臺中科技大學財政稅務系(備取,分發)"
CAND_4325,113,nfu_ba,國立虎尾科技大學,企業管理系(商管群),國立虎尾科技大學 企業管理系(商管群),65090261,陳*妤,備取,國立高雄科技大學,國立高雄科技大學航運管理系,其他學校錄取,5,"國立虎尾科技大學企業管理系(通過); 國立高雄科技大學運籌管理系(正取); 國立高雄科技大學航運管理系(正取,分發); 國立高雄科技大學航運技術系(正取); 國立勤益科技大學企業管理系(通過)"
CAND_4326,113,nfu_ba,國立虎尾科技大學,企業管理系(商管群),國立虎尾科技大學 企業管理系(商管群),65090302,黄*婷,正取,國立勤益科技大學,國立勤益科技大學企業管理系,其他學校錄取,5,"國立虎尾科技大學企業管理系(通過); 國立屏東科技大學企業管理系(通過); 國立高雄科技大學會計資訊系(通過); 國立虎尾科技大學工業管理系(正取); 國立勤益科技大學企業管理系(正取,分發)"
CAND_4327,113,nfu_ba,國立虎尾科技大學,企業管理系(商管群),國立虎尾科技大學 企業管理系(商管群),65090305,張*榕,備取,國立臺中科技大學,國立臺中科技大學企業管理系,其他學校錄取,4,"國立虎尾科技大學企業管理系(通過); 國立高雄科技大學航運管理系(備取); 國立虎尾科技大學財務金融系(通過); 國立臺中科技大學企業管理系(備取,分發)"
CAND_4328,113,nfu_ba,國立虎尾科技大學,企業管理系(商管群),國立虎尾科技大學 企業管理系(商管群),65090425,蕭*,備取,國立臺中科技大學,國立臺中科技大學國際貿易與經營系,其他學校錄取,6,"國立虎尾科技大學企業管理系(通過); 國立高雄科技大學行銷與流通管理系(正取); 國立高雄科技大學航運管理系(正取); 國立高雄科技大學供應鏈管理系(通過); 國立勤益科技大學流通管理系(通過); 國立臺中科技大學國際貿易與經營系(正取,分發)"
CAND_4329,113,nfu_ba,國立虎尾科技大學,企業管理系(商管群),國立虎尾科技大學 企業管理系(商管群),65090430,黄*慈,備取,朝陽科技大學,朝陽科技大學財務金融系,其他學校錄取,3,"國立虎尾科技大學企業管理系(通過); 國立勤益科技大學企業管理系(通過); 朝陽科技大學財務金融系(正取,分發)"
CAND_4330,113,nfu_ba,國立虎尾科技大學,企業管理系(商管群),國立虎尾科技大學 企業管理系(商管群),66090021,—,備取,—,—,未分發或放棄,2,國立虎尾科技大學企業管理系(通過); 國立臺中科技大學會計資訊系(通過)
CAND_4331,113,nfu_ba,國立虎尾科技大學,企業管理系(商管群),國立虎尾科技大學 企業管理系(商管群),66090065,李*佑,備取,—,—,未分發或放棄,2,國立虎尾科技大學企業管理系(通過); 國立高雄科技大學企業管理系(通過)
CAND_4332,113,nfu_ba,國立虎尾科技大學,企業管理系(商管群),國立虎尾科技大學 企業管理系(商管群),66090074,黄*,備取,國立屏東科技大學,國立屏東科技大學企業管理系,其他學校錄取,3,"國立虎尾科技大學企業管理系(通過); 國立屏東科技大學企業管理系(備取,分發); 國立屏東科技大學財務金融國際學士學位學程(通過)"
CAND_4333,113,nfu_ba,國立虎尾科技大學,企業管理系(商管群),國立虎尾科技大學 企業管理系(商管群),66090110,林*宏,備取,國立臺中科技大學,國立臺中科技大學休閒事業經營系,其他學校錄取,3,"國立虎尾科技大學企業管理系(通過); 國立勤益科技大學企業管理系(備取); 國立臺中科技大學休閒事業經營系(正取,分發)"
CAND_4334,113,nfu_ba,國立虎尾科技大學,企業管理系(商管群),國立虎尾科技大學 企業管理系(商管群),66090149,張*瑄,備取,國立高雄科技大學,國立高雄科技大學航運管理系,其他學校錄取,5,"國立虎尾科技大學企業管理系(通過); 國立高雄科技大學觀光管理系(正取); 國立高雄科技大學航運管理系(正取,分發); 國立勤益科技大學企業管理系(通過); 國立臺中科技大學國際貿易與經營系(通過)"
CAND_4335,113,nfu_ba,國立虎尾科技大學,企業管理系(商管群),國立虎尾科技大學 企業管理系(商管群),66090237,孫*永,備取,國立高雄科技大學,國立高雄科技大學航運管理系,其他學校錄取,5,"國立虎尾科技大學企業管理系(通過); 國立高雄科技大學國際企業系(備取); 國立高雄科技大學行銷與流通管理系(通過); 國立高雄科技大學航運管理系(正取,分發); 國立臺中科技大學國際貿易與經營系(備取)"
CAND_4336,113,nfu_ba,國立虎尾科技大學,企業管理系(商管群),國立虎尾科技大學 企業管理系(商管群),67090015,張*婕,備取,國立高雄科技大學,國立高雄科技大學運籌管理系,其他學校錄取,3,"國立虎尾科技大學企業管理系(通過); 國立高雄科技大學運籌管理系(備取,分發); 國立高雄科技大學商務資訊應用系(正取)"
CAND_4337,113,nfu_ba,國立虎尾科技大學,企業管理系(商管群),國立虎尾科技大學 企業管理系(商管群),67090031,陳*妍,備取,國立臺中科技大學,國立臺中科技大學流通管理系,其他學校錄取,4,"國立虎尾科技大學企業管理系(通過); 國立高雄科技大學運籌管理系(備取); 國立高雄科技大學商務資訊應用系(正取); 國立臺中科技大學流通管理系(正取,分發)"
CAND_4338,113,nfu_ba,國立虎尾科技大學,企業管理系(商管群),國立虎尾科技大學 企業管理系(商管群),67090234,何*瑄,備取,—,—,未分發或放棄,3,國立虎尾科技大學企業管理系(通過); 國立高雄科技大學行銷與流通管理系(通過); 朝陽科技大學保險金融管理系(通過)
CAND_4339,113,nfu_ba,國立虎尾科技大學,企業管理系(商管群),國立虎尾科技大學 企業管理系(商管群),67090254,*茹,備取,—,—,未分發或放棄,4,國立虎尾科技大學企業管理系(通過); 國立高雄科技大學企業管理系(通過); 國立高雄科技大學商務資訊應用系(通過); 國立臺中科技大學財政稅務系(通過)
CAND_4340,113,nfu_ba,國立虎尾科技大學,企業管理系(商管群),國立虎尾科技大學 企業管理系(商管群),68090170,張*永,備取,國立高雄科技大學,國立高雄科技大學商務資訊應用系,其他學校錄取,5,"國立虎尾科技大學企業管理系(通過); 國立雲林科技大學應用外語系(通過); 國立高雄科技大學企業管理系(備取); 國立高雄科技大學商務資訊應用系(正取,分發); 國立勤益科技大學企業管理系(通過)"
CAND_4341,113,nfu_ba,國立虎尾科技大學,企業管理系(商管群),國立虎尾科技大學 企業管理系(商管群),68090470,楊*瑜,備取,國立雲林科技大學,國立雲林科技大學文化資產維護系,其他學校錄取,4,"國立虎尾科技大學企業管理系(通過); 國立雲林科技大學文化資產維護系(正取,分發); 國立高雄科技大學文化創意產業系(通過); 國立臺中科技大學多媒體設計系(正取)"
CAND_4342,113,nfu_ba,國立虎尾科技大學,企業管理系(商管群),國立虎尾科技大學 企業管理系(商管群),68090550,蘇*婷,備取,國立臺中科技大學,國立臺中科技大學企業管理系,其他學校錄取,2,"國立虎尾科技大學企業管理系(通過); 國立臺中科技大學企業管理系(備取,分發)"
CAND_4343,113,nfu_ba,國立虎尾科技大學,企業管理系(商管群),國立虎尾科技大學 企業管理系(商管群),68530023,*永,備取,國立高雄科技大學,國立高雄科技大學會計資訊系,其他學校錄取,4,"國立虎尾科技大學企業管理系(通過); 國立高雄科技大學會計資訊系(備取,分發); 國立屏東大學企業管理學系(通過); 國立屏東大學會計學系(正取)"
CAND_4344,113,nfu_ba,國立虎尾科技大學,企業管理系(商管群),國立虎尾科技大學 企業管理系(商管群),68530048,朱*璟,備取,國立高雄科技大學,國立高雄科技大學財政稅務系,其他學校錄取,5,"國立虎尾科技大學企業管理系(通過); 國立高雄科技大學金融系(備取); 國立高雄科技大學財政稅務系(正取,分發); 國立虎尾科技大學財務金融系(通過); 國立勤益科技大學企業管理系(通過)"
CAND_4345,113,nfu_ba,國立虎尾科技大學,企業管理系(商管群),國立虎尾科技大學 企業管理系(商管群),68530072,林*,備取,—,—,未分發或放棄,3,國立虎尾科技大學企業管理系(通過); 國立勤益科技大學流通管理系(通過); 國立臺中科技大學保險金融管理系(通過)
CAND_4346,113,nfu_ba,國立虎尾科技大學,企業管理系(商管群),國立虎尾科技大學 企業管理系(商管群),68530087,邱*潔,備取,國立高雄科技大學,國立高雄科技大學應用德語系,其他學校錄取,4,"國立虎尾科技大學企業管理系(通過); 國立高雄科技大學應用英語系(通過); 國立高雄科技大學應用德語系(正取,分發); 國立虎尾科技大學應用外語系(通過)"
CAND_4347,113,nfu_ba,國立虎尾科技大學,企業管理系(商管群),國立虎尾科技大學 企業管理系(商管群),69090077,賴*志,正取,國立虎尾科技大學,國立虎尾科技大學財務金融系,原校系/本校留任,4,"國立虎尾科技大學企業管理系(通過); 國立虎尾科技大學財務金融系(正取,分發); 國立勤益科技大學企業管理系(正取); 國立臺中科技大學財政稅務系(備取)"
CAND_4348,113,nfu_ba,國立虎尾科技大學,企業管理系(商管群),國立虎尾科技大學 企業管理系(商管群),69090099,張*,備取,國立臺中科技大學,國立臺中科技大學財政稅務系,其他學校錄取,3,"國立虎尾科技大學企業管理系(通過); 國立勤益科技大學人工智慧應用工程系(正取); 國立臺中科技大學財政稅務系(正取,分發)"
CAND_4349,113,nfu_ba,國立虎尾科技大學,企業管理系(商管群),國立虎尾科技大學 企業管理系(商管群),70090713,楊*恩,備取,國立高雄科技大學,國立高雄科技大學行銷與流通管理系,其他學校錄取,5,"國立虎尾科技大學企業管理系(通過); 國立高雄科技大學行銷與流通管理系(備取,分發); 國立高雄科技大學人力資源發展系(通過); 國立高雄科技大學應用德語系(通過); 國立勤益科技大學流通管理系(通過)"
CAND_4350,113,nfu_ba,國立虎尾科技大學,企業管理系(商管群),國立虎尾科技大學 企業管理系(商管群),70090922,鄭*,備取,—,—,未分發或放棄,4,國立虎尾科技大學企業管理系(通過); 國立屏東科技大學企業管理系(通過); 國立屏東大學企業管理學系(通過); 國立屏東大學行銷與流通管理學系(通過)
CAND_4351,113,nfu_ba,國立虎尾科技大學,企業管理系(商管群),國立虎尾科技大學 企業管理系(商管群),70090981,程*珈,備取,—,—,未分發或放棄,2,國立虎尾科技大學企業管理系(通過); 國立虎尾科技大學財務金融系(通過)
CAND_4352,113,nfu_ba,國立虎尾科技大學,企業管理系(商管群),國立虎尾科技大學 企業管理系(商管群),71090163,陳*華,備取,—,—,未分發或放棄,1,國立虎尾科技大學企業管理系(通過)
CAND_4353,113,nfu_ba,國立虎尾科技大學,企業管理系(商管群),國立虎尾科技大學 企業管理系(商管群),71090209,陳*裕,備取,國立高雄科技大學,國立高雄科技大學運籌管理系,其他學校錄取,3,"國立虎尾科技大學企業管理系(通過); 國立高雄科技大學運籌管理系(正取,分發); 國立虎尾科技大學財務金融系(通過)"
CAND_4354,113,nfu_ba,國立虎尾科技大學,企業管理系(商管群),國立虎尾科技大學 企業管理系(商管群),72090112,謝*威,備取,—,—,未分發或放棄,6,國立虎尾科技大學企業管理系(通過); 國立高雄科技大學觀光管理系(通過); 國立虎尾科技大學工業管理系(通過); 國立勤益科技大學企業管理系(通過); 國立臺北護理健康大學健康事業管理系(通過); 國立臺中科技大學財政稅務系(通過)
CAND_4355,113,nfu_ba,國立虎尾科技大學,企業管理系(商管群),國立虎尾科技大學 企業管理系(商管群),73090231,林*鈞,備取,—,—,未分發或放棄,4,國立虎尾科技大學企業管理系(通過); 國立臺中科技大學企業管理系(通過); 明志科技大學經營管理系(通過); 致理科技大學財務金融系(通過)
CAND_4356,113,nfu_ba,國立虎尾科技大學,企業管理系(商管群),國立虎尾科技大學 企業管理系(商管群),74090012,陳*,備取,國立屏東科技大學,國立屏東科技大學休閒運動健康系,其他學校錄取,3,"國立虎尾科技大學企業管理系(通過); 國立屏東科技大學休閒運動健康系(正取,分發); 修平科技大學數位媒體設計系(通過)"
CAND_4357,113,nfu_ba,國立虎尾科技大學,企業管理系(英語類),國立虎尾科技大學 企業管理系(英語類),56530036,張*永,正取,—,—,未分發或放棄,3,國立虎尾科技大學企業管理系(正取); 國立高雄科技大學航運管理系(通過); 國立勤益科技大學流通管理系(通過)
CAND_4358,113,nfu_ba,國立虎尾科技大學,企業管理系(英語類),國立虎尾科技大學 企業管理系(英語類),56530020,袁*軒,正取,國立雲林科技大學,國立雲林科技大學應用外語系,其他學校錄取,4,"國立虎尾科技大學企業管理系(正取); 國立雲林科技大學應用外語系(正取,分發); 國立高雄科技大學應用英語系(備取); 國立臺中科技大學應用英語系(正取)"
CAND_4359,113,nfu_ba,國立虎尾科技大學,企業管理系(英語類),國立虎尾科技大學 企業管理系(英語類),57530051,楊*融,正取,國立高雄科技大學,國立高雄科技大學運籌管理系,其他學校錄取,4,"國立虎尾科技大學企業管理系(正取); 國立高雄科技大學運籌管理系(正取,分發); 國立高雄科技大學應用英語系(正取); 國立屏東大學應用英語學系(正取)"
CAND_4360,113,nfu_ba,國立虎尾科技大學,企業管理系(英語類),國立虎尾科技大學 企業管理系(英語類),61150360,李*哈,正取,國立高雄科技大學,國立高雄科技大學行銷與流通管理系,其他學校錄取,5,"國立虎尾科技大學企業管理系(正取); 國立高雄科技大學行銷與流通管理系(正取,分發); 國立高雄科技大學供應鏈管理系(通過); 國立臺中科技大學企業管理系(通過); 國立屏東大學休閒事業經營學系(通過)"
CAND_4361,113,nfu_ba,國立虎尾科技大學,企業管理系(英語類),國立虎尾科技大學 企業管理系(英語類),57530035,房*綺,正取,國立高雄科技大學,國立高雄科技大學行銷與流通管理系,其他學校錄取,4,"國立虎尾科技大學企業管理系(正取); 國立高雄科技大學行銷與流通管理系(正取,分發); 國立高雄科技大學應用英語系(備取); 國立虎尾科技大學應用外語系(正取)"
CAND_4362,113,nfu_ba,國立虎尾科技大學,企業管理系(英語類),國立虎尾科技大學 企業管理系(英語類),63550017,*恩,正取,國立虎尾科技大學,國立虎尾科技大學企業管理系,原校系/本校留任,4,"國立虎尾科技大學企業管理系(正取,分發); 國立高雄科技大學應用英語系(正取); 國立高雄科技大學應用德語系(通過); 國立虎尾科技大學應用外語系(正取)"
CAND_4363,113,nfu_ba,國立虎尾科技大學,企業管理系(英語類),國立虎尾科技大學 企業管理系(英語類),55150015,*翊,正取,國立高雄科技大學,國立高雄科技大學供應鏈管理系,其他學校錄取,3,"國立虎尾科技大學企業管理系(正取); 國立高雄科技大學供應鏈管理系(正取,分發); 國立勤益科技大學文化創意事業系(通過)"
CAND_4364,113,nfu_ba,國立虎尾科技大學,企業管理系(英語類),國立虎尾科技大學 企業管理系(英語類),56150094,翁*茜,正取,國立虎尾科技大學,國立虎尾科技大學企業管理系,原校系/本校留任,2,"國立虎尾科技大學企業管理系(正取,分發); 國立高雄科技大學供應鏈管理系(通過)"
CAND_4365,113,nfu_ba,國立虎尾科技大學,企業管理系(英語類),國立虎尾科技大學 企業管理系(英語類),63150023,張*胤,正取,國立高雄科技大學,國立高雄科技大學供應鏈管理系,其他學校錄取,5,"國立虎尾科技大學企業管理系(正取); 國立高雄科技大學供應鏈管理系(備取,分發); 國立高雄科技大學海洋休閒管理系(通過); 朝陽科技大學航空運務系(正取); 弘光科技大學國際溝通英語系(備取)"
CAND_4366,113,nfu_ba,國立虎尾科技大學,企業管理系(英語類),國立虎尾科技大學 企業管理系(英語類),57150118,邱*盛,正取,—,—,未分發或放棄,3,國立虎尾科技大學企業管理系(正取); 國立高雄科技大學航運管理系(備取); 國立高雄科技大學供應鏈管理系(正取)
CAND_4367,113,nfu_ba,國立虎尾科技大學,企業管理系(英語類),國立虎尾科技大學 企業管理系(英語類),66150017,吳*嶙,正取,國立高雄科技大學,國立高雄科技大學供應鏈管理系,其他學校錄取,3,"國立虎尾科技大學企業管理系(正取); 國立高雄科技大學行銷與流通管理系(正取); 國立高雄科技大學供應鏈管理系(正取,分發)"
CAND_4368,113,nfu_ba,國立虎尾科技大學,企業管理系(英語類),國立虎尾科技大學 企業管理系(英語類),52150141,簡*伈,備取,國立臺北護理健康大學,國立臺北護理健康大學生死與健康心理諮商系,其他學校錄取,2,"國立虎尾科技大學企業管理系(通過); 國立臺北護理健康大學生死與健康心理諮商系(備取,分發)"
CAND_4369,113,nfu_ba,國立虎尾科技大學,企業管理系(英語類),國立虎尾科技大學 企業管理系(英語類),52150184,張*庭,備取,—,—,未分發或放棄,3,國立虎尾科技大學企業管理系(通過); 國立虎尾科技大學應用外語系(通過); 中原大學國際經營與貿易學系(通過)
CAND_4370,113,nfu_ba,國立虎尾科技大學,企業管理系(英語類),國立虎尾科技大學 企業管理系(英語類),56150047,邱*德,備取,國立高雄科技大學,國立高雄科技大學風險管理與保險系,其他學校錄取,3,"國立虎尾科技大學企業管理系(通過); 國立高雄科技大學風險管理與保險系(正取,分發); 國立高雄科技大學供應鏈管理系(備取)"
CAND_4371,113,nfu_ba,國立虎尾科技大學,企業管理系(英語類),國立虎尾科技大學 企業管理系(英語類),56150076,—,備取,—,—,未分發或放棄,4,國立虎尾科技大學企業管理系(通過); 國立高雄科技大學風險管理與保險系(通過); 國立虎尾科技大學應用外語系(通過); 國立臺中科技大學保險金融管理系(通過)
CAND_4372,113,nfu_ba,國立虎尾科技大學,企業管理系(英語類),國立虎尾科技大學 企業管理系(英語類),56150149,張*慈,備取,國立高雄科技大學,國立高雄科技大學行銷與流通管理系,其他學校錄取,3,"國立虎尾科技大學企業管理系(通過); 國立高雄科技大學行銷與流通管理系(正取,分發); 國立高雄科技大學風險管理與保險系(通過)"
CAND_4373,113,nfu_ba,國立虎尾科技大學,企業管理系(英語類),國立虎尾科技大學 企業管理系(英語類),56150163,許*祐,備取,國立臺北護理健康大學,國立臺北護理健康大學生死與健康心理諮商系,其他學校錄取,4,"國立虎尾科技大學企業管理系(通過); 國立臺北護理健康大學休閒產業與健康促進系(備取); 國立臺北護理健康大學運動保健系(通過); 國立臺北護理健康大學生死與健康心理諮商系(備取,分發)"
CAND_4374,113,nfu_ba,國立虎尾科技大學,企業管理系(英語類),國立虎尾科技大學 企業管理系(英語類),57150085,徐*妤,備取,—,—,未分發或放棄,2,國立虎尾科技大學企業管理系(通過); 國立高雄科技大學供應鏈管理系(通過)
CAND_4375,113,nfu_ba,國立虎尾科技大學,企業管理系(英語類),國立虎尾科技大學 企業管理系(英語類),58150019,歐*毅,正取,國立虎尾科技大學,國立虎尾科技大學財務金融系,原校系/本校留任,2,"國立虎尾科技大學企業管理系(通過); 國立虎尾科技大學財務金融系(正取,分發)"
CAND_4376,113,nfu_ba,國立虎尾科技大學,企業管理系(英語類),國立虎尾科技大學 企業管理系(英語類),58150197,陳*穎,備取,—,—,未分發或放棄,4,國立虎尾科技大學企業管理系(通過); 國立虎尾科技大學財務金融系(通過); 國立勤益科技大學文化創意事業系(通過); 國立臺中科技大學企業管理系(通過)
CAND_4377,113,nfu_ba,國立虎尾科技大學,企業管理系(英語類),國立虎尾科技大學 企業管理系(英語類),61150132,林*,備取,—,—,未分發或放棄,4,國立虎尾科技大學企業管理系(通過); 國立高雄科技大學行銷與流通管理系(正取); 國立勤益科技大學應用英語系(通過); 朝陽科技大學應用英語系(通過)
CAND_4378,113,nfu_ba,國立虎尾科技大學,企業管理系(英語類),國立虎尾科技大學 企業管理系(英語類),61150293,李*,備取,國立臺中科技大學,國立臺中科技大學保險金融管理系,其他學校錄取,3,"國立虎尾科技大學企業管理系(通過); 國立臺北護理健康大學運動保健系(通過); 國立臺中科技大學保險金融管理系(正取,分發)"
CAND_4379,113,nfu_ba,國立虎尾科技大學,企業管理系(英語類),國立虎尾科技大學 企業管理系(英語類),61150308,*竣,備取,—,—,未分發或放棄,5,國立虎尾科技大學企業管理系(通過); 國立高雄科技大學行銷與流通管理系(通過); 國立高雄科技大學風險管理與保險系(通過); 國立高雄科技大學應用英語系(通過); 國立臺中科技大學保險金融管理系(通過)
CAND_4380,113,nfu_ba,國立虎尾科技大學,企業管理系(英語類),國立虎尾科技大學 企業管理系(英語類),63150008,林*翎,備取,國立高雄科技大學,國立高雄科技大學運籌管理系,其他學校錄取,4,"國立虎尾科技大學企業管理系(通過); 國立高雄科技大學運籌管理系(正取,分發); 國立虎尾科技大學應用外語系(通過); 嶺東科技大學國際企業系(通過)"
CAND_4381,113,nfu_ba,國立虎尾科技大學,企業管理系(英語類),國立虎尾科技大學 企業管理系(英語類),63550002,唐*琳,備取,—,—,未分發或放棄,1,國立虎尾科技大學企業管理系(通過)
CAND_4382,113,nfu_ba,國立虎尾科技大學,企業管理系(英語類),國立虎尾科技大學 企業管理系(英語類),63550004,賴*盈,正取,國立虎尾科技大學,國立虎尾科技大學應用外語系,原校系/本校留任,3,"國立虎尾科技大學企業管理系(通過); 國立高雄科技大學應用英語系(通過); 國立虎尾科技大學應用外語系(正取,分發)"
CAND_4383,113,nfu_ba,國立虎尾科技大學,企業管理系(英語類),國立虎尾科技大學 企業管理系(英語類),63550009,陳*妤,備取,國立雲林科技大學,國立雲林科技大學企業管理系,其他學校錄取,4,"國立虎尾科技大學企業管理系(通過); 國立臺灣科技大學應用外語系(通過); 國立雲林科技大學企業管理系(正取,分發); 國立臺北科技大學應用英文系(通過)"
CAND_4384,113,nfu_ba,國立虎尾科技大學,企業管理系(英語類),國立虎尾科技大學 企業管理系(英語類),63550012,—,正取,國立虎尾科技大學,國立虎尾科技大學應用外語系,原校系/本校留任,4,"國立虎尾科技大學企業管理系(通過); 國立高雄科技大學應用英語系(通過); 國立虎尾科技大學應用外語系(正取,分發); 國立臺中科技大學應用英語系(通過)"
CAND_4385,113,nfu_ba,國立虎尾科技大學,企業管理系(英語類),國立虎尾科技大學 企業管理系(英語類),64150075,陳*宇,備取,國立高雄科技大學,國立高雄科技大學應用英語系,其他學校錄取,4,"國立虎尾科技大學企業管理系(通過); 國立高雄科技大學供應鏈管理系(備取); 國立高雄科技大學應用英語系(備取,分發); 國立勤益科技大學應用英語系(通過)"
CAND_4386,113,nfu_ba,國立虎尾科技大學,企業管理系(英語類),國立虎尾科技大學 企業管理系(英語類),66150047,黄*君,備取,國立雲林科技大學,國立雲林科技大學應用外語系,其他學校錄取,5,"國立虎尾科技大學企業管理系(通過); 國立雲林科技大學應用外語系(正取,分發); 國立高雄科技大學企業管理系(通過); 國立高雄科技大學應用英語系(通過); 國立臺中科技大學應用英語系(通過)"
CAND_4387,113,nfu_ba,國立虎尾科技大學,企業管理系(英語類),國立虎尾科技大學 企業管理系(英語類),67150020,吳*延,備取,國立高雄科技大學,國立高雄科技大學應用英語系,其他學校錄取,3,"國立虎尾科技大學企業管理系(通過); 國立高雄科技大學應用英語系(正取,分發); 國立虎尾科技大學應用外語系(通過)"
CAND_4388,113,nfu_ba,國立虎尾科技大學,企業管理系(英語類),國立虎尾科技大學 企業管理系(英語類),68150017,鄭*潔,備取,—,—,未分發或放棄,4,國立虎尾科技大學企業管理系(通過); 國立雲林科技大學企業管理系(通過); 國立臺北科技大學應用英文系(通過); 國立高雄科技大學航運管理系(通過)
CAND_4389,113,nfu_ba,國立虎尾科技大學,企業管理系(英語類),國立虎尾科技大學 企業管理系(英語類),69150010,李*授,備取,國立高雄科技大學,國立高雄科技大學應用德語系,其他學校錄取,6,"國立虎尾科技大學企業管理系(通過); 國立高雄科技大學應用英語系(正取); 國立高雄科技大學應用德語系(正取,分發); 國立高雄餐旅大學應用英語系(通過); 南臺科技大學國際企業系(通過); 國立屏東大學應用英語學系(通過)"
CAND_4390,114,nfu_ba,國立虎尾科技大學,企業管理系(商管群),國立虎尾科技大學 企業管理系(商管群),63090257,F*芳,正取,國立臺中科技大學,國立臺中科技大學企業管理系,其他學校錄取,4,"國立虎尾科技大學企業管理系(正取); 國立虎尾科技大學工業管理系(正取); 國立勤益科技大學企業管理系(正取); 國立臺中科技大學企業管理系(正取,分發)"
CAND_4391,114,nfu_ba,國立虎尾科技大學,企業管理系(商管群),國立虎尾科技大學 企業管理系(商管群),67090060,陳*稜,正取,國立虎尾科技大學,國立虎尾科技大學工業管理系,原校系/本校留任,3,"國立虎尾科技大學企業管理系(正取); 國立虎尾科技大學工業管理系(正取,分發); 國立臺中科技大學企業管理系(正取)"
CAND_4392,114,nfu_ba,國立虎尾科技大學,企業管理系(商管群),國立虎尾科技大學 企業管理系(商管群),66090001,陳*凱,正取,國立臺中科技大學,國立臺中科技大學會計資訊系,其他學校錄取,4,"國立虎尾科技大學企業管理系(正取); 國立高雄科技大學會計資訊系(正取); 國立高雄科技大學金融資訊系(正取); 國立臺中科技大學會計資訊系(正取,分發)"
CAND_4393,114,nfu_ba,國立虎尾科技大學,企業管理系(商管群),國立虎尾科技大學 企業管理系(商管群),63090083,徐*勛,正取,國立臺中科技大學,國立臺中科技大學會計資訊系,其他學校錄取,3,"國立虎尾科技大學企業管理系(正取); 國立勤益科技大學企業管理系(通過); 國立臺中科技大學會計資訊系(正取,分發)"
CAND_4394,114,nfu_ba,國立虎尾科技大學,企業管理系(商管群),國立虎尾科技大學 企業管理系(商管群),63090277,黄*,正取,國立虎尾科技大學,國立虎尾科技大學企業管理系,原校系/本校留任,4,"國立虎尾科技大學企業管理系(正取,分發); 國立雲林科技大學文化資產維護系(通過); 國立勤益科技大學企業管理系(正取); 國立臺中科技大學企業管理系(正取)"
CAND_4395,114,nfu_ba,國立虎尾科技大學,企業管理系(商管群),國立虎尾科技大學 企業管理系(商管群),67090061,林*如,正取,國立臺中科技大學,國立臺中科技大學保險金融管理系,其他學校錄取,3,"國立虎尾科技大學企業管理系(正取); 國立高雄科技大學風險管理與保險系(正取); 國立臺中科技大學保險金融管理系(正取,分發)"
CAND_4396,114,nfu_ba,國立虎尾科技大學,企業管理系(商管群),國立虎尾科技大學 企業管理系(商管群),54090261,梁*筑,正取,國立臺中科技大學,國立臺中科技大學國際貿易與經營系,其他學校錄取,2,"國立虎尾科技大學企業管理系(正取); 國立臺中科技大學國際貿易與經營系(正取,分發)"
CAND_4397,114,nfu_ba,國立虎尾科技大學,企業管理系(商管群),國立虎尾科技大學 企業管理系(商管群),70090441,—,正取,國立臺中科技大學,國立臺中科技大學流通管理系,其他學校錄取,5,"國立虎尾科技大學企業管理系(正取); 國立屏東科技大學企業管理系(正取); 國立臺中科技大學流通管理系(正取,分發); 國立屏東大學企業管理學系(正取); 國立屏東大學會計學系(正取)"
CAND_4398,114,nfu_ba,國立虎尾科技大學,企業管理系(商管群),國立虎尾科技大學 企業管理系(商管群),61090375,謝*,正取,國立高雄科技大學,國立高雄科技大學行銷與流通管理系,其他學校錄取,4,"國立虎尾科技大學企業管理系(正取); 國立高雄科技大學行銷與流通管理系(正取,分發); 國立虎尾科技大學財務金融系(通過); 國立臺北商業大學商業設計管理系(桃園校區)(通過)"
CAND_4399,114,nfu_ba,國立虎尾科技大學,企業管理系(商管群),國立虎尾科技大學 企業管理系(商管群),56090304,F*女,正取,國立臺中科技大學,國立臺中科技大學資訊管理系,其他學校錄取,4,"國立虎尾科技大學企業管理系(正取); 國立勤益科技大學資訊管理系(正取); 國立臺中科技大學資訊管理系(正取,分發); 國立宜蘭大學應用經濟與管理學系(正取)"
CAND_4400,114,nfu_ba,國立虎尾科技大學,企業管理系(商管群),國立虎尾科技大學 企業管理系(商管群),65090100,董*,正取,國立臺中科技大學,國立臺中科技大學保險金融管理系,其他學校錄取,3,"國立虎尾科技大學企業管理系(正取); 國立高雄科技大學風險管理與保險系(正取); 國立臺中科技大學保險金融管理系(正取,分發)"
CAND_4401,114,nfu_ba,國立虎尾科技大學,企業管理系(商管群),國立虎尾科技大學 企業管理系(商管群),57090051,吳*晴,正取,國立臺中科技大學,國立臺中科技大學企業管理系,其他學校錄取,4,"國立虎尾科技大學企業管理系(正取); 國立高雄科技大學智慧商務系(通過); 國立勤益科技大學企業管理系(正取); 國立臺中科技大學企業管理系(正取,分發)"
CAND_4402,114,nfu_ba,國立虎尾科技大學,企業管理系(商管群),國立虎尾科技大學 企業管理系(商管群),69090037,*玲,正取,國立高雄科技大學,國立高雄科技大學風險管理與保險系,其他學校錄取,4,"國立虎尾科技大學企業管理系(正取); 國立高雄科技大學風險管理與保險系(正取,分發); 國立臺中科技大學財務金融系(備取); 中信科技大學企業管理系(通過)"
CAND_4403,114,nfu_ba,國立虎尾科技大學,企業管理系(商管群),國立虎尾科技大學 企業管理系(商管群),61090655,葵*,正取,國立高雄科技大學,國立高雄科技大學資訊管理系,其他學校錄取,3,"國立虎尾科技大學企業管理系(正取); 國立高雄科技大學資訊管理系(正取,分發); 國立虎尾科技大學財務金融系(通過)"
CAND_4404,114,nfu_ba,國立虎尾科技大學,企業管理系(商管群),國立虎尾科技大學 企業管理系(商管群),57090292,*晴,正取,國立虎尾科技大學,國立虎尾科技大學企業管理系,原校系/本校留任,4,"國立虎尾科技大學企業管理系(正取,分發); 國立虎尾科技大學應用外語系(通過); 國立臺中科技大學應用統計系(備取); 朝陽科技大學企業管理系(通過)"
CAND_4405,114,nfu_ba,國立虎尾科技大學,企業管理系(商管群),國立虎尾科技大學 企業管理系(商管群),67090089,陳*妏,正取,國立高雄科技大學,國立高雄科技大學供應鏈管理系,其他學校錄取,4,"國立虎尾科技大學企業管理系(正取); 國立高雄科技大學企業管理系(正取); 國立高雄科技大學供應鏈管理系(正取,分發); 國立虎尾科技大學財務金融系(通過)"
CAND_4406,114,nfu_ba,國立虎尾科技大學,企業管理系(商管群),國立虎尾科技大學 企業管理系(商管群),58090113,鄭*,正取,國立高雄科技大學,國立高雄科技大學行銷與流通管理系,其他學校錄取,4,"國立虎尾科技大學企業管理系(正取); 國立高雄科技大學行銷與流通管理系(正取,分發); 國立勤益科技大學行銷與流通管理系(正取); 國立臺中科技大學國際貿易與經營系(正取)"
CAND_4407,114,nfu_ba,國立虎尾科技大學,企業管理系(商管群),國立虎尾科技大學 企業管理系(商管群),55090258,*方,正取,國立臺中科技大學,國立臺中科技大學保險金融管理系,其他學校錄取,3,"國立虎尾科技大學企業管理系(正取); 國立勤益科技大學企業管理系(正取); 國立臺中科技大學保險金融管理系(正取,分發)"
CAND_4408,114,nfu_ba,國立虎尾科技大學,企業管理系(商管群),國立虎尾科技大學 企業管理系(商管群),66090410,吳*晟,正取,國立虎尾科技大學,國立虎尾科技大學工業管理系,原校系/本校留任,2,"國立虎尾科技大學企業管理系(正取); 國立虎尾科技大學工業管理系(正取,分發)"
CAND_4409,114,nfu_ba,國立虎尾科技大學,企業管理系(商管群),國立虎尾科技大學 企業管理系(商管群),55090242,何*綺,正取,國立臺中科技大學,國立臺中科技大學企業管理系,其他學校錄取,4,"國立虎尾科技大學企業管理系(正取); 國立勤益科技大學企業管理系(正取); 國立臺中科技大學企業管理系(正取,分發); 銘傳大學企業管理學系(台北校區)(正取)"
CAND_4410,114,nfu_ba,國立虎尾科技大學,企業管理系(商管群),國立虎尾科技大學 企業管理系(商管群),63090141,高*媛,正取,國立臺中科技大學,國立臺中科技大學保險金融管理系,其他學校錄取,3,"國立虎尾科技大學企業管理系(正取); 國立勤益科技大學企業管理系(正取); 國立臺中科技大學保險金融管理系(正取,分發)"
CAND_4411,114,nfu_ba,國立虎尾科技大學,企業管理系(商管群),國立虎尾科技大學 企業管理系(商管群),61091080,楊*臻,正取,國立臺中科技大學,國立臺中科技大學企業管理系,其他學校錄取,6,"國立虎尾科技大學企業管理系(正取); 國立屏東科技大學資訊管理系(通過); 國立虎尾科技大學資訊管理系(通過); 國立勤益科技大學工業工程與管理系(正取); 國立臺中科技大學企業管理系(正取,分發); 朝陽科技大學企業管理系(通過)"
CAND_4412,114,nfu_ba,國立虎尾科技大學,企業管理系(商管群),國立虎尾科技大學 企業管理系(商管群),59090030,*岑,正取,國立高雄科技大學,國立高雄科技大學人力資源發展系,其他學校錄取,6,"國立虎尾科技大學企業管理系(正取); 國立高雄科技大學人力資源發展系(正取,分發); 國立高雄科技大學供應鏈管理系(正取); 國立勤益科技大學資訊管理系(通過); 國立臺中科技大學企業管理系(正取); 致理科技大學行銷與流通管理系(通過)"
CAND_4413,114,nfu_ba,國立虎尾科技大學,企業管理系(商管群),國立虎尾科技大學 企業管理系(商管群),61091108,彭*洋,正取,亞洲大學,亞洲大學人工智慧學系,其他學校錄取,5,"國立虎尾科技大學企業管理系(正取); 國立虎尾科技大學資訊管理系(通過); 國立勤益科技大學資訊管理系(通過); 國立聯合大學資訊管理學系(通過); 亞洲大學人工智慧學系(正取,分發)"
CAND_4414,114,nfu_ba,國立虎尾科技大學,企業管理系(商管群),國立虎尾科技大學 企業管理系(商管群),71090181,高*琪,正取,國立虎尾科技大學,國立虎尾科技大學企業管理系,原校系/本校留任,4,"國立虎尾科技大學企業管理系(正取,分發); 國立勤益科技大學企業管理系(正取); 國立屏東大學企業管理學系(備取); 國立屏東大學商業大數據學系(正取)"
CAND_4415,114,nfu_ba,國立虎尾科技大學,企業管理系(商管群),國立虎尾科技大學 企業管理系(商管群),65090061,陳*貽,正取,國立虎尾科技大學,國立虎尾科技大學企業管理系,原校系/本校留任,1,"國立虎尾科技大學企業管理系(正取,分發)"
CAND_4416,114,nfu_ba,國立虎尾科技大學,企業管理系(商管群),國立虎尾科技大學 企業管理系(商管群),52090137,李*,正取,銘傳大學,銘傳大學企業管理學系(台北校區),其他學校錄取,3,"國立虎尾科技大學企業管理系(正取); 國立臺中科技大學保險金融管理系(正取); 銘傳大學企業管理學系(台北校區)(正取,分發)"
CAND_4417,114,nfu_ba,國立虎尾科技大學,企業管理系(商管群),國立虎尾科技大學 企業管理系(商管群),61091439,*璇,正取,國立勤益科技大學,國立勤益科技大學企業管理系,其他學校錄取,4,"國立虎尾科技大學企業管理系(正取); 國立高雄科技大學人力資源發展系(通過); 國立勤益科技大學企業管理系(備取,分發); 逢甲大學會計學系(備取)"
CAND_4418,114,nfu_ba,國立虎尾科技大學,企業管理系(商管群),國立虎尾科技大學 企業管理系(商管群),63090137,陳*廷,正取,國立屏東科技大學,國立屏東科技大學企業管理系,其他學校錄取,4,"國立虎尾科技大學企業管理系(正取); 國立屏東科技大學農企業管理系(通過); 國立屏東科技大學企業管理系(正取,分發); 國立虎尾科技大學工業管理系(通過)"
CAND_4419,114,nfu_ba,國立虎尾科技大學,企業管理系(商管群),國立虎尾科技大學 企業管理系(商管群),73090089,游*淯,正取,國立臺北護理健康大學,國立臺北護理健康大學健康事業管理系,其他學校錄取,3,"國立虎尾科技大學企業管理系(正取); 國立臺北護理健康大學健康事業管理系(正取,分發); 實踐大學財務金融學系(臺北校區)(正取)"
CAND_4420,114,nfu_ba,國立虎尾科技大學,企業管理系(商管群),國立虎尾科技大學 企業管理系(商管群),66530006,葵*綺,正取,國立虎尾科技大學,國立虎尾科技大學企業管理系,原校系/本校留任,2,"國立虎尾科技大學企業管理系(正取,分發); 國立虎尾科技大學企業管理系(備取)"
CAND_4421,114,nfu_ba,國立虎尾科技大學,企業管理系(商管群),國立虎尾科技大學 企業管理系(商管群),66090333,林*潔,正取,國立虎尾科技大學,國立虎尾科技大學企業管理系,原校系/本校留任,2,"國立虎尾科技大學企業管理系(正取,分發); 國立勤益科技大學資訊管理系(備取)"
CAND_4422,114,nfu_ba,國立虎尾科技大學,企業管理系(商管群),國立虎尾科技大學 企業管理系(商管群),66090090,包*,正取,國立虎尾科技大學,國立虎尾科技大學企業管理系,原校系/本校留任,6,"國立虎尾科技大學企業管理系(正取,分發); 國立屏東科技大學工業管理系(通過); 國立高雄科技大學漁業科技與管理系(正取); 國立澎湖科技大學行銷與物流管理系(通過); 國立勤益科技大學健康產業科技研發與管理系(正取); 國立臺中科技大學老人服務事業管理系(備取)"
CAND_4423,114,nfu_ba,國立虎尾科技大學,企業管理系(商管群),國立虎尾科技大學 企業管理系(商管群),64090375,柯*,正取,國立高雄科技大學,國立高雄科技大學智慧商務系,其他學校錄取,3,"國立虎尾科技大學企業管理系(正取); 國立高雄科技大學智慧商務系(備取,分發); 國立臺中科技大學財政稅務系(備取)"
CAND_4424,114,nfu_ba,國立虎尾科技大學,企業管理系(商管群),國立虎尾科技大學 企業管理系(商管群),69090077,陳*逸,正取,國立虎尾科技大學,國立虎尾科技大學企業管理系,原校系/本校留任,5,"國立虎尾科技大學企業管理系(正取,分發); 國立屏東科技大學工業管理系(通過); 國立屏東科技大學企業管理系(正取); 國立高雄科技大學漁業科技與管理系(通過); 國立勤益科技大學企業管理系(備取)"
CAND_4425,114,nfu_ba,國立虎尾科技大學,企業管理系(商管群),國立虎尾科技大學 企業管理系(商管群),68530028,*翔,正取,國立高雄科技大學,國立高雄科技大學航運管理系,其他學校錄取,5,"國立虎尾科技大學企業管理系(正取); 國立高雄科技大學航運管理系(正取,分發); 國立高雄科技大學應用英語系(備取); 國立虎尾科技大學應用外語系(正取); 國立臺中科技大學企業管理系(正取)"
CAND_4426,114,nfu_ba,國立虎尾科技大學,企業管理系(商管群),國立虎尾科技大學 企業管理系(商管群),52090349,*皓,正取,國立高雄科技大學,國立高雄科技大學人力資源發展系,其他學校錄取,3,"國立虎尾科技大學企業管理系(正取); 國立高雄科技大學人力資源發展系(正取,分發); 國立勤益科技大學企業管理系(正取)"
CAND_4427,114,nfu_ba,國立虎尾科技大學,企業管理系(商管群),國立虎尾科技大學 企業管理系(商管群),63090085,陳*均,正取,國立勤益科技大學,國立勤益科技大學企業管理系,其他學校錄取,3,"國立虎尾科技大學企業管理系(正取); 國立虎尾科技大學工業管理系(備取); 國立勤益科技大學企業管理系(正取,分發)"
CAND_4428,114,nfu_ba,國立虎尾科技大學,企業管理系(商管群),國立虎尾科技大學 企業管理系(商管群),67090214,陳*均,正取,國立臺中科技大學,國立臺中科技大學流通管理系,其他學校錄取,3,"國立虎尾科技大學企業管理系(正取); 國立高雄科技大學供應鏈管理系(正取); 國立臺中科技大學流通管理系(正取,分發)"
CAND_4429,114,nfu_ba,國立虎尾科技大學,企業管理系(商管群),國立虎尾科技大學 企業管理系(商管群),56090390,陳*J,正取,國立勤益科技大學,國立勤益科技大學企業管理系,其他學校錄取,4,"國立虎尾科技大學企業管理系(正取); 國立勤益科技大學企業管理系(備取,分發); 國立臺中科技大學企業管理系(備取); 國立聯合大學資訊管理學系(正取)"
CAND_4430,114,nfu_ba,國立虎尾科技大學,企業管理系(商管群),國立虎尾科技大學 企業管理系(商管群),58090101,陳*,正取,國立勤益科技大學,國立勤益科技大學工業工程與管理系,其他學校錄取,3,"國立虎尾科技大學企業管理系(正取); 國立高雄科技大學智慧商務系(通過); 國立勤益科技大學工業工程與管理系(備取,分發)"
CAND_4431,114,nfu_ba,國立虎尾科技大學,企業管理系(商管群),國立虎尾科技大學 企業管理系(商管群),66090003,林*,正取,國立虎尾科技大學,國立虎尾科技大學企業管理系,原校系/本校留任,4,"國立虎尾科技大學企業管理系(正取,分發); 國立臺中科技大學流通管理系(通過); 國立屏東大學國際經營與貿易學系(正取); 國立屏東大學行銷與流通管理學系(正取)"
CAND_4432,114,nfu_ba,國立虎尾科技大學,企業管理系(商管群),國立虎尾科技大學 企業管理系(商管群),57090388,陳*妤,正取,致理科技大學,致理科技大學財務金融系,其他學校錄取,4,"國立虎尾科技大學企業管理系(正取); 國立勤益科技大學行銷與流通管理系(通過); 朝陽科技大學財務金融系(通過); 致理科技大學財務金融系(正取,分發)"
CAND_4433,114,nfu_ba,國立虎尾科技大學,企業管理系(商管群),國立虎尾科技大學 企業管理系(商管群),74530025,張*妍,正取,國立虎尾科技大學,國立虎尾科技大學企業管理系,原校系/本校留任,2,"國立虎尾科技大學企業管理系(正取,分發); 銘傳大學國際企業學系(台北校區)(通過)"
CAND_4434,114,nfu_ba,國立虎尾科技大學,企業管理系(商管群),國立虎尾科技大學 企業管理系(商管群),63090189,*約,正取,國立勤益科技大學,國立勤益科技大學企業管理系,其他學校錄取,3,"國立虎尾科技大學企業管理系(正取); 國立勤益科技大學企業管理系(正取,分發); 國立聯合大學資訊管理學系(備取)"
CAND_4435,114,nfu_ba,國立虎尾科技大學,企業管理系(商管群),國立虎尾科技大學 企業管理系(商管群),51090147,*媗,正取,國立勤益科技大學,國立勤益科技大學企業管理系,其他學校錄取,2,"國立虎尾科技大學企業管理系(正取); 國立勤益科技大學企業管理系(正取,分發)"
CAND_4436,114,nfu_ba,國立虎尾科技大學,企業管理系(商管群),國立虎尾科技大學 企業管理系(商管群),61091303,陳*恩,正取,國立臺中科技大學,國立臺中科技大學國際貿易與經營系,其他學校錄取,5,"國立虎尾科技大學企業管理系(正取); 國立高雄科技大學運籌管理系(備取); 國立高雄科技大學航運管理系(備取); 國立臺中科技大學國際貿易與經營系(正取,分發); 逢甲大學國際經營與貿易學系(備取)"
CAND_4437,114,nfu_ba,國立虎尾科技大學,企業管理系(商管群),國立虎尾科技大學 企業管理系(商管群),67090053,陳*,正取,國立屏東大學,國立屏東大學國際經營與貿易學系,其他學校錄取,2,"國立虎尾科技大學企業管理系(正取); 國立屏東大學國際經營與貿易學系(備取,分發)"
CAND_4438,114,nfu_ba,國立虎尾科技大學,企業管理系(商管群),國立虎尾科技大學 企業管理系(商管群),57090944,*星,正取,國立虎尾科技大學,國立虎尾科技大學企業管理系,原校系/本校留任,5,"國立虎尾科技大學企業管理系(正取,分發); 國立雲林科技大學企業管理系(通過); 國立高雄科技大學企業管理系(通過); 國立高雄科技大學人力資源發展系(正取); 國立臺中科技大學企業管理系(正取)"
CAND_4439,114,nfu_ba,國立虎尾科技大學,企業管理系(商管群),國立虎尾科技大學 企業管理系(商管群),70090301,朱*,正取,—,—,未分發或放棄,5,國立虎尾科技大學企業管理系(正取); 國立高雄科技大學行銷與流通管理系(正取); 國立高雄科技大學人力資源發展系(通過); 國立虎尾科技大學工業管理系(通過); 銘傳大學企業管理學系(台北校區)(通過)
CAND_4440,114,nfu_ba,國立虎尾科技大學,企業管理系(商管群),國立虎尾科技大學 企業管理系(商管群),63090327,黄*禎,正取,國立虎尾科技大學,國立虎尾科技大學企業管理系,原校系/本校留任,5,"國立虎尾科技大學企業管理系(正取,分發); 國立雲林科技大學文化資產維護系(通過); 國立高雄科技大學人力資源發展系(通過); 國立高雄科技大學智慧商務系(通過); 國立臺中科技大學老人服務事業管理系(通過)"
CAND_4441,114,nfu_ba,國立虎尾科技大學,企業管理系(商管群),國立虎尾科技大學 企業管理系(商管群),65099902,李*,備取,國立虎尾科技大學,國立虎尾科技大學企業管理系,原校系/本校留任,2,"國立虎尾科技大學企業管理系(備取,分發); 國立臺中科技大學企業管理系(通過)"
CAND_4442,114,nfu_ba,國立虎尾科技大學,企業管理系(商管群),國立虎尾科技大學 企業管理系(商管群),68090521,楊*潔,備取,國立高雄科技大學,國立高雄科技大學風險管理與保險系,其他學校錄取,2,"國立虎尾科技大學企業管理系(備取); 國立高雄科技大學風險管理與保險系(正取,分發)"
CAND_4443,114,nfu_ba,國立虎尾科技大學,企業管理系(商管群),國立虎尾科技大學 企業管理系(商管群),71090107,吳*欣,備取,國立虎尾科技大學,國立虎尾科技大學企業管理系,原校系/本校留任,2,"國立虎尾科技大學企業管理系(備取,分發); 國立屏東科技大學企業管理系(正取)"
CAND_4444,114,nfu_ba,國立虎尾科技大學,企業管理系(商管群),國立虎尾科技大學 企業管理系(商管群),70090884,朱*,備取,國立高雄科技大學,國立高雄科技大學企業管理系,其他學校錄取,2,"國立虎尾科技大學企業管理系(備取); 國立高雄科技大學企業管理系(備取,分發)"
CAND_4445,114,nfu_ba,國立虎尾科技大學,企業管理系(商管群),國立虎尾科技大學 企業管理系(商管群),58090088,*邦,備取,國立高雄科技大學,國立高雄科技大學智慧商務系,其他學校錄取,5,"國立虎尾科技大學企業管理系(備取); 國立高雄科技大學國際企業系(備取); 國立高雄科技大學人力資源發展系(正取); 國立高雄科技大學智慧商務系(備取,分發); 國立勤益科技大學行銷與流通管理系(通過)"
CAND_4446,114,nfu_ba,國立虎尾科技大學,企業管理系(商管群),國立虎尾科技大學 企業管理系(商管群),67090088,蕭*原,備取,國立勤益科技大學,國立勤益科技大學企業管理系,其他學校錄取,3,"國立虎尾科技大學企業管理系(備取); 國立勤益科技大學企業管理系(正取,分發); 國立臺中科技大學企業管理系(備取)"
CAND_4447,114,nfu_ba,國立虎尾科技大學,企業管理系(商管群),國立虎尾科技大學 企業管理系(商管群),68090350,陳*女,備取,國立虎尾科技大學,國立虎尾科技大學工業管理系,原校系/本校留任,3,"國立虎尾科技大學企業管理系(備取); 國立虎尾科技大學工業管理系(備取,分發); 國立勤益科技大學工業工程與管理系(正取)"
CAND_4448,114,nfu_ba,國立虎尾科技大學,企業管理系(商管群),國立虎尾科技大學 企業管理系(商管群),52090022,李*璇,備取,國立勤益科技大學,國立勤益科技大學企業管理系,其他學校錄取,2,"國立虎尾科技大學企業管理系(備取); 國立勤益科技大學企業管理系(正取,分發)"
CAND_4449,114,nfu_ba,國立虎尾科技大學,企業管理系(商管群),國立虎尾科技大學 企業管理系(商管群),64090053,謝*慈,備取,國立勤益科技大學,國立勤益科技大學企業管理系,其他學校錄取,3,"國立虎尾科技大學企業管理系(備取); 國立勤益科技大學企業管理系(備取,分發); 靜宜大學財務金融學系(備取)"
CAND_4450,114,nfu_ba,國立虎尾科技大學,企業管理系(商管群),國立虎尾科技大學 企業管理系(商管群),59090074,蕭*箴,備取,中華醫事科技大學,中華醫事科技大學語言治療系,其他學校錄取,4,"國立虎尾科技大學企業管理系(備取); 國立虎尾科技大學應用外語系(通過); 國立勤益科技大學行銷與流通管理系(正取); 中華醫事科技大學語言治療系(通過,分發)"
CAND_4451,114,nfu_ba,國立虎尾科技大學,企業管理系(商管群),國立虎尾科技大學 企業管理系(商管群),64090382,*綺,備取,國立勤益科技大學,國立勤益科技大學企業管理系,其他學校錄取,3,"國立虎尾科技大學企業管理系(備取); 國立勤益科技大學企業管理系(備取,分發); 國立臺中科技大學企業管理系(備取)"
CAND_4452,114,nfu_ba,國立虎尾科技大學,企業管理系(商管群),國立虎尾科技大學 企業管理系(商管群),64090098,張*淳,備取,國立勤益科技大學,國立勤益科技大學企業管理系,其他學校錄取,2,"國立虎尾科技大學企業管理系(備取); 國立勤益科技大學企業管理系(正取,分發)"
CAND_4453,114,nfu_ba,國立虎尾科技大學,企業管理系(商管群),國立虎尾科技大學 企業管理系(商管群),66090081,陳*,備取,國立虎尾科技大學,國立虎尾科技大學企業管理系,原校系/本校留任,3,"國立虎尾科技大學企業管理系(備取,分發); 國立屏東科技大學企業管理系(通過); 國立勤益科技大學企業管理系(備取)"
CAND_4454,114,nfu_ba,國立虎尾科技大學,企業管理系(商管群),國立虎尾科技大學 企業管理系(商管群),58090239,葵*恩,備取,國立虎尾科技大學,國立虎尾科技大學企業管理系,原校系/本校留任,2,"國立虎尾科技大學企業管理系(備取,分發); 國立勤益科技大學企業管理系(通過)"
CAND_4455,114,nfu_ba,國立虎尾科技大學,企業管理系(商管群),國立虎尾科技大學 企業管理系(商管群),68090017,黄*,備取,—,—,未分發或放棄,1,國立虎尾科技大學企業管理系(備取)
CAND_4456,114,nfu_ba,國立虎尾科技大學,企業管理系(商管群),國立虎尾科技大學 企業管理系(商管群),66090053,李*,備取,國立虎尾科技大學,國立虎尾科技大學企業管理系,原校系/本校留任,3,"國立虎尾科技大學企業管理系(備取,分發); 國立勤益科技大學企業管理系(通過); 國立臺中科技大學保險金融管理系(備取)"
CAND_4457,114,nfu_ba,國立虎尾科技大學,企業管理系(商管群),國立虎尾科技大學 企業管理系(商管群),57090726,鄭*晴,備取,國立勤益科技大學,國立勤益科技大學企業管理系,其他學校錄取,3,"國立虎尾科技大學企業管理系(備取); 國立勤益科技大學企業管理系(備取,分發); 國立屏東大學資訊管理學系(備取)"
CAND_4458,114,nfu_ba,國立虎尾科技大學,企業管理系(商管群),國立虎尾科技大學 企業管理系(商管群),56090359,林*柔,備取,國立虎尾科技大學,國立虎尾科技大學企業管理系,原校系/本校留任,5,"國立虎尾科技大學企業管理系(備取,分發); 國立屏東科技大學社會工作系(通過); 國立澎湖科技大學行銷與物流管理系(通過); 明志科技大學經營管理系(通過); 國立臺東專科學校行銷與流通管理科(正取)"
CAND_4459,114,nfu_ba,國立虎尾科技大學,企業管理系(商管群),國立虎尾科技大學 企業管理系(商管群),66090481,*碩,備取,國立虎尾科技大學,國立虎尾科技大學企業管理系,原校系/本校留任,2,"國立虎尾科技大學企業管理系(備取,分發); 朝陽科技大學會計系(通過)"
CAND_4460,114,nfu_ba,國立虎尾科技大學,企業管理系(商管群),國立虎尾科技大學 企業管理系(商管群),61530010,陳*頻,備取,國立勤益科技大學,國立勤益科技大學應用英語系,其他學校錄取,3,"國立虎尾科技大學企業管理系(備取); 國立高雄科技大學應用英語系(通過); 國立勤益科技大學應用英語系(正取,分發)"
CAND_4461,114,nfu_ba,國立虎尾科技大學,企業管理系(商管群),國立虎尾科技大學 企業管理系(商管群),61091083,林*均,備取,國立勤益科技大學,國立勤益科技大學企業管理系,其他學校錄取,5,"國立虎尾科技大學企業管理系(備取); 國立高雄科技大學人力資源發展系(正取); 國立高雄科技大學航運管理系(備取); 國立勤益科技大學企業管理系(正取,分發); 國立臺中科技大學企業管理系(備取)"
CAND_4462,114,nfu_ba,國立虎尾科技大學,企業管理系(商管群),國立虎尾科技大學 企業管理系(商管群),61090384,*丞,備取,國立勤益科技大學,國立勤益科技大學企業管理系,其他學校錄取,2,"國立虎尾科技大學企業管理系(備取); 國立勤益科技大學企業管理系(正取,分發)"
CAND_4463,114,nfu_ba,國立虎尾科技大學,企業管理系(商管群),國立虎尾科技大學 企業管理系(商管群),59090269,盧*,備取,國立虎尾科技大學,國立虎尾科技大學企業管理系,原校系/本校留任,1,"國立虎尾科技大學企業管理系(備取,分發)"
CAND_4464,114,nfu_ba,國立虎尾科技大學,企業管理系(商管群),國立虎尾科技大學 企業管理系(商管群),61091562,林*哲,備取,國立虎尾科技大學,國立虎尾科技大學企業管理系,原校系/本校留任,1,"國立虎尾科技大學企業管理系(備取,分發)"
CAND_4465,114,nfu_ba,國立虎尾科技大學,企業管理系(商管群),國立虎尾科技大學 企業管理系(商管群),60090203,*宗,備取,國立臺中科技大學,國立臺中科技大學智慧生產工程系,其他學校錄取,4,"國立虎尾科技大學企業管理系(備取); 國立高雄科技大學智慧商務系(通過); 國立臺中科技大學智慧生產工程系(正取,分發); 致理科技大學財務金融系(通過)"
CAND_4466,114,nfu_ba,國立虎尾科技大學,企業管理系(商管群),國立虎尾科技大學 企業管理系(商管群),60090297,陳*,備取,國立勤益科技大學,國立勤益科技大學行銷與流通管理系,其他學校錄取,6,"國立虎尾科技大學企業管理系(備取); 國立高雄科技大學人力資源發展系(通過); 國立勤益科技大學行銷與流通管理系(備取,分發); 國立臺中科技大學國際貿易與經營系(備取); 明新科技大學行銷與流通管理系(正取); 明新科技大學企業管理系(通過)"
CAND_4467,114,nfu_ba,國立虎尾科技大學,企業管理系(商管群),國立虎尾科技大學 企業管理系(商管群),61091359,陳*佑,備取,國立虎尾科技大學,國立虎尾科技大學資訊管理系,原校系/本校留任,5,"國立虎尾科技大學企業管理系(備取); 國立高雄科技大學人力資源發展系(正取); 國立虎尾科技大學資訊管理系(備取,分發); 國立臺中科技大學企業管理系(備取); 逢甲大學合作經濟暨社會事業經營學系(通過)"
CAND_4468,114,nfu_ba,國立虎尾科技大學,企業管理系(商管群),國立虎尾科技大學 企業管理系(商管群),61091223,江*,備取,國立臺中科技大學,國立臺中科技大學企業管理系,其他學校錄取,3,"國立虎尾科技大學企業管理系(備取); 國立勤益科技大學企業管理系(通過); 國立臺中科技大學企業管理系(備取,分發)"
CAND_4469,114,nfu_ba,國立虎尾科技大學,企業管理系(商管群),國立虎尾科技大學 企業管理系(商管群),58090136,李*,備取,國立高雄科技大學,國立高雄科技大學智慧商務系,其他學校錄取,3,"國立虎尾科技大學企業管理系(備取); 國立高雄科技大學智慧商務系(備取,分發); 國立勤益科技大學行銷與流通管理系(通過)"
CAND_4470,114,nfu_ba,國立虎尾科技大學,企業管理系(商管群),國立虎尾科技大學 企業管理系(商管群),61090101,何*奇,備取,國立虎尾科技大學,國立虎尾科技大學企業管理系,原校系/本校留任,2,"國立虎尾科技大學企業管理系(備取,分發); 國立勤益科技大學企業管理系(正取)"
CAND_4471,114,nfu_ba,國立虎尾科技大學,企業管理系(商管群),國立虎尾科技大學 企業管理系(商管群),61090565,賴*心,備取,國立高雄科技大學,國立高雄科技大學文化創意產業系,其他學校錄取,5,"國立虎尾科技大學企業管理系(備取); 國立高雄科技大學人力資源發展系(通過); 國立高雄科技大學文化創意產業系(正取,分發); 國立勤益科技大學文化創意事業系(通過); 國立臺中科技大學企業管理系(備取)"
CAND_4472,114,nfu_ba,國立虎尾科技大學,企業管理系(商管群),國立虎尾科技大學 企業管理系(商管群),58090137,潘*,備取,國立勤益科技大學,國立勤益科技大學企業管理系,其他學校錄取,4,"國立虎尾科技大學企業管理系(備取); 國立高雄科技大學人力資源發展系(通過); 國立勤益科技大學企業管理系(正取,分發); 國立臺中科技大學企業管理系(備取)"
CAND_4473,114,nfu_ba,國立虎尾科技大學,企業管理系(商管群),國立虎尾科技大學 企業管理系(商管群),57090275,梁*,備取,國立虎尾科技大學,國立虎尾科技大學企業管理系,原校系/本校留任,1,"國立虎尾科技大學企業管理系(備取,分發)"
CAND_4474,114,nfu_ba,國立虎尾科技大學,企業管理系(商管群),國立虎尾科技大學 企業管理系(商管群),52090262,陳*璇,備取,國立臺北護理健康大學,國立臺北護理健康大學健康事業管理系,其他學校錄取,3,"國立虎尾科技大學企業管理系(備取); 國立臺北護理健康大學健康事業管理系(正取,分發); 國立臺中科技大學企業管理系(通過)"
CAND_4475,114,nfu_ba,國立虎尾科技大學,企業管理系(商管群),國立虎尾科技大學 企業管理系(商管群),63090311,黄*陽,備取,國立虎尾科技大學,國立虎尾科技大學企業管理系,原校系/本校留任,4,"國立虎尾科技大學企業管理系(備取,分發); 國立屏東科技大學企業管理系(正取); 國立臺中科技大學保險金融管理系(備取); 國立屏東大學會計學系(備取)"
CAND_4476,114,nfu_ba,國立虎尾科技大學,企業管理系(商管群),國立虎尾科技大學 企業管理系(商管群),57090142,張*婷,備取,國立勤益科技大學,國立勤益科技大學行銷與流通管理系,其他學校錄取,3,"國立虎尾科技大學企業管理系(備取); 國立勤益科技大學行銷與流通管理系(備取,分發); 銘傳大學國際企業學系(台北校區)(備取)"
CAND_4477,114,nfu_ba,國立虎尾科技大學,企業管理系(商管群),國立虎尾科技大學 企業管理系(商管群),64090171,林*渝,備取,國立虎尾科技大學,國立虎尾科技大學企業管理系,原校系/本校留任,2,"國立虎尾科技大學企業管理系(備取,分發); 國立高雄科技大學商務資訊應用系(資安人才)(通過)"
CAND_4478,114,nfu_ba,國立虎尾科技大學,企業管理系(商管群),國立虎尾科技大學 企業管理系(商管群),54090455,*寓,備取,國立屏東科技大學,國立屏東科技大學工業管理系,其他學校錄取,2,"國立虎尾科技大學企業管理系(備取); 國立屏東科技大學工業管理系(備取,分發)"
CAND_4479,114,nfu_ba,國立虎尾科技大學,企業管理系(商管群),國立虎尾科技大學 企業管理系(商管群),64090143,林*女,備取,國立勤益科技大學,國立勤益科技大學企業管理系,其他學校錄取,3,"國立虎尾科技大學企業管理系(備取); 國立勤益科技大學企業管理系(備取,分發); 國立臺中科技大學保險金融管理系(備取)"
CAND_4480,114,nfu_ba,國立虎尾科技大學,企業管理系(商管群),國立虎尾科技大學 企業管理系(商管群),60090161,陳*綾,備取,國立臺中科技大學,國立臺中科技大學流通管理系,其他學校錄取,5,"國立虎尾科技大學企業管理系(備取); 國立勤益科技大學行銷與流通管理系(備取); 國立臺中科技大學流通管理系(正取,分發); 銘傳大學企業管理學系(台北校區)(備取); 銘傳大學國際企業學系(台北校區)(備取)"
CAND_4481,114,nfu_ba,國立虎尾科技大學,企業管理系(商管群),國立虎尾科技大學 企業管理系(商管群),65090093,黄*珍,備取,國立勤益科技大學,國立勤益科技大學企業管理系,其他學校錄取,3,"國立虎尾科技大學企業管理系(備取); 國立勤益科技大學企業管理系(備取,分發); 靜宜大學財務金融學系(備取)"
CAND_4482,114,nfu_ba,國立虎尾科技大學,企業管理系(商管群),國立虎尾科技大學 企業管理系(商管群),61090777,林*住,備取,國立勤益科技大學,國立勤益科技大學企業管理系,其他學校錄取,3,"國立虎尾科技大學企業管理系(備取); 國立勤益科技大學企業管理系(備取,分發); 國立臺灣體育運動大學運動事業管理學系(備取)"
CAND_4483,114,nfu_ba,國立虎尾科技大學,企業管理系(商管群),國立虎尾科技大學 企業管理系(商管群),67090335,*妙,備取,國立虎尾科技大學,國立虎尾科技大學企業管理系,原校系/本校留任,4,"國立虎尾科技大學企業管理系(備取,分發); 國立高雄科技大學文化創意產業系(正取); 國立虎尾科技大學應用外語系(正取); 國立勤益科技大學文化創意事業系(通過)"
CAND_4484,114,nfu_ba,國立虎尾科技大學,企業管理系(商管群),國立虎尾科技大學 企業管理系(商管群),52090494,楊*,備取,國立虎尾科技大學,國立虎尾科技大學企業管理系,原校系/本校留任,2,"國立虎尾科技大學企業管理系(備取,分發); 國立臺中科技大學應用日語系(備取)"
CAND_4485,114,nfu_ba,國立虎尾科技大學,企業管理系(商管群),國立虎尾科技大學 企業管理系(商管群),68090061,*羽,備取,—,—,未分發或放棄,4,國立虎尾科技大學企業管理系(備取); 國立屏東科技大學企業管理系(正取); 國立屏東大學國際經營與貿易學系(備取); 國立屏東大學不動產經營學系(通過)
CAND_4486,114,nfu_ba,國立虎尾科技大學,企業管理系(商管群),國立虎尾科技大學 企業管理系(商管群),53090053,黄*,備取,國立勤益科技大學,國立勤益科技大學工業工程與管理系,其他學校錄取,2,"國立虎尾科技大學企業管理系(備取); 國立勤益科技大學工業工程與管理系(正取,分發)"
CAND_4487,114,nfu_ba,國立虎尾科技大學,企業管理系(商管群),國立虎尾科技大學 企業管理系(商管群),59090321,*雅,備取,國立勤益科技大學,國立勤益科技大學企業管理系,其他學校錄取,4,"國立虎尾科技大學企業管理系(備取); 國立勤益科技大學企業管理系(備取,分發); 國立臺中科技大學流通管理系(備取); 逢甲大學合作經濟暨社會事業經營學系(通過)"
CAND_4488,114,nfu_ba,國立虎尾科技大學,企業管理系(商管群),國立虎尾科技大學 企業管理系(商管群),67090171,鄭*絜,備取,—,—,未分發或放棄,3,國立虎尾科技大學企業管理系(備取); 國立臺中科技大學休閒事業經營系(通過); 文藻外語大學英國語文系(正取)
CAND_4489,114,nfu_ba,國立虎尾科技大學,企業管理系(商管群),國立虎尾科技大學 企業管理系(商管群),65090277,黄*媗,備取,國立臺中科技大學,國立臺中科技大學應用英語系,其他學校錄取,4,"國立虎尾科技大學企業管理系(備取); 國立高雄科技大學航運管理系(備取); 國立虎尾科技大學應用外語系(正取); 國立臺中科技大學應用英語系(備取,分發)"
CAND_4490,114,nfu_ba,國立虎尾科技大學,企業管理系(商管群),國立虎尾科技大學 企業管理系(商管群),61090457,潘*,備取,國立雲林科技大學,國立雲林科技大學文化資產維護系,其他學校錄取,4,"國立虎尾科技大學企業管理系(備取); 國立雲林科技大學文化資產維護系(正取,分發); 國立高雄科技大學企業管理系(備取); 國立高雄科技大學會計資訊系(備取)"
CAND_4491,114,nfu_ba,國立虎尾科技大學,企業管理系(商管群),國立虎尾科技大學 企業管理系(商管群),63090109,宋*倫,備取,國立屏東科技大學,國立屏東科技大學企業管理系,其他學校錄取,4,"國立虎尾科技大學企業管理系(備取); 國立屏東科技大學企業管理系(正取,分發); 國立勤益科技大學企業管理系(通過); 國立臺中科技大學休閒事業經營系(通過)"
CAND_4492,114,nfu_ba,國立虎尾科技大學,企業管理系(商管群),國立虎尾科技大學 企業管理系(商管群),70090071,陳*,備取,國立高雄科技大學,國立高雄科技大學智慧商務系,其他學校錄取,3,"國立虎尾科技大學企業管理系(備取); 國立高雄科技大學智慧商務系(正取,分發); 國立屏東大學資訊管理學系(正取)"
CAND_4493,114,nfu_ba,國立虎尾科技大學,企業管理系(商管群),國立虎尾科技大學 企業管理系(商管群),60090263,葵*,備取,國立勤益科技大學,國立勤益科技大學企業管理系,其他學校錄取,4,"國立虎尾科技大學企業管理系(備取); 國立勤益科技大學企業管理系(正取,分發); 致理科技大學財務金融系(通過); 國立屏東大學行銷與流通管理學系(備取)"
CAND_4494,114,nfu_ba,國立虎尾科技大學,企業管理系(商管群),國立虎尾科技大學 企業管理系(商管群),64090422,魏*婕,備取,國立虎尾科技大學,國立虎尾科技大學企業管理系,原校系/本校留任,5,"國立虎尾科技大學企業管理系(備取,分發); 國立高雄科技大學企業管理系(通過); 國立高雄科技大學智慧商務系(通過); 國立勤益科技大學行銷與流通管理系(通過); 國立臺中科技大學保險金融管理系(通過)"
CAND_4495,114,nfu_ba,國立虎尾科技大學,企業管理系(商管群),國立虎尾科技大學 企業管理系(商管群),66090338,陳*瑄,備取,國立虎尾科技大學,國立虎尾科技大學工業管理系,原校系/本校留任,2,"國立虎尾科技大學企業管理系(備取); 國立虎尾科技大學工業管理系(正取,分發)"
CAND_4496,114,nfu_ba,國立虎尾科技大學,企業管理系(商管群),國立虎尾科技大學 企業管理系(商管群),51090110,*圻,備取,—,—,未分發或放棄,1,國立虎尾科技大學企業管理系(通過)
CAND_4497,114,nfu_ba,國立虎尾科技大學,企業管理系(商管群),國立虎尾科技大學 企業管理系(商管群),52090100,林*妤,備取,—,—,未分發或放棄,4,國立虎尾科技大學企業管理系(通過); 國立勤益科技大學行銷與流通管理系(通過); 致理科技大學財務金融系(通過); 實踐大學財務金融學系(臺北校區)(通過)
CAND_4498,114,nfu_ba,國立虎尾科技大學,企業管理系(商管群),國立虎尾科技大學 企業管理系(商管群),52090194,陳*,備取,國立高雄科技大學,國立高雄科技大學人力資源發展系,其他學校錄取,3,"國立虎尾科技大學企業管理系(通過); 國立高雄科技大學企業管理系(通過); 國立高雄科技大學人力資源發展系(正取,分發)"
CAND_4499,114,nfu_ba,國立虎尾科技大學,企業管理系(商管群),國立虎尾科技大學 企業管理系(商管群),55090190,許*蓉,備取,國立臺北商業大學,國立臺北商業大學商業設計管理系(桃園校區),其他學校錄取,6,"國立虎尾科技大學企業管理系(通過); 國立勤益科技大學企業管理系(通過); 國立臺北護理健康大學生死與健康心理諮商系(通過); 國立臺中科技大學休閒事業經營系(正取); 國立臺北商業大學商業設計管理系(桃園校區)(正取,分發); 朝陽科技大學休閒事業管理系(通過)"
CAND_4500,114,nfu_ba,國立虎尾科技大學,企業管理系(商管群),國立虎尾科技大學 企業管理系(商管群),55090221,鄭*,備取,—,—,未分發或放棄,1,國立虎尾科技大學企業管理系(通過)
CAND_4501,114,nfu_ba,國立虎尾科技大學,企業管理系(商管群),國立虎尾科技大學 企業管理系(商管群),55090222,陳*婕,備取,—,—,未分發或放棄,2,國立虎尾科技大學企業管理系(通過); 國立臺北護理健康大學資訊管理系(通過)
CAND_4502,114,nfu_ba,國立虎尾科技大學,企業管理系(商管群),國立虎尾科技大學 企業管理系(商管群),56090110,維*亞,備取,—,—,未分發或放棄,5,國立虎尾科技大學企業管理系(通過); 國立雲林科技大學企業管理系(通過); 國立虎尾科技大學財務金融系(通過); 國立臺中科技大學財務金融系(通過); 致理科技大學財務金融系(通過)
CAND_4503,114,nfu_ba,國立虎尾科技大學,企業管理系(商管群),國立虎尾科技大學 企業管理系(商管群),56090328,林*珈,備取,國立臺中科技大學,國立臺中科技大學國際貿易與經營系,其他學校錄取,3,"國立虎尾科技大學企業管理系(通過); 國立高雄科技大學國際企業系(通過); 國立臺中科技大學國際貿易與經營系(正取,分發)"
CAND_4504,114,nfu_ba,國立虎尾科技大學,企業管理系(商管群),國立虎尾科技大學 企業管理系(商管群),56090388,陳*穎,備取,國立臺中科技大學,國立臺中科技大學流通管理系,其他學校錄取,4,"國立虎尾科技大學企業管理系(通過); 國立高雄科技大學行銷與流通管理系(通過); 國立勤益科技大學行銷與流通管理系(通過); 國立臺中科技大學流通管理系(正取,分發)"
CAND_4505,114,nfu_ba,國立虎尾科技大學,企業管理系(商管群),國立虎尾科技大學 企業管理系(商管群),57090118,—,備取,國立臺中科技大學,國立臺中科技大學企業管理系,其他學校錄取,4,"國立虎尾科技大學企業管理系(通過); 國立高雄科技大學企業管理系(通過); 國立勤益科技大學企業管理系(通過); 國立臺中科技大學企業管理系(正取,分發)"
CAND_4506,114,nfu_ba,國立虎尾科技大學,企業管理系(商管群),國立虎尾科技大學 企業管理系(商管群),58090181,黄*欣,備取,—,—,未分發或放棄,5,國立虎尾科技大學企業管理系(通過); 國立高雄科技大學國際企業系(通過); 國立高雄科技大學企業管理系(通過); 國立勤益科技大學企業管理系(通過); 國立臺中科技大學企業管理系(通過)
CAND_4507,114,nfu_ba,國立虎尾科技大學,企業管理系(商管群),國立虎尾科技大學 企業管理系(商管群),58090274,黄*珊,備取,—,—,未分發或放棄,3,國立虎尾科技大學企業管理系(通過); 國立高雄科技大學企業管理系(通過); 國立勤益科技大學企業管理系(通過)
CAND_4508,114,nfu_ba,國立虎尾科技大學,企業管理系(商管群),國立虎尾科技大學 企業管理系(商管群),59090096,賀*軒,正取,國立虎尾科技大學,國立虎尾科技大學工業管理系,原校系/本校留任,2,"國立虎尾科技大學企業管理系(通過); 國立虎尾科技大學工業管理系(正取,分發)"
CAND_4509,114,nfu_ba,國立虎尾科技大學,企業管理系(商管群),國立虎尾科技大學 企業管理系(商管群),59090156,葵*榛,備取,—,—,未分發或放棄,2,國立虎尾科技大學企業管理系(通過); 國立臺中科技大學財政稅務系(備取)
CAND_4510,114,nfu_ba,國立虎尾科技大學,企業管理系(商管群),國立虎尾科技大學 企業管理系(商管群),59090165,陳*泓,備取,—,—,未分發或放棄,4,國立虎尾科技大學企業管理系(通過); 國立屏東科技大學社會工作系(通過); 國立臺北護理健康大學健康事業管理系(通過); 國立臺中科技大學應用中文系(備取)
CAND_4511,114,nfu_ba,國立虎尾科技大學,企業管理系(商管群),國立虎尾科技大學 企業管理系(商管群),59090305,彭*芦,備取,逢甲大學,逢甲大學風險管理與保險學系,其他學校錄取,4,"國立虎尾科技大學企業管理系(通過); 國立勤益科技大學企業管理系(通過); 國立臺中科技大學保險金融管理系(備取); 逢甲大學風險管理與保險學系(備取,分發)"
CAND_4512,114,nfu_ba,國立虎尾科技大學,企業管理系(商管群),國立虎尾科技大學 企業管理系(商管群),60090020,陳*,備取,—,—,未分發或放棄,3,國立虎尾科技大學企業管理系(通過); 國立勤益科技大學行銷與流通管理系(通過); 國立聯合大學經營管理學系(通過)
CAND_4513,114,nfu_ba,國立虎尾科技大學,企業管理系(商管群),國立虎尾科技大學 企業管理系(商管群),60090158,彭*誠,備取,—,—,未分發或放棄,3,國立虎尾科技大學企業管理系(通過); 國立虎尾科技大學財務金融系(通過); 國立臺中科技大學會計資訊系(通過)
CAND_4514,114,nfu_ba,國立虎尾科技大學,企業管理系(商管群),國立虎尾科技大學 企業管理系(商管群),61090230,林*冠,備取,國立勤益科技大學,國立勤益科技大學工業工程與管理系,其他學校錄取,3,"國立虎尾科技大學企業管理系(通過); 國立勤益科技大學工業工程與管理系(正取,分發); 國立臺中科技大學保險金融管理系(備取)"
CAND_4515,114,nfu_ba,國立虎尾科技大學,企業管理系(商管群),國立虎尾科技大學 企業管理系(商管群),61090631,F*,備取,國立臺中科技大學,國立臺中科技大學企業管理系,其他學校錄取,6,"國立虎尾科技大學企業管理系(通過); 國立高雄科技大學智慧商務系(通過); 國立虎尾科技大學資訊管理系(通過); 國立勤益科技大學企業管理系(備取); 國立臺中科技大學企業管理系(備取,分發); 朝陽科技大學資訊工程系人工智慧組(通過)"
CAND_4516,114,nfu_ba,國立虎尾科技大學,企業管理系(商管群),國立虎尾科技大學 企業管理系(商管群),61090731,*慈,備取,國立勤益科技大學,國立勤益科技大學企業管理系,其他學校錄取,3,"國立虎尾科技大學企業管理系(通過); 國立勤益科技大學企業管理系(備取,分發); 國立臺中科技大學會計資訊系(備取)"
CAND_4517,114,nfu_ba,國立虎尾科技大學,企業管理系(商管群),國立虎尾科技大學 企業管理系(商管群),61090747,吳*菲,備取,—,—,未分發或放棄,3,國立虎尾科技大學企業管理系(通過); 國立高雄科技大學風險管理與保險系(通過); 國立勤益科技大學企業管理系(通過)
CAND_4518,114,nfu_ba,國立虎尾科技大學,企業管理系(商管群),國立虎尾科技大學 企業管理系(商管群),61090760,*儀,備取,國立勤益科技大學,國立勤益科技大學行銷與流通管理系,其他學校錄取,3,"國立虎尾科技大學企業管理系(通過); 國立勤益科技大學行銷與流通管理系(正取,分發); 逢甲大學土地管理學系(備取)"
CAND_4519,114,nfu_ba,國立虎尾科技大學,企業管理系(商管群),國立虎尾科技大學 企業管理系(商管群),61090851,陳*欣,備取,—,—,未分發或放棄,3,國立虎尾科技大學企業管理系(通過); 國立臺北護理健康大學生死與健康心理諮商系(通過); 國立臺中科技大學流通管理系(通過)
CAND_4520,114,nfu_ba,國立虎尾科技大學,企業管理系(商管群),國立虎尾科技大學 企業管理系(商管群),61090926,張*溦,備取,國立臺中科技大學,國立臺中科技大學保險金融管理系,其他學校錄取,3,"國立虎尾科技大學企業管理系(通過); 國立勤益科技大學企業管理系(通過); 國立臺中科技大學保險金融管理系(備取,分發)"
CAND_4521,114,nfu_ba,國立虎尾科技大學,企業管理系(商管群),國立虎尾科技大學 企業管理系(商管群),61091183,郭*吟,備取,國立臺中科技大學,國立臺中科技大學會計資訊系,其他學校錄取,3,"國立虎尾科技大學企業管理系(通過); 國立勤益科技大學企業管理系(通過); 國立臺中科技大學會計資訊系(正取,分發)"
CAND_4522,114,nfu_ba,國立虎尾科技大學,企業管理系(商管群),國立虎尾科技大學 企業管理系(商管群),61091237,—,備取,—,—,未分發或放棄,6,國立虎尾科技大學企業管理系(通過); 國立雲林科技大學工業工程與管理系(備取); 國立高雄科技大學工業工程與管理系(通過); 國立高雄科技大學企業管理系(通過); 國立高雄科技大學風險管理與保險系(通過); 國立虎尾科技大學資訊管理系(通過)
CAND_4523,114,nfu_ba,國立虎尾科技大學,企業管理系(商管群),國立虎尾科技大學 企業管理系(商管群),61091271,李*,備取,—,—,未分發或放棄,5,國立虎尾科技大學企業管理系(通過); 國立屏東科技大學企業管理系(通過); 國立虎尾科技大學應用外語系(通過); 國立臺中科技大學應用中文系(通過); 朝陽科技大學保險金融管理系(通過)
CAND_4524,114,nfu_ba,國立虎尾科技大學,企業管理系(商管群),國立虎尾科技大學 企業管理系(商管群),61091459,黄*貽,備取,靜宜大學,靜宜大學資訊管理學系,其他學校錄取,5,"國立虎尾科技大學企業管理系(通過); 國立虎尾科技大學資訊管理系(備取); 國立勤益科技大學資訊管理系(備取); 朝陽科技大學資訊管理系資訊管理組(正取); 靜宜大學資訊管理學系(備取,分發)"
CAND_4525,114,nfu_ba,國立虎尾科技大學,企業管理系(商管群),國立虎尾科技大學 企業管理系(商管群),61091643,趙*,備取,—,—,未分發或放棄,2,國立虎尾科技大學企業管理系(通過); 國立勤益科技大學企業管理系(通過)
CAND_4526,114,nfu_ba,國立虎尾科技大學,企業管理系(商管群),國立虎尾科技大學 企業管理系(商管群),63090193,徐*,備取,—,—,未分發或放棄,2,國立虎尾科技大學企業管理系(通過); 國立勤益科技大學企業管理系(通過)
CAND_4527,114,nfu_ba,國立虎尾科技大學,企業管理系(商管群),國立虎尾科技大學 企業管理系(商管群),63090241,葵*緁,備取,國立勤益科技大學,國立勤益科技大學企業管理系,其他學校錄取,4,"國立虎尾科技大學企業管理系(通過); 國立高雄科技大學企業管理系(通過); 國立勤益科技大學企業管理系(正取,分發); 朝陽科技大學企業管理系(正取)"
CAND_4528,114,nfu_ba,國立虎尾科技大學,企業管理系(商管群),國立虎尾科技大學 企業管理系(商管群),64090049,唐*佑,備取,—,—,未分發或放棄,4,國立虎尾科技大學企業管理系(通過); 國立虎尾科技大學資訊管理系(通過); 國立勤益科技大學資訊管理系(通過); 國立臺中科技大學會計資訊系(通過)
CAND_4529,114,nfu_ba,國立虎尾科技大學,企業管理系(商管群),國立虎尾科技大學 企業管理系(商管群),64090104,邱*慈,備取,國立臺中科技大學,國立臺中科技大學國際貿易與經營系,其他學校錄取,3,"國立虎尾科技大學企業管理系(通過); 國立高雄科技大學航運管理系(備取); 國立臺中科技大學國際貿易與經營系(備取,分發)"
CAND_4530,114,nfu_ba,國立虎尾科技大學,企業管理系(商管群),國立虎尾科技大學 企業管理系(商管群),64090139,張*魁,備取,國立高雄科技大學,國立高雄科技大學風險管理與保險系,其他學校錄取,5,"國立虎尾科技大學企業管理系(通過); 國立高雄科技大學風險管理與保險系(備取,分發); 國立高雄科技大學觀光管理系(通過); 國立勤益科技大學企業管理系(通過); 國立臺中科技大學應用統計系(正取)"
CAND_4531,114,nfu_ba,國立虎尾科技大學,企業管理系(商管群),國立虎尾科技大學 企業管理系(商管群),64090220,黄*,備取,國立高雄科技大學,國立高雄科技大學企業管理系,其他學校錄取,5,"國立虎尾科技大學企業管理系(通過); 國立高雄科技大學企業管理系(備取,分發); 國立虎尾科技大學應用外語系(通過); 國立勤益科技大學企業管理系(通過); 國立臺中科技大學應用英語系(備取)"
CAND_4532,114,nfu_ba,國立虎尾科技大學,企業管理系(商管群),國立虎尾科技大學 企業管理系(商管群),64090302,林*岑,備取,國立臺中科技大學,國立臺中科技大學財政稅務系,其他學校錄取,2,"國立虎尾科技大學企業管理系(通過); 國立臺中科技大學財政稅務系(正取,分發)"
CAND_4533,114,nfu_ba,國立虎尾科技大學,企業管理系(商管群),國立虎尾科技大學 企業管理系(商管群),65090118,周*欣,備取,—,—,未分發或放棄,2,國立虎尾科技大學企業管理系(通過); 國立臺中科技大學流通管理系(通過)
CAND_4534,114,nfu_ba,國立虎尾科技大學,企業管理系(商管群),國立虎尾科技大學 企業管理系(商管群),65090309,賴*垠,備取,國立臺中科技大學,國立臺中科技大學會計資訊系,其他學校錄取,5,"國立虎尾科技大學企業管理系(通過); 國立高雄科技大學金融系(通過); 國立臺中科技大學會計資訊系(正取,分發); 國立聯合大學經營管理學系(通過); 逢甲大學會計學系(通過)"
CAND_4535,114,nfu_ba,國立虎尾科技大學,企業管理系(商管群),國立虎尾科技大學 企業管理系(商管群),67090017,陳*瑾,備取,—,—,未分發或放棄,1,國立虎尾科技大學企業管理系(通過)
CAND_4536,114,nfu_ba,國立虎尾科技大學,企業管理系(商管群),國立虎尾科技大學 企業管理系(商管群),67090207,李*禹,備取,國立臺中科技大學,國立臺中科技大學保險金融管理系,其他學校錄取,4,"國立虎尾科技大學企業管理系(通過); 國立高雄科技大學風險管理與保險系(通過); 國立高雄科技大學智慧商務系(通過); 國立臺中科技大學保險金融管理系(正取,分發)"
CAND_4537,114,nfu_ba,國立虎尾科技大學,企業管理系(商管群),國立虎尾科技大學 企業管理系(商管群),68090105,郭*,備取,國立勤益科技大學,國立勤益科技大學文化創意事業系,其他學校錄取,4,"國立虎尾科技大學企業管理系(通過); 國立屏東科技大學企業管理系(通過); 國立勤益科技大學文化創意事業系(正取,分發); 國立臺中科技大學保險金融管理系(備取)"
CAND_4538,114,nfu_ba,國立虎尾科技大學,企業管理系(商管群),國立虎尾科技大學 企業管理系(商管群),68090373,魏*,備取,—,—,未分發或放棄,5,國立虎尾科技大學企業管理系(通過); 國立高雄科技大學風險管理與保險系(通過); 國立高雄科技大學會計資訊系(通過); 國立虎尾科技大學工業管理系(通過); 國立臺中科技大學流通管理系(通過)
CAND_4539,114,nfu_ba,國立虎尾科技大學,企業管理系(商管群),國立虎尾科技大學 企業管理系(商管群),69090095,林*,備取,—,—,未分發或放棄,3,國立虎尾科技大學企業管理系(通過); 國立屏東科技大學企業管理系(通過); 國立勤益科技大學企業管理系(通過)
CAND_4540,114,nfu_ba,國立虎尾科技大學,企業管理系(商管群),國立虎尾科技大學 企業管理系(商管群),70090249,*承,備取,國立高雄科技大學,國立高雄科技大學智慧商務系,其他學校錄取,5,"國立虎尾科技大學企業管理系(通過); 國立屏東科技大學企業管理系(通過); 國立高雄科技大學智慧商務系(備取,分發); 國立勤益科技大學企業管理系(通過); 國立臺中科技大學保險金融管理系(備取)"
CAND_4541,114,nfu_ba,國立虎尾科技大學,企業管理系(商管群),國立虎尾科技大學 企業管理系(商管群),70090578,郭*,備取,—,—,未分發或放棄,1,國立虎尾科技大學企業管理系(通過)
CAND_4542,114,nfu_ba,國立虎尾科技大學,企業管理系(商管群),國立虎尾科技大學 企業管理系(商管群),71530013,陳*,備取,—,—,未分發或放棄,5,國立虎尾科技大學企業管理系(通過); 國立高雄科技大學國際企業系(通過); 國立高雄科技大學企業管理系(通過); 國立屏東大學國際經營與貿易學系(通過); 國立屏東大學應用英語學系(通過)
CAND_4543,114,nfu_ba,國立虎尾科技大學,企業管理系(英語類),國立虎尾科技大學 企業管理系(英語類),61150389,謝*妤,正取,國立臺中科技大學,國立臺中科技大學財務金融系,其他學校錄取,4,"國立虎尾科技大學企業管理系(正取); 國立高雄科技大學行銷與流通管理系(正取); 國立高雄科技大學供應鏈管理系(正取); 國立臺中科技大學財務金融系(正取,分發)"
CAND_4544,114,nfu_ba,國立虎尾科技大學,企業管理系(英語類),國立虎尾科技大學 企業管理系(英語類),71530021,*瑄,正取,國立高雄科技大學,國立高雄科技大學風險管理與保險系,其他學校錄取,5,"國立虎尾科技大學企業管理系(正取); 國立高雄科技大學風險管理與保險系(正取,分發); 國立高雄科技大學海洋休閒管理系(通過); 文藻外語大學法國語文系(正取); 國立屏東大學應用英語學系(正取)"
CAND_4545,114,nfu_ba,國立虎尾科技大學,企業管理系(英語類),國立虎尾科技大學 企業管理系(英語類),68150025,黄*眉,正取,國立高雄科技大學,國立高雄科技大學航運管理系,其他學校錄取,4,"國立虎尾科技大學企業管理系(正取); 國立高雄科技大學航運管理系(正取,分發); 國立高雄科技大學供應鏈管理系(正取); 國立虎尾科技大學應用外語系(通過)"
CAND_4546,114,nfu_ba,國立虎尾科技大學,企業管理系(英語類),國立虎尾科技大學 企業管理系(英語類),60530019,—,正取,國立虎尾科技大學,國立虎尾科技大學企業管理系,原校系/本校留任,2,"國立虎尾科技大學企業管理系(正取,分發); 國立高雄科技大學應用英語系(備取)"
CAND_4547,114,nfu_ba,國立虎尾科技大學,企業管理系(英語類),國立虎尾科技大學 企業管理系(英語類),56150006,F*玟,正取,國立勤益科技大學,國立勤益科技大學企業管理系,其他學校錄取,5,"國立虎尾科技大學企業管理系(正取); 國立高雄科技大學應用英語系(通過); 國立勤益科技大學企業管理系(備取,分發); 國立臺中科技大學企業管理系(備取); 朝陽科技大學行銷與流通管理系(通過)"
CAND_4548,114,nfu_ba,國立虎尾科技大學,企業管理系(英語類),國立虎尾科技大學 企業管理系(英語類),66150039,—,正取,國立臺中科技大學,國立臺中科技大學保險金融管理系,其他學校錄取,4,"國立虎尾科技大學企業管理系(正取); 國立高雄科技大學行銷與流通管理系(正取); 國立高雄科技大學供應鏈管理系(通過); 國立臺中科技大學保險金融管理系(正取,分發)"
CAND_4549,114,nfu_ba,國立虎尾科技大學,企業管理系(英語類),國立虎尾科技大學 企業管理系(英語類),61150275,黄*,正取,—,—,未分發或放棄,5,國立虎尾科技大學企業管理系(正取); 國立高雄科技大學國際企業系(正取); 國立高雄科技大學企業管理系(正取); 國立臺北護理健康大學運動保健系(通過); 國立高雄餐旅大學航空暨運輸服務管理系(通過)
CAND_4550,114,nfu_ba,國立虎尾科技大學,企業管理系(英語類),國立虎尾科技大學 企業管理系(英語類),58150073,汪*妤,正取,國立高雄科技大學,國立高雄科技大學航運管理系,其他學校錄取,3,"國立虎尾科技大學企業管理系(正取); 國立高雄科技大學航運管理系(正取,分發); 國立屏東大學應用英語學系(通過)"
CAND_4551,114,nfu_ba,國立虎尾科技大學,企業管理系(英語類),國立虎尾科技大學 企業管理系(英語類),56530029,邱*雅,正取,國立臺北護理健康大學,國立臺北護理健康大學高齡健康照護系,其他學校錄取,3,"國立虎尾科技大學企業管理系(正取); 國立勤益科技大學企業管理系(通過); 國立臺北護理健康大學高齡健康照護系(正取,分發)"
CAND_4552,114,nfu_ba,國立虎尾科技大學,企業管理系(英語類),國立虎尾科技大學 企業管理系(英語類),57150006,許*筠,正取,—,—,未分發或放棄,3,國立虎尾科技大學企業管理系(正取); 國立高雄科技大學行銷與流通管理系(通過); 國立高雄科技大學供應鏈管理系(正取)
CAND_4553,114,nfu_ba,國立虎尾科技大學,企業管理系(英語類),國立虎尾科技大學 企業管理系(英語類),61150263,*羚,正取,國立虎尾科技大學,國立虎尾科技大學企業管理系,原校系/本校留任,2,"國立虎尾科技大學企業管理系(正取,分發); 國立高雄科技大學風險管理與保險系(正取)"
CAND_4554,114,nfu_ba,國立虎尾科技大學,企業管理系(英語類),國立虎尾科技大學 企業管理系(英語類),56150031,黄*永,備取,國立勤益科技大學,國立勤益科技大學企業管理系,其他學校錄取,2,"國立虎尾科技大學企業管理系(備取); 國立勤益科技大學企業管理系(正取,分發)"
CAND_4555,114,nfu_ba,國立虎尾科技大學,企業管理系(英語類),國立虎尾科技大學 企業管理系(英語類),66530006,葵*綺,備取,國立虎尾科技大學,國立虎尾科技大學企業管理系,原校系/本校留任,2,"國立虎尾科技大學企業管理系(備取); 國立虎尾科技大學企業管理系(正取,分發)"
CAND_4556,114,nfu_ba,國立虎尾科技大學,企業管理系(英語類),國立虎尾科技大學 企業管理系(英語類),58150049,荊*婷,備取,國立雲林科技大學,國立雲林科技大學企業管理系,其他學校錄取,5,"國立虎尾科技大學企業管理系(備取); 國立雲林科技大學企業管理系(正取,分發); 國立高雄科技大學風險管理與保險系(通過); 國立勤益科技大學文化創意事業系(通過); 國立臺中科技大學企業管理系(備取)"
CAND_4557,114,nfu_ba,國立虎尾科技大學,企業管理系(英語類),國立虎尾科技大學 企業管理系(英語類),58150010,—,備取,國立雲林科技大學,國立雲林科技大學應用外語系,其他學校錄取,5,"國立虎尾科技大學企業管理系(備取); 國立雲林科技大學應用外語系(正取,分發); 國立高雄科技大學航運管理系(通過); 國立勤益科技大學企業管理系(正取); 國立臺中科技大學企業管理系(正取)"
CAND_4558,114,nfu_ba,國立虎尾科技大學,企業管理系(英語類),國立虎尾科技大學 企業管理系(英語類),64150019,李*,備取,國立虎尾科技大學,國立虎尾科技大學企業管理系,原校系/本校留任,4,"國立虎尾科技大學企業管理系(備取,分發); 國立高雄科技大學國際企業系(通過); 國立高雄科技大學企業管理系(通過); 國立勤益科技大學企業管理系(通過)"
CAND_4559,114,nfu_ba,國立虎尾科技大學,企業管理系(英語類),國立虎尾科技大學 企業管理系(英語類),64150072,楊*,備取,國立高雄科技大學,國立高雄科技大學航運管理系,其他學校錄取,6,"國立虎尾科技大學企業管理系(備取); 國立高雄科技大學國際企業系(正取); 國立高雄科技大學行銷與流通管理系(正取); 國立高雄科技大學航運管理系(備取,分發); 國立虎尾科技大學應用外語系(通過); 國立高雄餐旅大學休閒暨遊憩管理系(通過)"
CAND_4560,114,nfu_ba,國立虎尾科技大學,企業管理系(英語類),國立虎尾科技大學 企業管理系(英語類),66150050,張*慈,備取,國立虎尾科技大學,國立虎尾科技大學企業管理系,原校系/本校留任,1,"國立虎尾科技大學企業管理系(備取,分發)"
CAND_4561,114,nfu_ba,國立虎尾科技大學,企業管理系(英語類),國立虎尾科技大學 企業管理系(英語類),55150023,黄*,備取,國立虎尾科技大學,國立虎尾科技大學企業管理系,原校系/本校留任,2,"國立虎尾科技大學企業管理系(備取,分發); 實踐大學應用外語學系(臺北校區)(通過)"
CAND_4562,114,nfu_ba,國立虎尾科技大學,企業管理系(英語類),國立虎尾科技大學 企業管理系(英語類),58150058,范*,備取,國立高雄科技大學,國立高雄科技大學風險管理與保險系,其他學校錄取,3,"國立虎尾科技大學企業管理系(備取); 國立高雄科技大學風險管理與保險系(正取,分發); 國立臺中科技大學應用中文系(通過)"
CAND_4563,114,nfu_ba,國立虎尾科技大學,企業管理系(英語類),國立虎尾科技大學 企業管理系(英語類),65150042,張*妍,備取,弘光科技大學,弘光科技大學物理治療系,其他學校錄取,4,"國立虎尾科技大學企業管理系(備取); 國立高雄科技大學漁業科技與管理系(通過); 南臺科技大學企業管理系(正取); 弘光科技大學物理治療系(正取,分發)"
CAND_4564,114,nfu_ba,國立虎尾科技大學,企業管理系(英語類),國立虎尾科技大學 企業管理系(英語類),58150009,黄*智,備取,國立虎尾科技大學,國立虎尾科技大學企業管理系,原校系/本校留任,1,"國立虎尾科技大學企業管理系(備取,分發)"
CAND_4565,114,nfu_ba,國立虎尾科技大學,企業管理系(英語類),國立虎尾科技大學 企業管理系(英語類),53150017,饒*,備取,—,—,未分發或放棄,3,國立虎尾科技大學企業管理系(通過); 國立勤益科技大學企業管理系(通過); 致理科技大學商務科技管理系(通過)
CAND_4566,114,nfu_ba,國立虎尾科技大學,企業管理系(英語類),國立虎尾科技大學 企業管理系(英語類),57530075,*宇,備取,國立高雄科技大學,國立高雄科技大學國際企業系,其他學校錄取,3,"國立虎尾科技大學企業管理系(通過); 國立高雄科技大學國際企業系(備取,分發); 國立高雄科技大學智慧商務系(通過)"
CAND_4567,114,nfu_ba,國立虎尾科技大學,企業管理系(英語類),國立虎尾科技大學 企業管理系(英語類),58150025,高*惠,備取,—,—,未分發或放棄,4,國立虎尾科技大學企業管理系(通過); 國立高雄科技大學企業管理系(通過); 國立高雄科技大學行銷與流通管理系(通過); 國立勤益科技大學企業管理系(通過)
CAND_4568,114,nfu_ba,國立虎尾科技大學,企業管理系(英語類),國立虎尾科技大學 企業管理系(英語類),58150133,彭*,備取,—,—,未分發或放棄,4,國立虎尾科技大學企業管理系(通過); 國立虎尾科技大學財務金融系(通過); 國立臺北護理健康大學運動保健系(通過); 國立臺中科技大學財務金融系(通過)
CAND_4569,114,nfu_ba,國立虎尾科技大學,企業管理系(英語類),國立虎尾科技大學 企業管理系(英語類),61150008,柳*,備取,—,—,未分發或放棄,1,國立虎尾科技大學企業管理系(通過)
CAND_4570,114,nfu_ba,國立虎尾科技大學,企業管理系(英語類),國立虎尾科技大學 企業管理系(英語類),61150359,唐*瑄,備取,—,—,未分發或放棄,5,國立虎尾科技大學企業管理系(通過); 國立高雄科技大學應用英語系(通過); 國立高雄科技大學應用德語系(通過); 國立虎尾科技大學應用外語系(通過); 國立臺中科技大學應用中文系(通過)
CAND_4571,114,nfu_ba,國立虎尾科技大學,企業管理系(英語類),國立虎尾科技大學 企業管理系(英語類),64150017,張*閔,備取,—,—,未分發或放棄,2,國立虎尾科技大學企業管理系(通過); 國立虎尾科技大學應用外語系(通過)
CAND_4572,114,nfu_ba,國立虎尾科技大學,企業管理系(英語類),國立虎尾科技大學 企業管理系(英語類),64150044,—,備取,—,—,未分發或放棄,3,國立虎尾科技大學企業管理系(通過); 國立勤益科技大學企業管理系(通過); 國立臺中科技大學國際貿易與經營系(通過)
CAND_4573,114,nfu_ba,國立虎尾科技大學,企業管理系(英語類),國立虎尾科技大學 企業管理系(英語類),65150023,*晴,備取,—,—,未分發或放棄,3,國立虎尾科技大學企業管理系(通過); 國立高雄科技大學供應鏈管理系(通過); 國立臺中科技大學財政稅務系(備取)
CAND_4574,114,nfu_ba,國立虎尾科技大學,企業管理系(英語類),國立虎尾科技大學 企業管理系(英語類),65150029,蕭*女,備取,國立高雄科技大學,國立高雄科技大學航運管理系,其他學校錄取,4,"國立虎尾科技大學企業管理系(通過); 國立高雄科技大學國際企業系(正取); 國立高雄科技大學運籌管理系(正取); 國立高雄科技大學航運管理系(正取,分發)"
CAND_4575,114,nfu_ba,國立虎尾科技大學,企業管理系(英語類),國立虎尾科技大學 企業管理系(英語類),68150011,姚*媛,備取,國立高雄科技大學,國立高雄科技大學行銷與流通管理系,其他學校錄取,4,"國立虎尾科技大學企業管理系(通過); 國立高雄科技大學行銷與流通管理系(正取,分發); 國立高雄科技大學風險管理與保險系(通過); 國立高雄科技大學供應鏈管理系(通過)"
CAND_4576,115,nfu_ba,國立虎尾科技大學,企業管理系(商管群),國立虎尾科技大學 企業管理系(商管群),57540075,彭*亭,正取,國立雲林科技大學,國立雲林科技大學工業工程與管理系,其他學校錄取,4,"國立虎尾科技大學企業管理系(正取); 國立雲林科技大學工業工程與管理系(正取,分發); 國立雲林科技大學企業管理系(備取); 銘傳大學財務金融學系(台北校區)(通過)"
CAND_4577,115,nfu_ba,國立虎尾科技大學,企業管理系(商管群),國立虎尾科技大學 企業管理系(商管群),67090232,徐*,正取,國立虎尾科技大學,國立虎尾科技大學企業管理系,原校系/本校留任,3,"國立虎尾科技大學企業管理系(正取,分發); 國立高雄科技大學運籌管理系(正取); 國立高雄科技大學行銷與流通管理系(正取)"
CAND_4578,115,nfu_ba,國立虎尾科技大學,企業管理系(商管群),國立虎尾科技大學 企業管理系(商管群),68090289,許*茹,正取,國立高雄科技大學,國立高雄科技大學航運管理系,其他學校錄取,4,"國立虎尾科技大學企業管理系(正取); 國立高雄科技大學運籌管理系(正取); 國立高雄科技大學航運管理系(正取,分發); 國立臺中科技大學財政稅務系(正取)"
CAND_4579,115,nfu_ba,國立虎尾科技大學,企業管理系(商管群),國立虎尾科技大學 企業管理系(商管群),66090275,林*,正取,國立虎尾科技大學,國立虎尾科技大學企業管理系,原校系/本校留任,4,"國立虎尾科技大學企業管理系(正取,分發); 國立高雄科技大學風險管理與保險系(通過); 國立虎尾科技大學工業管理系(正取); 國立臺中科技大學財務金融系(備取)"
CAND_4580,115,nfu_ba,國立虎尾科技大學,企業管理系(商管群),國立虎尾科技大學 企業管理系(商管群),57090172,F*丞,正取,—,—,未分發或放棄,4,國立虎尾科技大學企業管理系(正取); 國立虎尾科技大學資訊管理系(正取); 國立勤益科技大學資訊管理系(正取); 國立臺中科技大學資訊工程系(正取)
CAND_4581,115,nfu_ba,國立虎尾科技大學,企業管理系(商管群),國立虎尾科技大學 企業管理系(商管群),55090278,李*,正取,國立臺中科技大學,國立臺中科技大學會計資訊系,其他學校錄取,5,"國立虎尾科技大學企業管理系(正取); 國立高雄科技大學會計資訊系(備取); 國立勤益科技大學企業管理系(通過); 國立臺中科技大學會計資訊系(正取,分發); 國立宜蘭大學應用經濟與管理學系(正取)"
CAND_4582,115,nfu_ba,國立虎尾科技大學,企業管理系(商管群),國立虎尾科技大學 企業管理系(商管群),64090597,趙*浩,正取,國立臺中科技大學,國立臺中科技大學流通管理系,其他學校錄取,4,"國立虎尾科技大學企業管理系(正取); 國立高雄科技大學企業管理系(通過); 國立勤益科技大學資訊管理系(通過); 國立臺中科技大學流通管理系(正取,分發)"
CAND_4583,115,nfu_ba,國立虎尾科技大學,企業管理系(商管群),國立虎尾科技大學 企業管理系(商管群),61090119,徐*祐,正取,國立高雄科技大學,國立高雄科技大學文化創意產業系,其他學校錄取,4,"國立虎尾科技大學企業管理系(正取); 國立高雄科技大學文化創意產業系(正取,分發); 國立勤益科技大學文化創意事業系(備取); 國立臺北護理健康大學生死與健康心理諮商系(備取)"
CAND_4584,115,nfu_ba,國立虎尾科技大學,企業管理系(商管群),國立虎尾科技大學 企業管理系(商管群),61091382,吳*廷,正取,國立臺中科技大學,國立臺中科技大學流通管理系,其他學校錄取,6,"國立虎尾科技大學企業管理系(正取); 國立高雄科技大學金融資訊系(通過); 國立高雄科技大學智慧商務系(通過); 國立虎尾科技大學資訊管理系(正取); 國立勤益科技大學工業工程與管理系(通過); 國立臺中科技大學流通管理系(備取,分發)"
CAND_4585,115,nfu_ba,國立虎尾科技大學,企業管理系(商管群),國立虎尾科技大學 企業管理系(商管群),57090675,陳*呈,正取,國立雲林科技大學,國立雲林科技大學企業管理系,其他學校錄取,5,"國立虎尾科技大學企業管理系(正取); 國立雲林科技大學企業管理系(正取,分發); 國立高雄科技大學企業管理系(正取); 國立高雄科技大學應用英語系(通過); 國立虎尾科技大學應用外語系(通過)"
CAND_4586,115,nfu_ba,國立虎尾科技大學,企業管理系(商管群),國立虎尾科技大學 企業管理系(商管群),68090038,張*柔,正取,國立虎尾科技大學,國立虎尾科技大學財務金融系,原校系/本校留任,5,"國立虎尾科技大學企業管理系(正取); 國立高雄科技大學金融系(備取); 國立高雄科技大學會計資訊系(備取); 國立高雄科技大學財政稅務系(正取); 國立虎尾科技大學財務金融系(正取,分發)"
CAND_4587,115,nfu_ba,國立虎尾科技大學,企業管理系(商管群),國立虎尾科技大學 企業管理系(商管群),74090088,鄭*妤,正取,國立臺中科技大學,國立臺中科技大學企業管理系,其他學校錄取,2,"國立虎尾科技大學企業管理系(正取); 國立臺中科技大學企業管理系(備取,分發)"
CAND_4588,115,nfu_ba,國立虎尾科技大學,企業管理系(商管群),國立虎尾科技大學 企業管理系(商管群),61090087,胡*榛,正取,國立勤益科技大學,國立勤益科技大學企業管理系,其他學校錄取,2,"國立虎尾科技大學企業管理系(正取); 國立勤益科技大學企業管理系(正取,分發)"
CAND_4589,115,nfu_ba,國立虎尾科技大學,企業管理系(商管群),國立虎尾科技大學 企業管理系(商管群),61090100,吳*,正取,國立虎尾科技大學,國立虎尾科技大學資訊管理系,原校系/本校留任,5,"國立虎尾科技大學企業管理系(正取); 國立虎尾科技大學資訊管理系(正取,分發); 國立勤益科技大學資訊管理系(正取); 國立臺中科技大學資訊工程系(正取); 致理科技大學財務金融系(通過)"
CAND_4590,115,nfu_ba,國立虎尾科技大學,企業管理系(商管群),國立虎尾科技大學 企業管理系(商管群),64090010,黄*婷,正取,國立虎尾科技大學,國立虎尾科技大學企業管理系,原校系/本校留任,1,"國立虎尾科技大學企業管理系(正取,分發)"
CAND_4591,115,nfu_ba,國立虎尾科技大學,企業管理系(商管群),國立虎尾科技大學 企業管理系(商管群),64090300,陳*永,正取,國立臺中科技大學,國立臺中科技大學國際貿易與經營系,其他學校錄取,6,"國立虎尾科技大學企業管理系(正取); 國立虎尾科技大學財務金融系(正取); 國立勤益科技大學行銷與流通管理系(正取); 國立臺中科技大學國際貿易與經營系(正取,分發); 逢甲大學會計學系(正取); 靜宜大學國際企業學系(正取)"
CAND_4592,115,nfu_ba,國立虎尾科技大學,企業管理系(商管群),國立虎尾科技大學 企業管理系(商管群),59090462,李*柔,正取,國立臺中科技大學,國立臺中科技大學資訊工程系,其他學校錄取,4,"國立虎尾科技大學企業管理系(正取); 國立高雄科技大學智慧商務系(正取); 國立勤益科技大學資訊管理系(正取); 國立臺中科技大學資訊工程系(正取,分發)"
CAND_4593,115,nfu_ba,國立虎尾科技大學,企業管理系(商管群),國立虎尾科技大學 企業管理系(商管群),56090489,邱*妤,正取,國立勤益科技大學,國立勤益科技大學企業管理系,其他學校錄取,6,"國立虎尾科技大學企業管理系(正取); 國立屏東科技大學企業管理系(正取); 國立勤益科技大學企業管理系(備取,分發); 朝陽科技大學企業管理系(正取); 致理科技大學企業管理系(正取); 國立屏東大學企業管理學系(備取)"
CAND_4594,115,nfu_ba,國立虎尾科技大學,企業管理系(商管群),國立虎尾科技大學 企業管理系(商管群),56090478,葉*承,正取,國立虎尾科技大學,國立虎尾科技大學資訊管理系,原校系/本校留任,3,"國立虎尾科技大學企業管理系(正取); 國立虎尾科技大學資訊管理系(正取,分發); 致理科技大學資訊管理系(備取)"
CAND_4595,115,nfu_ba,國立虎尾科技大學,企業管理系(商管群),國立虎尾科技大學 企業管理系(商管群),52090192,葵*吴,正取,—,—,未分發或放棄,4,國立虎尾科技大學企業管理系(正取); 國立臺中科技大學資訊管理系(正取); 朝陽科技大學資訊管理系資訊管理組(通過); 致理科技大學商務科技應用系(通過)
CAND_4596,115,nfu_ba,國立虎尾科技大學,企業管理系(商管群),國立虎尾科技大學 企業管理系(商管群),67090118,吳*銘,正取,國立屏東大學,國立屏東大學行銷與流通管理學系,其他學校錄取,4,"國立虎尾科技大學企業管理系(正取); 國立勤益科技大學企業管理系(備取); 國立屏東大學商業大數據學系(正取); 國立屏東大學行銷與流通管理學系(正取,分發)"
CAND_4597,115,nfu_ba,國立虎尾科技大學,企業管理系(商管群),國立虎尾科技大學 企業管理系(商管群),55090097,許*婕,正取,國立虎尾科技大學,國立虎尾科技大學財務金融系,原校系/本校留任,2,"國立虎尾科技大學企業管理系(正取); 國立虎尾科技大學財務金融系(正取,分發)"
CAND_4598,115,nfu_ba,國立虎尾科技大學,企業管理系(商管群),國立虎尾科技大學 企業管理系(商管群),67090116,陳*羽,正取,國立勤益科技大學,國立勤益科技大學企業管理系,其他學校錄取,3,"國立虎尾科技大學企業管理系(正取); 國立勤益科技大學企業管理系(正取,分發); 國立臺中科技大學企業管理系(備取)"
CAND_4599,115,nfu_ba,國立虎尾科技大學,企業管理系(商管群),國立虎尾科技大學 企業管理系(商管群),67090335,黄*豪,正取,國立高雄科技大學,國立高雄科技大學智慧商務系,其他學校錄取,3,"國立虎尾科技大學企業管理系(正取); 國立高雄科技大學智慧商務系(正取,分發); 國立高雄科技大學商務資訊應用系(正取)"
CAND_4600,115,nfu_ba,國立虎尾科技大學,企業管理系(商管群),國立虎尾科技大學 企業管理系(商管群),57530009,*欣,正取,國立高雄科技大學,國立高雄科技大學國際企業系,其他學校錄取,4,"國立虎尾科技大學企業管理系(正取); 國立高雄科技大學國際企業系(備取,分發); 國立高雄科技大學應用德語系(備取); 國立虎尾科技大學應用外語系(正取)"
CAND_4601,115,nfu_ba,國立虎尾科技大學,企業管理系(商管群),國立虎尾科技大學 企業管理系(商管群),67090347,邱*羚,正取,國立虎尾科技大學,國立虎尾科技大學企業管理系,原校系/本校留任,5,"國立虎尾科技大學企業管理系(正取,分發); 國立高雄科技大學供應鏈管理系(備取); 國立勤益科技大學行銷與流通管理系(通過); 國立臺中科技大學流通管理系(備取); 朝陽科技大學行銷與流通管理系(通過)"
CAND_4602,115,nfu_ba,國立虎尾科技大學,企業管理系(商管群),國立虎尾科技大學 企業管理系(商管群),65090038,楊*妤,正取,國立臺中科技大學,國立臺中科技大學企業管理系,其他學校錄取,4,"國立虎尾科技大學企業管理系(正取); 國立高雄科技大學風險管理與保險系(通過); 國立勤益科技大學企業管理系(通過); 國立臺中科技大學企業管理系(正取,分發)"
CAND_4603,115,nfu_ba,國立虎尾科技大學,企業管理系(商管群),國立虎尾科技大學 企業管理系(商管群),57090255,張*恩,正取,國立臺中科技大學,國立臺中科技大學企業管理系,其他學校錄取,4,"國立虎尾科技大學企業管理系(正取); 國立高雄科技大學智慧商務系(正取); 國立臺中科技大學企業管理系(備取,分發); 致理科技大學財務金融系(正取)"
CAND_4604,115,nfu_ba,國立虎尾科技大學,企業管理系(商管群),國立虎尾科技大學 企業管理系(商管群),69530013,馮*綺,正取,國立虎尾科技大學,國立虎尾科技大學企業管理系,原校系/本校留任,2,"國立虎尾科技大學企業管理系(正取,分發); 國立勤益科技大學行銷與流通管理系(通過)"
CAND_4605,115,nfu_ba,國立虎尾科技大學,企業管理系(商管群),國立虎尾科技大學 企業管理系(商管群),55090534,林*,正取,—,—,未分發或放棄,1,國立虎尾科技大學企業管理系(正取)
CAND_4606,115,nfu_ba,國立虎尾科技大學,企業管理系(商管群),國立虎尾科技大學 企業管理系(商管群),51090151,葵*妡,正取,致理科技大學,致理科技大學商務科技應用系,其他學校錄取,2,"國立虎尾科技大學企業管理系(正取); 致理科技大學商務科技應用系(正取,分發)"
CAND_4607,115,nfu_ba,國立虎尾科技大學,企業管理系(商管群),國立虎尾科技大學 企業管理系(商管群),67090391,蕭*謙,正取,國立雲林科技大學,國立雲林科技大學文化資產維護系,其他學校錄取,3,"國立虎尾科技大學企業管理系(正取); 國立雲林科技大學文化資產維護系(正取,分發); 國立勤益科技大學企業管理系(通過)"
CAND_4608,115,nfu_ba,國立虎尾科技大學,企業管理系(商管群),國立虎尾科技大學 企業管理系(商管群),64090510,黄*妤,正取,國立高雄科技大學,國立高雄科技大學行銷與流通管理系,其他學校錄取,4,"國立虎尾科技大學企業管理系(正取); 國立高雄科技大學行銷與流通管理系(正取,分發); 國立高雄科技大學智慧商務系(通過); 國立臺中科技大學財務金融系(備取)"
CAND_4609,115,nfu_ba,國立虎尾科技大學,企業管理系(商管群),國立虎尾科技大學 企業管理系(商管群),57090351,周*,正取,國立勤益科技大學,國立勤益科技大學工業工程與管理系,其他學校錄取,3,"國立虎尾科技大學企業管理系(正取); 國立虎尾科技大學應用外語系(正取); 國立勤益科技大學工業工程與管理系(正取,分發)"
CAND_4610,115,nfu_ba,國立虎尾科技大學,企業管理系(商管群),國立虎尾科技大學 企業管理系(商管群),61090601,楊*,正取,國立虎尾科技大學,國立虎尾科技大學企業管理系,原校系/本校留任,4,"國立虎尾科技大學企業管理系(正取,分發); 國立屏東科技大學企業管理系(正取); 國立臺中科技大學流通管理系(備取); 朝陽科技大學幼兒保育系(正取)"
CAND_4611,115,nfu_ba,國立虎尾科技大學,企業管理系(商管群),國立虎尾科技大學 企業管理系(商管群),56090070,楊*宇,正取,國立臺中科技大學,國立臺中科技大學企業管理系,其他學校錄取,5,"國立虎尾科技大學企業管理系(正取); 國立高雄科技大學會計資訊系(通過); 國立勤益科技大學企業管理系(通過); 國立臺中科技大學企業管理系(備取,分發); 朝陽科技大學會計系(通過)"
CAND_4612,115,nfu_ba,國立虎尾科技大學,企業管理系(商管群),國立虎尾科技大學 企業管理系(商管群),59090183,*吴,正取,國立高雄科技大學,國立高雄科技大學智慧商務系,其他學校錄取,6,"國立虎尾科技大學企業管理系(正取); 國立高雄科技大學風險管理與保險系(正取); 國立高雄科技大學智慧商務系(備取,分發); 國立高雄科技大學漁業科技與管理系(通過); 國立勤益科技大學行銷與流通管理系(備取); 國立臺中科技大學人工智慧應用工程學士學位學程(備取)"
CAND_4613,115,nfu_ba,國立虎尾科技大學,企業管理系(商管群),國立虎尾科技大學 企業管理系(商管群),56090300,陳*穎,正取,致理科技大學,致理科技大學資訊管理系,其他學校錄取,3,"國立虎尾科技大學企業管理系(正取); 國立勤益科技大學資訊管理系(通過); 致理科技大學資訊管理系(備取,分發)"
CAND_4614,115,nfu_ba,國立虎尾科技大學,企業管理系(商管群),國立虎尾科技大學 企業管理系(商管群),66090251,湯*永,正取,國立虎尾科技大學,國立虎尾科技大學企業管理系,原校系/本校留任,3,"國立虎尾科技大學企業管理系(正取,分發); 國立虎尾科技大學應用外語系(通過); 國立屏東大學會計學系(通過)"
CAND_4615,115,nfu_ba,國立虎尾科技大學,企業管理系(商管群),國立虎尾科技大學 企業管理系(商管群),61091170,郭*恩,正取,國立臺中科技大學,國立臺中科技大學財政稅務系,其他學校錄取,3,"國立虎尾科技大學企業管理系(正取); 國立勤益科技大學企業管理系(正取); 國立臺中科技大學財政稅務系(備取,分發)"
CAND_4616,115,nfu_ba,國立虎尾科技大學,企業管理系(商管群),國立虎尾科技大學 企業管理系(商管群),61091158,宋*庭,正取,國立高雄科技大學,國立高雄科技大學財政稅務系,其他學校錄取,4,"國立虎尾科技大學企業管理系(正取); 國立高雄科技大學金融系(備取); 國立高雄科技大學財政稅務系(正取,分發); 國立虎尾科技大學財務金融系(正取)"
CAND_4617,115,nfu_ba,國立虎尾科技大學,企業管理系(商管群),國立虎尾科技大學 企業管理系(商管群),59090090,范*芦,正取,國立虎尾科技大學,國立虎尾科技大學企業管理系,原校系/本校留任,3,"國立虎尾科技大學企業管理系(正取,分發); 國立勤益科技大學企業管理系(通過); 致理科技大學企業管理系(通過)"
CAND_4618,115,nfu_ba,國立虎尾科技大學,企業管理系(商管群),國立虎尾科技大學 企業管理系(商管群),67090102,維*,正取,國立高雄科技大學,國立高雄科技大學人力資源發展系,其他學校錄取,3,"國立虎尾科技大學企業管理系(正取); 國立高雄科技大學人力資源發展系(正取,分發); 國立屏東大學會計學系(正取)"
CAND_4619,115,nfu_ba,國立虎尾科技大學,企業管理系(商管群),國立虎尾科技大學 企業管理系(商管群),57090146,李*裕,正取,國立虎尾科技大學,國立虎尾科技大學企業管理系,原校系/本校留任,5,"國立虎尾科技大學企業管理系(正取,分發); 國立高雄科技大學風險管理與保險系(備取); 國立虎尾科技大學資訊管理系(通過); 國立勤益科技大學企業管理系(備取); 國立臺中科技大學流通管理系(備取)"
CAND_4620,115,nfu_ba,國立虎尾科技大學,企業管理系(商管群),國立虎尾科技大學 企業管理系(商管群),59090207,蕭*盲,正取,國立虎尾科技大學,國立虎尾科技大學資訊管理系,原校系/本校留任,5,"國立虎尾科技大學企業管理系(正取); 國立高雄科技大學企業管理系(正取); 國立虎尾科技大學資訊管理系(備取,分發); 國立勤益科技大學企業管理系(正取); 國立臺中科技大學資訊管理系(備取)"
CAND_4621,115,nfu_ba,國立虎尾科技大學,企業管理系(商管群),國立虎尾科技大學 企業管理系(商管群),61091113,*蕙,正取,國立勤益科技大學,國立勤益科技大學企業管理系,其他學校錄取,5,"國立虎尾科技大學企業管理系(正取); 國立高雄科技大學漁業科技與管理系(通過); 國立勤益科技大學企業管理系(正取,分發); 國立屏東大學企業管理學系(正取); 國立屏東大學商業大數據學系(正取)"
CAND_4622,115,nfu_ba,國立虎尾科技大學,企業管理系(商管群),國立虎尾科技大學 企業管理系(商管群),69090061,蕭*寶,正取,國立高雄科技大學,國立高雄科技大學運籌管理系,其他學校錄取,2,"國立虎尾科技大學企業管理系(正取); 國立高雄科技大學運籌管理系(正取,分發)"
CAND_4623,115,nfu_ba,國立虎尾科技大學,企業管理系(商管群),國立虎尾科技大學 企業管理系(商管群),63090079,*凱,正取,國立臺中科技大學,國立臺中科技大學流通管理系,其他學校錄取,4,"國立虎尾科技大學企業管理系(正取); 國立勤益科技大學行銷與流通管理系(正取); 國立臺中科技大學流通管理系(備取,分發); 朝陽科技大學企業管理系(通過)"
CAND_4624,115,nfu_ba,國立虎尾科技大學,企業管理系(商管群),國立虎尾科技大學 企業管理系(商管群),61090173,陳*吟,正取,國立高雄科技大學,國立高雄科技大學風險管理與保險系,其他學校錄取,5,"國立虎尾科技大學企業管理系(正取); 國立高雄科技大學風險管理與保險系(備取,分發); 國立高雄科技大學財務管理系(通過); 國立勤益科技大學行銷與流通管理系(通過); 朝陽科技大學保險金融管理系(通過)"
CAND_4625,115,nfu_ba,國立虎尾科技大學,企業管理系(商管群),國立虎尾科技大學 企業管理系(商管群),67090332,謝*潔,正取,國立高雄科技大學,國立高雄科技大學智慧商務系,其他學校錄取,5,"國立虎尾科技大學企業管理系(正取); 國立高雄科技大學企業管理系(正取); 國立高雄科技大學智慧商務系(正取,分發); 國立勤益科技大學企業管理系(通過); 國立臺中科技大學資訊管理系(通過)"
CAND_4626,115,nfu_ba,國立虎尾科技大學,企業管理系(商管群),國立虎尾科技大學 企業管理系(商管群),67090381,張*女,正取,國立高雄科技大學,國立高雄科技大學人力資源發展系,其他學校錄取,5,"國立虎尾科技大學企業管理系(正取); 國立高雄科技大學行銷與流通管理系(備取); 國立高雄科技大學人力資源發展系(正取,分發); 南臺科技大學財務金融系(正取); 嶺東科技大學國際企業系(通過)"
CAND_4627,115,nfu_ba,國立虎尾科技大學,企業管理系(商管群),國立虎尾科技大學 企業管理系(商管群),59090273,張*齊,備取,國立臺中科技大學,國立臺中科技大學資訊工程系,其他學校錄取,5,"國立虎尾科技大學企業管理系(備取); 國立勤益科技大學資訊工程系(備取); 國立臺中科技大學資訊工程系(備取,分發); 朝陽科技大學資訊管理系資訊管理組(正取); 世新大學資訊管理學系智慧商務暨數據傳播組(備取)"
CAND_4628,115,nfu_ba,國立虎尾科技大學,企業管理系(商管群),國立虎尾科技大學 企業管理系(商管群),59090243,徐*,備取,國立高雄科技大學,國立高雄科技大學應用英語系,其他學校錄取,5,"國立虎尾科技大學企業管理系(備取); 國立高雄科技大學應用英語系(正取,分發); 國立虎尾科技大學應用外語系(正取); 國立勤益科技大學工業工程與管理系(備取); 國立臺中科技大學國際貿易與經營系(備取)"
CAND_4629,115,nfu_ba,國立虎尾科技大學,企業管理系(商管群),國立虎尾科技大學 企業管理系(商管群),70090057,黄*淇,備取,國立屏東科技大學,國立屏東科技大學企業管理系,其他學校錄取,2,"國立虎尾科技大學企業管理系(備取); 國立屏東科技大學企業管理系(正取,分發)"
CAND_4630,115,nfu_ba,國立虎尾科技大學,企業管理系(商管群),國立虎尾科技大學 企業管理系(商管群),57090710,*敬,備取,國立虎尾科技大學,國立虎尾科技大學企業管理系,原校系/本校留任,3,"國立虎尾科技大學企業管理系(備取,分發); 國立高雄科技大學智慧商務系(通過); 國立臺中科技大學資訊管理系(備取)"
CAND_4631,115,nfu_ba,國立虎尾科技大學,企業管理系(商管群),國立虎尾科技大學 企業管理系(商管群),57540073,黎*廷,備取,國立高雄科技大學,國立高雄科技大學漁業科技與管理系,其他學校錄取,4,"國立虎尾科技大學企業管理系(備取); 國立高雄科技大學智慧商務系(備取); 國立高雄科技大學漁業科技與管理系(正取,分發); 國立勤益科技大學人工智慧應用工程系(正取)"
CAND_4632,115,nfu_ba,國立虎尾科技大學,企業管理系(商管群),國立虎尾科技大學 企業管理系(商管群),56090218,*芦,備取,國立虎尾科技大學,國立虎尾科技大學企業管理系,原校系/本校留任,1,"國立虎尾科技大學企業管理系(備取,分發)"
CAND_4633,115,nfu_ba,國立虎尾科技大學,企業管理系(商管群),國立虎尾科技大學 企業管理系(商管群),57090716,張*致,備取,國立勤益科技大學,國立勤益科技大學行銷與流通管理系,其他學校錄取,4,"國立虎尾科技大學企業管理系(備取); 國立勤益科技大學行銷與流通管理系(正取,分發); 國立臺中科技大學資訊管理系(備取); 朝陽科技大學資訊管理系資訊管理組(正取)"
CAND_4634,115,nfu_ba,國立虎尾科技大學,企業管理系(商管群),國立虎尾科技大學 企業管理系(商管群),60090062,*伶,備取,國立臺中科技大學,國立臺中科技大學資訊工程系,其他學校錄取,3,"國立虎尾科技大學企業管理系(備取); 國立高雄科技大學智慧商務系(通過); 國立臺中科技大學資訊工程系(備取,分發)"
CAND_4635,115,nfu_ba,國立虎尾科技大學,企業管理系(商管群),國立虎尾科技大學 企業管理系(商管群),67090224,李*,備取,—,—,未分發或放棄,2,國立虎尾科技大學企業管理系(備取); 國立屏東大學行銷與流通管理學系(正取)
CAND_4636,115,nfu_ba,國立虎尾科技大學,企業管理系(商管群),國立虎尾科技大學 企業管理系(商管群),61091050,賴*瑜,備取,國立勤益科技大學,國立勤益科技大學企業管理系,其他學校錄取,4,"國立虎尾科技大學企業管理系(備取); 國立虎尾科技大學工業管理系(正取); 國立勤益科技大學企業管理系(正取,分發); 朝陽科技大學企業管理系(通過)"
CAND_4637,115,nfu_ba,國立虎尾科技大學,企業管理系(商管群),國立虎尾科技大學 企業管理系(商管群),60090013,徐*,備取,國立虎尾科技大學,國立虎尾科技大學企業管理系,原校系/本校留任,2,"國立虎尾科技大學企業管理系(備取,分發); 靜宜大學資訊管理學系(通過)"
CAND_4638,115,nfu_ba,國立虎尾科技大學,企業管理系(商管群),國立虎尾科技大學 企業管理系(商管群),67090194,何*,備取,國立虎尾科技大學,國立虎尾科技大學企業管理系,原校系/本校留任,2,"國立虎尾科技大學企業管理系(備取,分發); 國立臺中科技大學會計資訊系(備取)"
CAND_4639,115,nfu_ba,國立虎尾科技大學,企業管理系(商管群),國立虎尾科技大學 企業管理系(商管群),64090434,*瑄,備取,朝陽科技大學,朝陽科技大學財務金融系,其他學校錄取,6,"國立虎尾科技大學企業管理系(備取); 國立勤益科技大學企業管理系(備取); 國立臺中科技大學企業管理系(備取); 朝陽科技大學財務金融系(正取,分發); 致理科技大學財務金融系(備取); 亞洲大學財務金融學系(正取)"
CAND_4640,115,nfu_ba,國立虎尾科技大學,企業管理系(商管群),國立虎尾科技大學 企業管理系(商管群),61090324,江*甄,備取,國立臺中科技大學,國立臺中科技大學流通管理系,其他學校錄取,4,"國立虎尾科技大學企業管理系(備取); 國立勤益科技大學行銷與流通管理系(正取); 國立臺中科技大學流通管理系(正取,分發); 國立屏東大學行銷與流通管理學系(通過)"
CAND_4641,115,nfu_ba,國立虎尾科技大學,企業管理系(商管群),國立虎尾科技大學 企業管理系(商管群),67090025,翁*木,備取,國立虎尾科技大學,國立虎尾科技大學企業管理系,原校系/本校留任,1,"國立虎尾科技大學企業管理系(備取,分發)"
CAND_4642,115,nfu_ba,國立虎尾科技大學,企業管理系(商管群),國立虎尾科技大學 企業管理系(商管群),61090829,鄭*慈,備取,國立臺中科技大學,國立臺中科技大學流通管理系,其他學校錄取,4,"國立虎尾科技大學企業管理系(備取); 國立勤益科技大學企業管理系(備取); 國立臺中科技大學流通管理系(備取,分發); 朝陽科技大學休閒事業管理系(通過)"
CAND_4643,115,nfu_ba,國立虎尾科技大學,企業管理系(商管群),國立虎尾科技大學 企業管理系(商管群),55090294,顏*,備取,國立臺中科技大學,國立臺中科技大學財務金融系,其他學校錄取,3,"國立虎尾科技大學企業管理系(備取); 國立勤益科技大學資訊管理系(通過); 國立臺中科技大學財務金融系(備取,分發)"
CAND_4644,115,nfu_ba,國立虎尾科技大學,企業管理系(商管群),國立虎尾科技大學 企業管理系(商管群),54090398,陳*,備取,國立虎尾科技大學,國立虎尾科技大學工業管理系,原校系/本校留任,4,"國立虎尾科技大學企業管理系(備取); 國立虎尾科技大學工業管理系(正取,分發); 國立臺北護理健康大學生死與健康心理諮商系(通過); 國立臺中科技大學財政稅務系(正取)"
CAND_4645,115,nfu_ba,國立虎尾科技大學,企業管理系(商管群),國立虎尾科技大學 企業管理系(商管群),66090270,謝*汝,備取,國立勤益科技大學,國立勤益科技大學人工智慧應用工程系,其他學校錄取,3,"國立虎尾科技大學企業管理系(備取); 國立勤益科技大學人工智慧應用工程系(正取,分發); 國立臺中科技大學資訊工程系(備取)"
CAND_4646,115,nfu_ba,國立虎尾科技大學,企業管理系(商管群),國立虎尾科技大學 企業管理系(商管群),55090397,陳*欣,備取,國立高雄科技大學,國立高雄科技大學風險管理與保險系,其他學校錄取,3,"國立虎尾科技大學企業管理系(備取); 國立高雄科技大學風險管理與保險系(備取,分發); 國立臺中科技大學流通管理系(通過)"
CAND_4647,115,nfu_ba,國立虎尾科技大學,企業管理系(商管群),國立虎尾科技大學 企業管理系(商管群),61090273,葉*,備取,國立虎尾科技大學,國立虎尾科技大學企業管理系,原校系/本校留任,3,"國立虎尾科技大學企業管理系(備取,分發); 國立勤益科技大學企業管理系(備取); 國立臺中科技大學流通管理系(備取)"
CAND_4648,115,nfu_ba,國立虎尾科技大學,企業管理系(商管群),國立虎尾科技大學 企業管理系(商管群),55090391,*欣,備取,國立臺中科技大學,國立臺中科技大學多媒體設計系,其他學校錄取,4,"國立虎尾科技大學企業管理系(備取); 國立勤益科技大學企業管理系(備取); 國立臺中科技大學多媒體設計系(備取,分發); 朝陽科技大學資訊管理系數位多媒體組(通過)"
CAND_4649,115,nfu_ba,國立虎尾科技大學,企業管理系(商管群),國立虎尾科技大學 企業管理系(商管群),69090135,林*恩,備取,—,—,未分發或放棄,4,國立虎尾科技大學企業管理系(備取); 國立高雄科技大學漁業科技與管理系(通過); 國立勤益科技大學健康產業科技研發與管理系(通過); 國立屏東大學應用日語學系(正取)
CAND_4650,115,nfu_ba,國立虎尾科技大學,企業管理系(商管群),國立虎尾科技大學 企業管理系(商管群),65090099,林*如,備取,國立高雄科技大學,國立高雄科技大學企業管理系,其他學校錄取,4,"國立虎尾科技大學企業管理系(備取); 國立高雄科技大學企業管理系(備取,分發); 國立屏東大學企業管理學系(備取); 國立屏東大學行銷與流通管理學系(正取)"
CAND_4651,115,nfu_ba,國立虎尾科技大學,企業管理系(商管群),國立虎尾科技大學 企業管理系(商管群),59090336,黄*浩,備取,國立勤益科技大學,國立勤益科技大學企業管理系,其他學校錄取,3,"國立虎尾科技大學企業管理系(備取); 國立虎尾科技大學應用外語系(通過); 國立勤益科技大學企業管理系(備取,分發)"
CAND_4652,115,nfu_ba,國立虎尾科技大學,企業管理系(商管群),國立虎尾科技大學 企業管理系(商管群),69090081,黄*,備取,國立虎尾科技大學,國立虎尾科技大學企業管理系,原校系/本校留任,3,"國立虎尾科技大學企業管理系(備取,分發); 國立高雄科技大學漁業科技與管理系(通過); 國立勤益科技大學企業管理系(通過)"
CAND_4653,115,nfu_ba,國立虎尾科技大學,企業管理系(商管群),國立虎尾科技大學 企業管理系(商管群),58090073,朱*翔,備取,—,—,未分發或放棄,3,國立虎尾科技大學企業管理系(備取); 國立勤益科技大學企業管理系(通過); 國立臺中科技大學企業管理系(通過)
CAND_4654,115,nfu_ba,國立虎尾科技大學,企業管理系(商管群),國立虎尾科技大學 企業管理系(商管群),61090145,陳*宇,備取,國立勤益科技大學,國立勤益科技大學人工智慧應用工程系,其他學校錄取,3,"國立虎尾科技大學企業管理系(備取); 國立勤益科技大學人工智慧應用工程系(正取,分發); 國立聯合大學經營管理學系(正取)"
CAND_4655,115,nfu_ba,國立虎尾科技大學,企業管理系(商管群),國立虎尾科技大學 企業管理系(商管群),0666099,黄*,備取,國立虎尾科技大學,國立虎尾科技大學企業管理系,原校系/本校留任,5,"國立虎尾科技大學企業管理系(備取,分發); 國立虎尾科技大學應用外語系(備取); 弘光科技大學多媒體遊戲發展與應用系(通過); 僑光科技大學企業管理系(通過); 僑光科技大學多媒體與遊戲設計系(通過)"
CAND_4656,115,nfu_ba,國立虎尾科技大學,企業管理系(商管群),國立虎尾科技大學 企業管理系(商管群),61090137,江*紜,備取,國立高雄科技大學,國立高雄科技大學智慧商務系,其他學校錄取,2,"國立虎尾科技大學企業管理系(備取); 國立高雄科技大學智慧商務系(正取,分發)"
CAND_4657,115,nfu_ba,國立虎尾科技大學,企業管理系(商管群),國立虎尾科技大學 企業管理系(商管群),70090826,黄*軒,備取,國立虎尾科技大學,國立虎尾科技大學企業管理系,原校系/本校留任,3,"國立虎尾科技大學企業管理系(備取,分發); 國立屏東科技大學企業管理系(備取); 國立屏東大學國際經營與貿易學系(備取)"
CAND_4658,115,nfu_ba,國立虎尾科技大學,企業管理系(商管群),國立虎尾科技大學 企業管理系(商管群),64090587,陳*佑,備取,國立勤益科技大學,國立勤益科技大學企業管理系,其他學校錄取,4,"國立虎尾科技大學企業管理系(備取); 國立高雄科技大學智慧商務系(通過); 國立勤益科技大學企業管理系(備取,分發); 朝陽科技大學企業管理系(通過)"
CAND_4659,115,nfu_ba,國立虎尾科技大學,企業管理系(商管群),國立虎尾科技大學 企業管理系(商管群),55090316,高*,備取,國立臺北護理健康大學,國立臺北護理健康大學高齡健康照護系,其他學校錄取,3,"國立虎尾科技大學企業管理系(備取); 國立虎尾科技大學應用外語系(備取); 國立臺北護理健康大學高齡健康照護系(備取,分發)"
CAND_4660,115,nfu_ba,國立虎尾科技大學,企業管理系(商管群),國立虎尾科技大學 企業管理系(商管群),61091206,林*勛,備取,國立高雄科技大學,國立高雄科技大學財務管理系,其他學校錄取,4,"國立虎尾科技大學企業管理系(備取); 國立高雄科技大學風險管理與保險系(正取); 國立高雄科技大學財務管理系(正取,分發); 國立虎尾科技大學財務金融系(正取)"
CAND_4661,115,nfu_ba,國立虎尾科技大學,企業管理系(商管群),國立虎尾科技大學 企業管理系(商管群),55090151,—,備取,國立高雄科技大學,國立高雄科技大學財務管理系,其他學校錄取,6,"國立虎尾科技大學企業管理系(備取); 國立高雄科技大學財務管理系(正取,分發); 國立高雄科技大學財政稅務系(備取); 國立勤益科技大學企業管理系(通過); 國立臺中科技大學財政稅務系(通過); 中原大學會計學系(通過)"
CAND_4662,115,nfu_ba,國立虎尾科技大學,企業管理系(商管群),國立虎尾科技大學 企業管理系(商管群),55090189,李*紘,備取,實踐大學,實踐大學財務金融學系(臺北校區),其他學校錄取,6,"國立虎尾科技大學企業管理系(備取); 國立屏東科技大學企業管理系(通過); 國立澎湖科技大學行銷與物流管理系(正取); 國立勤益科技大學行銷與流通管理系(通過); 靜宜大學法律學系(通過); 實踐大學財務金融學系(臺北校區)(備取,分發)"
CAND_4663,115,nfu_ba,國立虎尾科技大學,企業管理系(商管群),國立虎尾科技大學 企業管理系(商管群),65090126,林*彦,備取,國立虎尾科技大學,國立虎尾科技大學企業管理系,原校系/本校留任,3,"國立虎尾科技大學企業管理系(備取,分發); 國立高雄科技大學人力資源發展系(備取); 朝陽科技大學行銷與流通管理系(通過)"
CAND_4664,115,nfu_ba,國立虎尾科技大學,企業管理系(商管群),國立虎尾科技大學 企業管理系(商管群),61090394,維*玟,備取,國立虎尾科技大學,國立虎尾科技大學企業管理系,原校系/本校留任,2,"國立虎尾科技大學企業管理系(備取,分發); 國立勤益科技大學企業管理系(通過)"
CAND_4665,115,nfu_ba,國立虎尾科技大學,企業管理系(商管群),國立虎尾科技大學 企業管理系(商管群),61091082,*翔,備取,國立勤益科技大學,國立勤益科技大學企業管理系,其他學校錄取,6,"國立虎尾科技大學企業管理系(備取); 國立高雄科技大學觀光管理系(通過); 國立高雄科技大學智慧商務系(通過); 國立勤益科技大學企業管理系(備取,分發); 國立臺中科技大學休閒事業經營系(備取); 朝陽科技大學休閒事業管理系(通過)"
CAND_4666,115,nfu_ba,國立虎尾科技大學,企業管理系(商管群),國立虎尾科技大學 企業管理系(商管群),51090109,*宇,備取,逢甲大學,逢甲大學合作經濟暨社會事業經營學系,其他學校錄取,3,"國立虎尾科技大學企業管理系(通過); 國立臺中科技大學保險金融管理系(備取); 逢甲大學合作經濟暨社會事業經營學系(正取,分發)"
CAND_4667,115,nfu_ba,國立虎尾科技大學,企業管理系(商管群),國立虎尾科技大學 企業管理系(商管群),51090154,許*,備取,—,—,未分發或放棄,4,國立虎尾科技大學企業管理系(通過); 國立屏東科技大學資訊管理系(通過); 國立屏東科技大學企業管理系(通過); 國立臺中科技大學會計資訊系(備取)
CAND_4668,115,nfu_ba,國立虎尾科技大學,企業管理系(商管群),國立虎尾科技大學 企業管理系(商管群),51090166,—,備取,國立高雄科技大學,國立高雄科技大學航運技術系,其他學校錄取,4,"國立虎尾科技大學企業管理系(通過); 國立高雄科技大學航運技術系(正取,分發); 國立勤益科技大學工業工程與管理系(備取); 國立臺中科技大學資訊管理系(通過)"
CAND_4669,115,nfu_ba,國立虎尾科技大學,企業管理系(商管群),國立虎尾科技大學 企業管理系(商管群),53090020,林*,備取,—,—,未分發或放棄,3,國立虎尾科技大學企業管理系(通過); 國立高雄科技大學航運管理系(通過); 國立高雄科技大學應用德語系(通過)
CAND_4670,115,nfu_ba,國立虎尾科技大學,企業管理系(商管群),國立虎尾科技大學 企業管理系(商管群),54090328,胡*恩,備取,—,—,未分發或放棄,4,國立虎尾科技大學企業管理系(通過); 國立高雄科技大學風險管理與保險系(通過); 國立宜蘭大學應用經濟與管理學系(通過); 國立屏東大學會計學系(通過)
CAND_4671,115,nfu_ba,國立虎尾科技大學,企業管理系(商管群),國立虎尾科技大學 企業管理系(商管群),54090476,吳*臻,備取,—,—,未分發或放棄,3,國立虎尾科技大學企業管理系(通過); 國立高雄科技大學會計資訊系(通過); 國立臺中科技大學會計資訊系(通過)
CAND_4672,115,nfu_ba,國立虎尾科技大學,企業管理系(商管群),國立虎尾科技大學 企業管理系(商管群),56090015,吳*羽,備取,國立高雄科技大學,國立高雄科技大學行銷與流通管理系,其他學校錄取,6,"國立虎尾科技大學企業管理系(通過); 國立高雄科技大學行銷與流通管理系(備取,分發); 國立高雄科技大學會計資訊系(正取); 國立高雄科技大學財政稅務系(通過); 國立勤益科技大學行銷與流通管理系(正取); 國立臺中科技大學財政稅務系(通過)"
CAND_4673,115,nfu_ba,國立虎尾科技大學,企業管理系(商管群),國立虎尾科技大學 企業管理系(商管群),56090088,—,備取,國立臺中科技大學,國立臺中科技大學保險金融管理系,其他學校錄取,4,"國立虎尾科技大學企業管理系(通過); 國立勤益科技大學企業管理系(正取); 國立臺中科技大學保險金融管理系(正取,分發); 國立屏東大學企業管理學系(通過)"
CAND_4674,115,nfu_ba,國立虎尾科技大學,企業管理系(商管群),國立虎尾科技大學 企業管理系(商管群),56090352,吳*臻,備取,國立臺中科技大學,國立臺中科技大學會計資訊系,其他學校錄取,3,"國立虎尾科技大學企業管理系(通過); 國立臺中科技大學會計資訊系(備取,分發); 致理科技大學財務金融系(通過)"
CAND_4675,115,nfu_ba,國立虎尾科技大學,企業管理系(商管群),國立虎尾科技大學 企業管理系(商管群),56090382,李*螢,備取,—,—,未分發或放棄,3,國立虎尾科技大學企業管理系(通過); 國立臺中科技大學會計資訊系(通過); 致理科技大學財務金融系(通過)
CAND_4676,115,nfu_ba,國立虎尾科技大學,企業管理系(商管群),國立虎尾科技大學 企業管理系(商管群),56090385,陳*,備取,國立高雄科技大學,國立高雄科技大學智慧商務系,其他學校錄取,5,"國立虎尾科技大學企業管理系(通過); 國立屏東科技大學資訊管理系(通過); 國立高雄科技大學智慧商務系(正取,分發); 國立屏東大學國際經營與貿易學系(通過); 國立屏東大學會計學系(正取)"
CAND_4677,115,nfu_ba,國立虎尾科技大學,企業管理系(商管群),國立虎尾科技大學 企業管理系(商管群),56540038,吳*永,備取,國立高雄科技大學,國立高雄科技大學應用日語系,其他學校錄取,6,"國立虎尾科技大學企業管理系(通過); 國立雲林科技大學企業管理系(通過); 國立高雄科技大學行銷與流通管理系(通過); 國立高雄科技大學應用日語系(正取,分發); 國立高雄餐旅大學應用日語系(正取); 國立臺中科技大學應用日語系(通過)"
CAND_4678,115,nfu_ba,國立虎尾科技大學,企業管理系(商管群),國立虎尾科技大學 企業管理系(商管群),57090317,盧*,備取,國立臺中科技大學,國立臺中科技大學保險金融管理系,其他學校錄取,5,"國立虎尾科技大學企業管理系(通過); 國立高雄科技大學智慧商務系(通過); 國立虎尾科技大學資訊管理系(通過); 國立臺北護理健康大學資訊管理系(通過); 國立臺中科技大學保險金融管理系(正取,分發)"
CAND_4679,115,nfu_ba,國立虎尾科技大學,企業管理系(商管群),國立虎尾科技大學 企業管理系(商管群),57090419,黄*柔,備取,—,—,未分發或放棄,2,國立虎尾科技大學企業管理系(通過); 國立高雄科技大學金融資訊系(正取)
CAND_4680,115,nfu_ba,國立虎尾科技大學,企業管理系(商管群),國立虎尾科技大學 企業管理系(商管群),57090511,*妍,備取,國立臺中科技大學,國立臺中科技大學會計資訊系,其他學校錄取,3,"國立虎尾科技大學企業管理系(通過); 國立勤益科技大學企業管理系(通過); 國立臺中科技大學會計資訊系(正取,分發)"
CAND_4681,115,nfu_ba,國立虎尾科技大學,企業管理系(商管群),國立虎尾科技大學 企業管理系(商管群),57090671,周*珊,備取,—,—,未分發或放棄,6,國立虎尾科技大學企業管理系(通過); 國立虎尾科技大學財務金融系(通過); 國立勤益科技大學企業管理系(通過); 國立臺北護理健康大學健康事業管理系(通過); 國立臺北護理健康大學健康事業管理系(通過); 國立臺中科技大學財務金融系(通過)
CAND_4682,115,nfu_ba,國立虎尾科技大學,企業管理系(商管群),國立虎尾科技大學 企業管理系(商管群),57090713,管*妮,備取,—,—,未分發或放棄,6,國立虎尾科技大學企業管理系(通過); 國立雲林科技大學企業管理系(通過); 國立雲林科技大學財務金融系(通過); 國立虎尾科技大學財務金融系(通過); 國立勤益科技大學企業管理系(通過); 國立臺中科技大學財務金融系(通過)
CAND_4683,115,nfu_ba,國立虎尾科技大學,企業管理系(商管群),國立虎尾科技大學 企業管理系(商管群),57090725,*婕,備取,—,—,未分發或放棄,4,國立虎尾科技大學企業管理系(通過); 國立高雄科技大學行銷與流通管理系(通過); 國立虎尾科技大學財務金融系(通過); 國立勤益科技大學行銷與流通管理系(通過)
CAND_4684,115,nfu_ba,國立虎尾科技大學,企業管理系(商管群),國立虎尾科技大學 企業管理系(商管群),57090737,程*𡤃,備取,—,—,未分發或放棄,2,國立虎尾科技大學企業管理系(通過); 國立臺中科技大學人工智慧應用工程學士學位學程(備取)
CAND_4685,115,nfu_ba,國立虎尾科技大學,企業管理系(商管群),國立虎尾科技大學 企業管理系(商管群),57090875,*瑄,正取,國立虎尾科技大學,國立虎尾科技大學財務金融系,原校系/本校留任,2,"國立虎尾科技大學企業管理系(通過); 國立虎尾科技大學財務金融系(正取,分發)"
CAND_4686,115,nfu_ba,國立虎尾科技大學,企業管理系(商管群),國立虎尾科技大學 企業管理系(商管群),57090914,林*玲,備取,國立高雄科技大學,國立高雄科技大學行銷與流通管理系,其他學校錄取,6,"國立虎尾科技大學企業管理系(通過); 國立高雄科技大學行銷與流通管理系(備取,分發); 國立高雄科技大學海洋休閒管理系(通過); 國立高雄科技大學文化創意產業系(通過); 國立勤益科技大學文化創意事業系(通過); 國立臺中科技大學休閒事業經營系(通過)"
CAND_4687,115,nfu_ba,國立虎尾科技大學,企業管理系(商管群),國立虎尾科技大學 企業管理系(商管群),57090957,黄*婕,備取,—,—,未分發或放棄,4,國立虎尾科技大學企業管理系(通過); 國立雲林科技大學工業工程與管理系(備取); 國立高雄科技大學智慧商務系(通過); 國立臺中科技大學國際貿易與經營系(通過)
CAND_4688,115,nfu_ba,國立虎尾科技大學,企業管理系(商管群),國立虎尾科技大學 企業管理系(商管群),58090102,維*昕,備取,國立勤益科技大學,國立勤益科技大學資訊管理系,其他學校錄取,5,"國立虎尾科技大學企業管理系(通過); 國立雲林科技大學工業工程與管理系(通過); 國立高雄科技大學商務資訊應用系(通過); 國立勤益科技大學資訊管理系(備取,分發); 國立臺中科技大學資訊管理系(備取)"
CAND_4689,115,nfu_ba,國立虎尾科技大學,企業管理系(商管群),國立虎尾科技大學 企業管理系(商管群),58090321,*瑜,備取,—,—,未分發或放棄,3,國立虎尾科技大學企業管理系(通過); 國立勤益科技大學資訊管理系(通過); 國立臺中科技大學保險金融管理系(備取)
CAND_4690,115,nfu_ba,國立虎尾科技大學,企業管理系(商管群),國立虎尾科技大學 企業管理系(商管群),58090362,林*晴,備取,國立臺中科技大學,國立臺中科技大學企業管理系,其他學校錄取,4,"國立虎尾科技大學企業管理系(通過); 國立臺北護理健康大學健康事業管理系(通過); 國立臺中科技大學企業管理系(備取,分發); 國立聯合大學經營管理學系(通過)"
CAND_4691,115,nfu_ba,國立虎尾科技大學,企業管理系(商管群),國立虎尾科技大學 企業管理系(商管群),59090134,徐*永,備取,—,—,未分發或放棄,2,國立虎尾科技大學企業管理系(通過); 國立臺中科技大學財政稅務系(通過)
CAND_4692,115,nfu_ba,國立虎尾科技大學,企業管理系(商管群),國立虎尾科技大學 企業管理系(商管群),59090190,*然,備取,—,—,未分發或放棄,2,國立虎尾科技大學企業管理系(通過); 國立勤益科技大學企業管理系(通過)
CAND_4693,115,nfu_ba,國立虎尾科技大學,企業管理系(商管群),國立虎尾科技大學 企業管理系(商管群),59090294,林*,備取,國立臺中科技大學,國立臺中科技大學應用統計系,其他學校錄取,5,"國立虎尾科技大學企業管理系(通過); 國立高雄科技大學工業工程與管理系(備取); 國立高雄科技大學商務資訊應用系(正取); 國立勤益科技大學行銷與流通管理系(正取); 國立臺中科技大學應用統計系(備取,分發)"
CAND_4694,115,nfu_ba,國立虎尾科技大學,企業管理系(商管群),國立虎尾科技大學 企業管理系(商管群),60090105,彭*翔,備取,—,—,未分發或放棄,4,國立虎尾科技大學企業管理系(通過); 國立虎尾科技大學工業管理系(通過); 國立勤益科技大學企業管理系(通過); 國立臺中科技大學流通管理系(通過)
CAND_4695,115,nfu_ba,國立虎尾科技大學,企業管理系(商管群),國立虎尾科技大學 企業管理系(商管群),60090278,*茹,備取,國立勤益科技大學,國立勤益科技大學企業管理系,其他學校錄取,4,"國立虎尾科技大學企業管理系(通過); 國立屏東科技大學企業管理系(通過); 國立勤益科技大學企業管理系(備取,分發); 致理科技大學企業管理系(通過)"
CAND_4696,115,nfu_ba,國立虎尾科技大學,企業管理系(商管群),國立虎尾科技大學 企業管理系(商管群),61090030,楊*軒,備取,朝陽科技大學,朝陽科技大學保險金融管理系,其他學校錄取,5,"國立虎尾科技大學企業管理系(通過); 國立勤益科技大學企業管理系(通過); 國立臺中科技大學保險金融管理系(通過); 朝陽科技大學保險金融管理系(正取,分發); 嶺東科技大學企業管理系(通過)"
CAND_4697,115,nfu_ba,國立虎尾科技大學,企業管理系(商管群),國立虎尾科技大學 企業管理系(商管群),61090208,陳*潔,備取,國立臺中科技大學,國立臺中科技大學國際貿易與經營系,其他學校錄取,6,"國立虎尾科技大學企業管理系(通過); 國立高雄科技大學文化創意產業系(通過); 國立虎尾科技大學應用外語系(通過); 國立勤益科技大學企業管理系(正取); 國立臺中科技大學國際貿易與經營系(備取,分發); 朝陽科技大學企業管理系(通過)"
CAND_4698,115,nfu_ba,國立虎尾科技大學,企業管理系(商管群),國立虎尾科技大學 企業管理系(商管群),61090233,吳*築,備取,國立臺北護理健康大學,國立臺北護理健康大學護理系,其他學校錄取,6,"國立虎尾科技大學企業管理系(通過); 國立臺北護理健康大學護理系(通過,分發); 國立臺北護理健康大學高齡健康照護系(通過); 長庚科技大學護理系(林口校區)(備取); 亞洲大學健康產業管理學系(通過); 亞洲大學護理學系(正取)"
CAND_4699,115,nfu_ba,國立虎尾科技大學,企業管理系(商管群),國立虎尾科技大學 企業管理系(商管群),61090254,吳*妍,備取,國立臺中科技大學,國立臺中科技大學會計資訊系,其他學校錄取,5,"國立虎尾科技大學企業管理系(通過); 國立高雄科技大學金融資訊系(通過); 國立虎尾科技大學資訊管理系(通過); 國立勤益科技大學資訊管理系(通過); 國立臺中科技大學會計資訊系(正取,分發)"
CAND_4700,115,nfu_ba,國立虎尾科技大學,企業管理系(商管群),國立虎尾科技大學 企業管理系(商管群),61090658,*婷,備取,—,—,未分發或放棄,3,國立虎尾科技大學企業管理系(通過); 靜宜大學觀光事業學系(通過); 靜宜大學財務金融學系(通過)
CAND_4701,115,nfu_ba,國立虎尾科技大學,企業管理系(商管群),國立虎尾科技大學 企業管理系(商管群),61090882,鄒*渝,備取,國立臺中科技大學,國立臺中科技大學國際貿易與經營系,其他學校錄取,5,"國立虎尾科技大學企業管理系(通過); 國立虎尾科技大學財務金融系(通過); 國立臺中科技大學國際貿易與經營系(正取,分發); 逢甲大學國際經營與貿易學系(備取); 逢甲大學經濟學系(通過)"
CAND_4702,115,nfu_ba,國立虎尾科技大學,企業管理系(商管群),國立虎尾科技大學 企業管理系(商管群),61090922,*恩,備取,國立高雄科技大學,國立高雄科技大學工業工程與管理系,其他學校錄取,4,"國立虎尾科技大學企業管理系(通過); 國立高雄科技大學工業工程與管理系(備取,分發); 國立高雄科技大學智慧商務系(通過); 國立臺中科技大學企業管理系(通過)"
CAND_4703,115,nfu_ba,國立虎尾科技大學,企業管理系(商管群),國立虎尾科技大學 企業管理系(商管群),61091006,何*潔,備取,—,—,未分發或放棄,4,國立虎尾科技大學企業管理系(通過); 國立勤益科技大學企業管理系(通過); 國立臺中科技大學保險金融管理系(通過); 亞洲大學人工智慧學系(通過)
CAND_4704,115,nfu_ba,國立虎尾科技大學,企業管理系(商管群),國立虎尾科技大學 企業管理系(商管群),61091069,賴*,備取,—,—,未分發或放棄,4,國立虎尾科技大學企業管理系(通過); 國立雲林科技大學企業管理系(通過); 國立高雄科技大學企業管理系(通過); 國立高雄科技大學智慧商務系(通過)
CAND_4705,115,nfu_ba,國立虎尾科技大學,企業管理系(商管群),國立虎尾科技大學 企業管理系(商管群),61091131,柯*綸,備取,國立臺中科技大學,國立臺中科技大學流通管理系,其他學校錄取,6,"國立虎尾科技大學企業管理系(通過); 國立雲林科技大學文化資產維護系(通過); 國立高雄科技大學運籌管理系(通過); 國立高雄科技大學行銷與流通管理系(通過); 國立勤益科技大學行銷與流通管理系(通過); 國立臺中科技大學流通管理系(正取,分發)"
CAND_4706,115,nfu_ba,國立虎尾科技大學,企業管理系(商管群),國立虎尾科技大學 企業管理系(商管群),62090037,—,備取,—,—,未分發或放棄,2,國立虎尾科技大學企業管理系(通過); 國立高雄科技大學漁業科技與管理系(正取)
CAND_4707,115,nfu_ba,國立虎尾科技大學,企業管理系(商管群),國立虎尾科技大學 企業管理系(商管群),62090068,賴*姍,備取,—,—,未分發或放棄,3,國立虎尾科技大學企業管理系(通過); 國立臺中科技大學流通管理系(通過); 國立屏東大學休閒事業經營學系(通過)
CAND_4708,115,nfu_ba,國立虎尾科技大學,企業管理系(商管群),國立虎尾科技大學 企業管理系(商管群),63090125,陳*穎,備取,國立勤益科技大學,國立勤益科技大學企業管理系,其他學校錄取,3,"國立虎尾科技大學企業管理系(通過); 國立高雄科技大學漁業科技與管理系(通過); 國立勤益科技大學企業管理系(備取,分發)"
CAND_4709,115,nfu_ba,國立虎尾科技大學,企業管理系(商管群),國立虎尾科技大學 企業管理系(商管群),63090351,徐*,備取,國立屏東大學,國立屏東大學會計學系,其他學校錄取,3,"國立虎尾科技大學企業管理系(通過); 國立屏東科技大學企業管理系(通過); 國立屏東大學會計學系(備取,分發)"
CAND_4710,115,nfu_ba,國立虎尾科技大學,企業管理系(商管群),國立虎尾科技大學 企業管理系(商管群),64090078,柯*梃,正取,國立虎尾科技大學,國立虎尾科技大學財務金融系,原校系/本校留任,3,"國立虎尾科技大學企業管理系(通過); 國立虎尾科技大學財務金融系(正取,分發); 靜宜大學財務金融學系(通過)"
CAND_4711,115,nfu_ba,國立虎尾科技大學,企業管理系(商管群),國立虎尾科技大學 企業管理系(商管群),64090247,陳*,備取,—,—,未分發或放棄,3,國立虎尾科技大學企業管理系(通過); 國立高雄科技大學應用英語系(通過); 國立勤益科技大學企業管理系(通過)
CAND_4712,115,nfu_ba,國立虎尾科技大學,企業管理系(商管群),國立虎尾科技大學 企業管理系(商管群),64090563,許*綾,正取,國立臺中科技大學,國立臺中科技大學會計資訊系,其他學校錄取,4,"國立虎尾科技大學企業管理系(通過); 國立高雄科技大學會計資訊系(通過); 國立虎尾科技大學財務金融系(正取); 國立臺中科技大學會計資訊系(備取,分發)"
CAND_4713,115,nfu_ba,國立虎尾科技大學,企業管理系(商管群),國立虎尾科技大學 企業管理系(商管群),64090601,林*瀞,備取,國立臺中科技大學,國立臺中科技大學保險金融管理系,其他學校錄取,2,"國立虎尾科技大學企業管理系(通過); 國立臺中科技大學保險金融管理系(正取,分發)"
CAND_4714,115,nfu_ba,國立虎尾科技大學,企業管理系(商管群),國立虎尾科技大學 企業管理系(商管群),65090156,周*穎,正取,國立虎尾科技大學,國立虎尾科技大學財務金融系,原校系/本校留任,2,"國立虎尾科技大學企業管理系(通過); 國立虎尾科技大學財務金融系(正取,分發)"
CAND_4715,115,nfu_ba,國立虎尾科技大學,企業管理系(商管群),國立虎尾科技大學 企業管理系(商管群),65090363,林*汝,正取,國立臺中科技大學,國立臺中科技大學會計資訊系,其他學校錄取,4,"國立虎尾科技大學企業管理系(通過); 國立高雄科技大學會計資訊系(備取); 國立虎尾科技大學財務金融系(正取); 國立臺中科技大學會計資訊系(正取,分發)"
CAND_4716,115,nfu_ba,國立虎尾科技大學,企業管理系(商管群),國立虎尾科技大學 企業管理系(商管群),66090010,林*,備取,—,—,未分發或放棄,3,國立虎尾科技大學企業管理系(通過); 國立雲林科技大學文化資產維護系(通過); 國立高雄科技大學行銷與流通管理系(通過)
CAND_4717,115,nfu_ba,國立虎尾科技大學,企業管理系(商管群),國立虎尾科技大學 企業管理系(商管群),66090098,程*鈞,備取,國立臺中科技大學,國立臺中科技大學會計資訊系,其他學校錄取,3,"國立虎尾科技大學企業管理系(通過); 國立勤益科技大學企業管理系(通過); 國立臺中科技大學會計資訊系(備取,分發)"
CAND_4718,115,nfu_ba,國立虎尾科技大學,企業管理系(商管群),國立虎尾科技大學 企業管理系(商管群),66090254,吳*,備取,國立臺中科技大學,國立臺中科技大學資訊管理系,其他學校錄取,5,"國立虎尾科技大學企業管理系(通過); 國立高雄科技大學智慧商務系(通過); 國立虎尾科技大學資訊管理系(通過); 國立勤益科技大學資訊管理系(正取); 國立臺中科技大學資訊管理系(備取,分發)"
CAND_4719,115,nfu_ba,國立虎尾科技大學,企業管理系(商管群),國立虎尾科技大學 企業管理系(商管群),67090021,邱*裕,備取,—,—,未分發或放棄,2,國立虎尾科技大學企業管理系(通過); 國立臺中科技大學會計資訊系(通過)
CAND_4720,115,nfu_ba,國立虎尾科技大學,企業管理系(商管群),國立虎尾科技大學 企業管理系(商管群),67090132,林*茹,備取,國立雲林科技大學,國立雲林科技大學文化資產維護系,其他學校錄取,4,"國立虎尾科技大學企業管理系(通過); 國立雲林科技大學文化資產維護系(正取,分發); 國立高雄科技大學企業管理系(通過); 國立高雄科技大學行銷與流通管理系(正取)"
CAND_4721,115,nfu_ba,國立虎尾科技大學,企業管理系(商管群),國立虎尾科技大學 企業管理系(商管群),68090524,郭*宏,備取,國立高雄科技大學,國立高雄科技大學商務資訊應用系,其他學校錄取,6,"國立虎尾科技大學企業管理系(通過); 國立高雄科技大學國際企業系(備取); 國立高雄科技大學航運管理系(備取); 國立高雄科技大學商務資訊應用系(正取,分發); 國立勤益科技大學行銷與流通管理系(通過); 國立臺中科技大學國際貿易與經營系(通過)"
CAND_4722,115,nfu_ba,國立虎尾科技大學,企業管理系(商管群),國立虎尾科技大學 企業管理系(商管群),68530071,陳*永,正取,國立高雄科技大學,國立高雄科技大學財政稅務系,其他學校錄取,5,"國立虎尾科技大學企業管理系(通過); 國立高雄科技大學金融系(備取); 國立高雄科技大學財政稅務系(備取,分發); 國立高雄科技大學智慧商務系(通過); 國立虎尾科技大學財務金融系(正取)"
CAND_4723,115,nfu_ba,國立虎尾科技大學,企業管理系(商管群),國立虎尾科技大學 企業管理系(商管群),68530087,何*,備取,國立高雄科技大學,國立高雄科技大學漁業科技與管理系,其他學校錄取,4,"國立虎尾科技大學企業管理系(通過); 國立高雄科技大學商務資訊應用系(正取); 國立高雄科技大學漁業科技與管理系(正取,分發); 國立勤益科技大學行銷與流通管理系(通過)"
CAND_4724,115,nfu_ba,國立虎尾科技大學,企業管理系(商管群),國立虎尾科技大學 企業管理系(商管群),68530095,—,備取,國立高雄科技大學,國立高雄科技大學風險管理與保險系,其他學校錄取,6,"國立虎尾科技大學企業管理系(通過); 國立高雄科技大學工業工程與管理系(備取); 國立高雄科技大學運籌管理系(通過); 國立高雄科技大學風險管理與保險系(正取,分發); 國立虎尾科技大學工業管理系(通過); 國立臺中科技大學企業管理系(通過)"
CAND_4725,115,nfu_ba,國立虎尾科技大學,企業管理系(商管群),國立虎尾科技大學 企業管理系(商管群),70090025,周*欣,備取,—,—,未分發或放棄,3,國立虎尾科技大學企業管理系(通過); 國立虎尾科技大學財務金融系(通過); 國立臺中科技大學企業管理系(通過)
CAND_4726,115,nfu_ba,國立虎尾科技大學,企業管理系(商管群),國立虎尾科技大學 企業管理系(商管群),70090836,*凱,備取,—,—,未分發或放棄,3,國立虎尾科技大學企業管理系(通過); 國立屏東科技大學企業管理系(通過); 國立屏東大學企業管理學系(通過)
CAND_4727,115,nfu_ba,國立虎尾科技大學,企業管理系(商管群),國立虎尾科技大學 企業管理系(商管群),70090880,陳*妡,備取,—,—,未分發或放棄,2,國立虎尾科技大學企業管理系(通過); 國立臺中科技大學流通管理系(通過)
CAND_4728,115,nfu_ba,國立虎尾科技大學,企業管理系(商管群),國立虎尾科技大學 企業管理系(商管群),72090070,沈*,備取,國立屏東大學,國立屏東大學企業管理學系,其他學校錄取,2,"國立虎尾科技大學企業管理系(通過); 國立屏東大學企業管理學系(備取,分發)"
CAND_4729,115,nfu_ba,國立虎尾科技大學,企業管理系(商管群),國立虎尾科技大學 企業管理系(商管群),73090110,楊*,備取,國立臺中科技大學,國立臺中科技大學國際貿易與經營系,其他學校錄取,4,"國立虎尾科技大學企業管理系(通過); 國立高雄科技大學人力資源發展系(正取); 國立勤益科技大學工業工程與管理系(正取); 國立臺中科技大學國際貿易與經營系(備取,分發)"
CAND_4730,115,nfu_ba,國立虎尾科技大學,企業管理系(商管群),國立虎尾科技大學 企業管理系(商管群),73090122,徐*彗,備取,國立臺北護理健康大學,國立臺北護理健康大學健康事業管理系,其他學校錄取,3,"國立虎尾科技大學企業管理系(通過); 國立臺北護理健康大學健康事業管理系(正取,分發); 國立臺中科技大學保險金融管理系(通過)"
CAND_4731,115,nfu_ba,國立虎尾科技大學,企業管理系(商管群),國立虎尾科技大學 企業管理系(商管群),73090167,鄧*綺,備取,國立臺中科技大學,國立臺中科技大學會計資訊系,其他學校錄取,6,"國立虎尾科技大學企業管理系(通過); 國立雲林科技大學會計系(通過); 國立高雄科技大學會計資訊系(通過); 國立臺中科技大學會計資訊系(備取,分發); 致理科技大學財務金融系(通過); 國立屏東大學會計學系(通過)"
CAND_4732,115,nfu_ba,國立虎尾科技大學,企業管理系(英語類),國立虎尾科技大學 企業管理系(英語類),51530008,葵*永,正取,國立勤益科技大學,國立勤益科技大學文化創意事業系,其他學校錄取,2,"國立虎尾科技大學企業管理系(正取); 國立勤益科技大學文化創意事業系(備取,分發)"
CAND_4733,115,nfu_ba,國立虎尾科技大學,企業管理系(英語類),國立虎尾科技大學 企業管理系(英語類),63550012,張*翔,正取,國立臺中科技大學,國立臺中科技大學應用日語系,其他學校錄取,2,"國立虎尾科技大學企業管理系(正取); 國立臺中科技大學應用日語系(備取,分發)"
CAND_4734,115,nfu_ba,國立虎尾科技大學,企業管理系(英語類),國立虎尾科技大學 企業管理系(英語類),51150036,張*瑀,正取,弘光科技大學,弘光科技大學物理治療系,其他學校錄取,4,"國立虎尾科技大學企業管理系(正取); 國立勤益科技大學企業管理系(通過); 國立臺北護理健康大學健康事業管理系(通過); 弘光科技大學物理治療系(正取,分發)"
CAND_4735,115,nfu_ba,國立虎尾科技大學,企業管理系(英語類),國立虎尾科技大學 企業管理系(英語類),51150056,—,正取,國立虎尾科技大學,國立虎尾科技大學企業管理系,原校系/本校留任,1,"國立虎尾科技大學企業管理系(正取,分發)"
CAND_4736,115,nfu_ba,國立虎尾科技大學,企業管理系(英語類),國立虎尾科技大學 企業管理系(英語類),63150019,江*潔,正取,—,—,未分發或放棄,1,國立虎尾科技大學企業管理系(正取)
CAND_4737,115,nfu_ba,國立虎尾科技大學,企業管理系(英語類),國立虎尾科技大學 企業管理系(英語類),57530046,吳*齊,正取,國立高雄科技大學,國立高雄科技大學應用英語系,其他學校錄取,3,"國立虎尾科技大學企業管理系(正取); 國立高雄科技大學應用英語系(正取,分發); 國立虎尾科技大學應用外語系(正取)"
CAND_4738,115,nfu_ba,國立虎尾科技大學,企業管理系(英語類),國立虎尾科技大學 企業管理系(英語類),65150016,張*,正取,國立虎尾科技大學,國立虎尾科技大學企業管理系,原校系/本校留任,3,"國立虎尾科技大學企業管理系(正取,分發); 國立勤益科技大學文化創意事業系(正取); 國立臺中科技大學應用中文系(正取)"
CAND_4739,115,nfu_ba,國立虎尾科技大學,企業管理系(英語類),國立虎尾科技大學 企業管理系(英語類),56150068,朱*,正取,國立勤益科技大學,國立勤益科技大學企業管理系,其他學校錄取,5,"國立虎尾科技大學企業管理系(正取); 國立高雄科技大學航運管理系(備取); 國立勤益科技大學企業管理系(正取,分發); 國立高雄餐旅大學旅運管理系(備取); 朝陽科技大學航空運務系(正取)"
CAND_4740,115,nfu_ba,國立虎尾科技大學,企業管理系(英語類),國立虎尾科技大學 企業管理系(英語類),61150038,連*茜,正取,國立暨南國際大學,國立暨南國際大學觀光休閒與餐旅管理學系餐旅管理組,其他學校錄取,4,"國立虎尾科技大學企業管理系(正取); 國立勤益科技大學文化創意事業系(正取); 朝陽科技大學休閒事業管理系(正取); 國立暨南國際大學觀光休閒與餐旅管理學系餐旅管理組(正取,分發)"
CAND_4741,115,nfu_ba,國立虎尾科技大學,企業管理系(英語類),國立虎尾科技大學 企業管理系(英語類),56150136,許*綾,正取,國立臺北護理健康大學,國立臺北護理健康大學健康事業管理系,其他學校錄取,5,"國立虎尾科技大學企業管理系(正取); 國立虎尾科技大學應用外語系(通過); 國立勤益科技大學應用英語系(通過); 國立臺北護理健康大學健康事業管理系(正取,分發); 國立臺北護理健康大學運動保健系(通過)"
CAND_4742,115,nfu_ba,國立虎尾科技大學,企業管理系(英語類),國立虎尾科技大學 企業管理系(英語類),64150054,—,正取,—,—,未分發或放棄,3,國立虎尾科技大學企業管理系(正取); 國立勤益科技大學應用英語系(通過); 國立暨南國際大學觀光休閒與餐旅管理學系餐旅管理組(備取)
CAND_4743,115,nfu_ba,國立虎尾科技大學,企業管理系(英語類),國立虎尾科技大學 企業管理系(英語類),61150166,徐*瑜,備取,國立虎尾科技大學,國立虎尾科技大學企業管理系,原校系/本校留任,2,"國立虎尾科技大學企業管理系(備取,分發); 文藻外語大學國際企業管理系(備取)"
CAND_4744,115,nfu_ba,國立虎尾科技大學,企業管理系(英語類),國立虎尾科技大學 企業管理系(英語類),52150321,陳*瑜,備取,國立虎尾科技大學,國立虎尾科技大學企業管理系,原校系/本校留任,1,"國立虎尾科技大學企業管理系(備取,分發)"
CAND_4745,115,nfu_ba,國立虎尾科技大學,企業管理系(英語類),國立虎尾科技大學 企業管理系(英語類),66150062,林*家,備取,國立虎尾科技大學,國立虎尾科技大學企業管理系,原校系/本校留任,1,"國立虎尾科技大學企業管理系(備取,分發)"
CAND_4746,115,nfu_ba,國立虎尾科技大學,企業管理系(英語類),國立虎尾科技大學 企業管理系(英語類),56150049,簡*穎,備取,明志科技大學,明志科技大學經營管理系,其他學校錄取,5,"國立虎尾科技大學企業管理系(備取); 明志科技大學經營管理系(正取,分發); 嶺東科技大學國際企業系(通過); 中國科技大學企業管理系(臺北校區)(通過); 醒吾科技大學國際商務系(通過)"
CAND_4747,115,nfu_ba,國立虎尾科技大學,企業管理系(英語類),國立虎尾科技大學 企業管理系(英語類),58150028,馮*彤,備取,國立虎尾科技大學,國立虎尾科技大學企業管理系,原校系/本校留任,3,"國立虎尾科技大學企業管理系(備取,分發); 國立勤益科技大學企業管理系(正取); 國立臺北護理健康大學健康事業管理系(通過)"
CAND_4748,115,nfu_ba,國立虎尾科技大學,企業管理系(英語類),國立虎尾科技大學 企業管理系(英語類),68150053,吳*錡,備取,國立虎尾科技大學,國立虎尾科技大學應用外語系,原校系/本校留任,3,"國立虎尾科技大學企業管理系(備取); 國立虎尾科技大學應用外語系(正取,分發); 國立勤益科技大學企業管理系(正取)"
CAND_4749,115,nfu_ba,國立虎尾科技大學,企業管理系(英語類),國立虎尾科技大學 企業管理系(英語類),57530071,*宇,備取,國立勤益科技大學,國立勤益科技大學企業管理系,其他學校錄取,4,"國立虎尾科技大學企業管理系(備取); 國立屏東科技大學應用外語系(備取); 國立虎尾科技大學應用外語系(正取); 國立勤益科技大學企業管理系(正取,分發)"
CAND_4750,115,nfu_ba,國立虎尾科技大學,企業管理系(英語類),國立虎尾科技大學 企業管理系(英語類),64150059,鄭*,備取,國立虎尾科技大學,國立虎尾科技大學企業管理系,原校系/本校留任,2,"國立虎尾科技大學企業管理系(備取,分發); 朝陽科技大學航空運務系(通過)"
CAND_4751,115,nfu_ba,國立虎尾科技大學,企業管理系(英語類),國立虎尾科技大學 企業管理系(英語類),56150185,陳*筑,備取,國立虎尾科技大學,國立虎尾科技大學企業管理系,原校系/本校留任,3,"國立虎尾科技大學企業管理系(備取,分發); 朝陽科技大學休閒事業管理系(通過); 明志科技大學經營管理系(通過)"
CAND_4752,115,nfu_ba,國立虎尾科技大學,企業管理系(英語類),國立虎尾科技大學 企業管理系(英語類),51150011,謝*,備取,—,—,未分發或放棄,3,國立虎尾科技大學企業管理系(通過); 國立勤益科技大學文化創意事業系(通過); 國立臺中科技大學國際貿易與經營系(通過)
CAND_4753,115,nfu_ba,國立虎尾科技大學,企業管理系(英語類),國立虎尾科技大學 企業管理系(英語類),56150013,葵*,備取,弘光科技大學,弘光科技大學語言治療與聽力學系,其他學校錄取,3,"國立虎尾科技大學企業管理系(通過); 國立臺北護理健康大學運動保健系(通過); 弘光科技大學語言治療與聽力學系(正取,分發)"
CAND_4754,115,nfu_ba,國立虎尾科技大學,企業管理系(英語類),國立虎尾科技大學 企業管理系(英語類),56150166,葵*筠,備取,—,—,未分發或放棄,4,國立虎尾科技大學企業管理系(通過); 朝陽科技大學應用英語系(通過); 龍華科技大學觀光休閒系(通過); 致理科技大學應用英語系(通過)
CAND_4755,115,nfu_ba,國立虎尾科技大學,企業管理系(英語類),國立虎尾科技大學 企業管理系(英語類),56150173,吳*莉,備取,國立臺中科技大學,國立臺中科技大學保險金融管理系,其他學校錄取,2,"國立虎尾科技大學企業管理系(通過); 國立臺中科技大學保險金融管理系(正取,分發)"
CAND_4756,115,nfu_ba,國立虎尾科技大學,企業管理系(英語類),國立虎尾科技大學 企業管理系(英語類),56530037,陳*,備取,—,—,未分發或放棄,2,國立虎尾科技大學企業管理系(通過); 國立勤益科技大學企業管理系(通過)
CAND_4757,115,nfu_ba,國立虎尾科技大學,企業管理系(英語類),國立虎尾科技大學 企業管理系(英語類),57530010,段*羽,備取,—,—,未分發或放棄,1,國立虎尾科技大學企業管理系(通過)
CAND_4758,115,nfu_ba,國立虎尾科技大學,企業管理系(英語類),國立虎尾科技大學 企業管理系(英語類),57530033,張*甯,備取,—,—,未分發或放棄,2,國立虎尾科技大學企業管理系(通過); 國立勤益科技大學人工智慧應用工程系(通過)
CAND_4759,115,nfu_ba,國立虎尾科技大學,企業管理系(英語類),國立虎尾科技大學 企業管理系(英語類),58150004,陳*璇,備取,—,—,未分發或放棄,1,國立虎尾科技大學企業管理系(通過)
CAND_4760,115,nfu_ba,國立虎尾科技大學,企業管理系(英語類),國立虎尾科技大學 企業管理系(英語類),58150105,鄭*珊,備取,—,—,未分發或放棄,3,國立虎尾科技大學企業管理系(通過); 國立雲林科技大學應用外語系(通過); 國立虎尾科技大學應用外語系(通過)
CAND_4761,115,nfu_ba,國立虎尾科技大學,企業管理系(英語類),國立虎尾科技大學 企業管理系(英語類),58150113,林*妍,備取,—,—,未分發或放棄,3,國立虎尾科技大學企業管理系(通過); 國立勤益科技大學企業管理系(通過); 致理科技大學國際貿易系(通過)
CAND_4762,115,nfu_ba,國立虎尾科技大學,企業管理系(英語類),國立虎尾科技大學 企業管理系(英語類),58150143,*芳,備取,—,—,未分發或放棄,1,國立虎尾科技大學企業管理系(通過)
CAND_4763,115,nfu_ba,國立虎尾科技大學,企業管理系(英語類),國立虎尾科技大學 企業管理系(英語類),59150011,—,備取,—,—,未分發或放棄,2,國立虎尾科技大學企業管理系(通過); 國立高雄科技大學行銷與流通管理系(通過)
CAND_4764,115,nfu_ba,國立虎尾科技大學,企業管理系(英語類),國立虎尾科技大學 企業管理系(英語類),61150367,*永,備取,朝陽科技大學,朝陽科技大學休閒事業管理系,其他學校錄取,4,"國立虎尾科技大學企業管理系(通過); 朝陽科技大學休閒事業管理系(正取,分發); 弘光科技大學國際溝通英語系(正取); 長庚科技大學護理系(林口校區)(通過)"
CAND_4765,115,nfu_ba,國立虎尾科技大學,企業管理系(英語類),國立虎尾科技大學 企業管理系(英語類),63550010,柯*羽,備取,—,—,未分發或放棄,2,國立虎尾科技大學企業管理系(通過); 國立虎尾科技大學應用外語系(通過)
CAND_4766,115,nfu_ba,國立虎尾科技大學,企業管理系(英語類),國立虎尾科技大學 企業管理系(英語類),64150067,林*,備取,—,—,未分發或放棄,4,國立虎尾科技大學企業管理系(通過); 國立高雄科技大學行銷與流通管理系(通過); 國立高雄科技大學供應鏈管理系(通過); 國立虎尾科技大學應用外語系(通過)
CAND_4767,115,nfu_ba,國立虎尾科技大學,企業管理系(英語類),國立虎尾科技大學 企業管理系(英語類),66150010,紀*女,備取,—,—,未分發或放棄,1,國立虎尾科技大學企業管理系(通過)
CAND_4768,115,nfu_ba,國立虎尾科技大學,企業管理系(英語類),國立虎尾科技大學 企業管理系(英語類),68150081,蘇*,備取,國立高雄科技大學,國立高雄科技大學行銷與流通管理系,其他學校錄取,2,"國立虎尾科技大學企業管理系(通過); 國立高雄科技大學行銷與流通管理系(正取,分發)"
